ticket_id,n_events,n_status_changes,reopened_from_log
TCK-000001,3,2,0
TCK-000002,3,2,0
TCK-000003,3,2,0
TCK-000004,3,2,0
TCK-000005,3,2,0
TCK-000006,3,2,0
TCK-000007,3,2,0
TCK-000008,3,2,0
TCK-000009,3,2,0
TCK-000010,3,2,0
TCK-000011,3,2,0
TCK-000012,3,2,0
TCK-000013,3,2,0
TCK-000014,3,2,0
TCK-000015,3,2,0
TCK-000016,3,2,0
TCK-000017,3,2,0
TCK-000018,3,2,0
TCK-000019,3,2,0
TCK-000020,3,2,0
TCK-000021,3,2,0
TCK-000022,3,2,0
TCK-000023,4,3,1
TCK-000024,3,2,0
TCK-000025,3,2,0
TCK-000026,3,2,0
TCK-000027,3,2,0
TCK-000028,3,2,0
TCK-000029,3,2,0
TCK-000030,3,2,0
TCK-000031,3,2,0
TCK-000032,3,2,0
TCK-000033,3,2,0
TCK-000034,3,2,0
TCK-000035,3,2,0
TCK-000036,3,2,0
TCK-000037,3,2,0
TCK-000038,3,2,0
TCK-000039,3,2,0
TCK-000040,4,3,1
TCK-000041,3,2,0
TCK-000042,3,2,0
TCK-000043,3,2,0
TCK-000044,3,2,0
TCK-000045,3,2,0
TCK-000046,4,3,1
TCK-000047,3,2,0
TCK-000048,3,2,0
TCK-000049,3,2,0
TCK-000050,3,2,0
TCK-000051,3,2,0
TCK-000052,4,3,1
TCK-000053,3,2,0
TCK-000054,3,2,0
TCK-000055,3,2,0
TCK-000056,3,2,0
TCK-000057,4,3,1
TCK-000058,3,2,0
TCK-000059,3,2,0
TCK-000060,3,2,0
TCK-000061,3,2,0
TCK-000062,3,2,0
TCK-000063,3,2,0
TCK-000064,3,2,0
TCK-000065,4,3,1
TCK-000066,3,2,0
TCK-000067,3,2,0
TCK-000068,3,2,0
TCK-000069,3,2,0
TCK-000070,3,2,0
TCK-000071,3,2,0
TCK-000072,3,2,0
TCK-000073,3,2,0
TCK-000074,3,2,0
TCK-000075,3,2,0
TCK-000076,3,2,0
TCK-000077,3,2,0
TCK-000078,4,3,1
TCK-000079,3,2,0
TCK-000080,3,2,0
TCK-000081,3,2,0
TCK-000082,3,2,0
TCK-000083,3,2,0
TCK-000084,3,2,0
TCK-000085,3,2,0
TCK-000086,3,2,0
TCK-000087,3,2,0
TCK-000088,3,2,0
TCK-000089,3,2,0
TCK-000090,4,3,1
TCK-000091,3,2,0
TCK-000092,3,2,0
TCK-000093,3,2,0
TCK-000094,3,2,0
TCK-000095,3,2,0
TCK-000096,3,2,0
TCK-000097,3,2,0
TCK-000098,3,2,0
TCK-000099,3,2,0
TCK-000100,3,2,0
TCK-000101,3,2,0
TCK-000102,3,2,0
TCK-000103,3,2,0
TCK-000104,3,2,0
TCK-000105,3,2,0
TCK-000106,3,2,0
TCK-000107,4,3,1
TCK-000108,4,3,1
TCK-000109,3,2,0
TCK-000110,3,2,0
TCK-000111,3,2,0
TCK-000112,3,2,0
TCK-000113,3,2,0
TCK-000114,3,2,0
TCK-000115,3,2,0
TCK-000116,3,2,0
TCK-000117,3,2,0
TCK-000118,3,2,0
TCK-000119,3,2,0
TCK-000120,3,2,0
TCK-000121,3,2,0
TCK-000122,3,2,0
TCK-000123,3,2,0
TCK-000124,3,2,0
TCK-000125,3,2,0
TCK-000126,3,2,0
TCK-000127,3,2,0
TCK-000128,3,2,0
TCK-000129,3,2,0
TCK-000130,3,2,0
TCK-000131,4,3,1
TCK-000132,3,2,0
TCK-000133,3,2,0
TCK-000134,4,3,1
TCK-000135,3,2,0
TCK-000136,3,2,0
TCK-000137,3,2,0
TCK-000138,3,2,0
TCK-000139,3,2,0
TCK-000140,3,2,0
TCK-000141,3,2,0
TCK-000142,3,2,0
TCK-000143,3,2,0
TCK-000144,3,2,0
TCK-000145,3,2,0
TCK-000146,3,2,0
TCK-000147,3,2,0
TCK-000148,3,2,0
TCK-000149,4,3,1
TCK-000150,3,2,0
TCK-000151,3,2,0
TCK-000152,3,2,0
TCK-000153,3,2,0
TCK-000154,3,2,0
TCK-000155,4,3,1
TCK-000156,3,2,0
TCK-000157,4,3,1
TCK-000158,3,2,0
TCK-000159,3,2,0
TCK-000160,3,2,0
TCK-000161,3,2,0
TCK-000162,3,2,0
TCK-000163,3,2,0
TCK-000164,3,2,0
TCK-000165,3,2,0
TCK-000166,3,2,0
TCK-000167,3,2,0
TCK-000168,3,2,0
TCK-000169,3,2,0
TCK-000170,3,2,0
TCK-000171,3,2,0
TCK-000172,3,2,0
TCK-000173,3,2,0
TCK-000174,3,2,0
TCK-000175,3,2,0
TCK-000176,3,2,0
TCK-000177,3,2,0
TCK-000178,3,2,0
TCK-000179,3,2,0
TCK-000180,3,2,0
TCK-000181,3,2,0
TCK-000182,3,2,0
TCK-000183,3,2,0
TCK-000184,3,2,0
TCK-000185,3,2,0
TCK-000186,3,2,0
TCK-000187,4,3,1
TCK-000188,3,2,0
TCK-000189,3,2,0
TCK-000190,4,3,1
TCK-000191,3,2,0
TCK-000192,3,2,0
TCK-000193,3,2,0
TCK-000194,4,3,1
TCK-000195,4,3,1
TCK-000196,3,2,0
TCK-000197,4,3,1
TCK-000198,3,2,0
TCK-000199,3,2,0
TCK-000200,3,2,0
TCK-000201,3,2,0
TCK-000202,3,2,0
TCK-000203,3,2,0
TCK-000204,3,2,0
TCK-000205,4,3,1
TCK-000206,3,2,0
TCK-000207,3,2,0
TCK-000208,3,2,0
TCK-000209,3,2,0
TCK-000210,3,2,0
TCK-000211,3,2,0
TCK-000212,3,2,0
TCK-000213,3,2,0
TCK-000214,3,2,0
TCK-000215,3,2,0
TCK-000216,3,2,0
TCK-000217,3,2,0
TCK-000218,3,2,0
TCK-000219,3,2,0
TCK-000220,3,2,0
TCK-000221,3,2,0
TCK-000222,3,2,0
TCK-000223,3,2,0
TCK-000224,4,3,1
TCK-000225,3,2,0
TCK-000226,3,2,0
TCK-000227,3,2,0
TCK-000228,4,3,1
TCK-000229,3,2,0
TCK-000230,4,3,1
TCK-000231,3,2,0
TCK-000232,3,2,0
TCK-000233,3,2,0
TCK-000234,3,2,0
TCK-000235,3,2,0
TCK-000236,3,2,0
TCK-000237,3,2,0
TCK-000238,3,2,0
TCK-000239,3,2,0
TCK-000240,3,2,0
TCK-000241,3,2,0
TCK-000242,3,2,0
TCK-000243,4,3,1
TCK-000244,3,2,0
TCK-000245,3,2,0
TCK-000246,3,2,0
TCK-000247,3,2,0
TCK-000248,3,2,0
TCK-000249,3,2,0
TCK-000250,3,2,0
TCK-000251,4,3,1
TCK-000252,3,2,0
TCK-000253,4,3,1
TCK-000254,3,2,0
TCK-000255,3,2,0
TCK-000256,3,2,0
TCK-000257,3,2,0
TCK-000258,3,2,0
TCK-000259,3,2,0
TCK-000260,3,2,0
TCK-000261,3,2,0
TCK-000262,3,2,0
TCK-000263,3,2,0
TCK-000264,3,2,0
TCK-000265,3,2,0
TCK-000266,3,2,0
TCK-000267,3,2,0
TCK-000268,3,2,0
TCK-000269,3,2,0
TCK-000270,3,2,0
TCK-000271,3,2,0
TCK-000272,3,2,0
TCK-000273,3,2,0
TCK-000274,3,2,0
TCK-000275,3,2,0
TCK-000276,3,2,0
TCK-000277,4,3,1
TCK-000278,3,2,0
TCK-000279,3,2,0
TCK-000280,3,2,0
TCK-000281,3,2,0
TCK-000282,3,2,0
TCK-000283,3,2,0
TCK-000284,3,2,0
TCK-000285,3,2,0
TCK-000286,4,3,1
TCK-000287,3,2,0
TCK-000288,3,2,0
TCK-000289,3,2,0
TCK-000290,3,2,0
TCK-000291,3,2,0
TCK-000292,4,3,1
TCK-000293,3,2,0
TCK-000294,3,2,0
TCK-000295,3,2,0
TCK-000296,3,2,0
TCK-000297,3,2,0
TCK-000298,4,3,1
TCK-000299,3,2,0
TCK-000300,3,2,0
TCK-000301,3,2,0
TCK-000302,3,2,0
TCK-000303,3,2,0
TCK-000304,3,2,0
TCK-000305,3,2,0
TCK-000306,3,2,0
TCK-000307,3,2,0
TCK-000308,3,2,0
TCK-000309,3,2,0
TCK-000310,3,2,0
TCK-000311,3,2,0
TCK-000312,4,3,1
TCK-000313,3,2,0
TCK-000314,3,2,0
TCK-000315,3,2,0
TCK-000316,3,2,0
TCK-000317,3,2,0
TCK-000318,3,2,0
TCK-000319,3,2,0
TCK-000320,3,2,0
TCK-000321,3,2,0
TCK-000322,3,2,0
TCK-000323,3,2,0
TCK-000324,3,2,0
TCK-000325,3,2,0
TCK-000326,3,2,0
TCK-000327,3,2,0
TCK-000328,3,2,0
TCK-000329,3,2,0
TCK-000330,3,2,0
TCK-000331,3,2,0
TCK-000332,3,2,0
TCK-000333,3,2,0
TCK-000334,3,2,0
TCK-000335,3,2,0
TCK-000336,3,2,0
TCK-000337,4,3,1
TCK-000338,3,2,0
TCK-000339,3,2,0
TCK-000340,3,2,0
TCK-000341,3,2,0
TCK-000342,3,2,0
TCK-000343,3,2,0
TCK-000344,3,2,0
TCK-000345,3,2,0
TCK-000346,3,2,0
TCK-000347,4,3,1
TCK-000348,4,3,1
TCK-000349,3,2,0
TCK-000350,3,2,0
TCK-000351,3,2,0
TCK-000352,3,2,0
TCK-000353,3,2,0
TCK-000354,3,2,0
TCK-000355,3,2,0
TCK-000356,3,2,0
TCK-000357,3,2,0
TCK-000358,3,2,0
TCK-000359,3,2,0
TCK-000360,3,2,0
TCK-000361,3,2,0
TCK-000362,3,2,0
TCK-000363,3,2,0
TCK-000364,3,2,0
TCK-000365,3,2,0
TCK-000366,3,2,0
TCK-000367,3,2,0
TCK-000368,3,2,0
TCK-000369,3,2,0
TCK-000370,4,3,1
TCK-000371,3,2,0
TCK-000372,3,2,0
TCK-000373,3,2,0
TCK-000374,4,3,1
TCK-000375,4,3,1
TCK-000376,4,3,1
TCK-000377,3,2,0
TCK-000378,3,2,0
TCK-000379,3,2,0
TCK-000380,3,2,0
TCK-000381,3,2,0
TCK-000382,3,2,0
TCK-000383,3,2,0
TCK-000384,4,3,1
TCK-000385,3,2,0
TCK-000386,3,2,0
TCK-000387,3,2,0
TCK-000388,3,2,0
TCK-000389,3,2,0
TCK-000390,3,2,0
TCK-000391,4,3,1
TCK-000392,3,2,0
TCK-000393,3,2,0
TCK-000394,3,2,0
TCK-000395,4,3,1
TCK-000396,3,2,0
TCK-000397,4,3,1
TCK-000398,3,2,0
TCK-000399,3,2,0
TCK-000400,3,2,0
TCK-000401,3,2,0
TCK-000402,3,2,0
TCK-000403,3,2,0
TCK-000404,3,2,0
TCK-000405,4,3,1
TCK-000406,3,2,0
TCK-000407,3,2,0
TCK-000408,3,2,0
TCK-000409,3,2,0
TCK-000410,3,2,0
TCK-000411,3,2,0
TCK-000412,3,2,0
TCK-000413,3,2,0
TCK-000414,3,2,0
TCK-000415,3,2,0
TCK-000416,3,2,0
TCK-000417,3,2,0
TCK-000418,3,2,0
TCK-000419,3,2,0
TCK-000420,3,2,0
TCK-000421,3,2,0
TCK-000422,3,2,0
TCK-000423,3,2,0
TCK-000424,3,2,0
TCK-000425,4,3,1
TCK-000426,4,3,1
TCK-000427,3,2,0
TCK-000428,3,2,0
TCK-000429,3,2,0
TCK-000430,3,2,0
TCK-000431,3,2,0
TCK-000432,3,2,0
TCK-000433,4,3,1
TCK-000434,3,2,0
TCK-000435,3,2,0
TCK-000436,3,2,0
TCK-000437,3,2,0
TCK-000438,3,2,0
TCK-000439,3,2,0
TCK-000440,3,2,0
TCK-000441,3,2,0
TCK-000442,4,3,1
TCK-000443,3,2,0
TCK-000444,3,2,0
TCK-000445,3,2,0
TCK-000446,3,2,0
TCK-000447,3,2,0
TCK-000448,3,2,0
TCK-000449,4,3,1
TCK-000450,3,2,0
TCK-000451,3,2,0
TCK-000452,3,2,0
TCK-000453,3,2,0
TCK-000454,3,2,0
TCK-000455,3,2,0
TCK-000456,3,2,0
TCK-000457,3,2,0
TCK-000458,3,2,0
TCK-000459,3,2,0
TCK-000460,3,2,0
TCK-000461,3,2,0
TCK-000462,3,2,0
TCK-000463,3,2,0
TCK-000464,3,2,0
TCK-000465,3,2,0
TCK-000466,3,2,0
TCK-000467,3,2,0
TCK-000468,3,2,0
TCK-000469,3,2,0
TCK-000470,3,2,0
TCK-000471,3,2,0
TCK-000472,3,2,0
TCK-000473,3,2,0
TCK-000474,3,2,0
TCK-000475,3,2,0
TCK-000476,3,2,0
TCK-000477,3,2,0
TCK-000478,3,2,0
TCK-000479,3,2,0
TCK-000480,3,2,0
TCK-000481,3,2,0
TCK-000482,3,2,0
TCK-000483,3,2,0
TCK-000484,3,2,0
TCK-000485,4,3,1
TCK-000486,3,2,0
TCK-000487,3,2,0
TCK-000488,3,2,0
TCK-000489,3,2,0
TCK-000490,3,2,0
TCK-000491,3,2,0
TCK-000492,3,2,0
TCK-000493,3,2,0
TCK-000494,3,2,0
TCK-000495,3,2,0
TCK-000496,3,2,0
TCK-000497,3,2,0
TCK-000498,4,3,1
TCK-000499,3,2,0
TCK-000500,3,2,0
TCK-000501,3,2,0
TCK-000502,3,2,0
TCK-000503,4,3,1
TCK-000504,3,2,0
TCK-000505,3,2,0
TCK-000506,3,2,0
TCK-000507,3,2,0
TCK-000508,3,2,0
TCK-000509,3,2,0
TCK-000510,4,3,1
TCK-000511,3,2,0
TCK-000512,3,2,0
TCK-000513,3,2,0
TCK-000514,3,2,0
TCK-000515,3,2,0
TCK-000516,3,2,0
TCK-000517,3,2,0
TCK-000518,4,3,1
TCK-000519,3,2,0
TCK-000520,3,2,0
TCK-000521,3,2,0
TCK-000522,3,2,0
TCK-000523,3,2,0
TCK-000524,4,3,1
TCK-000525,3,2,0
TCK-000526,3,2,0
TCK-000527,3,2,0
TCK-000528,3,2,0
TCK-000529,3,2,0
TCK-000530,3,2,0
TCK-000531,3,2,0
TCK-000532,3,2,0
TCK-000533,3,2,0
TCK-000534,3,2,0
TCK-000535,3,2,0
TCK-000536,3,2,0
TCK-000537,4,3,1
TCK-000538,3,2,0
TCK-000539,3,2,0
TCK-000540,4,3,1
TCK-000541,3,2,0
TCK-000542,3,2,0
TCK-000543,4,3,1
TCK-000544,3,2,0
TCK-000545,3,2,0
TCK-000546,3,2,0
TCK-000547,3,2,0
TCK-000548,3,2,0
TCK-000549,4,3,1
TCK-000550,3,2,0
TCK-000551,3,2,0
TCK-000552,3,2,0
TCK-000553,4,3,1
TCK-000554,4,3,1
TCK-000555,3,2,0
TCK-000556,3,2,0
TCK-000557,3,2,0
TCK-000558,3,2,0
TCK-000559,3,2,0
TCK-000560,3,2,0
TCK-000561,3,2,0
TCK-000562,3,2,0
TCK-000563,4,3,1
TCK-000564,3,2,0
TCK-000565,3,2,0
TCK-000566,3,2,0
TCK-000567,3,2,0
TCK-000568,3,2,0
TCK-000569,4,3,1
TCK-000570,3,2,0
TCK-000571,3,2,0
TCK-000572,3,2,0
TCK-000573,3,2,0
TCK-000574,3,2,0
TCK-000575,3,2,0
TCK-000576,3,2,0
TCK-000577,3,2,0
TCK-000578,3,2,0
TCK-000579,4,3,1
TCK-000580,3,2,0
TCK-000581,3,2,0
TCK-000582,3,2,0
TCK-000583,3,2,0
TCK-000584,3,2,0
TCK-000585,3,2,0
TCK-000586,3,2,0
TCK-000587,3,2,0
TCK-000588,3,2,0
TCK-000589,3,2,0
TCK-000590,3,2,0
TCK-000591,4,3,1
TCK-000592,3,2,0
TCK-000593,3,2,0
TCK-000594,3,2,0
TCK-000595,3,2,0
TCK-000596,3,2,0
TCK-000597,3,2,0
TCK-000598,4,3,1
TCK-000599,3,2,0
TCK-000600,3,2,0
TCK-000601,3,2,0
TCK-000602,3,2,0
TCK-000603,3,2,0
TCK-000604,3,2,0
TCK-000605,3,2,0
TCK-000606,3,2,0
TCK-000607,3,2,0
TCK-000608,3,2,0
TCK-000609,3,2,0
TCK-000610,3,2,0
TCK-000611,3,2,0
TCK-000612,3,2,0
TCK-000613,3,2,0
TCK-000614,3,2,0
TCK-000615,4,3,1
TCK-000616,3,2,0
TCK-000617,3,2,0
TCK-000618,3,2,0
TCK-000619,3,2,0
TCK-000620,3,2,0
TCK-000621,3,2,0
TCK-000622,4,3,1
TCK-000623,3,2,0
TCK-000624,3,2,0
TCK-000625,3,2,0
TCK-000626,3,2,0
TCK-000627,3,2,0
TCK-000628,3,2,0
TCK-000629,3,2,0
TCK-000630,3,2,0
TCK-000631,3,2,0
TCK-000632,3,2,0
TCK-000633,3,2,0
TCK-000634,4,3,1
TCK-000635,3,2,0
TCK-000636,4,3,1
TCK-000637,3,2,0
TCK-000638,3,2,0
TCK-000639,3,2,0
TCK-000640,3,2,0
TCK-000641,3,2,0
TCK-000642,3,2,0
TCK-000643,3,2,0
TCK-000644,3,2,0
TCK-000645,3,2,0
TCK-000646,3,2,0
TCK-000647,4,3,1
TCK-000648,3,2,0
TCK-000649,3,2,0
TCK-000650,3,2,0
TCK-000651,3,2,0
TCK-000652,3,2,0
TCK-000653,4,3,1
TCK-000654,3,2,0
TCK-000655,3,2,0
TCK-000656,3,2,0
TCK-000657,4,3,1
TCK-000658,3,2,0
TCK-000659,3,2,0
TCK-000660,3,2,0
TCK-000661,3,2,0
TCK-000662,4,3,1
TCK-000663,3,2,0
TCK-000664,3,2,0
TCK-000665,3,2,0
TCK-000666,3,2,0
TCK-000667,4,3,1
TCK-000668,3,2,0
TCK-000669,4,3,1
TCK-000670,3,2,0
TCK-000671,3,2,0
TCK-000672,3,2,0
TCK-000673,3,2,0
TCK-000674,3,2,0
TCK-000675,3,2,0
TCK-000676,3,2,0
TCK-000677,4,3,1
TCK-000678,3,2,0
TCK-000679,3,2,0
TCK-000680,3,2,0
TCK-000681,3,2,0
TCK-000682,3,2,0
TCK-000683,4,3,1
TCK-000684,3,2,0
TCK-000685,3,2,0
TCK-000686,3,2,0
TCK-000687,3,2,0
TCK-000688,3,2,0
TCK-000689,3,2,0
TCK-000690,3,2,0
TCK-000691,3,2,0
TCK-000692,3,2,0
TCK-000693,3,2,0
TCK-000694,3,2,0
TCK-000695,3,2,0
TCK-000696,3,2,0
TCK-000697,3,2,0
TCK-000698,3,2,0
TCK-000699,3,2,0
TCK-000700,3,2,0
TCK-000701,3,2,0
TCK-000702,4,3,1
TCK-000703,3,2,0
TCK-000704,3,2,0
TCK-000705,3,2,0
TCK-000706,3,2,0
TCK-000707,3,2,0
TCK-000708,3,2,0
TCK-000709,3,2,0
TCK-000710,3,2,0
TCK-000711,3,2,0
TCK-000712,3,2,0
TCK-000713,3,2,0
TCK-000714,3,2,0
TCK-000715,3,2,0
TCK-000716,3,2,0
TCK-000717,3,2,0
TCK-000718,3,2,0
TCK-000719,3,2,0
TCK-000720,4,3,1
TCK-000721,3,2,0
TCK-000722,4,3,1
TCK-000723,4,3,1
TCK-000724,3,2,0
TCK-000725,3,2,0
TCK-000726,3,2,0
TCK-000727,3,2,0
TCK-000728,3,2,0
TCK-000729,3,2,0
TCK-000730,3,2,0
TCK-000731,3,2,0
TCK-000732,3,2,0
TCK-000733,4,3,1
TCK-000734,3,2,0
TCK-000735,4,3,1
TCK-000736,3,2,0
TCK-000737,3,2,0
TCK-000738,4,3,1
TCK-000739,3,2,0
TCK-000740,3,2,0
TCK-000741,3,2,0
TCK-000742,3,2,0
TCK-000743,3,2,0
TCK-000744,3,2,0
TCK-000745,3,2,0
TCK-000746,3,2,0
TCK-000747,3,2,0
TCK-000748,4,3,1
TCK-000749,3,2,0
TCK-000750,3,2,0
TCK-000751,3,2,0
TCK-000752,3,2,0
TCK-000753,3,2,0
TCK-000754,3,2,0
TCK-000755,3,2,0
TCK-000756,3,2,0
TCK-000757,3,2,0
TCK-000758,4,3,1
TCK-000759,3,2,0
TCK-000760,3,2,0
TCK-000761,3,2,0
TCK-000762,4,3,1
TCK-000763,3,2,0
TCK-000764,3,2,0
TCK-000765,4,3,1
TCK-000766,3,2,0
TCK-000767,3,2,0
TCK-000768,4,3,1
TCK-000769,3,2,0
TCK-000770,3,2,0
TCK-000771,3,2,0
TCK-000772,3,2,0
TCK-000773,3,2,0
TCK-000774,3,2,0
TCK-000775,3,2,0
TCK-000776,3,2,0
TCK-000777,3,2,0
TCK-000778,3,2,0
TCK-000779,3,2,0
TCK-000780,3,2,0
TCK-000781,3,2,0
TCK-000782,3,2,0
TCK-000783,3,2,0
TCK-000784,3,2,0
TCK-000785,4,3,1
TCK-000786,3,2,0
TCK-000787,3,2,0
TCK-000788,3,2,0
TCK-000789,3,2,0
TCK-000790,3,2,0
TCK-000791,3,2,0
TCK-000792,4,3,1
TCK-000793,3,2,0
TCK-000794,3,2,0
TCK-000795,3,2,0
TCK-000796,3,2,0
TCK-000797,3,2,0
TCK-000798,3,2,0
TCK-000799,3,2,0
TCK-000800,3,2,0
TCK-000801,3,2,0
TCK-000802,3,2,0
TCK-000803,3,2,0
TCK-000804,3,2,0
TCK-000805,3,2,0
TCK-000806,4,3,1
TCK-000807,3,2,0
TCK-000808,3,2,0
TCK-000809,3,2,0
TCK-000810,4,3,1
TCK-000811,3,2,0
TCK-000812,3,2,0
TCK-000813,3,2,0
TCK-000814,3,2,0
TCK-000815,3,2,0
TCK-000816,3,2,0
TCK-000817,4,3,1
TCK-000818,3,2,0
TCK-000819,3,2,0
TCK-000820,3,2,0
TCK-000821,3,2,0
TCK-000822,3,2,0
TCK-000823,3,2,0
TCK-000824,3,2,0
TCK-000825,3,2,0
TCK-000826,3,2,0
TCK-000827,3,2,0
TCK-000828,3,2,0
TCK-000829,3,2,0
TCK-000830,3,2,0
TCK-000831,3,2,0
TCK-000832,3,2,0
TCK-000833,3,2,0
TCK-000834,3,2,0
TCK-000835,3,2,0
TCK-000836,3,2,0
TCK-000837,3,2,0
TCK-000838,3,2,0
TCK-000839,3,2,0
TCK-000840,3,2,0
TCK-000841,3,2,0
TCK-000842,3,2,0
TCK-000843,3,2,0
TCK-000844,3,2,0
TCK-000845,3,2,0
TCK-000846,3,2,0
TCK-000847,3,2,0
TCK-000848,4,3,1
TCK-000849,3,2,0
TCK-000850,3,2,0
TCK-000851,3,2,0
TCK-000852,3,2,0
TCK-000853,3,2,0
TCK-000854,3,2,0
TCK-000855,3,2,0
TCK-000856,3,2,0
TCK-000857,3,2,0
TCK-000858,3,2,0
TCK-000859,3,2,0
TCK-000860,3,2,0
TCK-000861,4,3,1
TCK-000862,3,2,0
TCK-000863,3,2,0
TCK-000864,3,2,0
TCK-000865,3,2,0
TCK-000866,3,2,0
TCK-000867,3,2,0
TCK-000868,3,2,0
TCK-000869,3,2,0
TCK-000870,3,2,0
TCK-000871,4,3,1
TCK-000872,3,2,0
TCK-000873,4,3,1
TCK-000874,3,2,0
TCK-000875,3,2,0
TCK-000876,3,2,0
TCK-000877,3,2,0
TCK-000878,3,2,0
TCK-000879,3,2,0
TCK-000880,3,2,0
TCK-000881,3,2,0
TCK-000882,3,2,0
TCK-000883,4,3,1
TCK-000884,3,2,0
TCK-000885,3,2,0
TCK-000886,3,2,0
TCK-000887,3,2,0
TCK-000888,3,2,0
TCK-000889,3,2,0
TCK-000890,3,2,0
TCK-000891,3,2,0
TCK-000892,3,2,0
TCK-000893,3,2,0
TCK-000894,3,2,0
TCK-000895,3,2,0
TCK-000896,3,2,0
TCK-000897,3,2,0
TCK-000898,3,2,0
TCK-000899,3,2,0
TCK-000900,3,2,0
TCK-000901,3,2,0
TCK-000902,3,2,0
TCK-000903,3,2,0
TCK-000904,3,2,0
TCK-000905,3,2,0
TCK-000906,3,2,0
TCK-000907,3,2,0
TCK-000908,3,2,0
TCK-000909,3,2,0
TCK-000910,3,2,0
TCK-000911,3,2,0
TCK-000912,3,2,0
TCK-000913,3,2,0
TCK-000914,3,2,0
TCK-000915,3,2,0
TCK-000916,3,2,0
TCK-000917,3,2,0
TCK-000918,3,2,0
TCK-000919,3,2,0
TCK-000920,3,2,0
TCK-000921,4,3,1
TCK-000922,3,2,0
TCK-000923,3,2,0
TCK-000924,3,2,0
TCK-000925,3,2,0
TCK-000926,3,2,0
TCK-000927,3,2,0
TCK-000928,3,2,0
TCK-000929,3,2,0
TCK-000930,3,2,0
TCK-000931,3,2,0
TCK-000932,3,2,0
TCK-000933,3,2,0
TCK-000934,3,2,0
TCK-000935,3,2,0
TCK-000936,3,2,0
TCK-000937,3,2,0
TCK-000938,3,2,0
TCK-000939,3,2,0
TCK-000940,3,2,0
TCK-000941,3,2,0
TCK-000942,3,2,0
TCK-000943,3,2,0
TCK-000944,3,2,0
TCK-000945,3,2,0
TCK-000946,3,2,0
TCK-000947,3,2,0
TCK-000948,3,2,0
TCK-000949,3,2,0
TCK-000950,3,2,0
TCK-000951,3,2,0
TCK-000952,3,2,0
TCK-000953,3,2,0
TCK-000954,4,3,1
TCK-000955,3,2,0
TCK-000956,3,2,0
TCK-000957,3,2,0
TCK-000958,3,2,0
TCK-000959,3,2,0
TCK-000960,3,2,0
TCK-000961,3,2,0
TCK-000962,3,2,0
TCK-000963,3,2,0
TCK-000964,3,2,0
TCK-000965,4,3,1
TCK-000966,3,2,0
TCK-000967,3,2,0
TCK-000968,3,2,0
TCK-000969,3,2,0
TCK-000970,3,2,0
TCK-000971,3,2,0
TCK-000972,3,2,0
TCK-000973,3,2,0
TCK-000974,3,2,0
TCK-000975,3,2,0
TCK-000976,3,2,0
TCK-000977,3,2,0
TCK-000978,4,3,1
TCK-000979,3,2,0
TCK-000980,3,2,0
TCK-000981,3,2,0
TCK-000982,3,2,0
TCK-000983,3,2,0
TCK-000984,3,2,0
TCK-000985,3,2,0
TCK-000986,3,2,0
TCK-000987,3,2,0
TCK-000988,3,2,0
TCK-000989,3,2,0
TCK-000990,4,3,1
TCK-000991,3,2,0
TCK-000992,3,2,0
TCK-000993,3,2,0
TCK-000994,3,2,0
TCK-000995,3,2,0
TCK-000996,4,3,1
TCK-000997,3,2,0
TCK-000998,3,2,0
TCK-000999,3,2,0
TCK-001000,4,3,1
TCK-001001,3,2,0
TCK-001002,3,2,0
TCK-001003,3,2,0
TCK-001004,3,2,0
TCK-001005,3,2,0
TCK-001006,3,2,0
TCK-001007,3,2,0
TCK-001008,3,2,0
TCK-001009,3,2,0
TCK-001010,3,2,0
TCK-001011,3,2,0
TCK-001012,3,2,0
TCK-001013,3,2,0
TCK-001014,3,2,0
TCK-001015,3,2,0
TCK-001016,3,2,0
TCK-001017,4,3,1
TCK-001018,3,2,0
TCK-001019,3,2,0
TCK-001020,4,3,1
TCK-001021,3,2,0
TCK-001022,3,2,0
TCK-001023,3,2,0
TCK-001024,3,2,0
TCK-001025,3,2,0
TCK-001026,3,2,0
TCK-001027,3,2,0
TCK-001028,4,3,1
TCK-001029,3,2,0
TCK-001030,3,2,0
TCK-001031,3,2,0
TCK-001032,4,3,1
TCK-001033,3,2,0
TCK-001034,3,2,0
TCK-001035,3,2,0
TCK-001036,3,2,0
TCK-001037,3,2,0
TCK-001038,3,2,0
TCK-001039,3,2,0
TCK-001040,3,2,0
TCK-001041,3,2,0
TCK-001042,3,2,0
TCK-001043,3,2,0
TCK-001044,3,2,0
TCK-001045,4,3,1
TCK-001046,4,3,1
TCK-001047,3,2,0
TCK-001048,4,3,1
TCK-001049,3,2,0
TCK-001050,4,3,1
TCK-001051,3,2,0
TCK-001052,3,2,0
TCK-001053,3,2,0
TCK-001054,3,2,0
TCK-001055,3,2,0
TCK-001056,3,2,0
TCK-001057,3,2,0
TCK-001058,3,2,0
TCK-001059,3,2,0
TCK-001060,3,2,0
TCK-001061,3,2,0
TCK-001062,3,2,0
TCK-001063,3,2,0
TCK-001064,3,2,0
TCK-001065,3,2,0
TCK-001066,3,2,0
TCK-001067,3,2,0
TCK-001068,3,2,0
TCK-001069,3,2,0
TCK-001070,3,2,0
TCK-001071,3,2,0
TCK-001072,3,2,0
TCK-001073,3,2,0
TCK-001074,3,2,0
TCK-001075,3,2,0
TCK-001076,3,2,0
TCK-001077,3,2,0
TCK-001078,3,2,0
TCK-001079,3,2,0
TCK-001080,3,2,0
TCK-001081,3,2,0
TCK-001082,3,2,0
TCK-001083,4,3,1
TCK-001084,3,2,0
TCK-001085,3,2,0
TCK-001086,3,2,0
TCK-001087,3,2,0
TCK-001088,3,2,0
TCK-001089,3,2,0
TCK-001090,3,2,0
TCK-001091,3,2,0
TCK-001092,3,2,0
TCK-001093,3,2,0
TCK-001094,3,2,0
TCK-001095,3,2,0
TCK-001096,3,2,0
TCK-001097,3,2,0
TCK-001098,3,2,0
TCK-001099,3,2,0
TCK-001100,3,2,0
TCK-001101,3,2,0
TCK-001102,3,2,0
TCK-001103,3,2,0
TCK-001104,3,2,0
TCK-001105,3,2,0
TCK-001106,3,2,0
TCK-001107,3,2,0
TCK-001108,3,2,0
TCK-001109,3,2,0
TCK-001110,3,2,0
TCK-001111,3,2,0
TCK-001112,3,2,0
TCK-001113,3,2,0
TCK-001114,3,2,0
TCK-001115,3,2,0
TCK-001116,3,2,0
TCK-001117,3,2,0
TCK-001118,3,2,0
TCK-001119,4,3,1
TCK-001120,3,2,0
TCK-001121,3,2,0
TCK-001122,3,2,0
TCK-001123,3,2,0
TCK-001124,4,3,1
TCK-001125,3,2,0
TCK-001126,3,2,0
TCK-001127,3,2,0
TCK-001128,3,2,0
TCK-001129,3,2,0
TCK-001130,3,2,0
TCK-001131,3,2,0
TCK-001132,3,2,0
TCK-001133,3,2,0
TCK-001134,3,2,0
TCK-001135,4,3,1
TCK-001136,3,2,0
TCK-001137,3,2,0
TCK-001138,3,2,0
TCK-001139,3,2,0
TCK-001140,3,2,0
TCK-001141,3,2,0
TCK-001142,3,2,0
TCK-001143,3,2,0
TCK-001144,3,2,0
TCK-001145,3,2,0
TCK-001146,3,2,0
TCK-001147,4,3,1
TCK-001148,3,2,0
TCK-001149,3,2,0
TCK-001150,3,2,0
TCK-001151,3,2,0
TCK-001152,3,2,0
TCK-001153,3,2,0
TCK-001154,3,2,0
TCK-001155,4,3,1
TCK-001156,3,2,0
TCK-001157,3,2,0
TCK-001158,4,3,1
TCK-001159,3,2,0
TCK-001160,4,3,1
TCK-001161,3,2,0
TCK-001162,3,2,0
TCK-001163,3,2,0
TCK-001164,3,2,0
TCK-001165,3,2,0
TCK-001166,4,3,1
TCK-001167,3,2,0
TCK-001168,4,3,1
TCK-001169,3,2,0
TCK-001170,3,2,0
TCK-001171,3,2,0
TCK-001172,3,2,0
TCK-001173,3,2,0
TCK-001174,3,2,0
TCK-001175,3,2,0
TCK-001176,3,2,0
TCK-001177,3,2,0
TCK-001178,3,2,0
TCK-001179,3,2,0
TCK-001180,3,2,0
TCK-001181,3,2,0
TCK-001182,3,2,0
TCK-001183,3,2,0
TCK-001184,3,2,0
TCK-001185,3,2,0
TCK-001186,3,2,0
TCK-001187,3,2,0
TCK-001188,3,2,0
TCK-001189,3,2,0
TCK-001190,3,2,0
TCK-001191,3,2,0
TCK-001192,3,2,0
TCK-001193,4,3,1
TCK-001194,3,2,0
TCK-001195,3,2,0
TCK-001196,3,2,0
TCK-001197,3,2,0
TCK-001198,3,2,0
TCK-001199,3,2,0
TCK-001200,3,2,0
TCK-001201,4,3,1
TCK-001202,3,2,0
TCK-001203,3,2,0
TCK-001204,3,2,0
TCK-001205,3,2,0
TCK-001206,3,2,0
TCK-001207,3,2,0
TCK-001208,3,2,0
TCK-001209,3,2,0
TCK-001210,3,2,0
TCK-001211,3,2,0
TCK-001212,3,2,0
TCK-001213,3,2,0
TCK-001214,4,3,1
TCK-001215,3,2,0
TCK-001216,3,2,0
TCK-001217,3,2,0
TCK-001218,3,2,0
TCK-001219,3,2,0
TCK-001220,3,2,0
TCK-001221,3,2,0
TCK-001222,3,2,0
TCK-001223,3,2,0
TCK-001224,4,3,1
TCK-001225,3,2,0
TCK-001226,3,2,0
TCK-001227,3,2,0
TCK-001228,3,2,0
TCK-001229,3,2,0
TCK-001230,4,3,1
TCK-001231,3,2,0
TCK-001232,3,2,0
TCK-001233,3,2,0
TCK-001234,3,2,0
TCK-001235,3,2,0
TCK-001236,3,2,0
TCK-001237,3,2,0
TCK-001238,3,2,0
TCK-001239,4,3,1
TCK-001240,4,3,1
TCK-001241,3,2,0
TCK-001242,3,2,0
TCK-001243,3,2,0
TCK-001244,3,2,0
TCK-001245,3,2,0
TCK-001246,3,2,0
TCK-001247,3,2,0
TCK-001248,3,2,0
TCK-001249,3,2,0
TCK-001250,3,2,0
TCK-001251,3,2,0
TCK-001252,3,2,0
TCK-001253,4,3,1
TCK-001254,3,2,0
TCK-001255,3,2,0
TCK-001256,3,2,0
TCK-001257,3,2,0
TCK-001258,3,2,0
TCK-001259,4,3,1
TCK-001260,3,2,0
TCK-001261,3,2,0
TCK-001262,3,2,0
TCK-001263,3,2,0
TCK-001264,3,2,0
TCK-001265,3,2,0
TCK-001266,3,2,0
TCK-001267,3,2,0
TCK-001268,3,2,0
TCK-001269,3,2,0
TCK-001270,3,2,0
TCK-001271,3,2,0
TCK-001272,3,2,0
TCK-001273,3,2,0
TCK-001274,4,3,1
TCK-001275,3,2,0
TCK-001276,3,2,0
TCK-001277,3,2,0
TCK-001278,3,2,0
TCK-001279,3,2,0
TCK-001280,3,2,0
TCK-001281,3,2,0
TCK-001282,3,2,0
TCK-001283,3,2,0
TCK-001284,3,2,0
TCK-001285,3,2,0
TCK-001286,3,2,0
TCK-001287,3,2,0
TCK-001288,3,2,0
TCK-001289,3,2,0
TCK-001290,3,2,0
TCK-001291,3,2,0
TCK-001292,3,2,0
TCK-001293,4,3,1
TCK-001294,3,2,0
TCK-001295,3,2,0
TCK-001296,3,2,0
TCK-001297,3,2,0
TCK-001298,3,2,0
TCK-001299,3,2,0
TCK-001300,3,2,0
TCK-001301,3,2,0
TCK-001302,3,2,0
TCK-001303,3,2,0
TCK-001304,4,3,1
TCK-001305,3,2,0
TCK-001306,3,2,0
TCK-001307,3,2,0
TCK-001308,3,2,0
TCK-001309,3,2,0
TCK-001310,3,2,0
TCK-001311,3,2,0
TCK-001312,3,2,0
TCK-001313,3,2,0
TCK-001314,3,2,0
TCK-001315,3,2,0
TCK-001316,3,2,0
TCK-001317,3,2,0
TCK-001318,3,2,0
TCK-001319,3,2,0
TCK-001320,3,2,0
TCK-001321,3,2,0
TCK-001322,3,2,0
TCK-001323,3,2,0
TCK-001324,3,2,0
TCK-001325,3,2,0
TCK-001326,3,2,0
TCK-001327,4,3,1
TCK-001328,3,2,0
TCK-001329,3,2,0
TCK-001330,3,2,0
TCK-001331,3,2,0
TCK-001332,3,2,0
TCK-001333,3,2,0
TCK-001334,3,2,0
TCK-001335,3,2,0
TCK-001336,3,2,0
TCK-001337,3,2,0
TCK-001338,3,2,0
TCK-001339,3,2,0
TCK-001340,3,2,0
TCK-001341,3,2,0
TCK-001342,3,2,0
TCK-001343,3,2,0
TCK-001344,3,2,0
TCK-001345,3,2,0
TCK-001346,3,2,0
TCK-001347,3,2,0
TCK-001348,3,2,0
TCK-001349,3,2,0
TCK-001350,3,2,0
TCK-001351,3,2,0
TCK-001352,3,2,0
TCK-001353,3,2,0
TCK-001354,3,2,0
TCK-001355,3,2,0
TCK-001356,3,2,0
TCK-001357,3,2,0
TCK-001358,3,2,0
TCK-001359,3,2,0
TCK-001360,3,2,0
TCK-001361,4,3,1
TCK-001362,3,2,0
TCK-001363,3,2,0
TCK-001364,3,2,0
TCK-001365,3,2,0
TCK-001366,3,2,0
TCK-001367,4,3,1
TCK-001368,3,2,0
TCK-001369,3,2,0
TCK-001370,4,3,1
TCK-001371,3,2,0
TCK-001372,3,2,0
TCK-001373,3,2,0
TCK-001374,3,2,0
TCK-001375,3,2,0
TCK-001376,3,2,0
TCK-001377,3,2,0
TCK-001378,3,2,0
TCK-001379,3,2,0
TCK-001380,3,2,0
TCK-001381,3,2,0
TCK-001382,4,3,1
TCK-001383,3,2,0
TCK-001384,3,2,0
TCK-001385,3,2,0
TCK-001386,3,2,0
TCK-001387,3,2,0
TCK-001388,3,2,0
TCK-001389,3,2,0
TCK-001390,4,3,1
TCK-001391,3,2,0
TCK-001392,3,2,0
TCK-001393,3,2,0
TCK-001394,3,2,0
TCK-001395,3,2,0
TCK-001396,3,2,0
TCK-001397,3,2,0
TCK-001398,3,2,0
TCK-001399,4,3,1
TCK-001400,3,2,0
TCK-001401,3,2,0
TCK-001402,3,2,0
TCK-001403,3,2,0
TCK-001404,3,2,0
TCK-001405,3,2,0
TCK-001406,3,2,0
TCK-001407,3,2,0
TCK-001408,3,2,0
TCK-001409,4,3,1
TCK-001410,3,2,0
TCK-001411,3,2,0
TCK-001412,3,2,0
TCK-001413,4,3,1
TCK-001414,3,2,0
TCK-001415,3,2,0
TCK-001416,3,2,0
TCK-001417,3,2,0
TCK-001418,4,3,1
TCK-001419,3,2,0
TCK-001420,3,2,0
TCK-001421,3,2,0
TCK-001422,3,2,0
TCK-001423,3,2,0
TCK-001424,3,2,0
TCK-001425,3,2,0
TCK-001426,3,2,0
TCK-001427,3,2,0
TCK-001428,4,3,1
TCK-001429,3,2,0
TCK-001430,3,2,0
TCK-001431,3,2,0
TCK-001432,3,2,0
TCK-001433,3,2,0
TCK-001434,3,2,0
TCK-001435,3,2,0
TCK-001436,3,2,0
TCK-001437,3,2,0
TCK-001438,3,2,0
TCK-001439,3,2,0
TCK-001440,3,2,0
TCK-001441,3,2,0
TCK-001442,3,2,0
TCK-001443,3,2,0
TCK-001444,3,2,0
TCK-001445,3,2,0
TCK-001446,3,2,0
TCK-001447,3,2,0
TCK-001448,3,2,0
TCK-001449,3,2,0
TCK-001450,3,2,0
TCK-001451,3,2,0
TCK-001452,3,2,0
TCK-001453,4,3,1
TCK-001454,3,2,0
TCK-001455,3,2,0
TCK-001456,3,2,0
TCK-001457,3,2,0
TCK-001458,3,2,0
TCK-001459,4,3,1
TCK-001460,3,2,0
TCK-001461,3,2,0
TCK-001462,3,2,0
TCK-001463,3,2,0
TCK-001464,3,2,0
TCK-001465,3,2,0
TCK-001466,4,3,1
TCK-001467,3,2,0
TCK-001468,3,2,0
TCK-001469,3,2,0
TCK-001470,3,2,0
TCK-001471,4,3,1
TCK-001472,3,2,0
TCK-001473,3,2,0
TCK-001474,3,2,0
TCK-001475,4,3,1
TCK-001476,3,2,0
TCK-001477,3,2,0
TCK-001478,3,2,0
TCK-001479,3,2,0
TCK-001480,3,2,0
TCK-001481,4,3,1
TCK-001482,3,2,0
TCK-001483,3,2,0
TCK-001484,3,2,0
TCK-001485,3,2,0
TCK-001486,3,2,0
TCK-001487,3,2,0
TCK-001488,4,3,1
TCK-001489,3,2,0
TCK-001490,3,2,0
TCK-001491,3,2,0
TCK-001492,3,2,0
TCK-001493,3,2,0
TCK-001494,3,2,0
TCK-001495,3,2,0
TCK-001496,3,2,0
TCK-001497,3,2,0
TCK-001498,3,2,0
TCK-001499,3,2,0
TCK-001500,3,2,0
TCK-001501,3,2,0
TCK-001502,4,3,1
TCK-001503,3,2,0
TCK-001504,3,2,0
TCK-001505,3,2,0
TCK-001506,3,2,0
TCK-001507,3,2,0
TCK-001508,3,2,0
TCK-001509,4,3,1
TCK-001510,3,2,0
TCK-001511,3,2,0
TCK-001512,3,2,0
TCK-001513,3,2,0
TCK-001514,3,2,0
TCK-001515,3,2,0
TCK-001516,3,2,0
TCK-001517,3,2,0
TCK-001518,3,2,0
TCK-001519,3,2,0
TCK-001520,3,2,0
TCK-001521,3,2,0
TCK-001522,3,2,0
TCK-001523,3,2,0
TCK-001524,3,2,0
TCK-001525,3,2,0
TCK-001526,3,2,0
TCK-001527,3,2,0
TCK-001528,3,2,0
TCK-001529,3,2,0
TCK-001530,3,2,0
TCK-001531,3,2,0
TCK-001532,3,2,0
TCK-001533,3,2,0
TCK-001534,4,3,1
TCK-001535,3,2,0
TCK-001536,3,2,0
TCK-001537,3,2,0
TCK-001538,3,2,0
TCK-001539,3,2,0
TCK-001540,3,2,0
TCK-001541,4,3,1
TCK-001542,3,2,0
TCK-001543,3,2,0
TCK-001544,3,2,0
TCK-001545,3,2,0
TCK-001546,3,2,0
TCK-001547,3,2,0
TCK-001548,3,2,0
TCK-001549,3,2,0
TCK-001550,3,2,0
TCK-001551,3,2,0
TCK-001552,3,2,0
TCK-001553,3,2,0
TCK-001554,3,2,0
TCK-001555,3,2,0
TCK-001556,3,2,0
TCK-001557,3,2,0
TCK-001558,4,3,1
TCK-001559,3,2,0
TCK-001560,3,2,0
TCK-001561,3,2,0
TCK-001562,3,2,0
TCK-001563,4,3,1
TCK-001564,3,2,0
TCK-001565,3,2,0
TCK-001566,3,2,0
TCK-001567,4,3,1
TCK-001568,3,2,0
TCK-001569,3,2,0
TCK-001570,4,3,1
TCK-001571,3,2,0
TCK-001572,4,3,1
TCK-001573,3,2,0
TCK-001574,3,2,0
TCK-001575,3,2,0
TCK-001576,3,2,0
TCK-001577,3,2,0
TCK-001578,3,2,0
TCK-001579,3,2,0
TCK-001580,3,2,0
TCK-001581,3,2,0
TCK-001582,3,2,0
TCK-001583,3,2,0
TCK-001584,3,2,0
TCK-001585,3,2,0
TCK-001586,4,3,1
TCK-001587,3,2,0
TCK-001588,3,2,0
TCK-001589,3,2,0
TCK-001590,3,2,0
TCK-001591,4,3,1
TCK-001592,3,2,0
TCK-001593,3,2,0
TCK-001594,3,2,0
TCK-001595,3,2,0
TCK-001596,3,2,0
TCK-001597,3,2,0
TCK-001598,3,2,0
TCK-001599,3,2,0
TCK-001600,3,2,0
TCK-001601,3,2,0
TCK-001602,3,2,0
TCK-001603,3,2,0
TCK-001604,4,3,1
TCK-001605,3,2,0
TCK-001606,3,2,0
TCK-001607,3,2,0
TCK-001608,3,2,0
TCK-001609,3,2,0
TCK-001610,3,2,0
TCK-001611,3,2,0
TCK-001612,3,2,0
TCK-001613,3,2,0
TCK-001614,4,3,1
TCK-001615,4,3,1
TCK-001616,3,2,0
TCK-001617,3,2,0
TCK-001618,3,2,0
TCK-001619,3,2,0
TCK-001620,3,2,0
TCK-001621,3,2,0
TCK-001622,3,2,0
TCK-001623,3,2,0
TCK-001624,3,2,0
TCK-001625,3,2,0
TCK-001626,3,2,0
TCK-001627,3,2,0
TCK-001628,3,2,0
TCK-001629,3,2,0
TCK-001630,4,3,1
TCK-001631,3,2,0
TCK-001632,3,2,0
TCK-001633,3,2,0
TCK-001634,3,2,0
TCK-001635,3,2,0
TCK-001636,3,2,0
TCK-001637,3,2,0
TCK-001638,3,2,0
TCK-001639,3,2,0
TCK-001640,3,2,0
TCK-001641,3,2,0
TCK-001642,3,2,0
TCK-001643,3,2,0
TCK-001644,4,3,1
TCK-001645,3,2,0
TCK-001646,3,2,0
TCK-001647,3,2,0
TCK-001648,3,2,0
TCK-001649,3,2,0
TCK-001650,3,2,0
TCK-001651,3,2,0
TCK-001652,3,2,0
TCK-001653,3,2,0
TCK-001654,3,2,0
TCK-001655,4,3,1
TCK-001656,3,2,0
TCK-001657,3,2,0
TCK-001658,3,2,0
TCK-001659,3,2,0
TCK-001660,4,3,1
TCK-001661,3,2,0
TCK-001662,3,2,0
TCK-001663,3,2,0
TCK-001664,3,2,0
TCK-001665,3,2,0
TCK-001666,3,2,0
TCK-001667,3,2,0
TCK-001668,3,2,0
TCK-001669,3,2,0
TCK-001670,3,2,0
TCK-001671,3,2,0
TCK-001672,3,2,0
TCK-001673,4,3,1
TCK-001674,3,2,0
TCK-001675,3,2,0
TCK-001676,3,2,0
TCK-001677,3,2,0
TCK-001678,4,3,1
TCK-001679,4,3,1
TCK-001680,3,2,0
TCK-001681,3,2,0
TCK-001682,3,2,0
TCK-001683,3,2,0
TCK-001684,3,2,0
TCK-001685,3,2,0
TCK-001686,3,2,0
TCK-001687,3,2,0
TCK-001688,3,2,0
TCK-001689,3,2,0
TCK-001690,3,2,0
TCK-001691,3,2,0
TCK-001692,3,2,0
TCK-001693,3,2,0
TCK-001694,3,2,0
TCK-001695,3,2,0
TCK-001696,3,2,0
TCK-001697,3,2,0
TCK-001698,3,2,0
TCK-001699,3,2,0
TCK-001700,3,2,0
TCK-001701,3,2,0
TCK-001702,3,2,0
TCK-001703,4,3,1
TCK-001704,3,2,0
TCK-001705,3,2,0
TCK-001706,3,2,0
TCK-001707,3,2,0
TCK-001708,3,2,0
TCK-001709,4,3,1
TCK-001710,3,2,0
TCK-001711,3,2,0
TCK-001712,3,2,0
TCK-001713,4,3,1
TCK-001714,3,2,0
TCK-001715,3,2,0
TCK-001716,3,2,0
TCK-001717,3,2,0
TCK-001718,3,2,0
TCK-001719,3,2,0
TCK-001720,3,2,0
TCK-001721,3,2,0
TCK-001722,3,2,0
TCK-001723,3,2,0
TCK-001724,3,2,0
TCK-001725,3,2,0
TCK-001726,3,2,0
TCK-001727,3,2,0
TCK-001728,3,2,0
TCK-001729,3,2,0
TCK-001730,3,2,0
TCK-001731,3,2,0
TCK-001732,3,2,0
TCK-001733,3,2,0
TCK-001734,4,3,1
TCK-001735,3,2,0
TCK-001736,3,2,0
TCK-001737,3,2,0
TCK-001738,3,2,0
TCK-001739,4,3,1
TCK-001740,3,2,0
TCK-001741,3,2,0
TCK-001742,3,2,0
TCK-001743,3,2,0
TCK-001744,4,3,1
TCK-001745,3,2,0
TCK-001746,3,2,0
TCK-001747,3,2,0
TCK-001748,3,2,0
TCK-001749,4,3,1
TCK-001750,3,2,0
TCK-001751,3,2,0
TCK-001752,3,2,0
TCK-001753,3,2,0
TCK-001754,4,3,1
TCK-001755,3,2,0
TCK-001756,3,2,0
TCK-001757,3,2,0
TCK-001758,3,2,0
TCK-001759,3,2,0
TCK-001760,3,2,0
TCK-001761,3,2,0
TCK-001762,3,2,0
TCK-001763,3,2,0
TCK-001764,3,2,0
TCK-001765,3,2,0
TCK-001766,3,2,0
TCK-001767,4,3,1
TCK-001768,3,2,0
TCK-001769,3,2,0
TCK-001770,3,2,0
TCK-001771,3,2,0
TCK-001772,3,2,0
TCK-001773,3,2,0
TCK-001774,4,3,1
TCK-001775,3,2,0
TCK-001776,3,2,0
TCK-001777,3,2,0
TCK-001778,3,2,0
TCK-001779,4,3,1
TCK-001780,3,2,0
TCK-001781,3,2,0
TCK-001782,3,2,0
TCK-001783,3,2,0
TCK-001784,3,2,0
TCK-001785,3,2,0
TCK-001786,3,2,0
TCK-001787,3,2,0
TCK-001788,3,2,0
TCK-001789,3,2,0
TCK-001790,3,2,0
TCK-001791,3,2,0
TCK-001792,3,2,0
TCK-001793,3,2,0
TCK-001794,3,2,0
TCK-001795,3,2,0
TCK-001796,3,2,0
TCK-001797,3,2,0
TCK-001798,3,2,0
TCK-001799,3,2,0
TCK-001800,3,2,0
TCK-001801,4,3,1
TCK-001802,3,2,0
TCK-001803,3,2,0
TCK-001804,3,2,0
TCK-001805,3,2,0
TCK-001806,3,2,0
TCK-001807,4,3,1
TCK-001808,3,2,0
TCK-001809,3,2,0
TCK-001810,3,2,0
TCK-001811,3,2,0
TCK-001812,4,3,1
TCK-001813,4,3,1
TCK-001814,3,2,0
TCK-001815,3,2,0
TCK-001816,3,2,0
TCK-001817,3,2,0
TCK-001818,3,2,0
TCK-001819,3,2,0
TCK-001820,3,2,0
TCK-001821,3,2,0
TCK-001822,3,2,0
TCK-001823,3,2,0
TCK-001824,3,2,0
TCK-001825,3,2,0
TCK-001826,3,2,0
TCK-001827,3,2,0
TCK-001828,3,2,0
TCK-001829,3,2,0
TCK-001830,3,2,0
TCK-001831,3,2,0
TCK-001832,3,2,0
TCK-001833,3,2,0
TCK-001834,3,2,0
TCK-001835,3,2,0
TCK-001836,3,2,0
TCK-001837,3,2,0
TCK-001838,3,2,0
TCK-001839,3,2,0
TCK-001840,3,2,0
TCK-001841,3,2,0
TCK-001842,3,2,0
TCK-001843,3,2,0
TCK-001844,3,2,0
TCK-001845,3,2,0
TCK-001846,3,2,0
TCK-001847,3,2,0
TCK-001848,3,2,0
TCK-001849,3,2,0
TCK-001850,3,2,0
TCK-001851,3,2,0
TCK-001852,3,2,0
TCK-001853,3,2,0
TCK-001854,3,2,0
TCK-001855,3,2,0
TCK-001856,3,2,0
TCK-001857,3,2,0
TCK-001858,3,2,0
TCK-001859,3,2,0
TCK-001860,3,2,0
TCK-001861,3,2,0
TCK-001862,3,2,0
TCK-001863,4,3,1
TCK-001864,3,2,0
TCK-001865,3,2,0
TCK-001866,3,2,0
TCK-001867,3,2,0
TCK-001868,3,2,0
TCK-001869,3,2,0
TCK-001870,3,2,0
TCK-001871,3,2,0
TCK-001872,3,2,0
TCK-001873,3,2,0
TCK-001874,3,2,0
TCK-001875,4,3,1
TCK-001876,3,2,0
TCK-001877,3,2,0
TCK-001878,3,2,0
TCK-001879,3,2,0
TCK-001880,3,2,0
TCK-001881,3,2,0
TCK-001882,3,2,0
TCK-001883,3,2,0
TCK-001884,3,2,0
TCK-001885,3,2,0
TCK-001886,4,3,1
TCK-001887,3,2,0
TCK-001888,3,2,0
TCK-001889,3,2,0
TCK-001890,3,2,0
TCK-001891,4,3,1
TCK-001892,3,2,0
TCK-001893,3,2,0
TCK-001894,3,2,0
TCK-001895,3,2,0
TCK-001896,3,2,0
TCK-001897,3,2,0
TCK-001898,4,3,1
TCK-001899,3,2,0
TCK-001900,3,2,0
TCK-001901,3,2,0
TCK-001902,3,2,0
TCK-001903,3,2,0
TCK-001904,3,2,0
TCK-001905,3,2,0
TCK-001906,3,2,0
TCK-001907,3,2,0
TCK-001908,3,2,0
TCK-001909,3,2,0
TCK-001910,3,2,0
TCK-001911,3,2,0
TCK-001912,3,2,0
TCK-001913,3,2,0
TCK-001914,4,3,1
TCK-001915,3,2,0
TCK-001916,3,2,0
TCK-001917,3,2,0
TCK-001918,3,2,0
TCK-001919,3,2,0
TCK-001920,3,2,0
TCK-001921,4,3,1
TCK-001922,4,3,1
TCK-001923,3,2,0
TCK-001924,3,2,0
TCK-001925,4,3,1
TCK-001926,3,2,0
TCK-001927,3,2,0
TCK-001928,3,2,0
TCK-001929,3,2,0
TCK-001930,3,2,0
TCK-001931,4,3,1
TCK-001932,3,2,0
TCK-001933,3,2,0
TCK-001934,3,2,0
TCK-001935,3,2,0
TCK-001936,3,2,0
TCK-001937,3,2,0
TCK-001938,3,2,0
TCK-001939,3,2,0
TCK-001940,3,2,0
TCK-001941,3,2,0
TCK-001942,3,2,0
TCK-001943,3,2,0
TCK-001944,3,2,0
TCK-001945,3,2,0
TCK-001946,3,2,0
TCK-001947,3,2,0
TCK-001948,3,2,0
TCK-001949,4,3,1
TCK-001950,3,2,0
TCK-001951,3,2,0
TCK-001952,3,2,0
TCK-001953,4,3,1
TCK-001954,3,2,0
TCK-001955,4,3,1
TCK-001956,3,2,0
TCK-001957,4,3,1
TCK-001958,3,2,0
TCK-001959,3,2,0
TCK-001960,3,2,0
TCK-001961,3,2,0
TCK-001962,3,2,0
TCK-001963,3,2,0
TCK-001964,3,2,0
TCK-001965,3,2,0
TCK-001966,3,2,0
TCK-001967,4,3,1
TCK-001968,3,2,0
TCK-001969,3,2,0
TCK-001970,3,2,0
TCK-001971,3,2,0
TCK-001972,3,2,0
TCK-001973,3,2,0
TCK-001974,3,2,0
TCK-001975,4,3,1
TCK-001976,3,2,0
TCK-001977,3,2,0
TCK-001978,3,2,0
TCK-001979,3,2,0
TCK-001980,3,2,0
TCK-001981,3,2,0
TCK-001982,3,2,0
TCK-001983,3,2,0
TCK-001984,3,2,0
TCK-001985,3,2,0
TCK-001986,3,2,0
TCK-001987,3,2,0
TCK-001988,3,2,0
TCK-001989,3,2,0
TCK-001990,3,2,0
TCK-001991,3,2,0
TCK-001992,3,2,0
TCK-001993,3,2,0
TCK-001994,3,2,0
TCK-001995,3,2,0
TCK-001996,3,2,0
TCK-001997,4,3,1
TCK-001998,3,2,0
TCK-001999,3,2,0
TCK-002000,3,2,0
TCK-002001,3,2,0
TCK-002002,3,2,0
TCK-002003,3,2,0
TCK-002004,3,2,0
TCK-002005,3,2,0
TCK-002006,3,2,0
TCK-002007,3,2,0
TCK-002008,3,2,0
TCK-002009,3,2,0
TCK-002010,3,2,0
TCK-002011,3,2,0
TCK-002012,3,2,0
TCK-002013,3,2,0
TCK-002014,4,3,1
TCK-002015,3,2,0
TCK-002016,3,2,0
TCK-002017,3,2,0
TCK-002018,3,2,0
TCK-002019,3,2,0
TCK-002020,3,2,0
TCK-002021,3,2,0
TCK-002022,4,3,1
TCK-002023,3,2,0
TCK-002024,3,2,0
TCK-002025,4,3,1
TCK-002026,3,2,0
TCK-002027,3,2,0
TCK-002028,3,2,0
TCK-002029,3,2,0
TCK-002030,3,2,0
TCK-002031,3,2,0
TCK-002032,4,3,1
TCK-002033,3,2,0
TCK-002034,3,2,0
TCK-002035,3,2,0
TCK-002036,3,2,0
TCK-002037,3,2,0
TCK-002038,3,2,0
TCK-002039,3,2,0
TCK-002040,3,2,0
TCK-002041,3,2,0
TCK-002042,4,3,1
TCK-002043,3,2,0
TCK-002044,3,2,0
TCK-002045,3,2,0
TCK-002046,3,2,0
TCK-002047,3,2,0
TCK-002048,3,2,0
TCK-002049,3,2,0
TCK-002050,3,2,0
TCK-002051,3,2,0
TCK-002052,3,2,0
TCK-002053,4,3,1
TCK-002054,3,2,0
TCK-002055,3,2,0
TCK-002056,3,2,0
TCK-002057,3,2,0
TCK-002058,3,2,0
TCK-002059,3,2,0
TCK-002060,3,2,0
TCK-002061,3,2,0
TCK-002062,3,2,0
TCK-002063,3,2,0
TCK-002064,3,2,0
TCK-002065,3,2,0
TCK-002066,3,2,0
TCK-002067,3,2,0
TCK-002068,3,2,0
TCK-002069,3,2,0
TCK-002070,3,2,0
TCK-002071,4,3,1
TCK-002072,3,2,0
TCK-002073,3,2,0
TCK-002074,3,2,0
TCK-002075,3,2,0
TCK-002076,3,2,0
TCK-002077,3,2,0
TCK-002078,3,2,0
TCK-002079,4,3,1
TCK-002080,3,2,0
TCK-002081,3,2,0
TCK-002082,3,2,0
TCK-002083,3,2,0
TCK-002084,3,2,0
TCK-002085,4,3,1
TCK-002086,3,2,0
TCK-002087,3,2,0
TCK-002088,3,2,0
TCK-002089,3,2,0
TCK-002090,3,2,0
TCK-002091,3,2,0
TCK-002092,3,2,0
TCK-002093,3,2,0
TCK-002094,3,2,0
TCK-002095,3,2,0
TCK-002096,3,2,0
TCK-002097,3,2,0
TCK-002098,3,2,0
TCK-002099,3,2,0
TCK-002100,4,3,1
TCK-002101,3,2,0
TCK-002102,3,2,0
TCK-002103,3,2,0
TCK-002104,3,2,0
TCK-002105,3,2,0
TCK-002106,3,2,0
TCK-002107,3,2,0
TCK-002108,3,2,0
TCK-002109,3,2,0
TCK-002110,4,3,1
TCK-002111,3,2,0
TCK-002112,3,2,0
TCK-002113,3,2,0
TCK-002114,3,2,0
TCK-002115,3,2,0
TCK-002116,3,2,0
TCK-002117,3,2,0
TCK-002118,3,2,0
TCK-002119,3,2,0
TCK-002120,3,2,0
TCK-002121,3,2,0
TCK-002122,3,2,0
TCK-002123,3,2,0
TCK-002124,3,2,0
TCK-002125,3,2,0
TCK-002126,3,2,0
TCK-002127,4,3,1
TCK-002128,3,2,0
TCK-002129,3,2,0
TCK-002130,3,2,0
TCK-002131,3,2,0
TCK-002132,3,2,0
TCK-002133,3,2,0
TCK-002134,3,2,0
TCK-002135,3,2,0
TCK-002136,3,2,0
TCK-002137,3,2,0
TCK-002138,3,2,0
TCK-002139,3,2,0
TCK-002140,4,3,1
TCK-002141,3,2,0
TCK-002142,3,2,0
TCK-002143,3,2,0
TCK-002144,3,2,0
TCK-002145,3,2,0
TCK-002146,3,2,0
TCK-002147,3,2,0
TCK-002148,3,2,0
TCK-002149,3,2,0
TCK-002150,3,2,0
TCK-002151,3,2,0
TCK-002152,3,2,0
TCK-002153,3,2,0
TCK-002154,3,2,0
TCK-002155,3,2,0
TCK-002156,3,2,0
TCK-002157,3,2,0
TCK-002158,4,3,1
TCK-002159,3,2,0
TCK-002160,4,3,1
TCK-002161,3,2,0
TCK-002162,4,3,1
TCK-002163,3,2,0
TCK-002164,3,2,0
TCK-002165,3,2,0
TCK-002166,3,2,0
TCK-002167,4,3,1
TCK-002168,3,2,0
TCK-002169,3,2,0
TCK-002170,3,2,0
TCK-002171,3,2,0
TCK-002172,3,2,0
TCK-002173,3,2,0
TCK-002174,3,2,0
TCK-002175,3,2,0
TCK-002176,3,2,0
TCK-002177,3,2,0
TCK-002178,3,2,0
TCK-002179,3,2,0
TCK-002180,4,3,1
TCK-002181,3,2,0
TCK-002182,3,2,0
TCK-002183,3,2,0
TCK-002184,4,3,1
TCK-002185,3,2,0
TCK-002186,3,2,0
TCK-002187,3,2,0
TCK-002188,3,2,0
TCK-002189,3,2,0
TCK-002190,3,2,0
TCK-002191,3,2,0
TCK-002192,3,2,0
TCK-002193,4,3,1
TCK-002194,3,2,0
TCK-002195,3,2,0
TCK-002196,3,2,0
TCK-002197,3,2,0
TCK-002198,3,2,0
TCK-002199,3,2,0
TCK-002200,3,2,0
TCK-002201,3,2,0
TCK-002202,3,2,0
TCK-002203,3,2,0
TCK-002204,3,2,0
TCK-002205,4,3,1
TCK-002206,3,2,0
TCK-002207,3,2,0
TCK-002208,3,2,0
TCK-002209,3,2,0
TCK-002210,3,2,0
TCK-002211,3,2,0
TCK-002212,3,2,0
TCK-002213,3,2,0
TCK-002214,3,2,0
TCK-002215,3,2,0
TCK-002216,3,2,0
TCK-002217,3,2,0
TCK-002218,3,2,0
TCK-002219,3,2,0
TCK-002220,4,3,1
TCK-002221,3,2,0
TCK-002222,3,2,0
TCK-002223,3,2,0
TCK-002224,3,2,0
TCK-002225,3,2,0
TCK-002226,3,2,0
TCK-002227,3,2,0
TCK-002228,3,2,0
TCK-002229,4,3,1
TCK-002230,3,2,0
TCK-002231,4,3,1
TCK-002232,3,2,0
TCK-002233,3,2,0
TCK-002234,3,2,0
TCK-002235,3,2,0
TCK-002236,4,3,1
TCK-002237,3,2,0
TCK-002238,3,2,0
TCK-002239,3,2,0
TCK-002240,3,2,0
TCK-002241,3,2,0
TCK-002242,3,2,0
TCK-002243,3,2,0
TCK-002244,3,2,0
TCK-002245,4,3,1
TCK-002246,3,2,0
TCK-002247,3,2,0
TCK-002248,3,2,0
TCK-002249,4,3,1
TCK-002250,3,2,0
TCK-002251,3,2,0
TCK-002252,3,2,0
TCK-002253,3,2,0
TCK-002254,3,2,0
TCK-002255,3,2,0
TCK-002256,3,2,0
TCK-002257,3,2,0
TCK-002258,3,2,0
TCK-002259,3,2,0
TCK-002260,3,2,0
TCK-002261,4,3,1
TCK-002262,3,2,0
TCK-002263,4,3,1
TCK-002264,3,2,0
TCK-002265,3,2,0
TCK-002266,3,2,0
TCK-002267,3,2,0
TCK-002268,3,2,0
TCK-002269,3,2,0
TCK-002270,3,2,0
TCK-002271,3,2,0
TCK-002272,3,2,0
TCK-002273,3,2,0
TCK-002274,3,2,0
TCK-002275,4,3,1
TCK-002276,3,2,0
TCK-002277,3,2,0
TCK-002278,3,2,0
TCK-002279,3,2,0
TCK-002280,4,3,1
TCK-002281,3,2,0
TCK-002282,3,2,0
TCK-002283,3,2,0
TCK-002284,3,2,0
TCK-002285,3,2,0
TCK-002286,3,2,0
TCK-002287,3,2,0
TCK-002288,3,2,0
TCK-002289,3,2,0
TCK-002290,3,2,0
TCK-002291,3,2,0
TCK-002292,3,2,0
TCK-002293,3,2,0
TCK-002294,3,2,0
TCK-002295,3,2,0
TCK-002296,3,2,0
TCK-002297,3,2,0
TCK-002298,3,2,0
TCK-002299,3,2,0
TCK-002300,3,2,0
TCK-002301,3,2,0
TCK-002302,3,2,0
TCK-002303,3,2,0
TCK-002304,3,2,0
TCK-002305,3,2,0
TCK-002306,3,2,0
TCK-002307,3,2,0
TCK-002308,3,2,0
TCK-002309,3,2,0
TCK-002310,3,2,0
TCK-002311,4,3,1
TCK-002312,3,2,0
TCK-002313,3,2,0
TCK-002314,4,3,1
TCK-002315,3,2,0
TCK-002316,3,2,0
TCK-002317,3,2,0
TCK-002318,3,2,0
TCK-002319,4,3,1
TCK-002320,3,2,0
TCK-002321,3,2,0
TCK-002322,3,2,0
TCK-002323,3,2,0
TCK-002324,3,2,0
TCK-002325,3,2,0
TCK-002326,4,3,1
TCK-002327,3,2,0
TCK-002328,3,2,0
TCK-002329,3,2,0
TCK-002330,3,2,0
TCK-002331,3,2,0
TCK-002332,3,2,0
TCK-002333,3,2,0
TCK-002334,3,2,0
TCK-002335,3,2,0
TCK-002336,3,2,0
TCK-002337,3,2,0
TCK-002338,3,2,0
TCK-002339,3,2,0
TCK-002340,3,2,0
TCK-002341,4,3,1
TCK-002342,3,2,0
TCK-002343,3,2,0
TCK-002344,3,2,0
TCK-002345,3,2,0
TCK-002346,3,2,0
TCK-002347,3,2,0
TCK-002348,3,2,0
TCK-002349,3,2,0
TCK-002350,3,2,0
TCK-002351,3,2,0
TCK-002352,4,3,1
TCK-002353,3,2,0
TCK-002354,3,2,0
TCK-002355,3,2,0
TCK-002356,3,2,0
TCK-002357,3,2,0
TCK-002358,3,2,0
TCK-002359,3,2,0
TCK-002360,3,2,0
TCK-002361,3,2,0
TCK-002362,3,2,0
TCK-002363,4,3,1
TCK-002364,3,2,0
TCK-002365,3,2,0
TCK-002366,3,2,0
TCK-002367,3,2,0
TCK-002368,3,2,0
TCK-002369,3,2,0
TCK-002370,3,2,0
TCK-002371,3,2,0
TCK-002372,3,2,0
TCK-002373,3,2,0
TCK-002374,3,2,0
TCK-002375,3,2,0
TCK-002376,4,3,1
TCK-002377,3,2,0
TCK-002378,3,2,0
TCK-002379,3,2,0
TCK-002380,3,2,0
TCK-002381,4,3,1
TCK-002382,3,2,0
TCK-002383,3,2,0
TCK-002384,3,2,0
TCK-002385,3,2,0
TCK-002386,3,2,0
TCK-002387,4,3,1
TCK-002388,3,2,0
TCK-002389,3,2,0
TCK-002390,3,2,0
TCK-002391,3,2,0
TCK-002392,3,2,0
TCK-002393,3,2,0
TCK-002394,3,2,0
TCK-002395,3,2,0
TCK-002396,3,2,0
TCK-002397,3,2,0
TCK-002398,3,2,0
TCK-002399,3,2,0
TCK-002400,4,3,1
TCK-002401,3,2,0
TCK-002402,3,2,0
TCK-002403,3,2,0
TCK-002404,3,2,0
TCK-002405,4,3,1
TCK-002406,3,2,0
TCK-002407,4,3,1
TCK-002408,3,2,0
TCK-002409,3,2,0
TCK-002410,3,2,0
TCK-002411,3,2,0
TCK-002412,3,2,0
TCK-002413,3,2,0
TCK-002414,3,2,0
TCK-002415,3,2,0
TCK-002416,3,2,0
TCK-002417,3,2,0
TCK-002418,3,2,0
TCK-002419,3,2,0
TCK-002420,3,2,0
TCK-002421,3,2,0
TCK-002422,3,2,0
TCK-002423,3,2,0
TCK-002424,3,2,0
TCK-002425,3,2,0
TCK-002426,3,2,0
TCK-002427,3,2,0
TCK-002428,3,2,0
TCK-002429,3,2,0
TCK-002430,3,2,0
TCK-002431,3,2,0
TCK-002432,3,2,0
TCK-002433,4,3,1
TCK-002434,4,3,1
TCK-002435,4,3,1
TCK-002436,3,2,0
TCK-002437,3,2,0
TCK-002438,3,2,0
TCK-002439,3,2,0
TCK-002440,3,2,0
TCK-002441,3,2,0
TCK-002442,3,2,0
TCK-002443,3,2,0
TCK-002444,3,2,0
TCK-002445,4,3,1
TCK-002446,3,2,0
TCK-002447,3,2,0
TCK-002448,3,2,0
TCK-002449,4,3,1
TCK-002450,3,2,0
TCK-002451,3,2,0
TCK-002452,3,2,0
TCK-002453,3,2,0
TCK-002454,3,2,0
TCK-002455,3,2,0
TCK-002456,3,2,0
TCK-002457,3,2,0
TCK-002458,3,2,0
TCK-002459,3,2,0
TCK-002460,3,2,0
TCK-002461,3,2,0
TCK-002462,3,2,0
TCK-002463,3,2,0
TCK-002464,3,2,0
TCK-002465,3,2,0
TCK-002466,3,2,0
TCK-002467,3,2,0
TCK-002468,3,2,0
TCK-002469,3,2,0
TCK-002470,3,2,0
TCK-002471,3,2,0
TCK-002472,3,2,0
TCK-002473,3,2,0
TCK-002474,3,2,0
TCK-002475,3,2,0
TCK-002476,3,2,0
TCK-002477,3,2,0
TCK-002478,3,2,0
TCK-002479,3,2,0
TCK-002480,3,2,0
TCK-002481,3,2,0
TCK-002482,3,2,0
TCK-002483,3,2,0
TCK-002484,3,2,0
TCK-002485,3,2,0
TCK-002486,3,2,0
TCK-002487,3,2,0
TCK-002488,3,2,0
TCK-002489,4,3,1
TCK-002490,3,2,0
TCK-002491,3,2,0
TCK-002492,3,2,0
TCK-002493,3,2,0
TCK-002494,3,2,0
TCK-002495,3,2,0
TCK-002496,3,2,0
TCK-002497,3,2,0
TCK-002498,3,2,0
TCK-002499,3,2,0
TCK-002500,3,2,0
TCK-002501,3,2,0
TCK-002502,4,3,1
TCK-002503,3,2,0
TCK-002504,3,2,0
TCK-002505,3,2,0
TCK-002506,3,2,0
TCK-002507,3,2,0
TCK-002508,3,2,0
TCK-002509,3,2,0
TCK-002510,3,2,0
TCK-002511,3,2,0
TCK-002512,3,2,0
TCK-002513,3,2,0
TCK-002514,3,2,0
TCK-002515,3,2,0
TCK-002516,3,2,0
TCK-002517,3,2,0
TCK-002518,3,2,0
TCK-002519,3,2,0
TCK-002520,3,2,0
TCK-002521,3,2,0
TCK-002522,3,2,0
TCK-002523,3,2,0
TCK-002524,3,2,0
TCK-002525,3,2,0
TCK-002526,3,2,0
TCK-002527,3,2,0
TCK-002528,3,2,0
TCK-002529,3,2,0
TCK-002530,3,2,0
TCK-002531,3,2,0
TCK-002532,4,3,1
TCK-002533,3,2,0
TCK-002534,3,2,0
TCK-002535,3,2,0
TCK-002536,3,2,0
TCK-002537,3,2,0
TCK-002538,3,2,0
TCK-002539,3,2,0
TCK-002540,3,2,0
TCK-002541,3,2,0
TCK-002542,3,2,0
TCK-002543,3,2,0
TCK-002544,4,3,1
TCK-002545,3,2,0
TCK-002546,4,3,1
TCK-002547,3,2,0
TCK-002548,3,2,0
TCK-002549,4,3,1
TCK-002550,3,2,0
TCK-002551,3,2,0
TCK-002552,3,2,0
TCK-002553,3,2,0
TCK-002554,3,2,0
TCK-002555,4,3,1
TCK-002556,3,2,0
TCK-002557,3,2,0
TCK-002558,3,2,0
TCK-002559,3,2,0
TCK-002560,4,3,1
TCK-002561,3,2,0
TCK-002562,3,2,0
TCK-002563,4,3,1
TCK-002564,3,2,0
TCK-002565,4,3,1
TCK-002566,3,2,0
TCK-002567,3,2,0
TCK-002568,3,2,0
TCK-002569,3,2,0
TCK-002570,3,2,0
TCK-002571,3,2,0
TCK-002572,3,2,0
TCK-002573,3,2,0
TCK-002574,3,2,0
TCK-002575,3,2,0
TCK-002576,3,2,0
TCK-002577,3,2,0
TCK-002578,3,2,0
TCK-002579,3,2,0
TCK-002580,3,2,0
TCK-002581,3,2,0
TCK-002582,3,2,0
TCK-002583,3,2,0
TCK-002584,3,2,0
TCK-002585,4,3,1
TCK-002586,3,2,0
TCK-002587,3,2,0
TCK-002588,3,2,0
TCK-002589,3,2,0
TCK-002590,3,2,0
TCK-002591,3,2,0
TCK-002592,3,2,0
TCK-002593,3,2,0
TCK-002594,3,2,0
TCK-002595,3,2,0
TCK-002596,3,2,0
TCK-002597,3,2,0
TCK-002598,3,2,0
TCK-002599,3,2,0
TCK-002600,3,2,0
TCK-002601,3,2,0
TCK-002602,3,2,0
TCK-002603,3,2,0
TCK-002604,3,2,0
TCK-002605,3,2,0
TCK-002606,3,2,0
TCK-002607,3,2,0
TCK-002608,3,2,0
TCK-002609,3,2,0
TCK-002610,3,2,0
TCK-002611,3,2,0
TCK-002612,3,2,0
TCK-002613,3,2,0
TCK-002614,3,2,0
TCK-002615,3,2,0
TCK-002616,3,2,0
TCK-002617,3,2,0
TCK-002618,3,2,0
TCK-002619,3,2,0
TCK-002620,4,3,1
TCK-002621,3,2,0
TCK-002622,3,2,0
TCK-002623,3,2,0
TCK-002624,3,2,0
TCK-002625,4,3,1
TCK-002626,3,2,0
TCK-002627,3,2,0
TCK-002628,4,3,1
TCK-002629,4,3,1
TCK-002630,3,2,0
TCK-002631,3,2,0
TCK-002632,3,2,0
TCK-002633,3,2,0
TCK-002634,3,2,0
TCK-002635,3,2,0
TCK-002636,4,3,1
TCK-002637,4,3,1
TCK-002638,3,2,0
TCK-002639,3,2,0
TCK-002640,3,2,0
TCK-002641,4,3,1
TCK-002642,3,2,0
TCK-002643,3,2,0
TCK-002644,3,2,0
TCK-002645,3,2,0
TCK-002646,3,2,0
TCK-002647,3,2,0
TCK-002648,4,3,1
TCK-002649,3,2,0
TCK-002650,3,2,0
TCK-002651,3,2,0
TCK-002652,3,2,0
TCK-002653,4,3,1
TCK-002654,4,3,1
TCK-002655,3,2,0
TCK-002656,3,2,0
TCK-002657,4,3,1
TCK-002658,3,2,0
TCK-002659,3,2,0
TCK-002660,3,2,0
TCK-002661,3,2,0
TCK-002662,3,2,0
TCK-002663,3,2,0
TCK-002664,3,2,0
TCK-002665,3,2,0
TCK-002666,3,2,0
TCK-002667,4,3,1
TCK-002668,3,2,0
TCK-002669,3,2,0
TCK-002670,3,2,0
TCK-002671,3,2,0
TCK-002672,4,3,1
TCK-002673,3,2,0
TCK-002674,3,2,0
TCK-002675,3,2,0
TCK-002676,4,3,1
TCK-002677,3,2,0
TCK-002678,3,2,0
TCK-002679,3,2,0
TCK-002680,3,2,0
TCK-002681,3,2,0
TCK-002682,3,2,0
TCK-002683,3,2,0
TCK-002684,3,2,0
TCK-002685,3,2,0
TCK-002686,3,2,0
TCK-002687,4,3,1
TCK-002688,3,2,0
TCK-002689,3,2,0
TCK-002690,3,2,0
TCK-002691,3,2,0
TCK-002692,3,2,0
TCK-002693,3,2,0
TCK-002694,4,3,1
TCK-002695,3,2,0
TCK-002696,3,2,0
TCK-002697,4,3,1
TCK-002698,3,2,0
TCK-002699,3,2,0
TCK-002700,3,2,0
TCK-002701,3,2,0
TCK-002702,3,2,0
TCK-002703,3,2,0
TCK-002704,3,2,0
TCK-002705,3,2,0
TCK-002706,3,2,0
TCK-002707,3,2,0
TCK-002708,3,2,0
TCK-002709,3,2,0
TCK-002710,3,2,0
TCK-002711,3,2,0
TCK-002712,3,2,0
TCK-002713,3,2,0
TCK-002714,4,3,1
TCK-002715,3,2,0
TCK-002716,4,3,1
TCK-002717,3,2,0
TCK-002718,3,2,0
TCK-002719,3,2,0
TCK-002720,3,2,0
TCK-002721,4,3,1
TCK-002722,3,2,0
TCK-002723,3,2,0
TCK-002724,4,3,1
TCK-002725,3,2,0
TCK-002726,3,2,0
TCK-002727,3,2,0
TCK-002728,4,3,1
TCK-002729,4,3,1
TCK-002730,3,2,0
TCK-002731,3,2,0
TCK-002732,3,2,0
TCK-002733,3,2,0
TCK-002734,3,2,0
TCK-002735,3,2,0
TCK-002736,3,2,0
TCK-002737,4,3,1
TCK-002738,3,2,0
TCK-002739,3,2,0
TCK-002740,4,3,1
TCK-002741,3,2,0
TCK-002742,3,2,0
TCK-002743,3,2,0
TCK-002744,3,2,0
TCK-002745,3,2,0
TCK-002746,3,2,0
TCK-002747,4,3,1
TCK-002748,3,2,0
TCK-002749,3,2,0
TCK-002750,3,2,0
TCK-002751,3,2,0
TCK-002752,3,2,0
TCK-002753,3,2,0
TCK-002754,3,2,0
TCK-002755,3,2,0
TCK-002756,3,2,0
TCK-002757,4,3,1
TCK-002758,3,2,0
TCK-002759,4,3,1
TCK-002760,3,2,0
TCK-002761,3,2,0
TCK-002762,3,2,0
TCK-002763,3,2,0
TCK-002764,3,2,0
TCK-002765,3,2,0
TCK-002766,3,2,0
TCK-002767,3,2,0
TCK-002768,3,2,0
TCK-002769,3,2,0
TCK-002770,3,2,0
TCK-002771,3,2,0
TCK-002772,3,2,0
TCK-002773,3,2,0
TCK-002774,3,2,0
TCK-002775,3,2,0
TCK-002776,3,2,0
TCK-002777,3,2,0
TCK-002778,3,2,0
TCK-002779,3,2,0
TCK-002780,4,3,1
TCK-002781,3,2,0
TCK-002782,3,2,0
TCK-002783,3,2,0
TCK-002784,3,2,0
TCK-002785,3,2,0
TCK-002786,3,2,0
TCK-002787,3,2,0
TCK-002788,3,2,0
TCK-002789,3,2,0
TCK-002790,3,2,0
TCK-002791,3,2,0
TCK-002792,3,2,0
TCK-002793,3,2,0
TCK-002794,3,2,0
TCK-002795,3,2,0
TCK-002796,4,3,1
TCK-002797,3,2,0
TCK-002798,3,2,0
TCK-002799,4,3,1
TCK-002800,3,2,0
TCK-002801,3,2,0
TCK-002802,3,2,0
TCK-002803,3,2,0
TCK-002804,3,2,0
TCK-002805,3,2,0
TCK-002806,3,2,0
TCK-002807,3,2,0
TCK-002808,3,2,0
TCK-002809,4,3,1
TCK-002810,3,2,0
TCK-002811,4,3,1
TCK-002812,3,2,0
TCK-002813,3,2,0
TCK-002814,3,2,0
TCK-002815,3,2,0
TCK-002816,3,2,0
TCK-002817,3,2,0
TCK-002818,3,2,0
TCK-002819,4,3,1
TCK-002820,3,2,0
TCK-002821,3,2,0
TCK-002822,3,2,0
TCK-002823,3,2,0
TCK-002824,3,2,0
TCK-002825,3,2,0
TCK-002826,3,2,0
TCK-002827,3,2,0
TCK-002828,3,2,0
TCK-002829,4,3,1
TCK-002830,3,2,0
TCK-002831,3,2,0
TCK-002832,3,2,0
TCK-002833,4,3,1
TCK-002834,3,2,0
TCK-002835,3,2,0
TCK-002836,3,2,0
TCK-002837,3,2,0
TCK-002838,3,2,0
TCK-002839,3,2,0
TCK-002840,3,2,0
TCK-002841,3,2,0
TCK-002842,3,2,0
TCK-002843,3,2,0
TCK-002844,3,2,0
TCK-002845,3,2,0
TCK-002846,3,2,0
TCK-002847,3,2,0
TCK-002848,3,2,0
TCK-002849,3,2,0
TCK-002850,4,3,1
TCK-002851,3,2,0
TCK-002852,3,2,0
TCK-002853,3,2,0
TCK-002854,3,2,0
TCK-002855,3,2,0
TCK-002856,4,3,1
TCK-002857,3,2,0
TCK-002858,3,2,0
TCK-002859,3,2,0
TCK-002860,3,2,0
TCK-002861,3,2,0
TCK-002862,3,2,0
TCK-002863,3,2,0
TCK-002864,3,2,0
TCK-002865,4,3,1
TCK-002866,3,2,0
TCK-002867,3,2,0
TCK-002868,3,2,0
TCK-002869,4,3,1
TCK-002870,3,2,0
TCK-002871,4,3,1
TCK-002872,3,2,0
TCK-002873,3,2,0
TCK-002874,3,2,0
TCK-002875,3,2,0
TCK-002876,3,2,0
TCK-002877,3,2,0
TCK-002878,3,2,0
TCK-002879,4,3,1
TCK-002880,3,2,0
TCK-002881,4,3,1
TCK-002882,4,3,1
TCK-002883,3,2,0
TCK-002884,3,2,0
TCK-002885,3,2,0
TCK-002886,3,2,0
TCK-002887,3,2,0
TCK-002888,3,2,0
TCK-002889,3,2,0
TCK-002890,3,2,0
TCK-002891,3,2,0
TCK-002892,3,2,0
TCK-002893,3,2,0
TCK-002894,3,2,0
TCK-002895,3,2,0
TCK-002896,3,2,0
TCK-002897,3,2,0
TCK-002898,3,2,0
TCK-002899,3,2,0
TCK-002900,4,3,1
TCK-002901,3,2,0
TCK-002902,3,2,0
TCK-002903,3,2,0
TCK-002904,3,2,0
TCK-002905,3,2,0
TCK-002906,3,2,0
TCK-002907,3,2,0
TCK-002908,3,2,0
TCK-002909,3,2,0
TCK-002910,3,2,0
TCK-002911,3,2,0
TCK-002912,3,2,0
TCK-002913,3,2,0
TCK-002914,3,2,0
TCK-002915,3,2,0
TCK-002916,3,2,0
TCK-002917,3,2,0
TCK-002918,3,2,0
TCK-002919,3,2,0
TCK-002920,3,2,0
TCK-002921,3,2,0
TCK-002922,3,2,0
TCK-002923,3,2,0
TCK-002924,3,2,0
TCK-002925,3,2,0
TCK-002926,3,2,0
TCK-002927,3,2,0
TCK-002928,3,2,0
TCK-002929,3,2,0
TCK-002930,3,2,0
TCK-002931,3,2,0
TCK-002932,3,2,0
TCK-002933,3,2,0
TCK-002934,3,2,0
TCK-002935,3,2,0
TCK-002936,3,2,0
TCK-002937,3,2,0
TCK-002938,4,3,1
TCK-002939,3,2,0
TCK-002940,3,2,0
TCK-002941,3,2,0
TCK-002942,3,2,0
TCK-002943,3,2,0
TCK-002944,3,2,0
TCK-002945,3,2,0
TCK-002946,3,2,0
TCK-002947,3,2,0
TCK-002948,3,2,0
TCK-002949,3,2,0
TCK-002950,3,2,0
TCK-002951,3,2,0
TCK-002952,3,2,0
TCK-002953,3,2,0
TCK-002954,3,2,0
TCK-002955,3,2,0
TCK-002956,3,2,0
TCK-002957,3,2,0
TCK-002958,3,2,0
TCK-002959,3,2,0
TCK-002960,3,2,0
TCK-002961,3,2,0
TCK-002962,4,3,1
TCK-002963,3,2,0
TCK-002964,4,3,1
TCK-002965,3,2,0
TCK-002966,3,2,0
TCK-002967,3,2,0
TCK-002968,3,2,0
TCK-002969,3,2,0
TCK-002970,4,3,1
TCK-002971,3,2,0
TCK-002972,3,2,0
TCK-002973,3,2,0
TCK-002974,3,2,0
TCK-002975,4,3,1
TCK-002976,4,3,1
TCK-002977,3,2,0
TCK-002978,3,2,0
TCK-002979,3,2,0
TCK-002980,3,2,0
TCK-002981,3,2,0
TCK-002982,3,2,0
TCK-002983,3,2,0
TCK-002984,3,2,0
TCK-002985,3,2,0
TCK-002986,3,2,0
TCK-002987,3,2,0
TCK-002988,3,2,0
TCK-002989,3,2,0
TCK-002990,3,2,0
TCK-002991,3,2,0
TCK-002992,3,2,0
TCK-002993,3,2,0
TCK-002994,4,3,1
TCK-002995,3,2,0
TCK-002996,3,2,0
TCK-002997,3,2,0
TCK-002998,4,3,1
TCK-002999,4,3,1
TCK-003000,3,2,0
TCK-003001,3,2,0
TCK-003002,3,2,0
TCK-003003,3,2,0
TCK-003004,3,2,0
TCK-003005,4,3,1
TCK-003006,3,2,0
TCK-003007,3,2,0
TCK-003008,3,2,0
TCK-003009,3,2,0
TCK-003010,4,3,1
TCK-003011,3,2,0
TCK-003012,3,2,0
TCK-003013,3,2,0
TCK-003014,3,2,0
TCK-003015,3,2,0
TCK-003016,3,2,0
TCK-003017,4,3,1
TCK-003018,3,2,0
TCK-003019,3,2,0
TCK-003020,3,2,0
TCK-003021,3,2,0
TCK-003022,3,2,0
TCK-003023,3,2,0
TCK-003024,3,2,0
TCK-003025,3,2,0
TCK-003026,3,2,0
TCK-003027,3,2,0
TCK-003028,3,2,0
TCK-003029,3,2,0
TCK-003030,3,2,0
TCK-003031,3,2,0
TCK-003032,3,2,0
TCK-003033,3,2,0
TCK-003034,3,2,0
TCK-003035,3,2,0
TCK-003036,3,2,0
TCK-003037,3,2,0
TCK-003038,3,2,0
TCK-003039,3,2,0
TCK-003040,3,2,0
TCK-003041,3,2,0
TCK-003042,3,2,0
TCK-003043,3,2,0
TCK-003044,3,2,0
TCK-003045,3,2,0
TCK-003046,3,2,0
TCK-003047,3,2,0
TCK-003048,3,2,0
TCK-003049,3,2,0
TCK-003050,3,2,0
TCK-003051,3,2,0
TCK-003052,3,2,0
TCK-003053,3,2,0
TCK-003054,3,2,0
TCK-003055,3,2,0
TCK-003056,3,2,0
TCK-003057,3,2,0
TCK-003058,3,2,0
TCK-003059,3,2,0
TCK-003060,3,2,0
TCK-003061,3,2,0
TCK-003062,3,2,0
TCK-003063,3,2,0
TCK-003064,3,2,0
TCK-003065,3,2,0
TCK-003066,3,2,0
TCK-003067,3,2,0
TCK-003068,3,2,0
TCK-003069,3,2,0
TCK-003070,3,2,0
TCK-003071,3,2,0
TCK-003072,3,2,0
TCK-003073,4,3,1
TCK-003074,3,2,0
TCK-003075,3,2,0
TCK-003076,3,2,0
TCK-003077,3,2,0
TCK-003078,3,2,0
TCK-003079,3,2,0
TCK-003080,3,2,0
TCK-003081,3,2,0
TCK-003082,3,2,0
TCK-003083,3,2,0
TCK-003084,3,2,0
TCK-003085,3,2,0
TCK-003086,3,2,0
TCK-003087,4,3,1
TCK-003088,3,2,0
TCK-003089,4,3,1
TCK-003090,3,2,0
TCK-003091,3,2,0
TCK-003092,3,2,0
TCK-003093,3,2,0
TCK-003094,3,2,0
TCK-003095,3,2,0
TCK-003096,3,2,0
TCK-003097,3,2,0
TCK-003098,3,2,0
TCK-003099,3,2,0
TCK-003100,4,3,1
TCK-003101,3,2,0
TCK-003102,3,2,0
TCK-003103,4,3,1
TCK-003104,3,2,0
TCK-003105,3,2,0
TCK-003106,3,2,0
TCK-003107,4,3,1
TCK-003108,3,2,0
TCK-003109,4,3,1
TCK-003110,3,2,0
TCK-003111,3,2,0
TCK-003112,4,3,1
TCK-003113,3,2,0
TCK-003114,3,2,0
TCK-003115,4,3,1
TCK-003116,3,2,0
TCK-003117,3,2,0
TCK-003118,3,2,0
TCK-003119,3,2,0
TCK-003120,3,2,0
TCK-003121,3,2,0
TCK-003122,3,2,0
TCK-003123,3,2,0
TCK-003124,3,2,0
TCK-003125,3,2,0
TCK-003126,4,3,1
TCK-003127,3,2,0
TCK-003128,3,2,0
TCK-003129,3,2,0
TCK-003130,3,2,0
TCK-003131,3,2,0
TCK-003132,3,2,0
TCK-003133,4,3,1
TCK-003134,3,2,0
TCK-003135,3,2,0
TCK-003136,3,2,0
TCK-003137,3,2,0
TCK-003138,3,2,0
TCK-003139,3,2,0
TCK-003140,3,2,0
TCK-003141,3,2,0
TCK-003142,3,2,0
TCK-003143,3,2,0
TCK-003144,4,3,1
TCK-003145,3,2,0
TCK-003146,3,2,0
TCK-003147,4,3,1
TCK-003148,3,2,0
TCK-003149,3,2,0
TCK-003150,3,2,0
TCK-003151,3,2,0
TCK-003152,3,2,0
TCK-003153,3,2,0
TCK-003154,3,2,0
TCK-003155,3,2,0
TCK-003156,3,2,0
TCK-003157,3,2,0
TCK-003158,3,2,0
TCK-003159,3,2,0
TCK-003160,3,2,0
TCK-003161,4,3,1
TCK-003162,3,2,0
TCK-003163,3,2,0
TCK-003164,3,2,0
TCK-003165,3,2,0
TCK-003166,3,2,0
TCK-003167,3,2,0
TCK-003168,3,2,0
TCK-003169,3,2,0
TCK-003170,3,2,0
TCK-003171,3,2,0
TCK-003172,4,3,1
TCK-003173,4,3,1
TCK-003174,3,2,0
TCK-003175,3,2,0
TCK-003176,3,2,0
TCK-003177,4,3,1
TCK-003178,3,2,0
TCK-003179,3,2,0
TCK-003180,3,2,0
TCK-003181,3,2,0
TCK-003182,4,3,1
TCK-003183,3,2,0
TCK-003184,3,2,0
TCK-003185,3,2,0
TCK-003186,3,2,0
TCK-003187,3,2,0
TCK-003188,3,2,0
TCK-003189,4,3,1
TCK-003190,3,2,0
TCK-003191,3,2,0
TCK-003192,3,2,0
TCK-003193,3,2,0
TCK-003194,3,2,0
TCK-003195,3,2,0
TCK-003196,4,3,1
TCK-003197,3,2,0
TCK-003198,3,2,0
TCK-003199,3,2,0
TCK-003200,3,2,0
TCK-003201,3,2,0
TCK-003202,4,3,1
TCK-003203,3,2,0
TCK-003204,3,2,0
TCK-003205,3,2,0
TCK-003206,3,2,0
TCK-003207,3,2,0
TCK-003208,3,2,0
TCK-003209,3,2,0
TCK-003210,3,2,0
TCK-003211,3,2,0
TCK-003212,3,2,0
TCK-003213,3,2,0
TCK-003214,3,2,0
TCK-003215,3,2,0
TCK-003216,3,2,0
TCK-003217,3,2,0
TCK-003218,3,2,0
TCK-003219,3,2,0
TCK-003220,3,2,0
TCK-003221,3,2,0
TCK-003222,3,2,0
TCK-003223,3,2,0
TCK-003224,3,2,0
TCK-003225,3,2,0
TCK-003226,3,2,0
TCK-003227,3,2,0
TCK-003228,3,2,0
TCK-003229,3,2,0
TCK-003230,3,2,0
TCK-003231,3,2,0
TCK-003232,3,2,0
TCK-003233,4,3,1
TCK-003234,3,2,0
TCK-003235,3,2,0
TCK-003236,4,3,1
TCK-003237,3,2,0
TCK-003238,3,2,0
TCK-003239,3,2,0
TCK-003240,3,2,0
TCK-003241,3,2,0
TCK-003242,3,2,0
TCK-003243,3,2,0
TCK-003244,3,2,0
TCK-003245,3,2,0
TCK-003246,3,2,0
TCK-003247,3,2,0
TCK-003248,3,2,0
TCK-003249,3,2,0
TCK-003250,3,2,0
TCK-003251,3,2,0
TCK-003252,3,2,0
TCK-003253,3,2,0
TCK-003254,4,3,1
TCK-003255,3,2,0
TCK-003256,4,3,1
TCK-003257,3,2,0
TCK-003258,3,2,0
TCK-003259,3,2,0
TCK-003260,3,2,0
TCK-003261,3,2,0
TCK-003262,3,2,0
TCK-003263,3,2,0
TCK-003264,3,2,0
TCK-003265,3,2,0
TCK-003266,3,2,0
TCK-003267,3,2,0
TCK-003268,3,2,0
TCK-003269,3,2,0
TCK-003270,3,2,0
TCK-003271,4,3,1
TCK-003272,3,2,0
TCK-003273,3,2,0
TCK-003274,3,2,0
TCK-003275,4,3,1
TCK-003276,3,2,0
TCK-003277,3,2,0
TCK-003278,3,2,0
TCK-003279,3,2,0
TCK-003280,3,2,0
TCK-003281,3,2,0
TCK-003282,3,2,0
TCK-003283,3,2,0
TCK-003284,3,2,0
TCK-003285,4,3,1
TCK-003286,3,2,0
TCK-003287,3,2,0
TCK-003288,3,2,0
TCK-003289,4,3,1
TCK-003290,3,2,0
TCK-003291,3,2,0
TCK-003292,3,2,0
TCK-003293,3,2,0
TCK-003294,3,2,0
TCK-003295,3,2,0
TCK-003296,3,2,0
TCK-003297,3,2,0
TCK-003298,4,3,1
TCK-003299,3,2,0
TCK-003300,3,2,0
TCK-003301,3,2,0
TCK-003302,3,2,0
TCK-003303,3,2,0
TCK-003304,3,2,0
TCK-003305,3,2,0
TCK-003306,3,2,0
TCK-003307,3,2,0
TCK-003308,3,2,0
TCK-003309,3,2,0
TCK-003310,3,2,0
TCK-003311,3,2,0
TCK-003312,3,2,0
TCK-003313,3,2,0
TCK-003314,3,2,0
TCK-003315,3,2,0
TCK-003316,3,2,0
TCK-003317,3,2,0
TCK-003318,3,2,0
TCK-003319,3,2,0
TCK-003320,3,2,0
TCK-003321,3,2,0
TCK-003322,3,2,0
TCK-003323,4,3,1
TCK-003324,3,2,0
TCK-003325,3,2,0
TCK-003326,3,2,0
TCK-003327,3,2,0
TCK-003328,3,2,0
TCK-003329,4,3,1
TCK-003330,3,2,0
TCK-003331,3,2,0
TCK-003332,3,2,0
TCK-003333,3,2,0
TCK-003334,3,2,0
TCK-003335,3,2,0
TCK-003336,3,2,0
TCK-003337,3,2,0
TCK-003338,3,2,0
TCK-003339,3,2,0
TCK-003340,3,2,0
TCK-003341,3,2,0
TCK-003342,4,3,1
TCK-003343,3,2,0
TCK-003344,3,2,0
TCK-003345,3,2,0
TCK-003346,3,2,0
TCK-003347,3,2,0
TCK-003348,4,3,1
TCK-003349,3,2,0
TCK-003350,3,2,0
TCK-003351,4,3,1
TCK-003352,3,2,0
TCK-003353,3,2,0
TCK-003354,3,2,0
TCK-003355,3,2,0
TCK-003356,3,2,0
TCK-003357,3,2,0
TCK-003358,3,2,0
TCK-003359,3,2,0
TCK-003360,3,2,0
TCK-003361,3,2,0
TCK-003362,3,2,0
TCK-003363,3,2,0
TCK-003364,3,2,0
TCK-003365,3,2,0
TCK-003366,3,2,0
TCK-003367,3,2,0
TCK-003368,3,2,0
TCK-003369,3,2,0
TCK-003370,3,2,0
TCK-003371,3,2,0
TCK-003372,3,2,0
TCK-003373,3,2,0
TCK-003374,3,2,0
TCK-003375,3,2,0
TCK-003376,3,2,0
TCK-003377,3,2,0
TCK-003378,3,2,0
TCK-003379,3,2,0
TCK-003380,3,2,0
TCK-003381,3,2,0
TCK-003382,3,2,0
TCK-003383,3,2,0
TCK-003384,3,2,0
TCK-003385,3,2,0
TCK-003386,3,2,0
TCK-003387,3,2,0
TCK-003388,3,2,0
TCK-003389,3,2,0
TCK-003390,3,2,0
TCK-003391,3,2,0
TCK-003392,3,2,0
TCK-003393,3,2,0
TCK-003394,3,2,0
TCK-003395,3,2,0
TCK-003396,3,2,0
TCK-003397,3,2,0
TCK-003398,3,2,0
TCK-003399,3,2,0
TCK-003400,3,2,0
TCK-003401,3,2,0
TCK-003402,3,2,0
TCK-003403,3,2,0
TCK-003404,3,2,0
TCK-003405,3,2,0
TCK-003406,3,2,0
TCK-003407,3,2,0
TCK-003408,3,2,0
TCK-003409,3,2,0
TCK-003410,3,2,0
TCK-003411,3,2,0
TCK-003412,3,2,0
TCK-003413,3,2,0
TCK-003414,3,2,0
TCK-003415,3,2,0
TCK-003416,3,2,0
TCK-003417,3,2,0
TCK-003418,3,2,0
TCK-003419,4,3,1
TCK-003420,4,3,1
TCK-003421,4,3,1
TCK-003422,3,2,0
TCK-003423,3,2,0
TCK-003424,3,2,0
TCK-003425,3,2,0
TCK-003426,3,2,0
TCK-003427,3,2,0
TCK-003428,3,2,0
TCK-003429,3,2,0
TCK-003430,3,2,0
TCK-003431,3,2,0
TCK-003432,3,2,0
TCK-003433,3,2,0
TCK-003434,3,2,0
TCK-003435,3,2,0
TCK-003436,3,2,0
TCK-003437,3,2,0
TCK-003438,3,2,0
TCK-003439,3,2,0
TCK-003440,3,2,0
TCK-003441,3,2,0
TCK-003442,4,3,1
TCK-003443,3,2,0
TCK-003444,3,2,0
TCK-003445,3,2,0
TCK-003446,3,2,0
TCK-003447,3,2,0
TCK-003448,3,2,0
TCK-003449,3,2,0
TCK-003450,3,2,0
TCK-003451,3,2,0
TCK-003452,3,2,0
TCK-003453,3,2,0
TCK-003454,3,2,0
TCK-003455,3,2,0
TCK-003456,3,2,0
TCK-003457,3,2,0
TCK-003458,3,2,0
TCK-003459,3,2,0
TCK-003460,3,2,0
TCK-003461,3,2,0
TCK-003462,3,2,0
TCK-003463,3,2,0
TCK-003464,4,3,1
TCK-003465,3,2,0
TCK-003466,3,2,0
TCK-003467,3,2,0
TCK-003468,3,2,0
TCK-003469,3,2,0
TCK-003470,3,2,0
TCK-003471,3,2,0
TCK-003472,3,2,0
TCK-003473,3,2,0
TCK-003474,3,2,0
TCK-003475,3,2,0
TCK-003476,3,2,0
TCK-003477,3,2,0
TCK-003478,3,2,0
TCK-003479,3,2,0
TCK-003480,3,2,0
TCK-003481,3,2,0
TCK-003482,3,2,0
TCK-003483,3,2,0
TCK-003484,3,2,0
TCK-003485,3,2,0
TCK-003486,3,2,0
TCK-003487,3,2,0
TCK-003488,3,2,0
TCK-003489,3,2,0
TCK-003490,4,3,1
TCK-003491,3,2,0
TCK-003492,3,2,0
TCK-003493,3,2,0
TCK-003494,3,2,0
TCK-003495,3,2,0
TCK-003496,3,2,0
TCK-003497,3,2,0
TCK-003498,3,2,0
TCK-003499,3,2,0
TCK-003500,3,2,0
TCK-003501,3,2,0
TCK-003502,3,2,0
TCK-003503,3,2,0
TCK-003504,3,2,0
TCK-003505,3,2,0
TCK-003506,3,2,0
TCK-003507,3,2,0
TCK-003508,3,2,0
TCK-003509,3,2,0
TCK-003510,3,2,0
TCK-003511,3,2,0
TCK-003512,3,2,0
TCK-003513,3,2,0
TCK-003514,3,2,0
TCK-003515,3,2,0
TCK-003516,3,2,0
TCK-003517,3,2,0
TCK-003518,3,2,0
TCK-003519,3,2,0
TCK-003520,3,2,0
TCK-003521,3,2,0
TCK-003522,3,2,0
TCK-003523,3,2,0
TCK-003524,3,2,0
TCK-003525,3,2,0
TCK-003526,3,2,0
TCK-003527,3,2,0
TCK-003528,3,2,0
TCK-003529,4,3,1
TCK-003530,3,2,0
TCK-003531,3,2,0
TCK-003532,3,2,0
TCK-003533,3,2,0
TCK-003534,3,2,0
TCK-003535,3,2,0
TCK-003536,3,2,0
TCK-003537,3,2,0
TCK-003538,3,2,0
TCK-003539,3,2,0
TCK-003540,3,2,0
TCK-003541,3,2,0
TCK-003542,3,2,0
TCK-003543,3,2,0
TCK-003544,3,2,0
TCK-003545,3,2,0
TCK-003546,3,2,0
TCK-003547,3,2,0
TCK-003548,3,2,0
TCK-003549,3,2,0
TCK-003550,3,2,0
TCK-003551,3,2,0
TCK-003552,4,3,1
TCK-003553,3,2,0
TCK-003554,3,2,0
TCK-003555,3,2,0
TCK-003556,4,3,1
TCK-003557,3,2,0
TCK-003558,3,2,0
TCK-003559,3,2,0
TCK-003560,3,2,0
TCK-003561,4,3,1
TCK-003562,3,2,0
TCK-003563,3,2,0
TCK-003564,4,3,1
TCK-003565,3,2,0
TCK-003566,3,2,0
TCK-003567,3,2,0
TCK-003568,3,2,0
TCK-003569,3,2,0
TCK-003570,3,2,0
TCK-003571,3,2,0
TCK-003572,3,2,0
TCK-003573,3,2,0
TCK-003574,3,2,0
TCK-003575,3,2,0
TCK-003576,3,2,0
TCK-003577,3,2,0
TCK-003578,3,2,0
TCK-003579,4,3,1
TCK-003580,3,2,0
TCK-003581,3,2,0
TCK-003582,3,2,0
TCK-003583,3,2,0
TCK-003584,3,2,0
TCK-003585,4,3,1
TCK-003586,3,2,0
TCK-003587,3,2,0
TCK-003588,3,2,0
TCK-003589,3,2,0
TCK-003590,3,2,0
TCK-003591,3,2,0
TCK-003592,3,2,0
TCK-003593,3,2,0
TCK-003594,3,2,0
TCK-003595,3,2,0
TCK-003596,3,2,0
TCK-003597,3,2,0
TCK-003598,3,2,0
TCK-003599,3,2,0
TCK-003600,4,3,1
TCK-003601,4,3,1
TCK-003602,3,2,0
TCK-003603,3,2,0
TCK-003604,3,2,0
TCK-003605,3,2,0
TCK-003606,3,2,0
TCK-003607,3,2,0
TCK-003608,3,2,0
TCK-003609,3,2,0
TCK-003610,3,2,0
TCK-003611,4,3,1
TCK-003612,3,2,0
TCK-003613,3,2,0
TCK-003614,4,3,1
TCK-003615,3,2,0
TCK-003616,3,2,0
TCK-003617,4,3,1
TCK-003618,3,2,0
TCK-003619,3,2,0
TCK-003620,3,2,0
TCK-003621,3,2,0
TCK-003622,3,2,0
TCK-003623,3,2,0
TCK-003624,3,2,0
TCK-003625,3,2,0
TCK-003626,3,2,0
TCK-003627,3,2,0
TCK-003628,3,2,0
TCK-003629,3,2,0
TCK-003630,3,2,0
TCK-003631,3,2,0
TCK-003632,3,2,0
TCK-003633,3,2,0
TCK-003634,3,2,0
TCK-003635,4,3,1
TCK-003636,3,2,0
TCK-003637,3,2,0
TCK-003638,3,2,0
TCK-003639,3,2,0
TCK-003640,3,2,0
TCK-003641,3,2,0
TCK-003642,3,2,0
TCK-003643,3,2,0
TCK-003644,3,2,0
TCK-003645,3,2,0
TCK-003646,3,2,0
TCK-003647,3,2,0
TCK-003648,3,2,0
TCK-003649,3,2,0
TCK-003650,4,3,1
TCK-003651,3,2,0
TCK-003652,3,2,0
TCK-003653,3,2,0
TCK-003654,3,2,0
TCK-003655,3,2,0
TCK-003656,3,2,0
TCK-003657,3,2,0
TCK-003658,3,2,0
TCK-003659,3,2,0
TCK-003660,3,2,0
TCK-003661,3,2,0
TCK-003662,3,2,0
TCK-003663,3,2,0
TCK-003664,3,2,0
TCK-003665,4,3,1
TCK-003666,3,2,0
TCK-003667,3,2,0
TCK-003668,3,2,0
TCK-003669,3,2,0
TCK-003670,3,2,0
TCK-003671,3,2,0
TCK-003672,3,2,0
TCK-003673,3,2,0
TCK-003674,3,2,0
TCK-003675,3,2,0
TCK-003676,3,2,0
TCK-003677,4,3,1
TCK-003678,3,2,0
TCK-003679,3,2,0
TCK-003680,3,2,0
TCK-003681,3,2,0
TCK-003682,3,2,0
TCK-003683,3,2,0
TCK-003684,3,2,0
TCK-003685,3,2,0
TCK-003686,3,2,0
TCK-003687,3,2,0
TCK-003688,3,2,0
TCK-003689,3,2,0
TCK-003690,3,2,0
TCK-003691,3,2,0
TCK-003692,3,2,0
TCK-003693,3,2,0
TCK-003694,3,2,0
TCK-003695,4,3,1
TCK-003696,4,3,1
TCK-003697,3,2,0
TCK-003698,3,2,0
TCK-003699,3,2,0
TCK-003700,3,2,0
TCK-003701,3,2,0
TCK-003702,4,3,1
TCK-003703,3,2,0
TCK-003704,3,2,0
TCK-003705,3,2,0
TCK-003706,3,2,0
TCK-003707,3,2,0
TCK-003708,3,2,0
TCK-003709,3,2,0
TCK-003710,3,2,0
TCK-003711,3,2,0
TCK-003712,3,2,0
TCK-003713,3,2,0
TCK-003714,3,2,0
TCK-003715,3,2,0
TCK-003716,3,2,0
TCK-003717,3,2,0
TCK-003718,3,2,0
TCK-003719,4,3,1
TCK-003720,4,3,1
TCK-003721,3,2,0
TCK-003722,3,2,0
TCK-003723,3,2,0
TCK-003724,4,3,1
TCK-003725,4,3,1
TCK-003726,3,2,0
TCK-003727,3,2,0
TCK-003728,3,2,0
TCK-003729,3,2,0
TCK-003730,3,2,0
TCK-003731,3,2,0
TCK-003732,3,2,0
TCK-003733,3,2,0
TCK-003734,3,2,0
TCK-003735,3,2,0
TCK-003736,3,2,0
TCK-003737,3,2,0
TCK-003738,3,2,0
TCK-003739,3,2,0
TCK-003740,3,2,0
TCK-003741,3,2,0
TCK-003742,3,2,0
TCK-003743,4,3,1
TCK-003744,3,2,0
TCK-003745,3,2,0
TCK-003746,3,2,0
TCK-003747,4,3,1
TCK-003748,3,2,0
TCK-003749,3,2,0
TCK-003750,3,2,0
TCK-003751,3,2,0
TCK-003752,3,2,0
TCK-003753,3,2,0
TCK-003754,3,2,0
TCK-003755,3,2,0
TCK-003756,3,2,0
TCK-003757,4,3,1
TCK-003758,4,3,1
TCK-003759,3,2,0
TCK-003760,3,2,0
TCK-003761,3,2,0
TCK-003762,3,2,0
TCK-003763,3,2,0
TCK-003764,3,2,0
TCK-003765,4,3,1
TCK-003766,3,2,0
TCK-003767,3,2,0
TCK-003768,4,3,1
TCK-003769,3,2,0
TCK-003770,3,2,0
TCK-003771,3,2,0
TCK-003772,4,3,1
TCK-003773,4,3,1
TCK-003774,3,2,0
TCK-003775,4,3,1
TCK-003776,3,2,0
TCK-003777,3,2,0
TCK-003778,3,2,0
TCK-003779,3,2,0
TCK-003780,3,2,0
TCK-003781,3,2,0
TCK-003782,3,2,0
TCK-003783,4,3,1
TCK-003784,3,2,0
TCK-003785,3,2,0
TCK-003786,3,2,0
TCK-003787,3,2,0
TCK-003788,3,2,0
TCK-003789,3,2,0
TCK-003790,4,3,1
TCK-003791,3,2,0
TCK-003792,3,2,0
TCK-003793,3,2,0
TCK-003794,3,2,0
TCK-003795,3,2,0
TCK-003796,3,2,0
TCK-003797,3,2,0
TCK-003798,3,2,0
TCK-003799,3,2,0
TCK-003800,3,2,0
TCK-003801,3,2,0
TCK-003802,3,2,0
TCK-003803,4,3,1
TCK-003804,3,2,0
TCK-003805,3,2,0
TCK-003806,3,2,0
TCK-003807,3,2,0
TCK-003808,3,2,0
TCK-003809,3,2,0
TCK-003810,3,2,0
TCK-003811,3,2,0
TCK-003812,3,2,0
TCK-003813,3,2,0
TCK-003814,3,2,0
TCK-003815,3,2,0
TCK-003816,3,2,0
TCK-003817,3,2,0
TCK-003818,3,2,0
TCK-003819,3,2,0
TCK-003820,4,3,1
TCK-003821,3,2,0
TCK-003822,3,2,0
TCK-003823,3,2,0
TCK-003824,3,2,0
TCK-003825,3,2,0
TCK-003826,3,2,0
TCK-003827,3,2,0
TCK-003828,3,2,0
TCK-003829,3,2,0
TCK-003830,3,2,0
TCK-003831,3,2,0
TCK-003832,4,3,1
TCK-003833,3,2,0
TCK-003834,3,2,0
TCK-003835,3,2,0
TCK-003836,3,2,0
TCK-003837,3,2,0
TCK-003838,3,2,0
TCK-003839,3,2,0
TCK-003840,3,2,0
TCK-003841,3,2,0
TCK-003842,3,2,0
TCK-003843,3,2,0
TCK-003844,3,2,0
TCK-003845,4,3,1
TCK-003846,3,2,0
TCK-003847,3,2,0
TCK-003848,4,3,1
TCK-003849,3,2,0
TCK-003850,3,2,0
TCK-003851,3,2,0
TCK-003852,3,2,0
TCK-003853,3,2,0
TCK-003854,3,2,0
TCK-003855,3,2,0
TCK-003856,3,2,0
TCK-003857,3,2,0
TCK-003858,3,2,0
TCK-003859,3,2,0
TCK-003860,3,2,0
TCK-003861,4,3,1
TCK-003862,3,2,0
TCK-003863,3,2,0
TCK-003864,3,2,0
TCK-003865,3,2,0
TCK-003866,3,2,0
TCK-003867,3,2,0
TCK-003868,4,3,1
TCK-003869,3,2,0
TCK-003870,3,2,0
TCK-003871,3,2,0
TCK-003872,3,2,0
TCK-003873,3,2,0
TCK-003874,3,2,0
TCK-003875,3,2,0
TCK-003876,3,2,0
TCK-003877,3,2,0
TCK-003878,3,2,0
TCK-003879,3,2,0
TCK-003880,3,2,0
TCK-003881,3,2,0
TCK-003882,4,3,1
TCK-003883,3,2,0
TCK-003884,4,3,1
TCK-003885,3,2,0
TCK-003886,3,2,0
TCK-003887,3,2,0
TCK-003888,3,2,0
TCK-003889,3,2,0
TCK-003890,3,2,0
TCK-003891,3,2,0
TCK-003892,3,2,0
TCK-003893,3,2,0
TCK-003894,3,2,0
TCK-003895,3,2,0
TCK-003896,3,2,0
TCK-003897,3,2,0
TCK-003898,3,2,0
TCK-003899,3,2,0
TCK-003900,3,2,0
TCK-003901,3,2,0
TCK-003902,3,2,0
TCK-003903,3,2,0
TCK-003904,4,3,1
TCK-003905,3,2,0
TCK-003906,3,2,0
TCK-003907,3,2,0
TCK-003908,3,2,0
TCK-003909,3,2,0
TCK-003910,3,2,0
TCK-003911,3,2,0
TCK-003912,4,3,1
TCK-003913,3,2,0
TCK-003914,3,2,0
TCK-003915,4,3,1
TCK-003916,3,2,0
TCK-003917,3,2,0
TCK-003918,3,2,0
TCK-003919,3,2,0
TCK-003920,3,2,0
TCK-003921,3,2,0
TCK-003922,3,2,0
TCK-003923,3,2,0
TCK-003924,3,2,0
TCK-003925,3,2,0
TCK-003926,3,2,0
TCK-003927,4,3,1
TCK-003928,3,2,0
TCK-003929,3,2,0
TCK-003930,3,2,0
TCK-003931,3,2,0
TCK-003932,3,2,0
TCK-003933,3,2,0
TCK-003934,3,2,0
TCK-003935,3,2,0
TCK-003936,3,2,0
TCK-003937,3,2,0
TCK-003938,4,3,1
TCK-003939,3,2,0
TCK-003940,3,2,0
TCK-003941,3,2,0
TCK-003942,3,2,0
TCK-003943,3,2,0
TCK-003944,3,2,0
TCK-003945,3,2,0
TCK-003946,3,2,0
TCK-003947,3,2,0
TCK-003948,3,2,0
TCK-003949,4,3,1
TCK-003950,3,2,0
TCK-003951,3,2,0
TCK-003952,3,2,0
TCK-003953,4,3,1
TCK-003954,3,2,0
TCK-003955,3,2,0
TCK-003956,3,2,0
TCK-003957,3,2,0
TCK-003958,3,2,0
TCK-003959,3,2,0
TCK-003960,3,2,0
TCK-003961,3,2,0
TCK-003962,3,2,0
TCK-003963,3,2,0
TCK-003964,3,2,0
TCK-003965,3,2,0
TCK-003966,3,2,0
TCK-003967,3,2,0
TCK-003968,3,2,0
TCK-003969,3,2,0
TCK-003970,3,2,0
TCK-003971,3,2,0
TCK-003972,3,2,0
TCK-003973,3,2,0
TCK-003974,3,2,0
TCK-003975,3,2,0
TCK-003976,3,2,0
TCK-003977,3,2,0
TCK-003978,3,2,0
TCK-003979,3,2,0
TCK-003980,4,3,1
TCK-003981,3,2,0
TCK-003982,3,2,0
TCK-003983,3,2,0
TCK-003984,3,2,0
TCK-003985,3,2,0
TCK-003986,3,2,0
TCK-003987,3,2,0
TCK-003988,3,2,0
TCK-003989,3,2,0
TCK-003990,3,2,0
TCK-003991,3,2,0
TCK-003992,3,2,0
TCK-003993,3,2,0
TCK-003994,3,2,0
TCK-003995,3,2,0
TCK-003996,3,2,0
TCK-003997,3,2,0
TCK-003998,3,2,0
TCK-003999,3,2,0
TCK-004000,3,2,0
TCK-004001,3,2,0
TCK-004002,3,2,0
TCK-004003,3,2,0
TCK-004004,3,2,0
TCK-004005,3,2,0
TCK-004006,3,2,0
TCK-004007,3,2,0
TCK-004008,3,2,0
TCK-004009,3,2,0
TCK-004010,3,2,0
TCK-004011,4,3,1
TCK-004012,3,2,0
TCK-004013,3,2,0
TCK-004014,3,2,0
TCK-004015,3,2,0
TCK-004016,3,2,0
TCK-004017,3,2,0
TCK-004018,3,2,0
TCK-004019,3,2,0
TCK-004020,3,2,0
TCK-004021,3,2,0
TCK-004022,3,2,0
TCK-004023,3,2,0
TCK-004024,3,2,0
TCK-004025,4,3,1
TCK-004026,3,2,0
TCK-004027,3,2,0
TCK-004028,3,2,0
TCK-004029,3,2,0
TCK-004030,3,2,0
TCK-004031,3,2,0
TCK-004032,3,2,0
TCK-004033,3,2,0
TCK-004034,3,2,0
TCK-004035,3,2,0
TCK-004036,3,2,0
TCK-004037,3,2,0
TCK-004038,3,2,0
TCK-004039,3,2,0
TCK-004040,3,2,0
TCK-004041,3,2,0
TCK-004042,3,2,0
TCK-004043,3,2,0
TCK-004044,3,2,0
TCK-004045,3,2,0
TCK-004046,4,3,1
TCK-004047,3,2,0
TCK-004048,3,2,0
TCK-004049,3,2,0
TCK-004050,3,2,0
TCK-004051,3,2,0
TCK-004052,3,2,0
TCK-004053,3,2,0
TCK-004054,3,2,0
TCK-004055,3,2,0
TCK-004056,3,2,0
TCK-004057,3,2,0
TCK-004058,3,2,0
TCK-004059,3,2,0
TCK-004060,3,2,0
TCK-004061,3,2,0
TCK-004062,3,2,0
TCK-004063,3,2,0
TCK-004064,3,2,0
TCK-004065,3,2,0
TCK-004066,3,2,0
TCK-004067,3,2,0
TCK-004068,3,2,0
TCK-004069,4,3,1
TCK-004070,3,2,0
TCK-004071,3,2,0
TCK-004072,3,2,0
TCK-004073,3,2,0
TCK-004074,3,2,0
TCK-004075,3,2,0
TCK-004076,3,2,0
TCK-004077,3,2,0
TCK-004078,3,2,0
TCK-004079,3,2,0
TCK-004080,3,2,0
TCK-004081,3,2,0
TCK-004082,3,2,0
TCK-004083,3,2,0
TCK-004084,3,2,0
TCK-004085,3,2,0
TCK-004086,3,2,0
TCK-004087,3,2,0
TCK-004088,3,2,0
TCK-004089,3,2,0
TCK-004090,3,2,0
TCK-004091,3,2,0
TCK-004092,3,2,0
TCK-004093,3,2,0
TCK-004094,3,2,0
TCK-004095,4,3,1
TCK-004096,3,2,0
TCK-004097,3,2,0
TCK-004098,3,2,0
TCK-004099,4,3,1
TCK-004100,3,2,0
TCK-004101,3,2,0
TCK-004102,3,2,0
TCK-004103,3,2,0
TCK-004104,3,2,0
TCK-004105,3,2,0
TCK-004106,3,2,0
TCK-004107,3,2,0
TCK-004108,3,2,0
TCK-004109,3,2,0
TCK-004110,3,2,0
TCK-004111,4,3,1
TCK-004112,3,2,0
TCK-004113,3,2,0
TCK-004114,3,2,0
TCK-004115,3,2,0
TCK-004116,3,2,0
TCK-004117,3,2,0
TCK-004118,3,2,0
TCK-004119,3,2,0
TCK-004120,3,2,0
TCK-004121,3,2,0
TCK-004122,3,2,0
TCK-004123,3,2,0
TCK-004124,3,2,0
TCK-004125,3,2,0
TCK-004126,3,2,0
TCK-004127,3,2,0
TCK-004128,3,2,0
TCK-004129,3,2,0
TCK-004130,3,2,0
TCK-004131,3,2,0
TCK-004132,3,2,0
TCK-004133,3,2,0
TCK-004134,3,2,0
TCK-004135,3,2,0
TCK-004136,4,3,1
TCK-004137,4,3,1
TCK-004138,3,2,0
TCK-004139,3,2,0
TCK-004140,3,2,0
TCK-004141,3,2,0
TCK-004142,3,2,0
TCK-004143,3,2,0
TCK-004144,3,2,0
TCK-004145,3,2,0
TCK-004146,3,2,0
TCK-004147,4,3,1
TCK-004148,4,3,1
TCK-004149,3,2,0
TCK-004150,3,2,0
TCK-004151,3,2,0
TCK-004152,3,2,0
TCK-004153,4,3,1
TCK-004154,3,2,0
TCK-004155,3,2,0
TCK-004156,3,2,0
TCK-004157,3,2,0
TCK-004158,3,2,0
TCK-004159,3,2,0
TCK-004160,3,2,0
TCK-004161,3,2,0
TCK-004162,3,2,0
TCK-004163,3,2,0
TCK-004164,3,2,0
TCK-004165,4,3,1
TCK-004166,3,2,0
TCK-004167,3,2,0
TCK-004168,3,2,0
TCK-004169,4,3,1
TCK-004170,3,2,0
TCK-004171,3,2,0
TCK-004172,3,2,0
TCK-004173,3,2,0
TCK-004174,3,2,0
TCK-004175,3,2,0
TCK-004176,3,2,0
TCK-004177,3,2,0
TCK-004178,3,2,0
TCK-004179,3,2,0
TCK-004180,3,2,0
TCK-004181,3,2,0
TCK-004182,3,2,0
TCK-004183,3,2,0
TCK-004184,3,2,0
TCK-004185,4,3,1
TCK-004186,4,3,1
TCK-004187,3,2,0
TCK-004188,3,2,0
TCK-004189,3,2,0
TCK-004190,3,2,0
TCK-004191,3,2,0
TCK-004192,3,2,0
TCK-004193,3,2,0
TCK-004194,3,2,0
TCK-004195,3,2,0
TCK-004196,3,2,0
TCK-004197,3,2,0
TCK-004198,3,2,0
TCK-004199,3,2,0
TCK-004200,3,2,0
TCK-004201,3,2,0
TCK-004202,3,2,0
TCK-004203,4,3,1
TCK-004204,3,2,0
TCK-004205,3,2,0
TCK-004206,3,2,0
TCK-004207,3,2,0
TCK-004208,3,2,0
TCK-004209,3,2,0
TCK-004210,3,2,0
TCK-004211,3,2,0
TCK-004212,3,2,0
TCK-004213,3,2,0
TCK-004214,3,2,0
TCK-004215,3,2,0
TCK-004216,3,2,0
TCK-004217,3,2,0
TCK-004218,3,2,0
TCK-004219,3,2,0
TCK-004220,3,2,0
TCK-004221,3,2,0
TCK-004222,3,2,0
TCK-004223,4,3,1
TCK-004224,3,2,0
TCK-004225,3,2,0
TCK-004226,3,2,0
TCK-004227,3,2,0
TCK-004228,3,2,0
TCK-004229,3,2,0
TCK-004230,3,2,0
TCK-004231,3,2,0
TCK-004232,3,2,0
TCK-004233,3,2,0
TCK-004234,3,2,0
TCK-004235,3,2,0
TCK-004236,3,2,0
TCK-004237,3,2,0
TCK-004238,3,2,0
TCK-004239,3,2,0
TCK-004240,3,2,0
TCK-004241,3,2,0
TCK-004242,4,3,1
TCK-004243,3,2,0
TCK-004244,4,3,1
TCK-004245,3,2,0
TCK-004246,3,2,0
TCK-004247,3,2,0
TCK-004248,3,2,0
TCK-004249,3,2,0
TCK-004250,3,2,0
TCK-004251,3,2,0
TCK-004252,4,3,1
TCK-004253,3,2,0
TCK-004254,4,3,1
TCK-004255,3,2,0
TCK-004256,3,2,0
TCK-004257,3,2,0
TCK-004258,3,2,0
TCK-004259,3,2,0
TCK-004260,3,2,0
TCK-004261,3,2,0
TCK-004262,3,2,0
TCK-004263,3,2,0
TCK-004264,3,2,0
TCK-004265,3,2,0
TCK-004266,3,2,0
TCK-004267,3,2,0
TCK-004268,3,2,0
TCK-004269,3,2,0
TCK-004270,3,2,0
TCK-004271,3,2,0
TCK-004272,3,2,0
TCK-004273,3,2,0
TCK-004274,3,2,0
TCK-004275,3,2,0
TCK-004276,3,2,0
TCK-004277,3,2,0
TCK-004278,4,3,1
TCK-004279,3,2,0
TCK-004280,3,2,0
TCK-004281,3,2,0
TCK-004282,3,2,0
TCK-004283,3,2,0
TCK-004284,3,2,0
TCK-004285,3,2,0
TCK-004286,3,2,0
TCK-004287,3,2,0
TCK-004288,3,2,0
TCK-004289,3,2,0
TCK-004290,3,2,0
TCK-004291,3,2,0
TCK-004292,3,2,0
TCK-004293,3,2,0
TCK-004294,3,2,0
TCK-004295,3,2,0
TCK-004296,3,2,0
TCK-004297,3,2,0
TCK-004298,3,2,0
TCK-004299,3,2,0
TCK-004300,3,2,0
TCK-004301,3,2,0
TCK-004302,3,2,0
TCK-004303,3,2,0
TCK-004304,3,2,0
TCK-004305,3,2,0
TCK-004306,3,2,0
TCK-004307,4,3,1
TCK-004308,3,2,0
TCK-004309,3,2,0
TCK-004310,3,2,0
TCK-004311,3,2,0
TCK-004312,3,2,0
TCK-004313,3,2,0
TCK-004314,4,3,1
TCK-004315,3,2,0
TCK-004316,3,2,0
TCK-004317,3,2,0
TCK-004318,3,2,0
TCK-004319,3,2,0
TCK-004320,3,2,0
TCK-004321,3,2,0
TCK-004322,3,2,0
TCK-004323,3,2,0
TCK-004324,3,2,0
TCK-004325,3,2,0
TCK-004326,3,2,0
TCK-004327,3,2,0
TCK-004328,3,2,0
TCK-004329,3,2,0
TCK-004330,3,2,0
TCK-004331,3,2,0
TCK-004332,3,2,0
TCK-004333,3,2,0
TCK-004334,4,3,1
TCK-004335,3,2,0
TCK-004336,4,3,1
TCK-004337,3,2,0
TCK-004338,3,2,0
TCK-004339,3,2,0
TCK-004340,3,2,0
TCK-004341,3,2,0
TCK-004342,3,2,0
TCK-004343,3,2,0
TCK-004344,3,2,0
TCK-004345,3,2,0
TCK-004346,3,2,0
TCK-004347,3,2,0
TCK-004348,3,2,0
TCK-004349,3,2,0
TCK-004350,4,3,1
TCK-004351,4,3,1
TCK-004352,3,2,0
TCK-004353,3,2,0
TCK-004354,3,2,0
TCK-004355,3,2,0
TCK-004356,3,2,0
TCK-004357,3,2,0
TCK-004358,4,3,1
TCK-004359,3,2,0
TCK-004360,3,2,0
TCK-004361,4,3,1
TCK-004362,4,3,1
TCK-004363,3,2,0
TCK-004364,3,2,0
TCK-004365,3,2,0
TCK-004366,3,2,0
TCK-004367,4,3,1
TCK-004368,3,2,0
TCK-004369,3,2,0
TCK-004370,4,3,1
TCK-004371,3,2,0
TCK-004372,3,2,0
TCK-004373,3,2,0
TCK-004374,3,2,0
TCK-004375,3,2,0
TCK-004376,3,2,0
TCK-004377,3,2,0
TCK-004378,3,2,0
TCK-004379,3,2,0
TCK-004380,3,2,0
TCK-004381,3,2,0
TCK-004382,3,2,0
TCK-004383,3,2,0
TCK-004384,3,2,0
TCK-004385,3,2,0
TCK-004386,3,2,0
TCK-004387,3,2,0
TCK-004388,3,2,0
TCK-004389,3,2,0
TCK-004390,3,2,0
TCK-004391,4,3,1
TCK-004392,3,2,0
TCK-004393,3,2,0
TCK-004394,4,3,1
TCK-004395,3,2,0
TCK-004396,3,2,0
TCK-004397,3,2,0
TCK-004398,3,2,0
TCK-004399,3,2,0
TCK-004400,3,2,0
TCK-004401,3,2,0
TCK-004402,3,2,0
TCK-004403,3,2,0
TCK-004404,3,2,0
TCK-004405,3,2,0
TCK-004406,3,2,0
TCK-004407,3,2,0
TCK-004408,4,3,1
TCK-004409,3,2,0
TCK-004410,3,2,0
TCK-004411,3,2,0
TCK-004412,3,2,0
TCK-004413,3,2,0
TCK-004414,3,2,0
TCK-004415,3,2,0
TCK-004416,3,2,0
TCK-004417,3,2,0
TCK-004418,3,2,0
TCK-004419,3,2,0
TCK-004420,3,2,0
TCK-004421,3,2,0
TCK-004422,3,2,0
TCK-004423,3,2,0
TCK-004424,3,2,0
TCK-004425,3,2,0
TCK-004426,3,2,0
TCK-004427,3,2,0
TCK-004428,3,2,0
TCK-004429,3,2,0
TCK-004430,4,3,1
TCK-004431,4,3,1
TCK-004432,3,2,0
TCK-004433,3,2,0
TCK-004434,3,2,0
TCK-004435,3,2,0
TCK-004436,3,2,0
TCK-004437,3,2,0
TCK-004438,3,2,0
TCK-004439,3,2,0
TCK-004440,3,2,0
TCK-004441,3,2,0
TCK-004442,3,2,0
TCK-004443,3,2,0
TCK-004444,3,2,0
TCK-004445,3,2,0
TCK-004446,3,2,0
TCK-004447,3,2,0
TCK-004448,3,2,0
TCK-004449,3,2,0
TCK-004450,3,2,0
TCK-004451,4,3,1
TCK-004452,3,2,0
TCK-004453,3,2,0
TCK-004454,3,2,0
TCK-004455,3,2,0
TCK-004456,3,2,0
TCK-004457,3,2,0
TCK-004458,3,2,0
TCK-004459,4,3,1
TCK-004460,3,2,0
TCK-004461,3,2,0
TCK-004462,3,2,0
TCK-004463,3,2,0
TCK-004464,3,2,0
TCK-004465,3,2,0
TCK-004466,3,2,0
TCK-004467,3,2,0
TCK-004468,3,2,0
TCK-004469,3,2,0
TCK-004470,3,2,0
TCK-004471,3,2,0
TCK-004472,3,2,0
TCK-004473,4,3,1
TCK-004474,3,2,0
TCK-004475,3,2,0
TCK-004476,3,2,0
TCK-004477,3,2,0
TCK-004478,3,2,0
TCK-004479,3,2,0
TCK-004480,3,2,0
TCK-004481,3,2,0
TCK-004482,3,2,0
TCK-004483,3,2,0
TCK-004484,3,2,0
TCK-004485,3,2,0
TCK-004486,4,3,1
TCK-004487,4,3,1
TCK-004488,4,3,1
TCK-004489,3,2,0
TCK-004490,3,2,0
TCK-004491,3,2,0
TCK-004492,4,3,1
TCK-004493,4,3,1
TCK-004494,3,2,0
TCK-004495,3,2,0
TCK-004496,3,2,0
TCK-004497,3,2,0
TCK-004498,3,2,0
TCK-004499,3,2,0
TCK-004500,3,2,0
TCK-004501,3,2,0
TCK-004502,3,2,0
TCK-004503,3,2,0
TCK-004504,3,2,0
TCK-004505,3,2,0
TCK-004506,3,2,0
TCK-004507,3,2,0
TCK-004508,4,3,1
TCK-004509,3,2,0
TCK-004510,3,2,0
TCK-004511,3,2,0
TCK-004512,3,2,0
TCK-004513,3,2,0
TCK-004514,3,2,0
TCK-004515,3,2,0
TCK-004516,3,2,0
TCK-004517,3,2,0
TCK-004518,3,2,0
TCK-004519,3,2,0
TCK-004520,3,2,0
TCK-004521,3,2,0
TCK-004522,3,2,0
TCK-004523,3,2,0
TCK-004524,3,2,0
TCK-004525,3,2,0
TCK-004526,4,3,1
TCK-004527,4,3,1
TCK-004528,3,2,0
TCK-004529,3,2,0
TCK-004530,3,2,0
TCK-004531,3,2,0
TCK-004532,3,2,0
TCK-004533,4,3,1
TCK-004534,3,2,0
TCK-004535,3,2,0
TCK-004536,3,2,0
TCK-004537,3,2,0
TCK-004538,3,2,0
TCK-004539,3,2,0
TCK-004540,3,2,0
TCK-004541,3,2,0
TCK-004542,3,2,0
TCK-004543,3,2,0
TCK-004544,3,2,0
TCK-004545,3,2,0
TCK-004546,3,2,0
TCK-004547,3,2,0
TCK-004548,3,2,0
TCK-004549,3,2,0
TCK-004550,4,3,1
TCK-004551,3,2,0
TCK-004552,3,2,0
TCK-004553,3,2,0
TCK-004554,3,2,0
TCK-004555,4,3,1
TCK-004556,3,2,0
TCK-004557,3,2,0
TCK-004558,3,2,0
TCK-004559,3,2,0
TCK-004560,3,2,0
TCK-004561,3,2,0
TCK-004562,3,2,0
TCK-004563,3,2,0
TCK-004564,3,2,0
TCK-004565,4,3,1
TCK-004566,3,2,0
TCK-004567,3,2,0
TCK-004568,3,2,0
TCK-004569,3,2,0
TCK-004570,3,2,0
TCK-004571,3,2,0
TCK-004572,3,2,0
TCK-004573,4,3,1
TCK-004574,3,2,0
TCK-004575,3,2,0
TCK-004576,3,2,0
TCK-004577,3,2,0
TCK-004578,3,2,0
TCK-004579,3,2,0
TCK-004580,3,2,0
TCK-004581,3,2,0
TCK-004582,3,2,0
TCK-004583,3,2,0
TCK-004584,4,3,1
TCK-004585,4,3,1
TCK-004586,4,3,1
TCK-004587,3,2,0
TCK-004588,3,2,0
TCK-004589,3,2,0
TCK-004590,3,2,0
TCK-004591,3,2,0
TCK-004592,3,2,0
TCK-004593,3,2,0
TCK-004594,3,2,0
TCK-004595,3,2,0
TCK-004596,3,2,0
TCK-004597,3,2,0
TCK-004598,4,3,1
TCK-004599,3,2,0
TCK-004600,3,2,0
TCK-004601,4,3,1
TCK-004602,3,2,0
TCK-004603,3,2,0
TCK-004604,3,2,0
TCK-004605,3,2,0
TCK-004606,3,2,0
TCK-004607,3,2,0
TCK-004608,3,2,0
TCK-004609,3,2,0
TCK-004610,3,2,0
TCK-004611,3,2,0
TCK-004612,4,3,1
TCK-004613,3,2,0
TCK-004614,3,2,0
TCK-004615,3,2,0
TCK-004616,3,2,0
TCK-004617,3,2,0
TCK-004618,3,2,0
TCK-004619,3,2,0
TCK-004620,3,2,0
TCK-004621,3,2,0
TCK-004622,3,2,0
TCK-004623,3,2,0
TCK-004624,4,3,1
TCK-004625,3,2,0
TCK-004626,3,2,0
TCK-004627,3,2,0
TCK-004628,3,2,0
TCK-004629,3,2,0
TCK-004630,3,2,0
TCK-004631,3,2,0
TCK-004632,3,2,0
TCK-004633,3,2,0
TCK-004634,4,3,1
TCK-004635,3,2,0
TCK-004636,3,2,0
TCK-004637,3,2,0
TCK-004638,4,3,1
TCK-004639,3,2,0
TCK-004640,3,2,0
TCK-004641,3,2,0
TCK-004642,3,2,0
TCK-004643,3,2,0
TCK-004644,3,2,0
TCK-004645,3,2,0
TCK-004646,3,2,0
TCK-004647,3,2,0
TCK-004648,3,2,0
TCK-004649,3,2,0
TCK-004650,3,2,0
TCK-004651,3,2,0
TCK-004652,4,3,1
TCK-004653,3,2,0
TCK-004654,3,2,0
TCK-004655,4,3,1
TCK-004656,4,3,1
TCK-004657,3,2,0
TCK-004658,3,2,0
TCK-004659,3,2,0
TCK-004660,3,2,0
TCK-004661,3,2,0
TCK-004662,3,2,0
TCK-004663,3,2,0
TCK-004664,3,2,0
TCK-004665,4,3,1
TCK-004666,3,2,0
TCK-004667,3,2,0
TCK-004668,3,2,0
TCK-004669,3,2,0
TCK-004670,3,2,0
TCK-004671,3,2,0
TCK-004672,3,2,0
TCK-004673,3,2,0
TCK-004674,3,2,0
TCK-004675,3,2,0
TCK-004676,3,2,0
TCK-004677,3,2,0
TCK-004678,3,2,0
TCK-004679,3,2,0
TCK-004680,3,2,0
TCK-004681,3,2,0
TCK-004682,3,2,0
TCK-004683,3,2,0
TCK-004684,3,2,0
TCK-004685,3,2,0
TCK-004686,3,2,0
TCK-004687,3,2,0
TCK-004688,3,2,0
TCK-004689,3,2,0
TCK-004690,3,2,0
TCK-004691,3,2,0
TCK-004692,3,2,0
TCK-004693,3,2,0
TCK-004694,3,2,0
TCK-004695,3,2,0
TCK-004696,3,2,0
TCK-004697,3,2,0
TCK-004698,3,2,0
TCK-004699,3,2,0
TCK-004700,3,2,0
TCK-004701,3,2,0
TCK-004702,3,2,0
TCK-004703,3,2,0
TCK-004704,3,2,0
TCK-004705,3,2,0
TCK-004706,3,2,0
TCK-004707,3,2,0
TCK-004708,3,2,0
TCK-004709,3,2,0
TCK-004710,3,2,0
TCK-004711,3,2,0
TCK-004712,3,2,0
TCK-004713,3,2,0
TCK-004714,3,2,0
TCK-004715,4,3,1
TCK-004716,3,2,0
TCK-004717,3,2,0
TCK-004718,3,2,0
TCK-004719,4,3,1
TCK-004720,3,2,0
TCK-004721,3,2,0
TCK-004722,3,2,0
TCK-004723,3,2,0
TCK-004724,3,2,0
TCK-004725,3,2,0
TCK-004726,3,2,0
TCK-004727,3,2,0
TCK-004728,3,2,0
TCK-004729,3,2,0
TCK-004730,3,2,0
TCK-004731,3,2,0
TCK-004732,3,2,0
TCK-004733,3,2,0
TCK-004734,3,2,0
TCK-004735,3,2,0
TCK-004736,3,2,0
TCK-004737,3,2,0
TCK-004738,3,2,0
TCK-004739,3,2,0
TCK-004740,3,2,0
TCK-004741,4,3,1
TCK-004742,3,2,0
TCK-004743,3,2,0
TCK-004744,3,2,0
TCK-004745,3,2,0
TCK-004746,3,2,0
TCK-004747,3,2,0
TCK-004748,3,2,0
TCK-004749,3,2,0
TCK-004750,3,2,0
TCK-004751,3,2,0
TCK-004752,3,2,0
TCK-004753,3,2,0
TCK-004754,3,2,0
TCK-004755,3,2,0
TCK-004756,3,2,0
TCK-004757,3,2,0
TCK-004758,3,2,0
TCK-004759,3,2,0
TCK-004760,3,2,0
TCK-004761,3,2,0
TCK-004762,3,2,0
TCK-004763,3,2,0
TCK-004764,4,3,1
TCK-004765,3,2,0
TCK-004766,3,2,0
TCK-004767,3,2,0
TCK-004768,3,2,0
TCK-004769,4,3,1
TCK-004770,3,2,0
TCK-004771,3,2,0
TCK-004772,3,2,0
TCK-004773,3,2,0
TCK-004774,3,2,0
TCK-004775,3,2,0
TCK-004776,3,2,0
TCK-004777,3,2,0
TCK-004778,4,3,1
TCK-004779,3,2,0
TCK-004780,3,2,0
TCK-004781,3,2,0
TCK-004782,4,3,1
TCK-004783,3,2,0
TCK-004784,3,2,0
TCK-004785,3,2,0
TCK-004786,3,2,0
TCK-004787,3,2,0
TCK-004788,4,3,1
TCK-004789,3,2,0
TCK-004790,3,2,0
TCK-004791,4,3,1
TCK-004792,4,3,1
TCK-004793,3,2,0
TCK-004794,4,3,1
TCK-004795,3,2,0
TCK-004796,3,2,0
TCK-004797,3,2,0
TCK-004798,3,2,0
TCK-004799,4,3,1
TCK-004800,3,2,0
TCK-004801,3,2,0
TCK-004802,3,2,0
TCK-004803,3,2,0
TCK-004804,3,2,0
TCK-004805,3,2,0
TCK-004806,3,2,0
TCK-004807,3,2,0
TCK-004808,4,3,1
TCK-004809,4,3,1
TCK-004810,3,2,0
TCK-004811,3,2,0
TCK-004812,3,2,0
TCK-004813,3,2,0
TCK-004814,3,2,0
TCK-004815,3,2,0
TCK-004816,3,2,0
TCK-004817,3,2,0
TCK-004818,3,2,0
TCK-004819,3,2,0
TCK-004820,3,2,0
TCK-004821,3,2,0
TCK-004822,3,2,0
TCK-004823,3,2,0
TCK-004824,3,2,0
TCK-004825,3,2,0
TCK-004826,3,2,0
TCK-004827,3,2,0
TCK-004828,3,2,0
TCK-004829,3,2,0
TCK-004830,3,2,0
TCK-004831,3,2,0
TCK-004832,3,2,0
TCK-004833,4,3,1
TCK-004834,3,2,0
TCK-004835,3,2,0
TCK-004836,4,3,1
TCK-004837,3,2,0
TCK-004838,3,2,0
TCK-004839,3,2,0
TCK-004840,3,2,0
TCK-004841,3,2,0
TCK-004842,3,2,0
TCK-004843,3,2,0
TCK-004844,3,2,0
TCK-004845,4,3,1
TCK-004846,3,2,0
TCK-004847,3,2,0
TCK-004848,3,2,0
TCK-004849,3,2,0
TCK-004850,3,2,0
TCK-004851,3,2,0
TCK-004852,3,2,0
TCK-004853,3,2,0
TCK-004854,3,2,0
TCK-004855,3,2,0
TCK-004856,3,2,0
TCK-004857,3,2,0
TCK-004858,3,2,0
TCK-004859,3,2,0
TCK-004860,3,2,0
TCK-004861,3,2,0
TCK-004862,3,2,0
TCK-004863,3,2,0
TCK-004864,3,2,0
TCK-004865,3,2,0
TCK-004866,3,2,0
TCK-004867,3,2,0
TCK-004868,3,2,0
TCK-004869,3,2,0
TCK-004870,3,2,0
TCK-004871,3,2,0
TCK-004872,4,3,1
TCK-004873,3,2,0
TCK-004874,3,2,0
TCK-004875,3,2,0
TCK-004876,3,2,0
TCK-004877,3,2,0
TCK-004878,4,3,1
TCK-004879,3,2,0
TCK-004880,3,2,0
TCK-004881,3,2,0
TCK-004882,3,2,0
TCK-004883,3,2,0
TCK-004884,3,2,0
TCK-004885,3,2,0
TCK-004886,3,2,0
TCK-004887,3,2,0
TCK-004888,3,2,0
TCK-004889,3,2,0
TCK-004890,3,2,0
TCK-004891,3,2,0
TCK-004892,3,2,0
TCK-004893,3,2,0
TCK-004894,3,2,0
TCK-004895,3,2,0
TCK-004896,3,2,0
TCK-004897,3,2,0
TCK-004898,3,2,0
TCK-004899,3,2,0
TCK-004900,3,2,0
TCK-004901,3,2,0
TCK-004902,3,2,0
TCK-004903,3,2,0
TCK-004904,4,3,1
TCK-004905,3,2,0
TCK-004906,3,2,0
TCK-004907,3,2,0
TCK-004908,3,2,0
TCK-004909,3,2,0
TCK-004910,3,2,0
TCK-004911,3,2,0
TCK-004912,3,2,0
TCK-004913,3,2,0
TCK-004914,3,2,0
TCK-004915,3,2,0
TCK-004916,3,2,0
TCK-004917,3,2,0
TCK-004918,3,2,0
TCK-004919,4,3,1
TCK-004920,3,2,0
TCK-004921,3,2,0
TCK-004922,3,2,0
TCK-004923,3,2,0
TCK-004924,3,2,0
TCK-004925,3,2,0
TCK-004926,3,2,0
TCK-004927,4,3,1
TCK-004928,3,2,0
TCK-004929,3,2,0
TCK-004930,3,2,0
TCK-004931,3,2,0
TCK-004932,3,2,0
TCK-004933,3,2,0
TCK-004934,3,2,0
TCK-004935,3,2,0
TCK-004936,3,2,0
TCK-004937,3,2,0
TCK-004938,3,2,0
TCK-004939,3,2,0
TCK-004940,3,2,0
TCK-004941,3,2,0
TCK-004942,4,3,1
TCK-004943,3,2,0
TCK-004944,4,3,1
TCK-004945,3,2,0
TCK-004946,4,3,1
TCK-004947,3,2,0
TCK-004948,3,2,0
TCK-004949,3,2,0
TCK-004950,3,2,0
TCK-004951,3,2,0
TCK-004952,3,2,0
TCK-004953,3,2,0
TCK-004954,4,3,1
TCK-004955,3,2,0
TCK-004956,3,2,0
TCK-004957,3,2,0
TCK-004958,3,2,0
TCK-004959,3,2,0
TCK-004960,3,2,0
TCK-004961,4,3,1
TCK-004962,3,2,0
TCK-004963,3,2,0
TCK-004964,3,2,0
TCK-004965,3,2,0
TCK-004966,3,2,0
TCK-004967,3,2,0
TCK-004968,3,2,0
TCK-004969,3,2,0
TCK-004970,3,2,0
TCK-004971,3,2,0
TCK-004972,3,2,0
TCK-004973,3,2,0
TCK-004974,3,2,0
TCK-004975,3,2,0
TCK-004976,3,2,0
TCK-004977,3,2,0
TCK-004978,3,2,0
TCK-004979,3,2,0
TCK-004980,3,2,0
TCK-004981,3,2,0
TCK-004982,3,2,0
TCK-004983,3,2,0
TCK-004984,4,3,1
TCK-004985,4,3,1
TCK-004986,3,2,0
TCK-004987,3,2,0
TCK-004988,3,2,0
TCK-004989,3,2,0
TCK-004990,3,2,0
TCK-004991,4,3,1
TCK-004992,3,2,0
TCK-004993,3,2,0
TCK-004994,3,2,0
TCK-004995,3,2,0
TCK-004996,3,2,0
TCK-004997,3,2,0
TCK-004998,3,2,0
TCK-004999,3,2,0
TCK-005000,3,2,0
TCK-005001,3,2,0
TCK-005002,3,2,0
TCK-005003,3,2,0
TCK-005004,3,2,0
TCK-005005,3,2,0
TCK-005006,3,2,0
TCK-005007,3,2,0
TCK-005008,3,2,0
TCK-005009,3,2,0
TCK-005010,3,2,0
TCK-005011,3,2,0
TCK-005012,4,3,1
TCK-005013,3,2,0
TCK-005014,3,2,0
TCK-005015,3,2,0
TCK-005016,3,2,0
TCK-005017,3,2,0
TCK-005018,3,2,0
TCK-005019,3,2,0
TCK-005020,3,2,0
TCK-005021,3,2,0
TCK-005022,3,2,0
TCK-005023,3,2,0
TCK-005024,3,2,0
TCK-005025,3,2,0
TCK-005026,3,2,0
TCK-005027,3,2,0
TCK-005028,3,2,0
TCK-005029,4,3,1
TCK-005030,3,2,0
TCK-005031,3,2,0
TCK-005032,3,2,0
TCK-005033,3,2,0
TCK-005034,3,2,0
TCK-005035,3,2,0
TCK-005036,3,2,0
TCK-005037,3,2,0
TCK-005038,3,2,0
TCK-005039,3,2,0
TCK-005040,4,3,1
TCK-005041,3,2,0
TCK-005042,3,2,0
TCK-005043,3,2,0
TCK-005044,3,2,0
TCK-005045,3,2,0
TCK-005046,3,2,0
TCK-005047,3,2,0
TCK-005048,3,2,0
TCK-005049,3,2,0
TCK-005050,3,2,0
TCK-005051,3,2,0
TCK-005052,3,2,0
TCK-005053,3,2,0
TCK-005054,3,2,0
TCK-005055,3,2,0
TCK-005056,3,2,0
TCK-005057,3,2,0
TCK-005058,3,2,0
TCK-005059,3,2,0
TCK-005060,3,2,0
TCK-005061,3,2,0
TCK-005062,3,2,0
TCK-005063,3,2,0
TCK-005064,3,2,0
TCK-005065,3,2,0
TCK-005066,3,2,0
TCK-005067,3,2,0
TCK-005068,3,2,0
TCK-005069,3,2,0
TCK-005070,3,2,0
TCK-005071,3,2,0
TCK-005072,3,2,0
TCK-005073,3,2,0
TCK-005074,3,2,0
TCK-005075,3,2,0
TCK-005076,3,2,0
TCK-005077,3,2,0
TCK-005078,3,2,0
TCK-005079,3,2,0
TCK-005080,3,2,0
TCK-005081,3,2,0
TCK-005082,3,2,0
TCK-005083,3,2,0
TCK-005084,3,2,0
TCK-005085,3,2,0
TCK-005086,3,2,0
TCK-005087,3,2,0
TCK-005088,3,2,0
TCK-005089,3,2,0
TCK-005090,3,2,0
TCK-005091,3,2,0
TCK-005092,3,2,0
TCK-005093,3,2,0
TCK-005094,3,2,0
TCK-005095,3,2,0
TCK-005096,3,2,0
TCK-005097,3,2,0
TCK-005098,3,2,0
TCK-005099,3,2,0
TCK-005100,3,2,0
TCK-005101,3,2,0
TCK-005102,3,2,0
TCK-005103,3,2,0
TCK-005104,3,2,0
TCK-005105,3,2,0
TCK-005106,4,3,1
TCK-005107,3,2,0
TCK-005108,3,2,0
TCK-005109,3,2,0
TCK-005110,3,2,0
TCK-005111,3,2,0
TCK-005112,3,2,0
TCK-005113,3,2,0
TCK-005114,3,2,0
TCK-005115,3,2,0
TCK-005116,3,2,0
TCK-005117,3,2,0
TCK-005118,3,2,0
TCK-005119,3,2,0
TCK-005120,3,2,0
TCK-005121,3,2,0
TCK-005122,3,2,0
TCK-005123,3,2,0
TCK-005124,3,2,0
TCK-005125,4,3,1
TCK-005126,3,2,0
TCK-005127,3,2,0
TCK-005128,3,2,0
TCK-005129,3,2,0
TCK-005130,4,3,1
TCK-005131,3,2,0
TCK-005132,3,2,0
TCK-005133,3,2,0
TCK-005134,3,2,0
TCK-005135,4,3,1
TCK-005136,3,2,0
TCK-005137,3,2,0
TCK-005138,3,2,0
TCK-005139,3,2,0
TCK-005140,4,3,1
TCK-005141,3,2,0
TCK-005142,3,2,0
TCK-005143,3,2,0
TCK-005144,3,2,0
TCK-005145,3,2,0
TCK-005146,3,2,0
TCK-005147,3,2,0
TCK-005148,3,2,0
TCK-005149,3,2,0
TCK-005150,3,2,0
TCK-005151,3,2,0
TCK-005152,3,2,0
TCK-005153,3,2,0
TCK-005154,3,2,0
TCK-005155,3,2,0
TCK-005156,3,2,0
TCK-005157,3,2,0
TCK-005158,3,2,0
TCK-005159,3,2,0
TCK-005160,3,2,0
TCK-005161,3,2,0
TCK-005162,3,2,0
TCK-005163,3,2,0
TCK-005164,3,2,0
TCK-005165,3,2,0
TCK-005166,3,2,0
TCK-005167,3,2,0
TCK-005168,3,2,0
TCK-005169,3,2,0
TCK-005170,3,2,0
TCK-005171,4,3,1
TCK-005172,3,2,0
TCK-005173,3,2,0
TCK-005174,3,2,0
TCK-005175,3,2,0
TCK-005176,3,2,0
TCK-005177,3,2,0
TCK-005178,3,2,0
TCK-005179,3,2,0
TCK-005180,4,3,1
TCK-005181,3,2,0
TCK-005182,4,3,1
TCK-005183,3,2,0
TCK-005184,3,2,0
TCK-005185,3,2,0
TCK-005186,3,2,0
TCK-005187,3,2,0
TCK-005188,3,2,0
TCK-005189,3,2,0
TCK-005190,3,2,0
TCK-005191,3,2,0
TCK-005192,4,3,1
TCK-005193,3,2,0
TCK-005194,3,2,0
TCK-005195,3,2,0
TCK-005196,3,2,0
TCK-005197,3,2,0
TCK-005198,3,2,0
TCK-005199,3,2,0
TCK-005200,3,2,0
TCK-005201,3,2,0
TCK-005202,4,3,1
TCK-005203,3,2,0
TCK-005204,3,2,0
TCK-005205,3,2,0
TCK-005206,3,2,0
TCK-005207,3,2,0
TCK-005208,3,2,0
TCK-005209,3,2,0
TCK-005210,3,2,0
TCK-005211,3,2,0
TCK-005212,4,3,1
TCK-005213,3,2,0
TCK-005214,3,2,0
TCK-005215,3,2,0
TCK-005216,3,2,0
TCK-005217,3,2,0
TCK-005218,3,2,0
TCK-005219,3,2,0
TCK-005220,3,2,0
TCK-005221,3,2,0
TCK-005222,3,2,0
TCK-005223,3,2,0
TCK-005224,3,2,0
TCK-005225,4,3,1
TCK-005226,3,2,0
TCK-005227,3,2,0
TCK-005228,3,2,0
TCK-005229,3,2,0
TCK-005230,3,2,0
TCK-005231,3,2,0
TCK-005232,3,2,0
TCK-005233,3,2,0
TCK-005234,3,2,0
TCK-005235,4,3,1
TCK-005236,3,2,0
TCK-005237,3,2,0
TCK-005238,3,2,0
TCK-005239,3,2,0
TCK-005240,3,2,0
TCK-005241,3,2,0
TCK-005242,3,2,0
TCK-005243,3,2,0
TCK-005244,3,2,0
TCK-005245,3,2,0
TCK-005246,3,2,0
TCK-005247,3,2,0
TCK-005248,3,2,0
TCK-005249,3,2,0
TCK-005250,4,3,1
TCK-005251,3,2,0
TCK-005252,3,2,0
TCK-005253,3,2,0
TCK-005254,4,3,1
TCK-005255,3,2,0
TCK-005256,4,3,1
TCK-005257,3,2,0
TCK-005258,3,2,0
TCK-005259,3,2,0
TCK-005260,3,2,0
TCK-005261,3,2,0
TCK-005262,3,2,0
TCK-005263,3,2,0
TCK-005264,3,2,0
TCK-005265,3,2,0
TCK-005266,3,2,0
TCK-005267,3,2,0
TCK-005268,3,2,0
TCK-005269,3,2,0
TCK-005270,4,3,1
TCK-005271,3,2,0
TCK-005272,3,2,0
TCK-005273,3,2,0
TCK-005274,3,2,0
TCK-005275,3,2,0
TCK-005276,3,2,0
TCK-005277,4,3,1
TCK-005278,3,2,0
TCK-005279,3,2,0
TCK-005280,3,2,0
TCK-005281,3,2,0
TCK-005282,3,2,0
TCK-005283,3,2,0
TCK-005284,3,2,0
TCK-005285,3,2,0
TCK-005286,3,2,0
TCK-005287,3,2,0
TCK-005288,4,3,1
TCK-005289,4,3,1
TCK-005290,3,2,0
TCK-005291,3,2,0
TCK-005292,3,2,0
TCK-005293,3,2,0
TCK-005294,3,2,0
TCK-005295,3,2,0
TCK-005296,3,2,0
TCK-005297,3,2,0
TCK-005298,4,3,1
TCK-005299,3,2,0
TCK-005300,3,2,0
TCK-005301,3,2,0
TCK-005302,3,2,0
TCK-005303,3,2,0
TCK-005304,3,2,0
TCK-005305,3,2,0
TCK-005306,3,2,0
TCK-005307,3,2,0
TCK-005308,3,2,0
TCK-005309,3,2,0
TCK-005310,3,2,0
TCK-005311,3,2,0
TCK-005312,3,2,0
TCK-005313,3,2,0
TCK-005314,3,2,0
TCK-005315,3,2,0
TCK-005316,3,2,0
TCK-005317,3,2,0
TCK-005318,3,2,0
TCK-005319,3,2,0
TCK-005320,3,2,0
TCK-005321,3,2,0
TCK-005322,3,2,0
TCK-005323,3,2,0
TCK-005324,3,2,0
TCK-005325,4,3,1
TCK-005326,3,2,0
TCK-005327,3,2,0
TCK-005328,3,2,0
TCK-005329,3,2,0
TCK-005330,3,2,0
TCK-005331,4,3,1
TCK-005332,3,2,0
TCK-005333,3,2,0
TCK-005334,3,2,0
TCK-005335,3,2,0
TCK-005336,3,2,0
TCK-005337,3,2,0
TCK-005338,3,2,0
TCK-005339,3,2,0
TCK-005340,3,2,0
TCK-005341,3,2,0
TCK-005342,3,2,0
TCK-005343,3,2,0
TCK-005344,3,2,0
TCK-005345,3,2,0
TCK-005346,4,3,1
TCK-005347,3,2,0
TCK-005348,3,2,0
TCK-005349,3,2,0
TCK-005350,3,2,0
TCK-005351,3,2,0
TCK-005352,4,3,1
TCK-005353,3,2,0
TCK-005354,4,3,1
TCK-005355,3,2,0
TCK-005356,3,2,0
TCK-005357,3,2,0
TCK-005358,3,2,0
TCK-005359,3,2,0
TCK-005360,3,2,0
TCK-005361,3,2,0
TCK-005362,3,2,0
TCK-005363,3,2,0
TCK-005364,3,2,0
TCK-005365,3,2,0
TCK-005366,3,2,0
TCK-005367,3,2,0
TCK-005368,3,2,0
TCK-005369,3,2,0
TCK-005370,3,2,0
TCK-005371,3,2,0
TCK-005372,4,3,1
TCK-005373,3,2,0
TCK-005374,3,2,0
TCK-005375,3,2,0
TCK-005376,3,2,0
TCK-005377,3,2,0
TCK-005378,3,2,0
TCK-005379,3,2,0
TCK-005380,3,2,0
TCK-005381,3,2,0
TCK-005382,3,2,0
TCK-005383,3,2,0
TCK-005384,3,2,0
TCK-005385,4,3,1
TCK-005386,3,2,0
TCK-005387,3,2,0
TCK-005388,3,2,0
TCK-005389,3,2,0
TCK-005390,3,2,0
TCK-005391,4,3,1
TCK-005392,3,2,0
TCK-005393,3,2,0
TCK-005394,3,2,0
TCK-005395,3,2,0
TCK-005396,3,2,0
TCK-005397,3,2,0
TCK-005398,3,2,0
TCK-005399,3,2,0
TCK-005400,3,2,0
TCK-005401,3,2,0
TCK-005402,3,2,0
TCK-005403,4,3,1
TCK-005404,3,2,0
TCK-005405,3,2,0
TCK-005406,3,2,0
TCK-005407,3,2,0
TCK-005408,3,2,0
TCK-005409,3,2,0
TCK-005410,3,2,0
TCK-005411,3,2,0
TCK-005412,3,2,0
TCK-005413,3,2,0
TCK-005414,3,2,0
TCK-005415,3,2,0
TCK-005416,3,2,0
TCK-005417,3,2,0
TCK-005418,4,3,1
TCK-005419,3,2,0
TCK-005420,3,2,0
TCK-005421,3,2,0
TCK-005422,3,2,0
TCK-005423,3,2,0
TCK-005424,3,2,0
TCK-005425,3,2,0
TCK-005426,3,2,0
TCK-005427,3,2,0
TCK-005428,3,2,0
TCK-005429,3,2,0
TCK-005430,4,3,1
TCK-005431,3,2,0
TCK-005432,3,2,0
TCK-005433,3,2,0
TCK-005434,3,2,0
TCK-005435,4,3,1
TCK-005436,3,2,0
TCK-005437,3,2,0
TCK-005438,3,2,0
TCK-005439,3,2,0
TCK-005440,3,2,0
TCK-005441,3,2,0
TCK-005442,3,2,0
TCK-005443,3,2,0
TCK-005444,3,2,0
TCK-005445,3,2,0
TCK-005446,3,2,0
TCK-005447,3,2,0
TCK-005448,3,2,0
TCK-005449,3,2,0
TCK-005450,3,2,0
TCK-005451,3,2,0
TCK-005452,3,2,0
TCK-005453,3,2,0
TCK-005454,4,3,1
TCK-005455,3,2,0
TCK-005456,3,2,0
TCK-005457,3,2,0
TCK-005458,3,2,0
TCK-005459,3,2,0
TCK-005460,3,2,0
TCK-005461,3,2,0
TCK-005462,3,2,0
TCK-005463,3,2,0
TCK-005464,3,2,0
TCK-005465,3,2,0
TCK-005466,3,2,0
TCK-005467,3,2,0
TCK-005468,3,2,0
TCK-005469,3,2,0
TCK-005470,3,2,0
TCK-005471,3,2,0
TCK-005472,3,2,0
TCK-005473,3,2,0
TCK-005474,3,2,0
TCK-005475,3,2,0
TCK-005476,3,2,0
TCK-005477,3,2,0
TCK-005478,3,2,0
TCK-005479,3,2,0
TCK-005480,3,2,0
TCK-005481,3,2,0
TCK-005482,3,2,0
TCK-005483,3,2,0
TCK-005484,3,2,0
TCK-005485,3,2,0
TCK-005486,3,2,0
TCK-005487,3,2,0
TCK-005488,3,2,0
TCK-005489,3,2,0
TCK-005490,3,2,0
TCK-005491,4,3,1
TCK-005492,3,2,0
TCK-005493,3,2,0
TCK-005494,3,2,0
TCK-005495,3,2,0
TCK-005496,3,2,0
TCK-005497,3,2,0
TCK-005498,3,2,0
TCK-005499,3,2,0
TCK-005500,3,2,0
TCK-005501,3,2,0
TCK-005502,3,2,0
TCK-005503,3,2,0
TCK-005504,3,2,0
TCK-005505,4,3,1
TCK-005506,3,2,0
TCK-005507,3,2,0
TCK-005508,3,2,0
TCK-005509,3,2,0
TCK-005510,3,2,0
TCK-005511,3,2,0
TCK-005512,3,2,0
TCK-005513,3,2,0
TCK-005514,3,2,0
TCK-005515,3,2,0
TCK-005516,3,2,0
TCK-005517,3,2,0
TCK-005518,3,2,0
TCK-005519,3,2,0
TCK-005520,3,2,0
TCK-005521,3,2,0
TCK-005522,3,2,0
TCK-005523,3,2,0
TCK-005524,3,2,0
TCK-005525,3,2,0
TCK-005526,3,2,0
TCK-005527,3,2,0
TCK-005528,3,2,0
TCK-005529,3,2,0
TCK-005530,3,2,0
TCK-005531,3,2,0
TCK-005532,4,3,1
TCK-005533,3,2,0
TCK-005534,4,3,1
TCK-005535,4,3,1
TCK-005536,3,2,0
TCK-005537,4,3,1
TCK-005538,3,2,0
TCK-005539,3,2,0
TCK-005540,3,2,0
TCK-005541,3,2,0
TCK-005542,4,3,1
TCK-005543,3,2,0
TCK-005544,3,2,0
TCK-005545,4,3,1
TCK-005546,3,2,0
TCK-005547,3,2,0
TCK-005548,3,2,0
TCK-005549,3,2,0
TCK-005550,3,2,0
TCK-005551,3,2,0
TCK-005552,3,2,0
TCK-005553,3,2,0
TCK-005554,3,2,0
TCK-005555,3,2,0
TCK-005556,3,2,0
TCK-005557,3,2,0
TCK-005558,3,2,0
TCK-005559,3,2,0
TCK-005560,3,2,0
TCK-005561,3,2,0
TCK-005562,3,2,0
TCK-005563,3,2,0
TCK-005564,3,2,0
TCK-005565,3,2,0
TCK-005566,3,2,0
TCK-005567,3,2,0
TCK-005568,3,2,0
TCK-005569,3,2,0
TCK-005570,4,3,1
TCK-005571,3,2,0
TCK-005572,3,2,0
TCK-005573,3,2,0
TCK-005574,3,2,0
TCK-005575,3,2,0
TCK-005576,3,2,0
TCK-005577,3,2,0
TCK-005578,3,2,0
TCK-005579,3,2,0
TCK-005580,4,3,1
TCK-005581,3,2,0
TCK-005582,3,2,0
TCK-005583,3,2,0
TCK-005584,4,3,1
TCK-005585,4,3,1
TCK-005586,3,2,0
TCK-005587,3,2,0
TCK-005588,3,2,0
TCK-005589,3,2,0
TCK-005590,4,3,1
TCK-005591,3,2,0
TCK-005592,3,2,0
TCK-005593,3,2,0
TCK-005594,3,2,0
TCK-005595,3,2,0
TCK-005596,3,2,0
TCK-005597,3,2,0
TCK-005598,3,2,0
TCK-005599,3,2,0
TCK-005600,4,3,1
TCK-005601,4,3,1
TCK-005602,3,2,0
TCK-005603,3,2,0
TCK-005604,3,2,0
TCK-005605,3,2,0
TCK-005606,3,2,0
TCK-005607,3,2,0
TCK-005608,3,2,0
TCK-005609,3,2,0
TCK-005610,3,2,0
TCK-005611,3,2,0
TCK-005612,3,2,0
TCK-005613,3,2,0
TCK-005614,3,2,0
TCK-005615,3,2,0
TCK-005616,3,2,0
TCK-005617,3,2,0
TCK-005618,3,2,0
TCK-005619,3,2,0
TCK-005620,3,2,0
TCK-005621,3,2,0
TCK-005622,3,2,0
TCK-005623,4,3,1
TCK-005624,3,2,0
TCK-005625,3,2,0
TCK-005626,3,2,0
TCK-005627,3,2,0
TCK-005628,4,3,1
TCK-005629,3,2,0
TCK-005630,3,2,0
TCK-005631,3,2,0
TCK-005632,3,2,0
TCK-005633,3,2,0
TCK-005634,3,2,0
TCK-005635,3,2,0
TCK-005636,3,2,0
TCK-005637,3,2,0
TCK-005638,3,2,0
TCK-005639,3,2,0
TCK-005640,4,3,1
TCK-005641,3,2,0
TCK-005642,4,3,1
TCK-005643,3,2,0
TCK-005644,3,2,0
TCK-005645,3,2,0
TCK-005646,3,2,0
TCK-005647,3,2,0
TCK-005648,3,2,0
TCK-005649,3,2,0
TCK-005650,3,2,0
TCK-005651,4,3,1
TCK-005652,3,2,0
TCK-005653,3,2,0
TCK-005654,3,2,0
TCK-005655,3,2,0
TCK-005656,4,3,1
TCK-005657,3,2,0
TCK-005658,3,2,0
TCK-005659,3,2,0
TCK-005660,3,2,0
TCK-005661,3,2,0
TCK-005662,3,2,0
TCK-005663,3,2,0
TCK-005664,3,2,0
TCK-005665,3,2,0
TCK-005666,3,2,0
TCK-005667,3,2,0
TCK-005668,3,2,0
TCK-005669,3,2,0
TCK-005670,3,2,0
TCK-005671,3,2,0
TCK-005672,3,2,0
TCK-005673,3,2,0
TCK-005674,3,2,0
TCK-005675,4,3,1
TCK-005676,3,2,0
TCK-005677,3,2,0
TCK-005678,3,2,0
TCK-005679,3,2,0
TCK-005680,3,2,0
TCK-005681,3,2,0
TCK-005682,3,2,0
TCK-005683,3,2,0
TCK-005684,3,2,0
TCK-005685,3,2,0
TCK-005686,3,2,0
TCK-005687,3,2,0
TCK-005688,3,2,0
TCK-005689,3,2,0
TCK-005690,3,2,0
TCK-005691,3,2,0
TCK-005692,3,2,0
TCK-005693,3,2,0
TCK-005694,3,2,0
TCK-005695,3,2,0
TCK-005696,3,2,0
TCK-005697,3,2,0
TCK-005698,3,2,0
TCK-005699,3,2,0
TCK-005700,3,2,0
TCK-005701,3,2,0
TCK-005702,3,2,0
TCK-005703,3,2,0
TCK-005704,3,2,0
TCK-005705,3,2,0
TCK-005706,3,2,0
TCK-005707,3,2,0
TCK-005708,3,2,0
TCK-005709,3,2,0
TCK-005710,3,2,0
TCK-005711,3,2,0
TCK-005712,4,3,1
TCK-005713,3,2,0
TCK-005714,3,2,0
TCK-005715,4,3,1
TCK-005716,3,2,0
TCK-005717,3,2,0
TCK-005718,3,2,0
TCK-005719,3,2,0
TCK-005720,3,2,0
TCK-005721,4,3,1
TCK-005722,3,2,0
TCK-005723,3,2,0
TCK-005724,3,2,0
TCK-005725,3,2,0
TCK-005726,3,2,0
TCK-005727,4,3,1
TCK-005728,3,2,0
TCK-005729,3,2,0
TCK-005730,3,2,0
TCK-005731,3,2,0
TCK-005732,3,2,0
TCK-005733,3,2,0
TCK-005734,3,2,0
TCK-005735,3,2,0
TCK-005736,3,2,0
TCK-005737,3,2,0
TCK-005738,3,2,0
TCK-005739,3,2,0
TCK-005740,3,2,0
TCK-005741,3,2,0
TCK-005742,3,2,0
TCK-005743,3,2,0
TCK-005744,3,2,0
TCK-005745,3,2,0
TCK-005746,4,3,1
TCK-005747,3,2,0
TCK-005748,3,2,0
TCK-005749,3,2,0
TCK-005750,3,2,0
TCK-005751,4,3,1
TCK-005752,3,2,0
TCK-005753,3,2,0
TCK-005754,3,2,0
TCK-005755,3,2,0
TCK-005756,4,3,1
TCK-005757,3,2,0
TCK-005758,3,2,0
TCK-005759,3,2,0
TCK-005760,3,2,0
TCK-005761,3,2,0
TCK-005762,3,2,0
TCK-005763,3,2,0
TCK-005764,3,2,0
TCK-005765,3,2,0
TCK-005766,3,2,0
TCK-005767,3,2,0
TCK-005768,3,2,0
TCK-005769,3,2,0
TCK-005770,3,2,0
TCK-005771,3,2,0
TCK-005772,4,3,1
TCK-005773,3,2,0
TCK-005774,3,2,0
TCK-005775,3,2,0
TCK-005776,3,2,0
TCK-005777,4,3,1
TCK-005778,3,2,0
TCK-005779,3,2,0
TCK-005780,4,3,1
TCK-005781,3,2,0
TCK-005782,3,2,0
TCK-005783,3,2,0
TCK-005784,3,2,0
TCK-005785,3,2,0
TCK-005786,4,3,1
TCK-005787,3,2,0
TCK-005788,4,3,1
TCK-005789,3,2,0
TCK-005790,3,2,0
TCK-005791,3,2,0
TCK-005792,3,2,0
TCK-005793,4,3,1
TCK-005794,3,2,0
TCK-005795,3,2,0
TCK-005796,3,2,0
TCK-005797,3,2,0
TCK-005798,3,2,0
TCK-005799,3,2,0
TCK-005800,3,2,0
TCK-005801,3,2,0
TCK-005802,3,2,0
TCK-005803,3,2,0
TCK-005804,3,2,0
TCK-005805,3,2,0
TCK-005806,3,2,0
TCK-005807,3,2,0
TCK-005808,3,2,0
TCK-005809,3,2,0
TCK-005810,4,3,1
TCK-005811,3,2,0
TCK-005812,3,2,0
TCK-005813,4,3,1
TCK-005814,3,2,0
TCK-005815,3,2,0
TCK-005816,3,2,0
TCK-005817,3,2,0
TCK-005818,3,2,0
TCK-005819,3,2,0
TCK-005820,3,2,0
TCK-005821,3,2,0
TCK-005822,3,2,0
TCK-005823,3,2,0
TCK-005824,3,2,0
TCK-005825,3,2,0
TCK-005826,4,3,1
TCK-005827,3,2,0
TCK-005828,3,2,0
TCK-005829,4,3,1
TCK-005830,3,2,0
TCK-005831,3,2,0
TCK-005832,3,2,0
TCK-005833,3,2,0
TCK-005834,3,2,0
TCK-005835,4,3,1
TCK-005836,3,2,0
TCK-005837,3,2,0
TCK-005838,3,2,0
TCK-005839,3,2,0
TCK-005840,3,2,0
TCK-005841,3,2,0
TCK-005842,3,2,0
TCK-005843,3,2,0
TCK-005844,3,2,0
TCK-005845,3,2,0
TCK-005846,3,2,0
TCK-005847,3,2,0
TCK-005848,3,2,0
TCK-005849,3,2,0
TCK-005850,3,2,0
TCK-005851,3,2,0
TCK-005852,3,2,0
TCK-005853,3,2,0
TCK-005854,3,2,0
TCK-005855,3,2,0
TCK-005856,3,2,0
TCK-005857,4,3,1
TCK-005858,3,2,0
TCK-005859,3,2,0
TCK-005860,4,3,1
TCK-005861,3,2,0
TCK-005862,3,2,0
TCK-005863,3,2,0
TCK-005864,3,2,0
TCK-005865,3,2,0
TCK-005866,3,2,0
TCK-005867,3,2,0
TCK-005868,3,2,0
TCK-005869,3,2,0
TCK-005870,3,2,0
TCK-005871,4,3,1
TCK-005872,3,2,0
TCK-005873,3,2,0
TCK-005874,3,2,0
TCK-005875,3,2,0
TCK-005876,3,2,0
TCK-005877,3,2,0
TCK-005878,3,2,0
TCK-005879,3,2,0
TCK-005880,3,2,0
TCK-005881,3,2,0
TCK-005882,3,2,0
TCK-005883,3,2,0
TCK-005884,3,2,0
TCK-005885,4,3,1
TCK-005886,3,2,0
TCK-005887,3,2,0
TCK-005888,3,2,0
TCK-005889,3,2,0
TCK-005890,3,2,0
TCK-005891,3,2,0
TCK-005892,3,2,0
TCK-005893,3,2,0
TCK-005894,3,2,0
TCK-005895,3,2,0
TCK-005896,3,2,0
TCK-005897,3,2,0
TCK-005898,3,2,0
TCK-005899,3,2,0
TCK-005900,3,2,0
TCK-005901,3,2,0
TCK-005902,3,2,0
TCK-005903,4,3,1
TCK-005904,3,2,0
TCK-005905,3,2,0
TCK-005906,3,2,0
TCK-005907,3,2,0
TCK-005908,3,2,0
TCK-005909,3,2,0
TCK-005910,3,2,0
TCK-005911,3,2,0
TCK-005912,3,2,0
TCK-005913,3,2,0
TCK-005914,3,2,0
TCK-005915,3,2,0
TCK-005916,3,2,0
TCK-005917,3,2,0
TCK-005918,3,2,0
TCK-005919,3,2,0
TCK-005920,3,2,0
TCK-005921,3,2,0
TCK-005922,3,2,0
TCK-005923,3,2,0
TCK-005924,3,2,0
TCK-005925,3,2,0
TCK-005926,3,2,0
TCK-005927,3,2,0
TCK-005928,3,2,0
TCK-005929,3,2,0
TCK-005930,3,2,0
TCK-005931,3,2,0
TCK-005932,3,2,0
TCK-005933,3,2,0
TCK-005934,3,2,0
TCK-005935,3,2,0
TCK-005936,3,2,0
TCK-005937,3,2,0
TCK-005938,3,2,0
TCK-005939,3,2,0
TCK-005940,3,2,0
TCK-005941,3,2,0
TCK-005942,4,3,1
TCK-005943,3,2,0
TCK-005944,4,3,1
TCK-005945,3,2,0
TCK-005946,3,2,0
TCK-005947,3,2,0
TCK-005948,3,2,0
TCK-005949,3,2,0
TCK-005950,3,2,0
TCK-005951,3,2,0
TCK-005952,3,2,0
TCK-005953,3,2,0
TCK-005954,3,2,0
TCK-005955,3,2,0
TCK-005956,3,2,0
TCK-005957,3,2,0
TCK-005958,3,2,0
TCK-005959,3,2,0
TCK-005960,3,2,0
TCK-005961,3,2,0
TCK-005962,3,2,0
TCK-005963,3,2,0
TCK-005964,3,2,0
TCK-005965,3,2,0
TCK-005966,3,2,0
TCK-005967,3,2,0
TCK-005968,3,2,0
TCK-005969,3,2,0
TCK-005970,4,3,1
TCK-005971,3,2,0
TCK-005972,3,2,0
TCK-005973,3,2,0
TCK-005974,3,2,0
TCK-005975,3,2,0
TCK-005976,3,2,0
TCK-005977,3,2,0
TCK-005978,4,3,1
TCK-005979,3,2,0
TCK-005980,3,2,0
TCK-005981,3,2,0
TCK-005982,3,2,0
TCK-005983,3,2,0
TCK-005984,3,2,0
TCK-005985,3,2,0
TCK-005986,3,2,0
TCK-005987,3,2,0
TCK-005988,3,2,0
TCK-005989,3,2,0
TCK-005990,3,2,0
TCK-005991,3,2,0
TCK-005992,3,2,0
TCK-005993,3,2,0
TCK-005994,3,2,0
TCK-005995,3,2,0
TCK-005996,3,2,0
TCK-005997,3,2,0
TCK-005998,3,2,0
TCK-005999,4,3,1
TCK-006000,3,2,0
TCK-006001,3,2,0
TCK-006002,3,2,0
TCK-006003,3,2,0
TCK-006004,3,2,0
TCK-006005,3,2,0
TCK-006006,3,2,0
TCK-006007,3,2,0
TCK-006008,3,2,0
TCK-006009,3,2,0
TCK-006010,3,2,0
TCK-006011,3,2,0
TCK-006012,3,2,0
TCK-006013,3,2,0
TCK-006014,3,2,0
TCK-006015,3,2,0
TCK-006016,3,2,0
TCK-006017,3,2,0
TCK-006018,3,2,0
TCK-006019,3,2,0
TCK-006020,3,2,0
TCK-006021,3,2,0
TCK-006022,4,3,1
TCK-006023,4,3,1
TCK-006024,3,2,0
TCK-006025,4,3,1
TCK-006026,3,2,0
TCK-006027,3,2,0
TCK-006028,3,2,0
TCK-006029,3,2,0
TCK-006030,3,2,0
TCK-006031,3,2,0
TCK-006032,3,2,0
TCK-006033,3,2,0
TCK-006034,3,2,0
TCK-006035,3,2,0
TCK-006036,3,2,0
TCK-006037,3,2,0
TCK-006038,3,2,0
TCK-006039,3,2,0
TCK-006040,3,2,0
TCK-006041,3,2,0
TCK-006042,3,2,0
TCK-006043,3,2,0
TCK-006044,4,3,1
TCK-006045,3,2,0
TCK-006046,3,2,0
TCK-006047,3,2,0
TCK-006048,3,2,0
TCK-006049,3,2,0
TCK-006050,3,2,0
TCK-006051,3,2,0
TCK-006052,3,2,0
TCK-006053,3,2,0
TCK-006054,3,2,0
TCK-006055,3,2,0
TCK-006056,3,2,0
TCK-006057,3,2,0
TCK-006058,3,2,0
TCK-006059,3,2,0
TCK-006060,3,2,0
TCK-006061,3,2,0
TCK-006062,4,3,1
TCK-006063,3,2,0
TCK-006064,3,2,0
TCK-006065,3,2,0
TCK-006066,3,2,0
TCK-006067,3,2,0
TCK-006068,3,2,0
TCK-006069,3,2,0
TCK-006070,3,2,0
TCK-006071,3,2,0
TCK-006072,3,2,0
TCK-006073,4,3,1
TCK-006074,3,2,0
TCK-006075,3,2,0
TCK-006076,3,2,0
TCK-006077,3,2,0
TCK-006078,3,2,0
TCK-006079,3,2,0
TCK-006080,3,2,0
TCK-006081,3,2,0
TCK-006082,3,2,0
TCK-006083,3,2,0
TCK-006084,3,2,0
TCK-006085,3,2,0
TCK-006086,3,2,0
TCK-006087,3,2,0
TCK-006088,3,2,0
TCK-006089,3,2,0
TCK-006090,3,2,0
TCK-006091,3,2,0
TCK-006092,3,2,0
TCK-006093,3,2,0
TCK-006094,3,2,0
TCK-006095,3,2,0
TCK-006096,3,2,0
TCK-006097,3,2,0
TCK-006098,3,2,0
TCK-006099,3,2,0
TCK-006100,3,2,0
TCK-006101,3,2,0
TCK-006102,3,2,0
TCK-006103,3,2,0
TCK-006104,3,2,0
TCK-006105,3,2,0
TCK-006106,3,2,0
TCK-006107,3,2,0
TCK-006108,3,2,0
TCK-006109,3,2,0
TCK-006110,3,2,0
TCK-006111,3,2,0
TCK-006112,3,2,0
TCK-006113,3,2,0
TCK-006114,3,2,0
TCK-006115,3,2,0
TCK-006116,3,2,0
TCK-006117,4,3,1
TCK-006118,3,2,0
TCK-006119,3,2,0
TCK-006120,3,2,0
TCK-006121,4,3,1
TCK-006122,3,2,0
TCK-006123,3,2,0
TCK-006124,3,2,0
TCK-006125,3,2,0
TCK-006126,3,2,0
TCK-006127,4,3,1
TCK-006128,3,2,0
TCK-006129,3,2,0
TCK-006130,3,2,0
TCK-006131,3,2,0
TCK-006132,3,2,0
TCK-006133,4,3,1
TCK-006134,3,2,0
TCK-006135,3,2,0
TCK-006136,3,2,0
TCK-006137,3,2,0
TCK-006138,3,2,0
TCK-006139,3,2,0
TCK-006140,3,2,0
TCK-006141,3,2,0
TCK-006142,3,2,0
TCK-006143,3,2,0
TCK-006144,3,2,0
TCK-006145,3,2,0
TCK-006146,3,2,0
TCK-006147,3,2,0
TCK-006148,3,2,0
TCK-006149,3,2,0
TCK-006150,3,2,0
TCK-006151,3,2,0
TCK-006152,4,3,1
TCK-006153,3,2,0
TCK-006154,3,2,0
TCK-006155,3,2,0
TCK-006156,3,2,0
TCK-006157,3,2,0
TCK-006158,3,2,0
TCK-006159,3,2,0
TCK-006160,3,2,0
TCK-006161,3,2,0
TCK-006162,3,2,0
TCK-006163,3,2,0
TCK-006164,3,2,0
TCK-006165,4,3,1
TCK-006166,4,3,1
TCK-006167,4,3,1
TCK-006168,3,2,0
TCK-006169,4,3,1
TCK-006170,3,2,0
TCK-006171,3,2,0
TCK-006172,3,2,0
TCK-006173,3,2,0
TCK-006174,3,2,0
TCK-006175,3,2,0
TCK-006176,3,2,0
TCK-006177,3,2,0
TCK-006178,4,3,1
TCK-006179,3,2,0
TCK-006180,3,2,0
TCK-006181,3,2,0
TCK-006182,3,2,0
TCK-006183,3,2,0
TCK-006184,4,3,1
TCK-006185,4,3,1
TCK-006186,3,2,0
TCK-006187,3,2,0
TCK-006188,3,2,0
TCK-006189,3,2,0
TCK-006190,3,2,0
TCK-006191,3,2,0
TCK-006192,3,2,0
TCK-006193,3,2,0
TCK-006194,3,2,0
TCK-006195,3,2,0
TCK-006196,3,2,0
TCK-006197,3,2,0
TCK-006198,3,2,0
TCK-006199,3,2,0
TCK-006200,3,2,0
TCK-006201,4,3,1
TCK-006202,3,2,0
TCK-006203,4,3,1
TCK-006204,4,3,1
TCK-006205,3,2,0
TCK-006206,3,2,0
TCK-006207,3,2,0
TCK-006208,4,3,1
TCK-006209,3,2,0
TCK-006210,3,2,0
TCK-006211,3,2,0
TCK-006212,3,2,0
TCK-006213,3,2,0
TCK-006214,3,2,0
TCK-006215,3,2,0
TCK-006216,3,2,0
TCK-006217,3,2,0
TCK-006218,3,2,0
TCK-006219,3,2,0
TCK-006220,3,2,0
TCK-006221,3,2,0
TCK-006222,3,2,0
TCK-006223,3,2,0
TCK-006224,4,3,1
TCK-006225,3,2,0
TCK-006226,3,2,0
TCK-006227,3,2,0
TCK-006228,3,2,0
TCK-006229,3,2,0
TCK-006230,3,2,0
TCK-006231,3,2,0
TCK-006232,3,2,0
TCK-006233,3,2,0
TCK-006234,3,2,0
TCK-006235,3,2,0
TCK-006236,3,2,0
TCK-006237,3,2,0
TCK-006238,3,2,0
TCK-006239,3,2,0
TCK-006240,3,2,0
TCK-006241,3,2,0
TCK-006242,3,2,0
TCK-006243,4,3,1
TCK-006244,3,2,0
TCK-006245,3,2,0
TCK-006246,3,2,0
TCK-006247,3,2,0
TCK-006248,4,3,1
TCK-006249,3,2,0
TCK-006250,3,2,0
TCK-006251,3,2,0
TCK-006252,3,2,0
TCK-006253,3,2,0
TCK-006254,3,2,0
TCK-006255,3,2,0
TCK-006256,3,2,0
TCK-006257,3,2,0
TCK-006258,3,2,0
TCK-006259,3,2,0
TCK-006260,3,2,0
TCK-006261,3,2,0
TCK-006262,3,2,0
TCK-006263,3,2,0
TCK-006264,3,2,0
TCK-006265,4,3,1
TCK-006266,3,2,0
TCK-006267,3,2,0
TCK-006268,3,2,0
TCK-006269,3,2,0
TCK-006270,4,3,1
TCK-006271,3,2,0
TCK-006272,4,3,1
TCK-006273,3,2,0
TCK-006274,3,2,0
TCK-006275,3,2,0
TCK-006276,3,2,0
TCK-006277,3,2,0
TCK-006278,3,2,0
TCK-006279,3,2,0
TCK-006280,3,2,0
TCK-006281,3,2,0
TCK-006282,3,2,0
TCK-006283,3,2,0
TCK-006284,4,3,1
TCK-006285,4,3,1
TCK-006286,3,2,0
TCK-006287,3,2,0
TCK-006288,3,2,0
TCK-006289,3,2,0
TCK-006290,3,2,0
TCK-006291,3,2,0
TCK-006292,3,2,0
TCK-006293,3,2,0
TCK-006294,3,2,0
TCK-006295,3,2,0
TCK-006296,3,2,0
TCK-006297,3,2,0
TCK-006298,3,2,0
TCK-006299,3,2,0
TCK-006300,3,2,0
TCK-006301,3,2,0
TCK-006302,3,2,0
TCK-006303,3,2,0
TCK-006304,3,2,0
TCK-006305,3,2,0
TCK-006306,3,2,0
TCK-006307,3,2,0
TCK-006308,3,2,0
TCK-006309,3,2,0
TCK-006310,3,2,0
TCK-006311,3,2,0
TCK-006312,4,3,1
TCK-006313,3,2,0
TCK-006314,3,2,0
TCK-006315,3,2,0
TCK-006316,3,2,0
TCK-006317,3,2,0
TCK-006318,3,2,0
TCK-006319,3,2,0
TCK-006320,3,2,0
TCK-006321,4,3,1
TCK-006322,3,2,0
TCK-006323,3,2,0
TCK-006324,4,3,1
TCK-006325,3,2,0
TCK-006326,3,2,0
TCK-006327,3,2,0
TCK-006328,3,2,0
TCK-006329,3,2,0
TCK-006330,3,2,0
TCK-006331,4,3,1
TCK-006332,4,3,1
TCK-006333,3,2,0
TCK-006334,3,2,0
TCK-006335,3,2,0
TCK-006336,4,3,1
TCK-006337,3,2,0
TCK-006338,3,2,0
TCK-006339,3,2,0
TCK-006340,3,2,0
TCK-006341,3,2,0
TCK-006342,3,2,0
TCK-006343,3,2,0
TCK-006344,3,2,0
TCK-006345,3,2,0
TCK-006346,3,2,0
TCK-006347,3,2,0
TCK-006348,3,2,0
TCK-006349,3,2,0
TCK-006350,3,2,0
TCK-006351,3,2,0
TCK-006352,4,3,1
TCK-006353,4,3,1
TCK-006354,3,2,0
TCK-006355,3,2,0
TCK-006356,3,2,0
TCK-006357,3,2,0
TCK-006358,3,2,0
TCK-006359,3,2,0
TCK-006360,3,2,0
TCK-006361,3,2,0
TCK-006362,3,2,0
TCK-006363,3,2,0
TCK-006364,3,2,0
TCK-006365,3,2,0
TCK-006366,3,2,0
TCK-006367,3,2,0
TCK-006368,3,2,0
TCK-006369,3,2,0
TCK-006370,3,2,0
TCK-006371,3,2,0
TCK-006372,3,2,0
TCK-006373,3,2,0
TCK-006374,4,3,1
TCK-006375,3,2,0
TCK-006376,3,2,0
TCK-006377,3,2,0
TCK-006378,3,2,0
TCK-006379,3,2,0
TCK-006380,3,2,0
TCK-006381,3,2,0
TCK-006382,3,2,0
TCK-006383,3,2,0
TCK-006384,3,2,0
TCK-006385,4,3,1
TCK-006386,3,2,0
TCK-006387,4,3,1
TCK-006388,3,2,0
TCK-006389,3,2,0
TCK-006390,3,2,0
TCK-006391,3,2,0
TCK-006392,3,2,0
TCK-006393,3,2,0
TCK-006394,3,2,0
TCK-006395,3,2,0
TCK-006396,4,3,1
TCK-006397,3,2,0
TCK-006398,3,2,0
TCK-006399,3,2,0
TCK-006400,4,3,1
TCK-006401,3,2,0
TCK-006402,3,2,0
TCK-006403,3,2,0
TCK-006404,3,2,0
TCK-006405,3,2,0
TCK-006406,4,3,1
TCK-006407,3,2,0
TCK-006408,4,3,1
TCK-006409,3,2,0
TCK-006410,3,2,0
TCK-006411,3,2,0
TCK-006412,3,2,0
TCK-006413,3,2,0
TCK-006414,4,3,1
TCK-006415,3,2,0
TCK-006416,3,2,0
TCK-006417,4,3,1
TCK-006418,4,3,1
TCK-006419,3,2,0
TCK-006420,3,2,0
TCK-006421,3,2,0
TCK-006422,3,2,0
TCK-006423,3,2,0
TCK-006424,3,2,0
TCK-006425,3,2,0
TCK-006426,3,2,0
TCK-006427,3,2,0
TCK-006428,3,2,0
TCK-006429,3,2,0
TCK-006430,3,2,0
TCK-006431,4,3,1
TCK-006432,4,3,1
TCK-006433,3,2,0
TCK-006434,3,2,0
TCK-006435,3,2,0
TCK-006436,3,2,0
TCK-006437,3,2,0
TCK-006438,3,2,0
TCK-006439,3,2,0
TCK-006440,3,2,0
TCK-006441,3,2,0
TCK-006442,3,2,0
TCK-006443,3,2,0
TCK-006444,3,2,0
TCK-006445,3,2,0
TCK-006446,3,2,0
TCK-006447,4,3,1
TCK-006448,3,2,0
TCK-006449,3,2,0
TCK-006450,3,2,0
TCK-006451,3,2,0
TCK-006452,3,2,0
TCK-006453,3,2,0
TCK-006454,3,2,0
TCK-006455,3,2,0
TCK-006456,3,2,0
TCK-006457,3,2,0
TCK-006458,3,2,0
TCK-006459,4,3,1
TCK-006460,3,2,0
TCK-006461,3,2,0
TCK-006462,3,2,0
TCK-006463,3,2,0
TCK-006464,3,2,0
TCK-006465,3,2,0
TCK-006466,3,2,0
TCK-006467,3,2,0
TCK-006468,3,2,0
TCK-006469,3,2,0
TCK-006470,3,2,0
TCK-006471,3,2,0
TCK-006472,3,2,0
TCK-006473,3,2,0
TCK-006474,4,3,1
TCK-006475,4,3,1
TCK-006476,4,3,1
TCK-006477,3,2,0
TCK-006478,3,2,0
TCK-006479,3,2,0
TCK-006480,3,2,0
TCK-006481,3,2,0
TCK-006482,3,2,0
TCK-006483,3,2,0
TCK-006484,3,2,0
TCK-006485,3,2,0
TCK-006486,3,2,0
TCK-006487,4,3,1
TCK-006488,3,2,0
TCK-006489,3,2,0
TCK-006490,3,2,0
TCK-006491,3,2,0
TCK-006492,4,3,1
TCK-006493,4,3,1
TCK-006494,4,3,1
TCK-006495,3,2,0
TCK-006496,4,3,1
TCK-006497,3,2,0
TCK-006498,3,2,0
TCK-006499,4,3,1
TCK-006500,3,2,0
TCK-006501,3,2,0
TCK-006502,3,2,0
TCK-006503,3,2,0
TCK-006504,3,2,0
TCK-006505,4,3,1
TCK-006506,3,2,0
TCK-006507,3,2,0
TCK-006508,3,2,0
TCK-006509,3,2,0
TCK-006510,4,3,1
TCK-006511,4,3,1
TCK-006512,3,2,0
TCK-006513,3,2,0
TCK-006514,3,2,0
TCK-006515,3,2,0
TCK-006516,3,2,0
TCK-006517,3,2,0
TCK-006518,3,2,0
TCK-006519,3,2,0
TCK-006520,3,2,0
TCK-006521,3,2,0
TCK-006522,3,2,0
TCK-006523,3,2,0
TCK-006524,3,2,0
TCK-006525,3,2,0
TCK-006526,3,2,0
TCK-006527,3,2,0
TCK-006528,3,2,0
TCK-006529,3,2,0
TCK-006530,3,2,0
TCK-006531,3,2,0
TCK-006532,3,2,0
TCK-006533,3,2,0
TCK-006534,3,2,0
TCK-006535,3,2,0
TCK-006536,3,2,0
TCK-006537,3,2,0
TCK-006538,3,2,0
TCK-006539,3,2,0
TCK-006540,3,2,0
TCK-006541,3,2,0
TCK-006542,3,2,0
TCK-006543,3,2,0
TCK-006544,3,2,0
TCK-006545,3,2,0
TCK-006546,3,2,0
TCK-006547,3,2,0
TCK-006548,3,2,0
TCK-006549,3,2,0
TCK-006550,4,3,1
TCK-006551,4,3,1
TCK-006552,4,3,1
TCK-006553,3,2,0
TCK-006554,3,2,0
TCK-006555,3,2,0
TCK-006556,4,3,1
TCK-006557,3,2,0
TCK-006558,3,2,0
TCK-006559,4,3,1
TCK-006560,3,2,0
TCK-006561,3,2,0
TCK-006562,3,2,0
TCK-006563,3,2,0
TCK-006564,3,2,0
TCK-006565,3,2,0
TCK-006566,3,2,0
TCK-006567,3,2,0
TCK-006568,3,2,0
TCK-006569,3,2,0
TCK-006570,3,2,0
TCK-006571,3,2,0
TCK-006572,3,2,0
TCK-006573,3,2,0
TCK-006574,3,2,0
TCK-006575,3,2,0
TCK-006576,3,2,0
TCK-006577,3,2,0
TCK-006578,3,2,0
TCK-006579,3,2,0
TCK-006580,3,2,0
TCK-006581,3,2,0
TCK-006582,3,2,0
TCK-006583,3,2,0
TCK-006584,3,2,0
TCK-006585,4,3,1
TCK-006586,3,2,0
TCK-006587,3,2,0
TCK-006588,3,2,0
TCK-006589,3,2,0
TCK-006590,3,2,0
TCK-006591,3,2,0
TCK-006592,3,2,0
TCK-006593,3,2,0
TCK-006594,3,2,0
TCK-006595,3,2,0
TCK-006596,3,2,0
TCK-006597,4,3,1
TCK-006598,3,2,0
TCK-006599,3,2,0
TCK-006600,4,3,1
TCK-006601,3,2,0
TCK-006602,3,2,0
TCK-006603,4,3,1
TCK-006604,3,2,0
TCK-006605,3,2,0
TCK-006606,3,2,0
TCK-006607,3,2,0
TCK-006608,3,2,0
TCK-006609,3,2,0
TCK-006610,3,2,0
TCK-006611,3,2,0
TCK-006612,3,2,0
TCK-006613,3,2,0
TCK-006614,3,2,0
TCK-006615,3,2,0
TCK-006616,3,2,0
TCK-006617,3,2,0
TCK-006618,3,2,0
TCK-006619,3,2,0
TCK-006620,3,2,0
TCK-006621,3,2,0
TCK-006622,4,3,1
TCK-006623,3,2,0
TCK-006624,3,2,0
TCK-006625,3,2,0
TCK-006626,3,2,0
TCK-006627,3,2,0
TCK-006628,3,2,0
TCK-006629,3,2,0
TCK-006630,3,2,0
TCK-006631,3,2,0
TCK-006632,3,2,0
TCK-006633,3,2,0
TCK-006634,3,2,0
TCK-006635,3,2,0
TCK-006636,3,2,0
TCK-006637,3,2,0
TCK-006638,3,2,0
TCK-006639,3,2,0
TCK-006640,3,2,0
TCK-006641,4,3,1
TCK-006642,3,2,0
TCK-006643,3,2,0
TCK-006644,4,3,1
TCK-006645,3,2,0
TCK-006646,3,2,0
TCK-006647,3,2,0
TCK-006648,3,2,0
TCK-006649,3,2,0
TCK-006650,3,2,0
TCK-006651,3,2,0
TCK-006652,3,2,0
TCK-006653,3,2,0
TCK-006654,3,2,0
TCK-006655,3,2,0
TCK-006656,3,2,0
TCK-006657,3,2,0
TCK-006658,3,2,0
TCK-006659,3,2,0
TCK-006660,3,2,0
TCK-006661,3,2,0
TCK-006662,3,2,0
TCK-006663,3,2,0
TCK-006664,3,2,0
TCK-006665,3,2,0
TCK-006666,3,2,0
TCK-006667,3,2,0
TCK-006668,3,2,0
TCK-006669,3,2,0
TCK-006670,3,2,0
TCK-006671,3,2,0
TCK-006672,3,2,0
TCK-006673,3,2,0
TCK-006674,4,3,1
TCK-006675,3,2,0
TCK-006676,3,2,0
TCK-006677,3,2,0
TCK-006678,4,3,1
TCK-006679,3,2,0
TCK-006680,3,2,0
TCK-006681,3,2,0
TCK-006682,3,2,0
TCK-006683,3,2,0
TCK-006684,4,3,1
TCK-006685,3,2,0
TCK-006686,3,2,0
TCK-006687,3,2,0
TCK-006688,3,2,0
TCK-006689,3,2,0
TCK-006690,3,2,0
TCK-006691,3,2,0
TCK-006692,3,2,0
TCK-006693,3,2,0
TCK-006694,3,2,0
TCK-006695,4,3,1
TCK-006696,3,2,0
TCK-006697,3,2,0
TCK-006698,3,2,0
TCK-006699,3,2,0
TCK-006700,3,2,0
TCK-006701,3,2,0
TCK-006702,3,2,0
TCK-006703,3,2,0
TCK-006704,3,2,0
TCK-006705,3,2,0
TCK-006706,3,2,0
TCK-006707,3,2,0
TCK-006708,3,2,0
TCK-006709,3,2,0
TCK-006710,3,2,0
TCK-006711,4,3,1
TCK-006712,3,2,0
TCK-006713,3,2,0
TCK-006714,3,2,0
TCK-006715,3,2,0
TCK-006716,3,2,0
TCK-006717,3,2,0
TCK-006718,3,2,0
TCK-006719,3,2,0
TCK-006720,3,2,0
TCK-006721,3,2,0
TCK-006722,3,2,0
TCK-006723,3,2,0
TCK-006724,3,2,0
TCK-006725,3,2,0
TCK-006726,3,2,0
TCK-006727,3,2,0
TCK-006728,3,2,0
TCK-006729,3,2,0
TCK-006730,3,2,0
TCK-006731,4,3,1
TCK-006732,3,2,0
TCK-006733,3,2,0
TCK-006734,4,3,1
TCK-006735,3,2,0
TCK-006736,3,2,0
TCK-006737,3,2,0
TCK-006738,3,2,0
TCK-006739,3,2,0
TCK-006740,3,2,0
TCK-006741,3,2,0
TCK-006742,3,2,0
TCK-006743,3,2,0
TCK-006744,3,2,0
TCK-006745,3,2,0
TCK-006746,4,3,1
TCK-006747,3,2,0
TCK-006748,3,2,0
TCK-006749,3,2,0
TCK-006750,3,2,0
TCK-006751,3,2,0
TCK-006752,3,2,0
TCK-006753,3,2,0
TCK-006754,4,3,1
TCK-006755,3,2,0
TCK-006756,3,2,0
TCK-006757,3,2,0
TCK-006758,3,2,0
TCK-006759,3,2,0
TCK-006760,3,2,0
TCK-006761,3,2,0
TCK-006762,3,2,0
TCK-006763,4,3,1
TCK-006764,3,2,0
TCK-006765,4,3,1
TCK-006766,4,3,1
TCK-006767,3,2,0
TCK-006768,3,2,0
TCK-006769,3,2,0
TCK-006770,3,2,0
TCK-006771,4,3,1
TCK-006772,3,2,0
TCK-006773,3,2,0
TCK-006774,3,2,0
TCK-006775,3,2,0
TCK-006776,3,2,0
TCK-006777,3,2,0
TCK-006778,3,2,0
TCK-006779,3,2,0
TCK-006780,3,2,0
TCK-006781,4,3,1
TCK-006782,4,3,1
TCK-006783,3,2,0
TCK-006784,4,3,1
TCK-006785,3,2,0
TCK-006786,3,2,0
TCK-006787,3,2,0
TCK-006788,3,2,0
TCK-006789,3,2,0
TCK-006790,4,3,1
TCK-006791,3,2,0
TCK-006792,3,2,0
TCK-006793,3,2,0
TCK-006794,3,2,0
TCK-006795,3,2,0
TCK-006796,3,2,0
TCK-006797,4,3,1
TCK-006798,3,2,0
TCK-006799,3,2,0
TCK-006800,3,2,0
TCK-006801,3,2,0
TCK-006802,4,3,1
TCK-006803,3,2,0
TCK-006804,3,2,0
TCK-006805,3,2,0
TCK-006806,3,2,0
TCK-006807,3,2,0
TCK-006808,3,2,0
TCK-006809,3,2,0
TCK-006810,3,2,0
TCK-006811,3,2,0
TCK-006812,3,2,0
TCK-006813,3,2,0
TCK-006814,4,3,1
TCK-006815,3,2,0
TCK-006816,3,2,0
TCK-006817,3,2,0
TCK-006818,3,2,0
TCK-006819,3,2,0
TCK-006820,4,3,1
TCK-006821,3,2,0
TCK-006822,3,2,0
TCK-006823,3,2,0
TCK-006824,3,2,0
TCK-006825,3,2,0
TCK-006826,4,3,1
TCK-006827,3,2,0
TCK-006828,3,2,0
TCK-006829,3,2,0
TCK-006830,3,2,0
TCK-006831,3,2,0
TCK-006832,3,2,0
TCK-006833,3,2,0
TCK-006834,3,2,0
TCK-006835,3,2,0
TCK-006836,3,2,0
TCK-006837,3,2,0
TCK-006838,3,2,0
TCK-006839,3,2,0
TCK-006840,3,2,0
TCK-006841,3,2,0
TCK-006842,3,2,0
TCK-006843,3,2,0
TCK-006844,3,2,0
TCK-006845,3,2,0
TCK-006846,3,2,0
TCK-006847,3,2,0
TCK-006848,3,2,0
TCK-006849,3,2,0
TCK-006850,3,2,0
TCK-006851,3,2,0
TCK-006852,3,2,0
TCK-006853,3,2,0
TCK-006854,3,2,0
TCK-006855,3,2,0
TCK-006856,3,2,0
TCK-006857,4,3,1
TCK-006858,3,2,0
TCK-006859,3,2,0
TCK-006860,3,2,0
TCK-006861,3,2,0
TCK-006862,3,2,0
TCK-006863,3,2,0
TCK-006864,3,2,0
TCK-006865,3,2,0
TCK-006866,3,2,0
TCK-006867,3,2,0
TCK-006868,3,2,0
TCK-006869,3,2,0
TCK-006870,4,3,1
TCK-006871,3,2,0
TCK-006872,3,2,0
TCK-006873,4,3,1
TCK-006874,3,2,0
TCK-006875,3,2,0
TCK-006876,3,2,0
TCK-006877,3,2,0
TCK-006878,3,2,0
TCK-006879,3,2,0
TCK-006880,4,3,1
TCK-006881,3,2,0
TCK-006882,4,3,1
TCK-006883,3,2,0
TCK-006884,3,2,0
TCK-006885,3,2,0
TCK-006886,3,2,0
TCK-006887,3,2,0
TCK-006888,3,2,0
TCK-006889,3,2,0
TCK-006890,4,3,1
TCK-006891,3,2,0
TCK-006892,3,2,0
TCK-006893,3,2,0
TCK-006894,3,2,0
TCK-006895,4,3,1
TCK-006896,3,2,0
TCK-006897,3,2,0
TCK-006898,3,2,0
TCK-006899,3,2,0
TCK-006900,3,2,0
TCK-006901,3,2,0
TCK-006902,3,2,0
TCK-006903,3,2,0
TCK-006904,4,3,1
TCK-006905,3,2,0
TCK-006906,3,2,0
TCK-006907,3,2,0
TCK-006908,4,3,1
TCK-006909,3,2,0
TCK-006910,3,2,0
TCK-006911,3,2,0
TCK-006912,3,2,0
TCK-006913,3,2,0
TCK-006914,3,2,0
TCK-006915,3,2,0
TCK-006916,3,2,0
TCK-006917,3,2,0
TCK-006918,3,2,0
TCK-006919,3,2,0
TCK-006920,3,2,0
TCK-006921,3,2,0
TCK-006922,3,2,0
TCK-006923,3,2,0
TCK-006924,3,2,0
TCK-006925,3,2,0
TCK-006926,3,2,0
TCK-006927,3,2,0
TCK-006928,3,2,0
TCK-006929,3,2,0
TCK-006930,4,3,1
TCK-006931,3,2,0
TCK-006932,4,3,1
TCK-006933,3,2,0
TCK-006934,3,2,0
TCK-006935,3,2,0
TCK-006936,3,2,0
TCK-006937,3,2,0
TCK-006938,3,2,0
TCK-006939,3,2,0
TCK-006940,3,2,0
TCK-006941,3,2,0
TCK-006942,3,2,0
TCK-006943,3,2,0
TCK-006944,3,2,0
TCK-006945,3,2,0
TCK-006946,3,2,0
TCK-006947,3,2,0
TCK-006948,3,2,0
TCK-006949,3,2,0
TCK-006950,3,2,0
TCK-006951,3,2,0
TCK-006952,3,2,0
TCK-006953,3,2,0
TCK-006954,3,2,0
TCK-006955,3,2,0
TCK-006956,3,2,0
TCK-006957,3,2,0
TCK-006958,3,2,0
TCK-006959,3,2,0
TCK-006960,3,2,0
TCK-006961,3,2,0
TCK-006962,3,2,0
TCK-006963,3,2,0
TCK-006964,3,2,0
TCK-006965,3,2,0
TCK-006966,3,2,0
TCK-006967,3,2,0
TCK-006968,3,2,0
TCK-006969,3,2,0
TCK-006970,3,2,0
TCK-006971,3,2,0
TCK-006972,3,2,0
TCK-006973,3,2,0
TCK-006974,3,2,0
TCK-006975,3,2,0
TCK-006976,3,2,0
TCK-006977,3,2,0
TCK-006978,3,2,0
TCK-006979,4,3,1
TCK-006980,3,2,0
TCK-006981,3,2,0
TCK-006982,3,2,0
TCK-006983,3,2,0
TCK-006984,3,2,0
TCK-006985,3,2,0
TCK-006986,3,2,0
TCK-006987,3,2,0
TCK-006988,3,2,0
TCK-006989,3,2,0
TCK-006990,3,2,0
TCK-006991,3,2,0
TCK-006992,4,3,1
TCK-006993,3,2,0
TCK-006994,3,2,0
TCK-006995,3,2,0
TCK-006996,3,2,0
TCK-006997,3,2,0
TCK-006998,3,2,0
TCK-006999,3,2,0
TCK-007000,3,2,0
TCK-007001,3,2,0
TCK-007002,3,2,0
TCK-007003,3,2,0
TCK-007004,4,3,1
TCK-007005,3,2,0
TCK-007006,4,3,1
TCK-007007,3,2,0
TCK-007008,3,2,0
TCK-007009,3,2,0
TCK-007010,3,2,0
TCK-007011,3,2,0
TCK-007012,3,2,0
TCK-007013,4,3,1
TCK-007014,3,2,0
TCK-007015,3,2,0
TCK-007016,3,2,0
TCK-007017,4,3,1
TCK-007018,3,2,0
TCK-007019,4,3,1
TCK-007020,3,2,0
TCK-007021,3,2,0
TCK-007022,4,3,1
TCK-007023,3,2,0
TCK-007024,3,2,0
TCK-007025,3,2,0
TCK-007026,3,2,0
TCK-007027,3,2,0
TCK-007028,3,2,0
TCK-007029,3,2,0
TCK-007030,3,2,0
TCK-007031,3,2,0
TCK-007032,3,2,0
TCK-007033,3,2,0
TCK-007034,3,2,0
TCK-007035,4,3,1
TCK-007036,4,3,1
TCK-007037,3,2,0
TCK-007038,3,2,0
TCK-007039,3,2,0
TCK-007040,3,2,0
TCK-007041,3,2,0
TCK-007042,3,2,0
TCK-007043,3,2,0
TCK-007044,3,2,0
TCK-007045,3,2,0
TCK-007046,3,2,0
TCK-007047,3,2,0
TCK-007048,3,2,0
TCK-007049,3,2,0
TCK-007050,3,2,0
TCK-007051,3,2,0
TCK-007052,3,2,0
TCK-007053,3,2,0
TCK-007054,3,2,0
TCK-007055,4,3,1
TCK-007056,3,2,0
TCK-007057,3,2,0
TCK-007058,3,2,0
TCK-007059,3,2,0
TCK-007060,3,2,0
TCK-007061,3,2,0
TCK-007062,4,3,1
TCK-007063,3,2,0
TCK-007064,3,2,0
TCK-007065,3,2,0
TCK-007066,3,2,0
TCK-007067,3,2,0
TCK-007068,3,2,0
TCK-007069,3,2,0
TCK-007070,3,2,0
TCK-007071,4,3,1
TCK-007072,3,2,0
TCK-007073,3,2,0
TCK-007074,3,2,0
TCK-007075,3,2,0
TCK-007076,3,2,0
TCK-007077,3,2,0
TCK-007078,3,2,0
TCK-007079,3,2,0
TCK-007080,3,2,0
TCK-007081,3,2,0
TCK-007082,3,2,0
TCK-007083,3,2,0
TCK-007084,4,3,1
TCK-007085,3,2,0
TCK-007086,3,2,0
TCK-007087,3,2,0
TCK-007088,3,2,0
TCK-007089,3,2,0
TCK-007090,3,2,0
TCK-007091,3,2,0
TCK-007092,3,2,0
TCK-007093,3,2,0
TCK-007094,3,2,0
TCK-007095,3,2,0
TCK-007096,3,2,0
TCK-007097,4,3,1
TCK-007098,3,2,0
TCK-007099,3,2,0
TCK-007100,3,2,0
TCK-007101,3,2,0
TCK-007102,3,2,0
TCK-007103,3,2,0
TCK-007104,3,2,0
TCK-007105,3,2,0
TCK-007106,3,2,0
TCK-007107,3,2,0
TCK-007108,3,2,0
TCK-007109,3,2,0
TCK-007110,3,2,0
TCK-007111,3,2,0
TCK-007112,3,2,0
TCK-007113,3,2,0
TCK-007114,3,2,0
TCK-007115,3,2,0
TCK-007116,3,2,0
TCK-007117,3,2,0
TCK-007118,3,2,0
TCK-007119,3,2,0
TCK-007120,3,2,0
TCK-007121,3,2,0
TCK-007122,4,3,1
TCK-007123,3,2,0
TCK-007124,3,2,0
TCK-007125,3,2,0
TCK-007126,3,2,0
TCK-007127,4,3,1
TCK-007128,3,2,0
TCK-007129,3,2,0
TCK-007130,4,3,1
TCK-007131,3,2,0
TCK-007132,3,2,0
TCK-007133,3,2,0
TCK-007134,4,3,1
TCK-007135,3,2,0
TCK-007136,3,2,0
TCK-007137,3,2,0
TCK-007138,3,2,0
TCK-007139,3,2,0
TCK-007140,3,2,0
TCK-007141,4,3,1
TCK-007142,3,2,0
TCK-007143,3,2,0
TCK-007144,3,2,0
TCK-007145,3,2,0
TCK-007146,3,2,0
TCK-007147,4,3,1
TCK-007148,3,2,0
TCK-007149,3,2,0
TCK-007150,3,2,0
TCK-007151,3,2,0
TCK-007152,3,2,0
TCK-007153,3,2,0
TCK-007154,3,2,0
TCK-007155,3,2,0
TCK-007156,3,2,0
TCK-007157,3,2,0
TCK-007158,3,2,0
TCK-007159,3,2,0
TCK-007160,3,2,0
TCK-007161,3,2,0
TCK-007162,3,2,0
TCK-007163,4,3,1
TCK-007164,3,2,0
TCK-007165,3,2,0
TCK-007166,3,2,0
TCK-007167,3,2,0
TCK-007168,3,2,0
TCK-007169,4,3,1
TCK-007170,3,2,0
TCK-007171,3,2,0
TCK-007172,3,2,0
TCK-007173,3,2,0
TCK-007174,3,2,0
TCK-007175,3,2,0
TCK-007176,3,2,0
TCK-007177,3,2,0
TCK-007178,3,2,0
TCK-007179,3,2,0
TCK-007180,3,2,0
TCK-007181,3,2,0
TCK-007182,3,2,0
TCK-007183,3,2,0
TCK-007184,3,2,0
TCK-007185,4,3,1
TCK-007186,3,2,0
TCK-007187,4,3,1
TCK-007188,3,2,0
TCK-007189,3,2,0
TCK-007190,3,2,0
TCK-007191,3,2,0
TCK-007192,3,2,0
TCK-007193,3,2,0
TCK-007194,3,2,0
TCK-007195,3,2,0
TCK-007196,3,2,0
TCK-007197,4,3,1
TCK-007198,4,3,1
TCK-007199,3,2,0
TCK-007200,3,2,0
TCK-007201,3,2,0
TCK-007202,3,2,0
TCK-007203,3,2,0
TCK-007204,3,2,0
TCK-007205,3,2,0
TCK-007206,3,2,0
TCK-007207,3,2,0
TCK-007208,3,2,0
TCK-007209,3,2,0
TCK-007210,3,2,0
TCK-007211,3,2,0
TCK-007212,3,2,0
TCK-007213,3,2,0
TCK-007214,3,2,0
TCK-007215,4,3,1
TCK-007216,3,2,0
TCK-007217,3,2,0
TCK-007218,3,2,0
TCK-007219,3,2,0
TCK-007220,3,2,0
TCK-007221,3,2,0
TCK-007222,3,2,0
TCK-007223,3,2,0
TCK-007224,3,2,0
TCK-007225,3,2,0
TCK-007226,3,2,0
TCK-007227,3,2,0
TCK-007228,3,2,0
TCK-007229,3,2,0
TCK-007230,3,2,0
TCK-007231,3,2,0
TCK-007232,3,2,0
TCK-007233,3,2,0
TCK-007234,3,2,0
TCK-007235,3,2,0
TCK-007236,3,2,0
TCK-007237,3,2,0
TCK-007238,3,2,0
TCK-007239,3,2,0
TCK-007240,3,2,0
TCK-007241,3,2,0
TCK-007242,4,3,1
TCK-007243,4,3,1
TCK-007244,3,2,0
TCK-007245,3,2,0
TCK-007246,3,2,0
TCK-007247,3,2,0
TCK-007248,3,2,0
TCK-007249,3,2,0
TCK-007250,3,2,0
TCK-007251,3,2,0
TCK-007252,3,2,0
TCK-007253,3,2,0
TCK-007254,3,2,0
TCK-007255,3,2,0
TCK-007256,4,3,1
TCK-007257,3,2,0
TCK-007258,3,2,0
TCK-007259,3,2,0
TCK-007260,4,3,1
TCK-007261,3,2,0
TCK-007262,3,2,0
TCK-007263,3,2,0
TCK-007264,3,2,0
TCK-007265,3,2,0
TCK-007266,3,2,0
TCK-007267,4,3,1
TCK-007268,3,2,0
TCK-007269,3,2,0
TCK-007270,3,2,0
TCK-007271,3,2,0
TCK-007272,3,2,0
TCK-007273,3,2,0
TCK-007274,3,2,0
TCK-007275,3,2,0
TCK-007276,3,2,0
TCK-007277,3,2,0
TCK-007278,3,2,0
TCK-007279,3,2,0
TCK-007280,3,2,0
TCK-007281,3,2,0
TCK-007282,3,2,0
TCK-007283,3,2,0
TCK-007284,4,3,1
TCK-007285,3,2,0
TCK-007286,3,2,0
TCK-007287,3,2,0
TCK-007288,3,2,0
TCK-007289,3,2,0
TCK-007290,3,2,0
TCK-007291,3,2,0
TCK-007292,3,2,0
TCK-007293,4,3,1
TCK-007294,3,2,0
TCK-007295,3,2,0
TCK-007296,3,2,0
TCK-007297,3,2,0
TCK-007298,3,2,0
TCK-007299,3,2,0
TCK-007300,3,2,0
TCK-007301,4,3,1
TCK-007302,3,2,0
TCK-007303,3,2,0
TCK-007304,3,2,0
TCK-007305,3,2,0
TCK-007306,3,2,0
TCK-007307,3,2,0
TCK-007308,3,2,0
TCK-007309,4,3,1
TCK-007310,3,2,0
TCK-007311,3,2,0
TCK-007312,3,2,0
TCK-007313,3,2,0
TCK-007314,3,2,0
TCK-007315,3,2,0
TCK-007316,3,2,0
TCK-007317,3,2,0
TCK-007318,3,2,0
TCK-007319,3,2,0
TCK-007320,3,2,0
TCK-007321,3,2,0
TCK-007322,3,2,0
TCK-007323,3,2,0
TCK-007324,3,2,0
TCK-007325,3,2,0
TCK-007326,3,2,0
TCK-007327,3,2,0
TCK-007328,3,2,0
TCK-007329,3,2,0
TCK-007330,3,2,0
TCK-007331,3,2,0
TCK-007332,3,2,0
TCK-007333,3,2,0
TCK-007334,3,2,0
TCK-007335,3,2,0
TCK-007336,3,2,0
TCK-007337,3,2,0
TCK-007338,3,2,0
TCK-007339,3,2,0
TCK-007340,3,2,0
TCK-007341,3,2,0
TCK-007342,3,2,0
TCK-007343,3,2,0
TCK-007344,3,2,0
TCK-007345,3,2,0
TCK-007346,3,2,0
TCK-007347,3,2,0
TCK-007348,3,2,0
TCK-007349,3,2,0
TCK-007350,3,2,0
TCK-007351,3,2,0
TCK-007352,3,2,0
TCK-007353,3,2,0
TCK-007354,4,3,1
TCK-007355,3,2,0
TCK-007356,3,2,0
TCK-007357,3,2,0
TCK-007358,3,2,0
TCK-007359,4,3,1
TCK-007360,3,2,0
TCK-007361,3,2,0
TCK-007362,4,3,1
TCK-007363,3,2,0
TCK-007364,3,2,0
TCK-007365,3,2,0
TCK-007366,3,2,0
TCK-007367,3,2,0
TCK-007368,3,2,0
TCK-007369,3,2,0
TCK-007370,3,2,0
TCK-007371,3,2,0
TCK-007372,3,2,0
TCK-007373,4,3,1
TCK-007374,3,2,0
TCK-007375,3,2,0
TCK-007376,3,2,0
TCK-007377,3,2,0
TCK-007378,3,2,0
TCK-007379,3,2,0
TCK-007380,3,2,0
TCK-007381,3,2,0
TCK-007382,3,2,0
TCK-007383,3,2,0
TCK-007384,3,2,0
TCK-007385,4,3,1
TCK-007386,3,2,0
TCK-007387,3,2,0
TCK-007388,3,2,0
TCK-007389,3,2,0
TCK-007390,3,2,0
TCK-007391,3,2,0
TCK-007392,3,2,0
TCK-007393,3,2,0
TCK-007394,3,2,0
TCK-007395,4,3,1
TCK-007396,3,2,0
TCK-007397,3,2,0
TCK-007398,3,2,0
TCK-007399,3,2,0
TCK-007400,3,2,0
TCK-007401,3,2,0
TCK-007402,3,2,0
TCK-007403,3,2,0
TCK-007404,3,2,0
TCK-007405,3,2,0
TCK-007406,3,2,0
TCK-007407,3,2,0
TCK-007408,3,2,0
TCK-007409,3,2,0
TCK-007410,3,2,0
TCK-007411,3,2,0
TCK-007412,3,2,0
TCK-007413,3,2,0
TCK-007414,3,2,0
TCK-007415,3,2,0
TCK-007416,3,2,0
TCK-007417,4,3,1
TCK-007418,3,2,0
TCK-007419,3,2,0
TCK-007420,3,2,0
TCK-007421,3,2,0
TCK-007422,3,2,0
TCK-007423,3,2,0
TCK-007424,3,2,0
TCK-007425,4,3,1
TCK-007426,3,2,0
TCK-007427,3,2,0
TCK-007428,4,3,1
TCK-007429,3,2,0
TCK-007430,3,2,0
TCK-007431,3,2,0
TCK-007432,3,2,0
TCK-007433,3,2,0
TCK-007434,3,2,0
TCK-007435,3,2,0
TCK-007436,3,2,0
TCK-007437,3,2,0
TCK-007438,3,2,0
TCK-007439,3,2,0
TCK-007440,3,2,0
TCK-007441,3,2,0
TCK-007442,3,2,0
TCK-007443,3,2,0
TCK-007444,3,2,0
TCK-007445,4,3,1
TCK-007446,3,2,0
TCK-007447,3,2,0
TCK-007448,3,2,0
TCK-007449,3,2,0
TCK-007450,4,3,1
TCK-007451,4,3,1
TCK-007452,3,2,0
TCK-007453,3,2,0
TCK-007454,3,2,0
TCK-007455,3,2,0
TCK-007456,3,2,0
TCK-007457,3,2,0
TCK-007458,4,3,1
TCK-007459,3,2,0
TCK-007460,3,2,0
TCK-007461,3,2,0
TCK-007462,3,2,0
TCK-007463,3,2,0
TCK-007464,4,3,1
TCK-007465,3,2,0
TCK-007466,3,2,0
TCK-007467,4,3,1
TCK-007468,3,2,0
TCK-007469,3,2,0
TCK-007470,3,2,0
TCK-007471,3,2,0
TCK-007472,3,2,0
TCK-007473,3,2,0
TCK-007474,3,2,0
TCK-007475,3,2,0
TCK-007476,4,3,1
TCK-007477,3,2,0
TCK-007478,3,2,0
TCK-007479,3,2,0
TCK-007480,3,2,0
TCK-007481,3,2,0
TCK-007482,3,2,0
TCK-007483,3,2,0
TCK-007484,3,2,0
TCK-007485,3,2,0
TCK-007486,4,3,1
TCK-007487,3,2,0
TCK-007488,4,3,1
TCK-007489,3,2,0
TCK-007490,3,2,0
TCK-007491,3,2,0
TCK-007492,4,3,1
TCK-007493,3,2,0
TCK-007494,4,3,1
TCK-007495,3,2,0
TCK-007496,3,2,0
TCK-007497,4,3,1
TCK-007498,3,2,0
TCK-007499,3,2,0
TCK-007500,3,2,0
TCK-007501,3,2,0
TCK-007502,3,2,0
TCK-007503,3,2,0
TCK-007504,3,2,0
TCK-007505,3,2,0
TCK-007506,3,2,0
TCK-007507,3,2,0
TCK-007508,3,2,0
TCK-007509,3,2,0
TCK-007510,3,2,0
TCK-007511,3,2,0
TCK-007512,3,2,0
TCK-007513,3,2,0
TCK-007514,3,2,0
TCK-007515,3,2,0
TCK-007516,3,2,0
TCK-007517,3,2,0
TCK-007518,3,2,0
TCK-007519,4,3,1
TCK-007520,3,2,0
TCK-007521,3,2,0
TCK-007522,3,2,0
TCK-007523,3,2,0
TCK-007524,4,3,1
TCK-007525,3,2,0
TCK-007526,3,2,0
TCK-007527,4,3,1
TCK-007528,3,2,0
TCK-007529,4,3,1
TCK-007530,3,2,0
TCK-007531,3,2,0
TCK-007532,3,2,0
TCK-007533,3,2,0
TCK-007534,3,2,0
TCK-007535,3,2,0
TCK-007536,3,2,0
TCK-007537,3,2,0
TCK-007538,3,2,0
TCK-007539,3,2,0
TCK-007540,3,2,0
TCK-007541,3,2,0
TCK-007542,3,2,0
TCK-007543,3,2,0
TCK-007544,3,2,0
TCK-007545,3,2,0
TCK-007546,3,2,0
TCK-007547,3,2,0
TCK-007548,3,2,0
TCK-007549,3,2,0
TCK-007550,4,3,1
TCK-007551,4,3,1
TCK-007552,4,3,1
TCK-007553,3,2,0
TCK-007554,3,2,0
TCK-007555,3,2,0
TCK-007556,3,2,0
TCK-007557,3,2,0
TCK-007558,3,2,0
TCK-007559,3,2,0
TCK-007560,3,2,0
TCK-007561,4,3,1
TCK-007562,3,2,0
TCK-007563,3,2,0
TCK-007564,4,3,1
TCK-007565,3,2,0
TCK-007566,3,2,0
TCK-007567,3,2,0
TCK-007568,3,2,0
TCK-007569,3,2,0
TCK-007570,3,2,0
TCK-007571,3,2,0
TCK-007572,3,2,0
TCK-007573,3,2,0
TCK-007574,3,2,0
TCK-007575,3,2,0
TCK-007576,3,2,0
TCK-007577,3,2,0
TCK-007578,3,2,0
TCK-007579,3,2,0
TCK-007580,3,2,0
TCK-007581,3,2,0
TCK-007582,3,2,0
TCK-007583,3,2,0
TCK-007584,3,2,0
TCK-007585,3,2,0
TCK-007586,3,2,0
TCK-007587,3,2,0
TCK-007588,3,2,0
TCK-007589,3,2,0
TCK-007590,3,2,0
TCK-007591,3,2,0
TCK-007592,3,2,0
TCK-007593,3,2,0
TCK-007594,3,2,0
TCK-007595,3,2,0
TCK-007596,3,2,0
TCK-007597,3,2,0
TCK-007598,3,2,0
TCK-007599,3,2,0
TCK-007600,3,2,0
TCK-007601,4,3,1
TCK-007602,3,2,0
TCK-007603,4,3,1
TCK-007604,3,2,0
TCK-007605,3,2,0
TCK-007606,3,2,0
TCK-007607,3,2,0
TCK-007608,3,2,0
TCK-007609,3,2,0
TCK-007610,3,2,0
TCK-007611,3,2,0
TCK-007612,3,2,0
TCK-007613,3,2,0
TCK-007614,3,2,0
TCK-007615,3,2,0
TCK-007616,3,2,0
TCK-007617,3,2,0
TCK-007618,3,2,0
TCK-007619,3,2,0
TCK-007620,3,2,0
TCK-007621,3,2,0
TCK-007622,3,2,0
TCK-007623,3,2,0
TCK-007624,3,2,0
TCK-007625,4,3,1
TCK-007626,3,2,0
TCK-007627,3,2,0
TCK-007628,3,2,0
TCK-007629,3,2,0
TCK-007630,3,2,0
TCK-007631,3,2,0
TCK-007632,3,2,0
TCK-007633,3,2,0
TCK-007634,3,2,0
TCK-007635,3,2,0
TCK-007636,3,2,0
TCK-007637,3,2,0
TCK-007638,3,2,0
TCK-007639,3,2,0
TCK-007640,3,2,0
TCK-007641,3,2,0
TCK-007642,3,2,0
TCK-007643,3,2,0
TCK-007644,3,2,0
TCK-007645,3,2,0
TCK-007646,4,3,1
TCK-007647,3,2,0
TCK-007648,3,2,0
TCK-007649,3,2,0
TCK-007650,3,2,0
TCK-007651,3,2,0
TCK-007652,3,2,0
TCK-007653,3,2,0
TCK-007654,3,2,0
TCK-007655,3,2,0
TCK-007656,3,2,0
TCK-007657,3,2,0
TCK-007658,3,2,0
TCK-007659,3,2,0
TCK-007660,4,3,1
TCK-007661,3,2,0
TCK-007662,3,2,0
TCK-007663,3,2,0
TCK-007664,3,2,0
TCK-007665,4,3,1
TCK-007666,3,2,0
TCK-007667,3,2,0
TCK-007668,3,2,0
TCK-007669,3,2,0
TCK-007670,3,2,0
TCK-007671,3,2,0
TCK-007672,3,2,0
TCK-007673,3,2,0
TCK-007674,3,2,0
TCK-007675,3,2,0
TCK-007676,3,2,0
TCK-007677,4,3,1
TCK-007678,3,2,0
TCK-007679,3,2,0
TCK-007680,3,2,0
TCK-007681,3,2,0
TCK-007682,3,2,0
TCK-007683,3,2,0
TCK-007684,4,3,1
TCK-007685,3,2,0
TCK-007686,3,2,0
TCK-007687,3,2,0
TCK-007688,3,2,0
TCK-007689,3,2,0
TCK-007690,3,2,0
TCK-007691,3,2,0
TCK-007692,3,2,0
TCK-007693,3,2,0
TCK-007694,3,2,0
TCK-007695,3,2,0
TCK-007696,4,3,1
TCK-007697,3,2,0
TCK-007698,3,2,0
TCK-007699,3,2,0
TCK-007700,3,2,0
TCK-007701,4,3,1
TCK-007702,3,2,0
TCK-007703,3,2,0
TCK-007704,3,2,0
TCK-007705,3,2,0
TCK-007706,3,2,0
TCK-007707,3,2,0
TCK-007708,3,2,0
TCK-007709,4,3,1
TCK-007710,4,3,1
TCK-007711,3,2,0
TCK-007712,3,2,0
TCK-007713,3,2,0
TCK-007714,3,2,0
TCK-007715,3,2,0
TCK-007716,3,2,0
TCK-007717,3,2,0
TCK-007718,3,2,0
TCK-007719,4,3,1
TCK-007720,3,2,0
TCK-007721,3,2,0
TCK-007722,3,2,0
TCK-007723,3,2,0
TCK-007724,3,2,0
TCK-007725,3,2,0
TCK-007726,3,2,0
TCK-007727,3,2,0
TCK-007728,3,2,0
TCK-007729,3,2,0
TCK-007730,3,2,0
TCK-007731,3,2,0
TCK-007732,3,2,0
TCK-007733,3,2,0
TCK-007734,3,2,0
TCK-007735,4,3,1
TCK-007736,3,2,0
TCK-007737,3,2,0
TCK-007738,3,2,0
TCK-007739,3,2,0
TCK-007740,3,2,0
TCK-007741,4,3,1
TCK-007742,3,2,0
TCK-007743,3,2,0
TCK-007744,3,2,0
TCK-007745,3,2,0
TCK-007746,3,2,0
TCK-007747,3,2,0
TCK-007748,3,2,0
TCK-007749,3,2,0
TCK-007750,3,2,0
TCK-007751,3,2,0
TCK-007752,3,2,0
TCK-007753,3,2,0
TCK-007754,3,2,0
TCK-007755,3,2,0
TCK-007756,3,2,0
TCK-007757,3,2,0
TCK-007758,4,3,1
TCK-007759,3,2,0
TCK-007760,3,2,0
TCK-007761,3,2,0
TCK-007762,3,2,0
TCK-007763,3,2,0
TCK-007764,3,2,0
TCK-007765,3,2,0
TCK-007766,3,2,0
TCK-007767,3,2,0
TCK-007768,3,2,0
TCK-007769,3,2,0
TCK-007770,3,2,0
TCK-007771,3,2,0
TCK-007772,3,2,0
TCK-007773,3,2,0
TCK-007774,3,2,0
TCK-007775,3,2,0
TCK-007776,3,2,0
TCK-007777,4,3,1
TCK-007778,3,2,0
TCK-007779,3,2,0
TCK-007780,3,2,0
TCK-007781,3,2,0
TCK-007782,3,2,0
TCK-007783,3,2,0
TCK-007784,3,2,0
TCK-007785,3,2,0
TCK-007786,3,2,0
TCK-007787,3,2,0
TCK-007788,3,2,0
TCK-007789,3,2,0
TCK-007790,3,2,0
TCK-007791,3,2,0
TCK-007792,3,2,0
TCK-007793,3,2,0
TCK-007794,3,2,0
TCK-007795,3,2,0
TCK-007796,3,2,0
TCK-007797,3,2,0
TCK-007798,3,2,0
TCK-007799,3,2,0
TCK-007800,3,2,0
TCK-007801,3,2,0
TCK-007802,3,2,0
TCK-007803,3,2,0
TCK-007804,3,2,0
TCK-007805,3,2,0
TCK-007806,4,3,1
TCK-007807,3,2,0
TCK-007808,4,3,1
TCK-007809,3,2,0
TCK-007810,3,2,0
TCK-007811,3,2,0
TCK-007812,3,2,0
TCK-007813,3,2,0
TCK-007814,3,2,0
TCK-007815,3,2,0
TCK-007816,3,2,0
TCK-007817,3,2,0
TCK-007818,4,3,1
TCK-007819,3,2,0
TCK-007820,3,2,0
TCK-007821,3,2,0
TCK-007822,3,2,0
TCK-007823,3,2,0
TCK-007824,3,2,0
TCK-007825,3,2,0
TCK-007826,3,2,0
TCK-007827,3,2,0
TCK-007828,3,2,0
TCK-007829,3,2,0
TCK-007830,4,3,1
TCK-007831,3,2,0
TCK-007832,3,2,0
TCK-007833,3,2,0
TCK-007834,3,2,0
TCK-007835,3,2,0
TCK-007836,3,2,0
TCK-007837,3,2,0
TCK-007838,3,2,0
TCK-007839,3,2,0
TCK-007840,4,3,1
TCK-007841,3,2,0
TCK-007842,3,2,0
TCK-007843,3,2,0
TCK-007844,3,2,0
TCK-007845,3,2,0
TCK-007846,3,2,0
TCK-007847,3,2,0
TCK-007848,3,2,0
TCK-007849,3,2,0
TCK-007850,4,3,1
TCK-007851,3,2,0
TCK-007852,3,2,0
TCK-007853,3,2,0
TCK-007854,3,2,0
TCK-007855,3,2,0
TCK-007856,3,2,0
TCK-007857,4,3,1
TCK-007858,3,2,0
TCK-007859,3,2,0
TCK-007860,3,2,0
TCK-007861,3,2,0
TCK-007862,3,2,0
TCK-007863,3,2,0
TCK-007864,4,3,1
TCK-007865,3,2,0
TCK-007866,3,2,0
TCK-007867,3,2,0
TCK-007868,3,2,0
TCK-007869,3,2,0
TCK-007870,3,2,0
TCK-007871,3,2,0
TCK-007872,3,2,0
TCK-007873,3,2,0
TCK-007874,3,2,0
TCK-007875,3,2,0
TCK-007876,3,2,0
TCK-007877,3,2,0
TCK-007878,3,2,0
TCK-007879,3,2,0
TCK-007880,3,2,0
TCK-007881,3,2,0
TCK-007882,3,2,0
TCK-007883,3,2,0
TCK-007884,4,3,1
TCK-007885,3,2,0
TCK-007886,3,2,0
TCK-007887,3,2,0
TCK-007888,3,2,0
TCK-007889,3,2,0
TCK-007890,3,2,0
TCK-007891,3,2,0
TCK-007892,3,2,0
TCK-007893,3,2,0
TCK-007894,3,2,0
TCK-007895,3,2,0
TCK-007896,3,2,0
TCK-007897,3,2,0
TCK-007898,3,2,0
TCK-007899,4,3,1
TCK-007900,3,2,0
TCK-007901,3,2,0
TCK-007902,3,2,0
TCK-007903,3,2,0
TCK-007904,3,2,0
TCK-007905,3,2,0
TCK-007906,3,2,0
TCK-007907,3,2,0
TCK-007908,3,2,0
TCK-007909,3,2,0
TCK-007910,3,2,0
TCK-007911,3,2,0
TCK-007912,3,2,0
TCK-007913,3,2,0
TCK-007914,3,2,0
TCK-007915,3,2,0
TCK-007916,3,2,0
TCK-007917,3,2,0
TCK-007918,3,2,0
TCK-007919,3,2,0
TCK-007920,3,2,0
TCK-007921,4,3,1
TCK-007922,3,2,0
TCK-007923,3,2,0
TCK-007924,3,2,0
TCK-007925,3,2,0
TCK-007926,3,2,0
TCK-007927,3,2,0
TCK-007928,3,2,0
TCK-007929,3,2,0
TCK-007930,3,2,0
TCK-007931,4,3,1
TCK-007932,3,2,0
TCK-007933,3,2,0
TCK-007934,3,2,0
TCK-007935,3,2,0
TCK-007936,3,2,0
TCK-007937,3,2,0
TCK-007938,3,2,0
TCK-007939,3,2,0
TCK-007940,3,2,0
TCK-007941,3,2,0
TCK-007942,4,3,1
TCK-007943,3,2,0
TCK-007944,3,2,0
TCK-007945,3,2,0
TCK-007946,3,2,0
TCK-007947,3,2,0
TCK-007948,3,2,0
TCK-007949,3,2,0
TCK-007950,3,2,0
TCK-007951,3,2,0
TCK-007952,3,2,0
TCK-007953,3,2,0
TCK-007954,3,2,0
TCK-007955,3,2,0
TCK-007956,3,2,0
TCK-007957,3,2,0
TCK-007958,3,2,0
TCK-007959,3,2,0
TCK-007960,3,2,0
TCK-007961,3,2,0
TCK-007962,3,2,0
TCK-007963,3,2,0
TCK-007964,3,2,0
TCK-007965,3,2,0
TCK-007966,3,2,0
TCK-007967,4,3,1
TCK-007968,3,2,0
TCK-007969,3,2,0
TCK-007970,3,2,0
TCK-007971,3,2,0
TCK-007972,4,3,1
TCK-007973,3,2,0
TCK-007974,3,2,0
TCK-007975,4,3,1
TCK-007976,3,2,0
TCK-007977,4,3,1
TCK-007978,3,2,0
TCK-007979,3,2,0
TCK-007980,3,2,0
TCK-007981,4,3,1
TCK-007982,3,2,0
TCK-007983,3,2,0
TCK-007984,3,2,0
TCK-007985,3,2,0
TCK-007986,3,2,0
TCK-007987,3,2,0
TCK-007988,3,2,0
TCK-007989,3,2,0
TCK-007990,3,2,0
TCK-007991,4,3,1
TCK-007992,3,2,0
TCK-007993,3,2,0
TCK-007994,3,2,0
TCK-007995,4,3,1
TCK-007996,3,2,0
TCK-007997,4,3,1
TCK-007998,3,2,0
TCK-007999,3,2,0
TCK-008000,3,2,0
