ticket_id,body_len,word_count,num_question,num_exclam,upper_ratio,urgency_hits,kw_refund,kw_cancel,kw_error
TCK-000001,56,10,1,0,0.0217,0,0,0,0
TCK-000002,61,11,0,0,0.0408,0,0,0,1
TCK-000003,101,17,1,0,0.0244,0,0,0,0
TCK-000004,61,11,0,0,0.0408,0,0,0,1
TCK-000005,61,10,0,0,0.02,1,0,0,1
TCK-000006,161,27,0,0,0.0227,2,0,0,1
TCK-000007,57,10,1,0,0.0213,0,0,0,0
TCK-000008,57,10,1,0,0.0213,0,0,0,0
TCK-000009,62,11,0,0,0.02,1,1,0,0
TCK-000010,64,9,0,0,0.037,1,0,0,0
TCK-000011,123,21,0,0,0.03,0,0,0,0
TCK-000012,57,9,1,0,0.0208,0,0,0,0
TCK-000013,57,9,1,0,0.0208,0,0,0,0
TCK-000014,177,30,0,0,0.028,0,0,0,0
TCK-000015,62,11,0,0,0.02,1,1,0,0
TCK-000016,64,12,0,0,0.0192,0,0,0,0
TCK-000017,53,9,0,0,0.0227,0,0,0,0
TCK-000018,57,9,1,0,0.0208,0,0,0,0
TCK-000019,153,27,0,0,0.0242,0,0,0,0
TCK-000020,64,12,0,0,0.0192,0,0,0,0
TCK-000021,149,25,0,0,0.0246,0,0,0,0
TCK-000022,55,10,0,0,0.0222,0,0,0,0
TCK-000023,55,10,0,0,0.0222,0,0,0,0
TCK-000024,91,15,1,0,0.0267,1,0,0,0
TCK-000025,64,12,0,0,0.0192,0,0,0,0
TCK-000026,51,8,0,0,0.0233,1,0,0,1
TCK-000027,56,10,1,0,0.0217,0,0,0,0
TCK-000028,123,21,0,0,0.03,0,0,0,0
TCK-000029,57,10,1,0,0.0213,0,0,0,0
TCK-000030,64,12,0,0,0.0192,0,0,0,0
TCK-000031,54,10,0,0,0.0233,0,0,0,0
TCK-000032,153,27,0,0,0.0242,0,0,0,0
TCK-000033,57,10,1,0,0.0213,0,0,0,0
TCK-000034,53,9,0,0,0.0227,0,0,0,0
TCK-000035,90,16,0,0,0.0274,1,0,0,0
TCK-000036,61,11,0,0,0.0408,0,0,0,1
TCK-000037,59,9,1,0,0.0204,0,0,0,0
TCK-000038,171,25,0,0,0.0352,2,0,0,0
TCK-000039,56,10,1,0,0.0217,0,0,0,0
TCK-000040,95,15,0,0,0.0256,2,0,0,1
TCK-000041,145,23,0,0,0.025,2,0,0,1
TCK-000042,55,8,0,0,0.0217,1,0,1,0
TCK-000043,64,9,0,0,0.037,1,0,0,0
TCK-000044,40,7,0,0,0.0303,0,0,0,0
TCK-000045,59,10,0,0,0.0204,1,0,0,1
TCK-000046,90,16,0,1,0.0278,1,0,0,0
TCK-000047,55,8,0,0,0.0217,1,0,1,0
TCK-000048,40,7,0,0,0.0303,0,0,0,0
TCK-000049,57,10,1,0,0.0213,0,0,0,0
TCK-000050,151,27,0,0,0.025,0,0,0,0
TCK-000051,157,25,2,0,0.0231,0,0,0,0
TCK-000052,55,8,0,0,0.0217,1,0,1,0
TCK-000053,40,7,0,0,0.0303,0,0,0,0
TCK-000054,64,12,0,0,0.0192,0,0,0,0
TCK-000055,51,8,0,0,0.0233,1,0,0,1
TCK-000056,40,7,0,0,0.0303,0,0,0,0
TCK-000057,61,10,0,0,0.02,1,0,0,1
TCK-000058,95,16,0,0,0.039,1,0,0,1
TCK-000059,88,15,0,0,0.0282,1,0,0,0
TCK-000060,54,10,0,0,0.0233,0,0,0,0
TCK-000061,54,10,0,0,0.0233,0,0,0,0
TCK-000062,64,9,0,0,0.037,1,0,0,0
TCK-000063,161,27,0,0,0.0227,2,0,0,1
TCK-000064,101,19,0,1,0.025,1,0,0,0
TCK-000065,61,10,0,0,0.02,1,0,0,1
TCK-000066,61,11,0,0,0.0408,0,0,0,1
TCK-000067,133,23,0,0,0.0278,0,0,0,0
TCK-000068,46,9,0,0,0.0303,2,0,0,1
TCK-000069,53,9,0,0,0.0227,0,0,0,0
TCK-000070,55,10,0,0,0.0222,0,0,0,0
TCK-000071,54,10,0,0,0.0233,0,0,0,0
TCK-000072,46,9,0,0,0.0303,2,0,0,1
TCK-000073,51,8,0,0,0.0233,1,0,0,1
TCK-000074,55,8,0,0,0.0638,0,0,0,0
TCK-000075,51,8,0,0,0.0233,1,0,0,1
TCK-000076,199,34,2,0,0.0248,0,0,0,0
TCK-000077,153,23,0,0,0.0547,0,0,0,0
TCK-000078,61,10,0,0,0.02,1,0,0,1
TCK-000079,93,14,1,0,0.026,1,0,0,0
TCK-000080,61,10,0,0,0.02,1,0,0,1
TCK-000081,64,12,0,0,0.0192,0,0,0,0
TCK-000082,64,12,0,0,0.0192,0,0,0,0
TCK-000083,161,27,0,0,0.0227,2,0,0,1
TCK-000084,51,8,0,0,0.0233,1,0,0,1
TCK-000085,161,25,2,0,0.0227,0,0,0,0
TCK-000086,59,9,1,0,0.0204,0,0,0,0
TCK-000087,56,11,0,0,0.0222,0,0,0,0
TCK-000088,99,18,0,1,0.0256,1,0,0,0
TCK-000089,103,17,0,0,0.0238,1,0,0,1
TCK-000090,46,9,0,0,0.0303,2,0,0,1
TCK-000091,153,23,0,0,0.0547,0,0,0,0
TCK-000092,56,11,0,0,0.0222,0,0,0,0
TCK-000093,145,23,0,0,0.025,2,0,0,1
TCK-000094,167,29,0,0,0.0224,2,1,0,0
TCK-000095,55,8,0,0,0.0638,0,0,0,0
TCK-000096,57,10,1,0,0.0213,0,0,0,0
TCK-000097,54,10,0,0,0.0233,0,0,0,0
TCK-000098,61,10,0,0,0.02,1,0,1,0
TCK-000099,46,9,0,0,0.0303,2,0,0,1
TCK-000100,61,11,0,0,0.0408,0,0,0,1
TCK-000101,61,10,0,0,0.02,1,0,0,1
TCK-000102,51,8,0,0,0.0233,1,0,0,1
TCK-000103,59,9,1,0,0.0204,0,0,0,0
TCK-000104,56,11,0,0,0.0222,0,0,0,0
TCK-000105,74,12,0,0,0.0328,1,0,0,0
TCK-000106,57,9,1,0,0.0208,0,0,0,0
TCK-000107,105,17,0,0,0.0235,1,0,0,1
TCK-000108,61,10,0,0,0.02,1,0,0,1
TCK-000109,64,9,0,0,0.037,1,0,0,0
TCK-000110,100,18,0,0,0.025,0,0,0,0
TCK-000111,55,8,0,0,0.0217,1,0,1,0
TCK-000112,55,8,0,0,0.0638,0,0,0,0
TCK-000113,55,10,0,0,0.0222,0,0,0,0
TCK-000114,61,10,0,0,0.02,1,0,1,0
TCK-000115,55,8,0,0,0.0638,0,0,0,0
TCK-000116,64,12,0,0,0.0192,0,0,0,0
TCK-000117,53,9,0,0,0.0227,0,0,0,0
TCK-000118,153,23,0,0,0.0238,2,0,1,0
TCK-000119,40,7,0,0,0.0303,0,0,0,0
TCK-000120,55,8,0,0,0.0638,0,0,0,0
TCK-000121,64,9,0,0,0.037,1,0,0,0
TCK-000122,62,11,0,0,0.02,1,1,0,0
TCK-000123,64,9,0,0,0.037,1,0,0,0
TCK-000124,56,11,0,0,0.0222,0,0,0,0
TCK-000125,40,7,0,0,0.0303,0,0,0,0
TCK-000126,57,10,1,0,0.0213,0,0,0,0
TCK-000127,56,10,1,0,0.0217,0,0,0,0
TCK-000128,64,9,0,0,0.037,1,0,0,0
TCK-000129,64,9,0,0,0.037,1,0,0,0
TCK-000130,56,11,0,0,0.0222,0,0,0,0
TCK-000131,61,10,0,0,0.02,1,0,1,0
TCK-000132,55,10,0,0,0.0222,0,0,0,0
TCK-000133,51,8,0,0,0.0233,1,0,0,1
TCK-000134,103,16,1,0,0.0238,0,0,0,0
TCK-000135,62,11,0,0,0.02,1,1,0,0
TCK-000136,64,12,0,0,0.0192,0,0,0,0
TCK-000137,51,8,0,0,0.0233,1,0,0,1
TCK-000138,61,10,0,0,0.02,1,0,1,0
TCK-000139,46,9,0,0,0.0303,2,0,0,1
TCK-000140,135,25,0,0,0.03,4,0,0,1
TCK-000141,167,28,0,0,0.0294,1,0,0,0
TCK-000142,153,27,0,0,0.0242,0,0,0,0
TCK-000143,59,9,1,0,0.0204,0,0,0,0
TCK-000144,53,9,0,0,0.0227,0,0,0,0
TCK-000145,80,14,0,0,0.0328,3,0,0,1
TCK-000146,55,10,0,0,0.0222,0,0,0,0
TCK-000147,64,9,0,0,0.037,1,0,0,0
TCK-000148,135,25,0,0,0.03,4,0,0,1
TCK-000149,61,10,0,0,0.02,1,0,0,1
TCK-000150,64,9,0,0,0.037,1,0,0,0
TCK-000151,56,10,1,0,0.0217,0,0,0,0
TCK-000152,155,27,2,0,0.0238,0,0,0,0
TCK-000153,61,11,0,0,0.0408,0,0,0,1
TCK-000154,64,12,0,0,0.0192,0,0,0,0
TCK-000155,55,8,0,0,0.0217,1,0,1,0
TCK-000156,61,10,0,0,0.02,1,0,1,0
TCK-000157,161,27,0,0,0.0227,2,0,0,1
TCK-000158,57,10,1,0,0.0213,0,0,0,0
TCK-000159,61,11,0,0,0.0408,0,0,0,1
TCK-000160,100,17,1,0,0.0247,0,0,0,0
TCK-000161,57,10,1,0,0.0213,0,0,0,0
TCK-000162,167,29,0,0,0.0224,2,1,0,0
TCK-000163,53,9,0,0,0.0227,0,0,0,0
TCK-000164,64,9,0,0,0.037,1,0,0,0
TCK-000165,53,9,0,0,0.0227,0,0,0,0
TCK-000166,54,10,0,0,0.0233,0,0,0,0
TCK-000167,61,10,0,0,0.02,1,0,1,0
TCK-000168,62,11,0,0,0.02,1,1,0,0
TCK-000169,133,23,0,0,0.0278,0,0,0,0
TCK-000170,45,8,0,0,0.027,0,0,0,0
TCK-000171,55,8,0,0,0.0217,1,0,1,0
TCK-000172,149,25,0,0,0.0246,0,0,0,0
TCK-000173,171,31,0,0,0.0217,0,0,0,0
TCK-000174,55,8,0,0,0.0217,1,0,1,0
TCK-000175,59,10,0,0,0.0204,1,0,0,1
TCK-000176,55,10,0,0,0.0222,0,0,0,0
TCK-000177,59,10,0,0,0.0204,1,0,0,1
TCK-000178,55,8,0,0,0.0638,0,0,0,0
TCK-000179,59,9,1,0,0.0204,0,0,0,0
TCK-000180,51,8,0,0,0.0233,1,0,0,1
TCK-000181,155,27,2,0,0.0238,0,0,0,0
TCK-000182,151,27,0,0,0.025,0,0,0,0
TCK-000183,55,10,0,0,0.0222,0,0,0,0
TCK-000184,61,11,0,0,0.0408,0,0,0,1
TCK-000185,64,12,0,0,0.0192,0,0,0,0
TCK-000186,45,8,0,0,0.027,0,0,0,0
TCK-000187,64,9,0,0,0.037,1,0,0,0
TCK-000188,57,10,1,0,0.0213,0,0,0,0
TCK-000189,64,12,0,0,0.0192,0,0,0,0
TCK-000190,56,11,0,0,0.0222,0,0,0,0
TCK-000191,55,8,0,0,0.0638,0,0,0,0
TCK-000192,107,19,0,1,0.0235,2,1,0,0
TCK-000193,56,11,0,0,0.0222,0,0,0,0
TCK-000194,59,10,0,0,0.0204,1,0,0,1
TCK-000195,64,12,0,0,0.0192,0,0,0,0
TCK-000196,53,9,0,0,0.0227,0,0,0,0
TCK-000197,59,10,0,0,0.0204,1,0,0,1
TCK-000198,64,9,0,0,0.037,1,0,0,0
TCK-000199,171,31,0,0,0.0217,0,0,0,0
TCK-000200,55,10,0,0,0.0222,0,0,0,0
TCK-000201,56,10,1,0,0.0217,0,0,0,0
TCK-000202,64,9,0,0,0.037,1,0,0,0
TCK-000203,54,10,0,0,0.0233,0,0,0,0
TCK-000204,55,8,0,0,0.0217,1,0,1,0
TCK-000205,45,8,0,0,0.027,0,0,0,0
TCK-000206,57,9,1,0,0.0208,0,0,0,0
TCK-000207,102,17,1,1,0.0241,1,0,0,0
TCK-000208,57,10,1,0,0.0213,0,0,0,0
TCK-000209,55,10,0,0,0.0222,0,0,0,0
TCK-000210,101,17,1,0,0.0244,0,0,0,0
TCK-000211,62,11,0,0,0.02,1,1,0,0
TCK-000212,56,10,1,0,0.0217,0,0,0,0
TCK-000213,51,8,0,0,0.0233,1,0,0,1
TCK-000214,56,10,1,0,0.0217,0,0,0,0
TCK-000215,64,12,0,0,0.0192,0,0,0,0
TCK-000216,53,9,0,0,0.0227,0,0,0,0
TCK-000217,56,11,0,0,0.0222,0,0,0,0
TCK-000218,167,29,0,0,0.0224,2,1,0,0
TCK-000219,55,10,0,0,0.0222,0,0,0,0
TCK-000220,64,9,0,0,0.037,1,0,0,0
TCK-000221,157,27,2,0,0.0234,0,0,0,0
TCK-000222,62,11,0,0,0.02,1,1,0,0
TCK-000223,105,17,0,0,0.0235,1,0,0,1
TCK-000224,171,31,0,0,0.0217,0,0,0,0
TCK-000225,46,9,0,0,0.0303,2,0,0,1
TCK-000226,64,12,0,0,0.0192,0,0,0,0
TCK-000227,161,25,2,0,0.0227,0,0,0,0
TCK-000228,45,8,0,0,0.027,0,0,0,0
TCK-000229,149,25,0,0,0.0246,0,0,0,0
TCK-000230,55,8,0,0,0.0217,1,0,1,0
TCK-000231,57,10,1,0,0.0213,0,0,0,0
TCK-000232,54,10,0,0,0.0233,0,0,0,0
TCK-000233,61,10,0,0,0.02,1,0,1,0
TCK-000234,64,9,0,0,0.037,1,0,0,0
TCK-000235,104,18,0,1,0.0238,2,0,0,1
TCK-000236,61,10,0,0,0.02,1,0,0,1
TCK-000237,40,7,0,0,0.0303,0,0,0,0
TCK-000238,53,9,0,0,0.0227,0,0,0,0
TCK-000239,153,27,0,0,0.0242,0,0,0,0
TCK-000240,145,23,0,0,0.025,2,0,0,1
TCK-000241,62,11,0,0,0.02,1,1,0,0
TCK-000242,46,9,0,0,0.0303,2,0,0,1
TCK-000243,55,8,0,0,0.0217,1,0,1,0
TCK-000244,155,29,0,0,0.0242,0,0,0,0
TCK-000245,40,7,0,0,0.0303,0,0,0,0
TCK-000246,153,27,0,0,0.0242,0,0,0,0
TCK-000247,62,11,0,0,0.02,1,1,0,0
TCK-000248,59,10,0,0,0.0204,1,0,0,1
TCK-000249,62,11,0,0,0.02,1,1,0,0
TCK-000250,104,18,0,1,0.0238,2,0,0,1
TCK-000251,165,29,0,0,0.0379,0,0,0,1
TCK-000252,155,27,2,0,0.0238,0,0,0,0
TCK-000253,61,10,0,0,0.02,1,0,1,0
TCK-000254,102,18,1,1,0.0244,1,0,0,0
TCK-000255,59,9,1,0,0.0204,0,0,0,0
TCK-000256,153,27,0,0,0.0242,0,0,0,0
TCK-000257,57,10,1,0,0.0213,0,0,0,0
TCK-000258,90,16,0,0,0.0294,2,0,0,1
TCK-000259,64,9,0,0,0.037,1,0,0,0
TCK-000260,51,8,0,0,0.0233,1,0,0,1
TCK-000261,53,9,0,0,0.0227,0,0,0,0
TCK-000262,59,9,1,0,0.0204,0,0,0,0
TCK-000263,45,8,0,0,0.027,0,0,0,0
TCK-000264,59,10,0,0,0.0204,1,0,0,1
TCK-000265,54,10,0,0,0.0233,0,0,0,0
TCK-000266,171,25,0,0,0.0352,2,0,0,0
TCK-000267,55,8,0,0,0.0217,1,0,1,0
TCK-000268,56,11,0,0,0.0222,0,0,0,0
TCK-000269,55,10,0,0,0.0222,0,0,0,0
TCK-000270,56,11,0,0,0.0222,0,0,0,0
TCK-000271,56,10,1,0,0.0217,0,0,0,0
TCK-000272,55,10,0,0,0.0222,0,0,0,0
TCK-000273,89,15,0,0,0.0274,1,0,0,0
TCK-000274,62,11,0,0,0.02,1,1,0,0
TCK-000275,57,10,1,0,0.0213,0,0,0,0
TCK-000276,91,17,0,1,0.0294,3,0,0,1
TCK-000277,46,9,0,0,0.0303,2,0,0,1
TCK-000278,62,11,0,0,0.02,1,1,0,0
TCK-000279,62,11,0,0,0.02,1,1,0,0
TCK-000280,54,10,0,0,0.0233,0,0,0,0
TCK-000281,53,9,0,0,0.0227,0,0,0,0
TCK-000282,56,10,1,0,0.0217,0,0,0,0
TCK-000283,53,9,0,0,0.0227,0,0,0,0
TCK-000284,171,25,0,0,0.0352,2,0,0,0
TCK-000285,55,8,0,0,0.0638,0,0,0,0
TCK-000286,46,9,0,0,0.0303,2,0,0,1
TCK-000287,64,9,0,0,0.037,1,0,0,0
TCK-000288,59,10,0,0,0.0204,1,0,0,1
TCK-000289,171,31,0,0,0.0217,0,0,0,0
TCK-000290,59,9,1,0,0.0204,0,0,0,0
TCK-000291,64,12,0,0,0.0192,0,0,0,0
TCK-000292,61,10,0,0,0.02,1,0,0,1
TCK-000293,101,16,1,0,0.0241,0,0,0,0
TCK-000294,56,10,1,0,0.0217,0,0,0,0
TCK-000295,54,10,0,0,0.0233,0,0,0,0
TCK-000296,57,9,1,0,0.0208,0,0,0,0
TCK-000297,135,25,0,0,0.03,4,0,0,1
TCK-000298,59,10,0,0,0.0204,1,0,0,1
TCK-000299,55,8,0,0,0.0638,0,0,0,0
TCK-000300,64,12,0,0,0.0192,0,0,0,0
TCK-000301,57,10,1,0,0.0213,0,0,0,0
TCK-000302,40,7,0,0,0.0303,0,0,0,0
TCK-000303,64,9,0,0,0.037,1,0,0,0
TCK-000304,54,10,0,0,0.0233,0,0,0,0
TCK-000305,57,10,1,0,0.0213,0,0,0,0
TCK-000306,56,10,1,0,0.0217,0,0,0,0
TCK-000307,61,11,0,0,0.0408,0,0,0,1
TCK-000308,57,9,1,0,0.0208,0,0,0,0
TCK-000309,54,10,0,0,0.0233,0,0,0,0
TCK-000310,56,11,0,0,0.0222,0,0,0,0
TCK-000311,64,9,0,0,0.037,1,0,0,0
TCK-000312,200,37,0,1,0.0252,1,0,0,0
TCK-000313,61,10,0,0,0.02,1,0,1,0
TCK-000314,91,15,1,0,0.0267,1,0,0,0
TCK-000315,45,8,0,0,0.027,0,0,0,0
TCK-000316,165,29,0,0,0.0379,0,0,0,1
TCK-000317,56,11,0,0,0.0222,0,0,0,0
TCK-000318,64,9,0,0,0.037,1,0,0,0
TCK-000319,54,10,0,0,0.0233,0,0,0,0
TCK-000320,54,10,0,0,0.0233,0,0,0,0
TCK-000321,46,9,0,0,0.0303,2,0,0,1
TCK-000322,45,8,0,0,0.027,0,0,0,0
TCK-000323,59,10,0,0,0.0204,1,0,0,1
TCK-000324,55,10,0,0,0.0222,0,0,0,0
TCK-000325,54,10,0,0,0.0233,0,0,0,0
TCK-000326,54,10,0,0,0.0233,0,0,0,0
TCK-000327,61,10,0,0,0.02,1,0,0,1
TCK-000328,59,10,0,0,0.0204,1,0,0,1
TCK-000329,61,11,0,0,0.0408,0,0,0,1
TCK-000330,53,9,0,0,0.0227,0,0,0,0
TCK-000331,55,10,0,0,0.0222,0,0,0,0
TCK-000332,64,9,0,0,0.037,1,0,0,0
TCK-000333,56,11,0,0,0.0222,0,0,0,0
TCK-000334,56,11,0,0,0.0222,0,0,0,0
TCK-000335,53,9,0,0,0.0227,0,0,0,0
TCK-000336,45,8,0,0,0.027,0,0,0,0
TCK-000337,61,11,0,0,0.0408,0,0,0,1
TCK-000338,59,9,1,0,0.0204,0,0,0,0
TCK-000339,195,30,2,0,0.025,1,0,0,0
TCK-000340,55,10,0,0,0.0222,0,0,0,0
TCK-000341,57,9,1,0,0.0208,0,0,0,0
TCK-000342,64,9,0,0,0.037,1,0,0,0
TCK-000343,61,11,0,0,0.0408,0,0,0,1
TCK-000344,56,11,0,0,0.0222,0,0,0,0
TCK-000345,56,10,1,0,0.0217,0,0,0,0
TCK-000346,57,10,1,0,0.0213,0,0,0,0
TCK-000347,101,16,1,0,0.0241,0,0,0,0
TCK-000348,135,25,0,0,0.03,4,0,0,1
TCK-000349,61,11,0,0,0.0408,0,0,0,1
TCK-000350,64,9,0,0,0.037,1,0,0,0
TCK-000351,53,9,0,0,0.0227,0,0,0,0
TCK-000352,61,11,0,0,0.0408,0,0,0,1
TCK-000353,64,9,0,0,0.037,1,0,0,0
TCK-000354,96,16,0,0,0.0256,2,1,0,0
TCK-000355,55,8,0,0,0.0217,1,0,1,0
TCK-000356,53,9,0,0,0.0227,0,0,0,0
TCK-000357,53,9,0,0,0.0227,0,0,0,0
TCK-000358,171,31,0,0,0.0217,0,0,0,0
TCK-000359,56,10,1,0,0.0217,0,0,0,0
TCK-000360,167,29,0,0,0.0224,2,1,0,0
TCK-000361,56,10,1,0,0.0217,0,0,0,0
TCK-000362,61,11,0,0,0.0408,0,0,0,1
TCK-000363,64,12,0,0,0.0192,0,0,0,0
TCK-000364,133,23,0,0,0.0278,0,0,0,0
TCK-000365,155,27,2,0,0.0238,0,0,0,0
TCK-000366,64,12,0,0,0.0192,0,0,0,0
TCK-000367,55,10,0,0,0.0222,0,0,0,0
TCK-000368,62,11,0,0,0.02,1,1,0,0
TCK-000369,55,10,0,0,0.0222,0,0,0,0
TCK-000370,45,8,0,0,0.027,0,0,0,0
TCK-000371,40,7,0,0,0.0303,0,0,0,0
TCK-000372,64,12,0,0,0.0192,0,0,0,0
TCK-000373,53,9,0,0,0.0227,0,0,0,0
TCK-000374,62,11,0,0,0.02,1,1,0,0
TCK-000375,45,8,0,0,0.027,0,0,0,0
TCK-000376,54,10,0,0,0.0233,0,0,0,0
TCK-000377,53,9,0,0,0.0227,0,0,0,0
TCK-000378,57,10,1,0,0.0213,0,0,0,0
TCK-000379,40,7,0,0,0.0303,0,0,0,0
TCK-000380,64,9,0,0,0.037,1,0,0,0
TCK-000381,64,12,0,0,0.0192,0,0,0,0
TCK-000382,57,9,1,0,0.0208,0,0,0,0
TCK-000383,56,10,1,0,0.0217,0,0,0,0
TCK-000384,55,8,0,0,0.0217,1,0,1,0
TCK-000385,51,8,0,0,0.0233,1,0,0,1
TCK-000386,59,9,1,0,0.0204,0,0,0,0
TCK-000387,64,9,0,0,0.037,1,0,0,0
TCK-000388,56,10,1,0,0.0217,0,0,0,0
TCK-000389,57,9,1,0,0.0208,0,0,0,0
TCK-000390,45,8,0,0,0.027,0,0,0,0
TCK-000391,40,7,0,0,0.0303,0,0,0,0
TCK-000392,101,19,0,1,0.025,1,0,0,0
TCK-000393,101,19,0,1,0.025,1,0,0,0
TCK-000394,98,17,0,0,0.0256,0,0,0,0
TCK-000395,64,12,0,0,0.0192,0,0,0,0
TCK-000396,102,17,1,1,0.0241,1,0,0,0
TCK-000397,40,7,0,0,0.0303,0,0,0,0
TCK-000398,56,10,1,0,0.0217,0,0,0,0
TCK-000399,105,17,0,0,0.0235,1,0,1,0
TCK-000400,46,9,0,0,0.0303,2,0,0,1
TCK-000401,57,10,1,0,0.0213,0,0,0,0
TCK-000402,57,9,1,0,0.0208,0,0,0,0
TCK-000403,145,23,0,0,0.025,2,0,0,1
TCK-000404,59,10,0,0,0.0204,1,0,0,1
TCK-000405,59,10,0,0,0.0204,1,0,0,1
TCK-000406,64,12,0,0,0.0192,0,0,0,0
TCK-000407,64,12,0,0,0.0192,0,0,0,0
TCK-000408,165,27,0,0,0.0224,2,0,0,1
TCK-000409,57,10,1,0,0.0213,0,0,0,0
TCK-000410,149,25,0,0,0.0246,0,0,0,0
TCK-000411,53,9,0,0,0.0227,0,0,0,0
TCK-000412,56,10,1,0,0.0217,0,0,0,0
TCK-000413,55,8,0,0,0.0638,0,0,0,0
TCK-000414,46,9,0,0,0.0303,2,0,0,1
TCK-000415,56,11,0,0,0.0222,0,0,0,0
TCK-000416,165,27,0,0,0.0224,2,0,0,1
TCK-000417,56,11,0,0,0.0222,0,0,0,0
TCK-000418,98,14,0,0,0.0366,2,0,0,0
TCK-000419,64,12,0,0,0.0192,0,0,0,0
TCK-000420,59,10,0,0,0.0204,1,0,0,1
TCK-000421,64,9,0,0,0.037,1,0,0,0
TCK-000422,45,8,0,0,0.027,0,0,0,0
TCK-000423,51,8,0,0,0.0233,1,0,0,1
TCK-000424,57,10,1,0,0.0213,0,0,0,0
TCK-000425,99,17,0,0,0.025,0,0,0,0
TCK-000426,55,10,0,0,0.0222,0,0,0,0
TCK-000427,61,10,0,0,0.02,1,0,1,0
TCK-000428,155,29,0,0,0.0242,0,0,0,0
TCK-000429,45,8,0,0,0.027,0,0,0,0
TCK-000430,56,10,1,0,0.0217,0,0,0,0
TCK-000431,59,10,0,0,0.0204,1,0,0,1
TCK-000432,59,10,0,0,0.0204,1,0,0,1
TCK-000433,54,10,0,0,0.0233,0,0,0,0
TCK-000434,56,10,1,0,0.0217,0,0,0,0
TCK-000435,51,8,0,0,0.0233,1,0,0,1
TCK-000436,57,9,1,0,0.0208,0,0,0,0
TCK-000437,46,9,0,0,0.0303,2,0,0,1
TCK-000438,53,9,0,0,0.0227,0,0,0,0
TCK-000439,59,10,0,0,0.0204,1,0,0,1
TCK-000440,171,31,0,0,0.0217,0,0,0,0
TCK-000441,151,27,0,0,0.025,0,0,0,0
TCK-000442,57,10,1,0,0.0213,0,0,0,0
TCK-000443,64,12,0,0,0.0192,0,0,0,0
TCK-000444,61,11,0,0,0.0408,0,0,0,1
TCK-000445,53,9,0,0,0.0227,0,0,0,0
TCK-000446,133,23,0,0,0.0278,0,0,0,0
TCK-000447,61,10,0,0,0.02,1,0,1,0
TCK-000448,194,33,0,1,0.0255,1,0,0,0
TCK-000449,89,15,0,0,0.0278,0,0,0,0
TCK-000450,59,9,1,0,0.0204,0,0,0,0
TCK-000451,51,8,0,0,0.0233,1,0,0,1
TCK-000452,62,11,0,0,0.02,1,1,0,0
TCK-000453,53,9,0,0,0.0227,0,0,0,0
TCK-000454,79,13,0,0,0.0308,1,0,0,0
TCK-000455,51,8,0,0,0.0233,1,0,0,1
TCK-000456,171,31,0,0,0.0217,0,0,0,0
TCK-000457,153,23,0,0,0.0238,2,0,1,0
TCK-000458,55,10,0,0,0.0222,0,0,0,0
TCK-000459,64,12,0,0,0.0192,0,0,0,0
TCK-000460,64,9,0,0,0.037,1,0,0,0
TCK-000461,51,8,0,0,0.0233,1,0,0,1
TCK-000462,61,10,0,0,0.02,1,0,0,1
TCK-000463,61,10,0,0,0.02,1,0,1,0
TCK-000464,106,18,0,0,0.0235,1,1,0,0
TCK-000465,167,29,0,0,0.0224,2,1,0,0
TCK-000466,165,27,0,0,0.0224,2,0,1,0
TCK-000467,100,16,0,1,0.0488,1,0,0,0
TCK-000468,55,8,0,0,0.0217,1,0,1,0
TCK-000469,62,11,0,0,0.02,1,1,0,0
TCK-000470,53,9,0,0,0.0227,0,0,0,0
TCK-000471,95,15,0,0,0.0256,2,0,0,1
TCK-000472,57,10,1,0,0.0213,0,0,0,0
TCK-000473,53,9,0,0,0.0227,0,0,0,0
TCK-000474,55,10,0,0,0.0222,0,0,0,0
TCK-000475,57,9,1,0,0.0208,0,0,0,0
TCK-000476,59,10,0,0,0.0204,1,0,0,1
TCK-000477,64,9,0,0,0.037,1,0,0,0
TCK-000478,59,10,0,0,0.0204,1,0,0,1
TCK-000479,57,10,1,0,0.0213,0,0,0,0
TCK-000480,59,10,0,0,0.0204,1,0,0,1
TCK-000481,45,8,0,0,0.027,0,0,0,0
TCK-000482,55,10,0,0,0.0222,0,0,0,0
TCK-000483,61,11,0,0,0.0408,0,0,0,1
TCK-000484,99,17,0,0,0.025,0,0,0,0
TCK-000485,59,9,1,0,0.0204,0,0,0,0
TCK-000486,61,10,0,0,0.02,1,0,0,1
TCK-000487,56,11,0,0,0.0222,0,0,0,0
TCK-000488,53,9,0,0,0.0227,0,0,0,0
TCK-000489,106,18,0,1,0.0235,2,0,0,1
TCK-000490,61,10,0,0,0.02,1,0,0,1
TCK-000491,55,8,0,0,0.0217,1,0,1,0
TCK-000492,101,18,1,1,0.0247,1,0,0,0
TCK-000493,54,10,0,0,0.0233,0,0,0,0
TCK-000494,61,10,0,0,0.02,1,0,1,0
TCK-000495,57,10,1,0,0.0213,0,0,0,0
TCK-000496,57,9,1,0,0.0208,0,0,0,0
TCK-000497,57,10,1,0,0.0213,0,0,0,0
TCK-000498,61,10,0,0,0.02,1,0,0,1
TCK-000499,59,9,1,0,0.0204,0,0,0,0
TCK-000500,55,8,0,0,0.0217,1,0,1,0
TCK-000501,55,8,0,0,0.0217,1,0,1,0
TCK-000502,135,25,0,0,0.03,4,0,0,1
TCK-000503,45,8,0,0,0.027,0,0,0,0
TCK-000504,57,10,1,0,0.0213,0,0,0,0
TCK-000505,54,10,0,0,0.0233,0,0,0,0
TCK-000506,55,10,0,0,0.0222,0,0,0,0
TCK-000507,165,29,0,0,0.0379,0,0,0,1
TCK-000508,56,10,1,0,0.0217,0,0,0,0
TCK-000509,61,10,0,0,0.02,1,0,1,0
TCK-000510,56,11,0,0,0.0222,0,0,0,0
TCK-000511,56,10,1,0,0.0217,0,0,0,0
TCK-000512,59,10,0,0,0.0204,1,0,0,1
TCK-000513,46,9,0,0,0.0303,2,0,0,1
TCK-000514,45,8,0,0,0.027,0,0,0,0
TCK-000515,167,29,0,0,0.0224,2,1,0,0
TCK-000516,46,9,0,0,0.0303,2,0,0,1
TCK-000517,62,11,0,0,0.02,1,1,0,0
TCK-000518,161,27,0,0,0.0227,2,0,0,1
TCK-000519,61,10,0,0,0.02,1,0,0,1
TCK-000520,57,10,1,0,0.0213,0,0,0,0
TCK-000521,53,9,0,0,0.0227,0,0,0,0
TCK-000522,62,11,0,0,0.02,1,1,0,0
TCK-000523,155,29,0,0,0.0242,0,0,0,0
TCK-000524,62,11,0,0,0.02,1,1,0,0
TCK-000525,45,8,0,0,0.027,0,0,0,0
TCK-000526,149,25,0,0,0.0246,0,0,0,0
TCK-000527,51,8,0,0,0.0233,1,0,0,1
TCK-000528,40,7,0,0,0.0303,0,0,0,0
TCK-000529,57,10,1,0,0.0213,0,0,0,0
TCK-000530,51,8,0,0,0.0233,1,0,0,1
TCK-000531,171,25,0,0,0.0352,2,0,0,0
TCK-000532,55,8,0,0,0.0638,0,0,0,0
TCK-000533,62,11,0,0,0.02,1,1,0,0
TCK-000534,155,27,2,0,0.0238,0,0,0,0
TCK-000535,55,10,0,0,0.0222,0,0,0,0
TCK-000536,40,7,0,0,0.0303,0,0,0,0
TCK-000537,46,9,0,0,0.0303,2,0,0,1
TCK-000538,64,9,0,0,0.037,1,0,0,0
TCK-000539,51,8,0,0,0.0233,1,0,0,1
TCK-000540,54,10,0,0,0.0233,0,0,0,0
TCK-000541,59,9,1,0,0.0204,0,0,0,0
TCK-000542,55,10,0,0,0.0222,0,0,0,0
TCK-000543,55,10,0,0,0.0222,0,0,0,0
TCK-000544,89,15,0,0,0.0278,0,0,0,0
TCK-000545,61,10,0,0,0.02,1,0,1,0
TCK-000546,51,8,0,0,0.0233,1,0,0,1
TCK-000547,61,10,0,0,0.02,1,0,1,0
TCK-000548,157,25,2,0,0.0231,0,0,0,0
TCK-000549,59,10,0,0,0.0204,1,0,0,1
TCK-000550,56,11,0,0,0.0222,0,0,0,0
TCK-000551,89,13,0,0,0.0533,1,0,0,0
TCK-000552,55,8,0,0,0.0217,1,0,1,0
TCK-000553,46,9,0,0,0.0303,2,0,0,1
TCK-000554,55,8,0,0,0.0638,0,0,0,0
TCK-000555,57,9,1,0,0.0208,0,0,0,0
TCK-000556,149,25,0,0,0.0246,0,0,0,0
TCK-000557,56,11,0,0,0.0222,0,0,0,0
TCK-000558,55,10,0,0,0.0222,0,0,0,0
TCK-000559,55,10,0,0,0.0222,0,0,0,0
TCK-000560,95,15,0,0,0.0256,1,0,0,1
TCK-000561,56,11,0,0,0.0222,0,0,0,0
TCK-000562,55,10,0,0,0.0222,0,0,0,0
TCK-000563,61,11,0,0,0.0408,0,0,0,1
TCK-000564,53,9,0,0,0.0227,0,0,0,0
TCK-000565,61,10,0,0,0.02,1,0,0,1
TCK-000566,61,10,0,0,0.02,1,0,1,0
TCK-000567,57,10,1,0,0.0213,0,0,0,0
TCK-000568,51,8,0,0,0.0233,1,0,0,1
TCK-000569,64,12,0,0,0.0192,0,0,0,0
TCK-000570,155,27,2,0,0.0238,0,0,0,0
TCK-000571,59,10,0,0,0.0204,1,0,0,1
TCK-000572,45,8,0,0,0.027,0,0,0,0
TCK-000573,45,8,0,0,0.027,0,0,0,0
TCK-000574,157,27,2,0,0.0234,0,0,0,0
TCK-000575,55,10,0,0,0.0222,0,0,0,0
TCK-000576,54,10,0,0,0.0233,0,0,0,0
TCK-000577,57,10,1,0,0.0213,0,0,0,0
TCK-000578,51,8,0,0,0.0233,1,0,0,1
TCK-000579,90,15,1,0,0.027,1,0,0,0
TCK-000580,88,15,0,0,0.0282,1,0,0,0
TCK-000581,200,37,0,1,0.0252,1,0,0,0
TCK-000582,62,11,0,0,0.02,1,1,0,0
TCK-000583,53,9,0,0,0.0227,0,0,0,0
TCK-000584,57,9,1,0,0.0208,0,0,0,0
TCK-000585,51,8,0,0,0.0233,1,0,0,1
TCK-000586,55,8,0,0,0.0217,1,0,1,0
TCK-000587,167,29,0,0,0.0224,2,1,0,0
TCK-000588,51,8,0,0,0.0233,1,0,0,1
TCK-000589,123,21,0,0,0.03,0,0,0,0
TCK-000590,59,10,0,0,0.0204,1,0,0,1
TCK-000591,100,18,0,1,0.025,1,0,0,0
TCK-000592,93,14,1,0,0.026,1,0,0,0
TCK-000593,171,31,0,0,0.0217,0,0,0,0
TCK-000594,51,8,0,0,0.0233,1,0,0,1
TCK-000595,99,17,0,0,0.025,0,0,0,0
TCK-000596,95,15,0,0,0.0256,1,0,0,1
TCK-000597,59,10,0,0,0.0204,1,0,0,1
TCK-000598,55,10,0,0,0.0222,0,0,0,0
TCK-000599,161,25,2,0,0.0227,0,0,0,0
TCK-000600,199,34,0,0,0.0375,1,0,0,1
TCK-000601,64,12,0,0,0.0192,0,0,0,0
TCK-000602,61,10,0,0,0.02,1,0,0,1
TCK-000603,54,10,0,0,0.0233,0,0,0,0
TCK-000604,56,10,1,0,0.0217,0,0,0,0
TCK-000605,155,29,0,0,0.0242,0,0,0,0
TCK-000606,64,9,0,0,0.037,1,0,0,0
TCK-000607,56,11,0,0,0.0222,0,0,0,0
TCK-000608,55,8,0,0,0.0638,0,0,0,0
TCK-000609,64,9,0,0,0.037,1,0,0,0
TCK-000610,55,10,0,0,0.0222,0,0,0,0
TCK-000611,57,9,1,0,0.0208,0,0,0,0
TCK-000612,55,8,0,0,0.0217,1,0,1,0
TCK-000613,57,10,1,0,0.0213,0,0,0,0
TCK-000614,205,36,0,0,0.0241,1,0,0,0
TCK-000615,59,10,0,0,0.0204,1,0,0,1
TCK-000616,54,10,0,0,0.0233,0,0,0,0
TCK-000617,57,9,1,0,0.0208,0,0,0,0
TCK-000618,55,8,0,0,0.0638,0,0,0,0
TCK-000619,54,10,0,0,0.0233,0,0,0,0
TCK-000620,53,9,0,0,0.0227,0,0,0,0
TCK-000621,61,10,0,0,0.02,1,0,1,0
TCK-000622,56,11,0,0,0.0222,0,0,0,0
TCK-000623,57,9,1,0,0.0208,0,0,0,0
TCK-000624,151,27,0,0,0.025,0,0,0,0
TCK-000625,56,11,0,0,0.0222,0,0,0,0
TCK-000626,61,11,0,0,0.0408,0,0,0,1
TCK-000627,53,9,0,0,0.0227,0,0,0,0
TCK-000628,53,9,0,0,0.0227,0,0,0,0
TCK-000629,45,8,0,0,0.027,0,0,0,0
TCK-000630,79,13,0,0,0.0308,1,0,0,0
TCK-000631,56,11,0,0,0.0222,0,0,0,0
TCK-000632,64,12,0,0,0.0192,0,0,0,0
TCK-000633,161,27,0,0,0.0227,2,0,0,1
TCK-000634,55,10,0,0,0.0222,0,0,0,0
TCK-000635,161,27,0,0,0.0227,2,0,0,1
TCK-000636,55,10,0,0,0.0222,0,0,0,0
TCK-000637,161,25,2,0,0.0227,0,0,0,0
TCK-000638,45,8,0,0,0.027,0,0,0,0
TCK-000639,61,10,0,0,0.02,1,0,0,1
TCK-000640,53,9,0,0,0.0227,0,0,0,0
TCK-000641,46,9,0,0,0.0303,2,0,0,1
TCK-000642,104,17,1,1,0.0238,1,0,0,0
TCK-000643,155,27,2,0,0.0238,0,0,0,0
TCK-000644,61,11,0,0,0.0408,0,0,0,1
TCK-000645,54,10,0,0,0.0233,0,0,0,0
TCK-000646,59,9,1,0,0.0204,0,0,0,0
TCK-000647,61,10,0,0,0.02,1,0,0,1
TCK-000648,133,23,0,0,0.0278,0,0,0,0
TCK-000649,123,21,0,0,0.03,0,0,0,0
TCK-000650,56,10,1,0,0.0217,0,0,0,0
TCK-000651,59,9,1,0,0.0204,0,0,0,0
TCK-000652,56,10,1,0,0.0217,0,0,0,0
TCK-000653,161,27,0,0,0.0227,2,0,0,1
TCK-000654,151,27,0,0,0.025,0,0,0,0
TCK-000655,64,12,0,0,0.0192,0,0,0,0
TCK-000656,107,19,0,1,0.0235,2,1,0,0
TCK-000657,56,11,0,0,0.0222,0,0,0,0
TCK-000658,62,11,0,0,0.02,1,1,0,0
TCK-000659,157,27,2,0,0.0234,0,0,0,0
TCK-000660,57,10,1,0,0.0213,0,0,0,0
TCK-000661,57,10,1,0,0.0213,0,0,0,0
TCK-000662,61,10,0,0,0.02,1,0,0,1
TCK-000663,61,11,0,0,0.0408,0,0,0,1
TCK-000664,55,10,0,0,0.0222,0,0,0,0
TCK-000665,54,10,0,0,0.0233,0,0,0,0
TCK-000666,40,7,0,0,0.0303,0,0,0,0
TCK-000667,46,9,0,0,0.0303,2,0,0,1
TCK-000668,55,8,0,0,0.0217,1,0,1,0
TCK-000669,103,17,0,0,0.0238,1,0,0,1
TCK-000670,62,11,0,0,0.02,1,1,0,0
TCK-000671,165,29,0,0,0.0379,0,0,0,1
TCK-000672,56,11,0,0,0.0222,0,0,0,0
TCK-000673,165,27,0,0,0.0224,2,0,1,0
TCK-000674,64,9,0,0,0.037,1,0,0,0
TCK-000675,157,25,2,0,0.0231,0,0,0,0
TCK-000676,64,9,0,0,0.037,1,0,0,0
TCK-000677,55,10,0,0,0.0222,0,0,0,0
TCK-000678,53,9,0,0,0.0227,0,0,0,0
TCK-000679,57,9,1,0,0.0208,0,0,0,0
TCK-000680,153,27,0,0,0.0242,0,0,0,0
TCK-000681,157,27,2,0,0.0234,0,0,0,0
TCK-000682,59,9,1,0,0.0204,0,0,0,0
TCK-000683,59,9,1,0,0.0204,0,0,0,0
TCK-000684,64,12,0,0,0.0192,0,0,0,0
TCK-000685,40,7,0,0,0.0303,0,0,0,0
TCK-000686,53,9,0,0,0.0227,0,0,0,0
TCK-000687,53,9,0,0,0.0227,0,0,0,0
TCK-000688,45,8,0,0,0.027,0,0,0,0
TCK-000689,62,11,0,0,0.02,1,1,0,0
TCK-000690,62,11,0,0,0.02,1,1,0,0
TCK-000691,161,25,2,0,0.0227,0,0,0,0
TCK-000692,153,27,0,0,0.0242,0,0,0,0
TCK-000693,56,10,1,0,0.0217,0,0,0,0
TCK-000694,57,9,1,0,0.0208,0,0,0,0
TCK-000695,55,8,0,0,0.0217,1,0,1,0
TCK-000696,54,10,0,0,0.0233,0,0,0,0
TCK-000697,45,8,0,0,0.027,0,0,0,0
TCK-000698,103,16,1,0,0.0238,0,0,0,0
TCK-000699,61,11,0,0,0.0408,0,0,0,1
TCK-000700,56,10,1,0,0.0217,0,0,0,0
TCK-000701,98,17,0,1,0.0253,1,0,0,0
TCK-000702,51,8,0,0,0.0233,1,0,0,1
TCK-000703,57,10,1,0,0.0213,0,0,0,0
TCK-000704,56,11,0,0,0.0222,0,0,0,0
TCK-000705,40,7,0,0,0.0303,0,0,0,0
TCK-000706,165,29,0,0,0.0379,0,0,0,1
TCK-000707,61,11,0,0,0.0408,0,0,0,1
TCK-000708,55,8,0,0,0.0638,0,0,0,0
TCK-000709,161,27,0,0,0.0227,2,0,0,1
TCK-000710,55,8,0,0,0.0638,0,0,0,0
TCK-000711,56,10,1,0,0.0217,0,0,0,0
TCK-000712,90,16,0,0,0.0274,1,0,0,0
TCK-000713,57,9,1,0,0.0208,0,0,0,0
TCK-000714,46,9,0,0,0.0303,2,0,0,1
TCK-000715,56,11,0,0,0.0222,0,0,0,0
TCK-000716,40,7,0,0,0.0303,0,0,0,0
TCK-000717,57,10,1,0,0.0213,0,0,0,0
TCK-000718,55,8,0,0,0.0217,1,0,1,0
TCK-000719,64,9,0,0,0.037,1,0,0,0
TCK-000720,99,17,0,0,0.025,0,0,0,0
TCK-000721,59,10,0,0,0.0204,1,0,0,1
TCK-000722,64,9,0,0,0.037,1,0,0,0
TCK-000723,56,11,0,0,0.0222,0,0,0,0
TCK-000724,93,14,1,0,0.026,1,0,0,0
TCK-000725,56,10,1,0,0.0217,0,0,0,0
TCK-000726,56,11,0,0,0.0222,0,0,0,0
TCK-000727,59,10,0,0,0.0204,1,0,0,1
TCK-000728,61,10,0,0,0.02,1,0,1,0
TCK-000729,56,11,0,0,0.0222,0,0,0,0
TCK-000730,61,10,0,0,0.02,1,0,1,0
TCK-000731,55,10,0,0,0.0222,0,0,0,0
TCK-000732,56,11,0,0,0.0222,0,0,0,0
TCK-000733,90,16,0,1,0.0278,1,0,0,0
TCK-000734,64,12,0,0,0.0192,0,0,0,0
TCK-000735,106,18,0,1,0.0235,2,0,0,1
TCK-000736,55,8,0,0,0.0217,1,0,1,0
TCK-000737,151,27,0,0,0.025,0,0,0,0
TCK-000738,56,11,0,0,0.0222,0,0,0,0
TCK-000739,56,10,1,0,0.0217,0,0,0,0
TCK-000740,57,9,1,0,0.0208,0,0,0,0
TCK-000741,61,10,0,0,0.02,1,0,0,1
TCK-000742,56,11,0,0,0.0222,0,0,0,0
TCK-000743,56,11,0,0,0.0222,0,0,0,0
TCK-000744,56,11,0,0,0.0222,0,0,0,0
TCK-000745,53,9,0,0,0.0227,0,0,0,0
TCK-000746,40,7,0,0,0.0303,0,0,0,0
TCK-000747,56,11,0,0,0.0222,0,0,0,0
TCK-000748,55,10,0,0,0.0222,0,0,0,0
TCK-000749,56,10,1,0,0.0217,0,0,0,0
TCK-000750,64,9,0,0,0.037,1,0,0,0
TCK-000751,153,27,0,0,0.0242,0,0,0,0
TCK-000752,56,11,0,0,0.0222,0,0,0,0
TCK-000753,61,10,0,0,0.02,1,0,1,0
TCK-000754,100,16,0,1,0.0247,2,0,1,0
TCK-000755,157,27,2,0,0.0234,0,0,0,0
TCK-000756,46,9,0,0,0.0303,2,0,0,1
TCK-000757,54,10,0,0,0.0233,0,0,0,0
TCK-000758,61,11,0,0,0.0408,0,0,0,1
TCK-000759,153,27,0,0,0.0242,0,0,0,0
TCK-000760,57,10,1,0,0.0213,0,0,0,0
TCK-000761,46,9,0,0,0.0303,2,0,0,1
TCK-000762,151,27,0,0,0.025,0,0,0,0
TCK-000763,155,29,0,0,0.0242,0,0,0,0
TCK-000764,55,8,0,0,0.0217,1,0,1,0
TCK-000765,149,25,0,0,0.0246,0,0,0,0
TCK-000766,40,7,0,0,0.0303,0,0,0,0
TCK-000767,53,9,0,0,0.0227,0,0,0,0
TCK-000768,59,10,0,0,0.0204,1,0,0,1
TCK-000769,157,27,2,0,0.0234,0,0,0,0
TCK-000770,40,7,0,0,0.0303,0,0,0,0
TCK-000771,46,9,0,0,0.0303,2,0,0,1
TCK-000772,40,7,0,0,0.0303,0,0,0,0
TCK-000773,55,8,0,0,0.0217,1,0,1,0
TCK-000774,171,25,0,0,0.0352,2,0,0,0
TCK-000775,64,9,0,0,0.037,1,0,0,0
TCK-000776,56,10,1,0,0.0217,0,0,0,0
TCK-000777,45,8,0,0,0.027,0,0,0,0
TCK-000778,64,12,0,0,0.0192,0,0,0,0
TCK-000779,64,9,0,0,0.037,1,0,0,0
TCK-000780,56,10,1,0,0.0217,0,0,0,0
TCK-000781,64,9,0,0,0.037,1,0,0,0
TCK-000782,62,11,0,0,0.02,1,1,0,0
TCK-000783,64,12,0,0,0.0192,0,0,0,0
TCK-000784,100,17,1,0,0.0247,0,0,0,0
TCK-000785,64,9,0,0,0.037,1,0,0,0
TCK-000786,64,9,0,0,0.037,1,0,0,0
TCK-000787,53,9,0,0,0.0227,0,0,0,0
TCK-000788,61,10,0,0,0.02,1,0,1,0
TCK-000789,57,10,1,0,0.0213,0,0,0,0
TCK-000790,53,9,0,0,0.0227,0,0,0,0
TCK-000791,40,7,0,0,0.0303,0,0,0,0
TCK-000792,153,27,0,0,0.0242,0,0,0,0
TCK-000793,104,17,1,1,0.0238,1,0,0,0
TCK-000794,51,8,0,0,0.0233,1,0,0,1
TCK-000795,55,10,0,0,0.0222,0,0,0,0
TCK-000796,56,10,1,0,0.0217,0,0,0,0
TCK-000797,59,10,0,0,0.0204,1,0,0,1
TCK-000798,56,11,0,0,0.0222,0,0,0,0
TCK-000799,59,10,0,0,0.0204,1,0,0,1
TCK-000800,55,8,0,0,0.0217,1,0,1,0
TCK-000801,61,10,0,0,0.02,1,0,1,0
TCK-000802,55,8,0,0,0.0217,1,0,1,0
TCK-000803,56,10,1,0,0.0217,0,0,0,0
TCK-000804,62,11,0,0,0.02,1,1,0,0
TCK-000805,56,10,1,0,0.0217,0,0,0,0
TCK-000806,61,10,0,0,0.02,1,0,0,1
TCK-000807,59,10,0,0,0.0204,1,0,0,1
TCK-000808,56,10,1,0,0.0217,0,0,0,0
TCK-000809,53,9,0,0,0.0227,0,0,0,0
TCK-000810,45,8,0,0,0.027,0,0,0,0
TCK-000811,216,39,0,1,0.0231,1,0,0,0
TCK-000812,61,10,0,0,0.02,1,0,0,1
TCK-000813,153,23,0,0,0.0238,2,0,1,0
TCK-000814,59,10,0,0,0.0204,1,0,0,1
TCK-000815,55,8,0,0,0.0638,0,0,0,0
TCK-000816,55,8,0,0,0.0638,0,0,0,0
TCK-000817,123,21,0,0,0.03,0,0,0,0
TCK-000818,157,27,2,0,0.0234,0,0,0,0
TCK-000819,57,10,1,0,0.0213,0,0,0,0
TCK-000820,165,27,0,0,0.0224,2,0,1,0
TCK-000821,46,9,0,0,0.0303,2,0,0,1
TCK-000822,45,8,0,0,0.027,0,0,0,0
TCK-000823,56,10,1,0,0.0217,0,0,0,0
TCK-000824,98,14,0,0,0.0366,2,0,0,0
TCK-000825,167,29,0,0,0.0224,2,1,0,0
TCK-000826,53,9,0,0,0.0227,0,0,0,0
TCK-000827,64,9,0,0,0.037,1,0,0,0
TCK-000828,149,25,0,0,0.0246,0,0,0,0
TCK-000829,171,25,0,0,0.0352,2,0,0,0
TCK-000830,45,8,0,0,0.027,0,0,0,0
TCK-000831,155,27,2,0,0.0238,0,0,0,0
TCK-000832,55,10,0,0,0.0222,0,0,0,0
TCK-000833,64,12,0,0,0.0192,0,0,0,0
TCK-000834,55,10,0,0,0.0222,0,0,0,0
TCK-000835,57,10,1,0,0.0213,0,0,0,0
TCK-000836,64,9,0,0,0.037,1,0,0,0
TCK-000837,54,10,0,0,0.0233,0,0,0,0
TCK-000838,59,10,0,0,0.0204,1,0,0,1
TCK-000839,51,8,0,0,0.0233,1,0,0,1
TCK-000840,59,10,0,0,0.0204,1,0,0,1
TCK-000841,61,11,0,0,0.0408,0,0,0,1
TCK-000842,64,12,0,0,0.0192,0,0,0,0
TCK-000843,101,19,0,1,0.025,1,0,0,0
TCK-000844,54,10,0,0,0.0233,0,0,0,0
TCK-000845,59,10,0,0,0.0204,1,0,0,1
TCK-000846,54,10,0,0,0.0233,0,0,0,0
TCK-000847,59,10,0,0,0.0204,1,0,0,1
TCK-000848,46,9,0,0,0.0303,2,0,0,1
TCK-000849,59,10,0,0,0.0204,1,0,0,1
TCK-000850,56,10,1,0,0.0217,0,0,0,0
TCK-000851,55,8,0,0,0.0217,1,0,1,0
TCK-000852,135,25,0,0,0.03,4,0,0,1
TCK-000853,53,9,0,0,0.0227,0,0,0,0
TCK-000854,161,27,0,0,0.0227,2,0,0,1
TCK-000855,55,8,0,0,0.0217,1,0,1,0
TCK-000856,97,16,0,0,0.0253,0,0,0,0
TCK-000857,45,8,0,0,0.027,0,0,0,0
TCK-000858,56,10,1,0,0.0217,0,0,0,0
TCK-000859,51,8,0,0,0.0233,1,0,0,1
TCK-000860,96,16,0,1,0.0256,2,0,0,1
TCK-000861,59,10,0,0,0.0204,1,0,0,1
TCK-000862,51,8,0,0,0.0233,1,0,0,1
TCK-000863,62,11,0,0,0.02,1,1,0,0
TCK-000864,45,8,0,0,0.027,0,0,0,0
TCK-000865,153,23,0,0,0.0547,0,0,0,0
TCK-000866,55,8,0,0,0.0638,0,0,0,0
TCK-000867,54,10,0,0,0.0233,0,0,0,0
TCK-000868,56,10,1,0,0.0217,0,0,0,0
TCK-000869,61,10,0,0,0.02,1,0,0,1
TCK-000870,54,10,0,0,0.0233,0,0,0,0
TCK-000871,62,11,0,0,0.02,1,1,0,0
TCK-000872,51,8,0,0,0.0233,1,0,0,1
TCK-000873,105,17,0,0,0.0235,1,0,0,1
TCK-000874,61,11,0,0,0.0408,0,0,0,1
TCK-000875,56,11,0,0,0.0222,0,0,0,0
TCK-000876,55,8,0,0,0.0217,1,0,1,0
TCK-000877,57,9,1,0,0.0208,0,0,0,0
TCK-000878,55,8,0,0,0.0217,1,0,1,0
TCK-000879,61,10,0,0,0.02,1,0,1,0
TCK-000880,59,10,0,0,0.0204,1,0,0,1
TCK-000881,40,7,0,0,0.0303,0,0,0,0
TCK-000882,59,10,0,0,0.0204,1,0,0,1
TCK-000883,165,27,0,0,0.0224,2,0,0,1
TCK-000884,153,23,0,0,0.0238,2,0,1,0
TCK-000885,46,9,0,0,0.0303,2,0,0,1
TCK-000886,55,8,0,0,0.0217,1,0,1,0
TCK-000887,53,9,0,0,0.0227,0,0,0,0
TCK-000888,59,10,0,0,0.0204,1,0,0,1
TCK-000889,57,10,1,0,0.0213,0,0,0,0
TCK-000890,57,10,1,0,0.0213,0,0,0,0
TCK-000891,53,9,0,0,0.0227,0,0,0,0
TCK-000892,56,10,1,0,0.0217,0,0,0,0
TCK-000893,64,12,0,0,0.0192,0,0,0,0
TCK-000894,153,27,0,0,0.0242,0,0,0,0
TCK-000895,55,10,0,0,0.0222,0,0,0,0
TCK-000896,61,11,0,0,0.0408,0,0,0,1
TCK-000897,54,10,0,0,0.0233,0,0,0,0
TCK-000898,64,9,0,0,0.037,1,0,0,0
TCK-000899,53,9,0,0,0.0227,0,0,0,0
TCK-000900,59,10,0,0,0.0204,1,0,0,1
TCK-000901,57,9,1,0,0.0208,0,0,0,0
TCK-000902,55,8,0,0,0.0638,0,0,0,0
TCK-000903,45,8,0,0,0.027,0,0,0,0
TCK-000904,153,23,0,0,0.0547,0,0,0,0
TCK-000905,64,9,0,0,0.037,1,0,0,0
TCK-000906,45,8,0,0,0.027,0,0,0,0
TCK-000907,45,8,0,0,0.027,0,0,0,0
TCK-000908,59,10,0,0,0.0204,1,0,0,1
TCK-000909,54,10,0,0,0.0233,0,0,0,0
TCK-000910,151,27,0,0,0.025,0,0,0,0
TCK-000911,64,9,0,0,0.037,1,0,0,0
TCK-000912,61,11,0,0,0.0408,0,0,0,1
TCK-000913,54,10,0,0,0.0233,0,0,0,0
TCK-000914,59,10,0,0,0.0204,1,0,0,1
TCK-000915,54,10,0,0,0.0233,0,0,0,0
TCK-000916,90,15,1,0,0.027,1,0,0,0
TCK-000917,56,10,1,0,0.0217,0,0,0,0
TCK-000918,64,9,0,0,0.037,1,0,0,0
TCK-000919,46,9,0,0,0.0303,2,0,0,1
TCK-000920,57,10,1,0,0.0213,0,0,0,0
TCK-000921,151,27,0,0,0.025,0,0,0,0
TCK-000922,109,17,0,1,0.0337,2,0,0,0
TCK-000923,55,10,0,0,0.0222,0,0,0,0
TCK-000924,56,10,1,0,0.0217,0,0,0,0
TCK-000925,55,10,0,0,0.0222,0,0,0,0
TCK-000926,55,8,0,0,0.0638,0,0,0,0
TCK-000927,40,7,0,0,0.0303,0,0,0,0
TCK-000928,149,25,0,0,0.0246,0,0,0,0
TCK-000929,105,17,0,0,0.0235,1,0,1,0
TCK-000930,91,17,0,1,0.0294,3,0,0,1
TCK-000931,97,16,0,0,0.0253,0,0,0,0
TCK-000932,61,10,0,0,0.02,1,0,0,1
TCK-000933,62,11,0,0,0.02,1,1,0,0
TCK-000934,161,27,0,0,0.0227,2,0,0,1
TCK-000935,87,14,0,0,0.0278,1,0,0,0
TCK-000936,53,9,0,0,0.0227,0,0,0,0
TCK-000937,87,14,0,0,0.0278,1,0,0,0
TCK-000938,64,9,0,0,0.037,1,0,0,0
TCK-000939,135,25,0,0,0.03,4,0,0,1
TCK-000940,64,9,0,0,0.037,1,0,0,0
TCK-000941,61,10,0,0,0.02,1,0,1,0
TCK-000942,64,9,0,0,0.037,1,0,0,0
TCK-000943,51,8,0,0,0.0233,1,0,0,1
TCK-000944,61,11,0,0,0.0408,0,0,0,1
TCK-000945,56,10,1,0,0.0217,0,0,0,0
TCK-000946,61,11,0,0,0.0408,0,0,0,1
TCK-000947,56,10,1,0,0.0217,0,0,0,0
TCK-000948,55,8,0,0,0.0217,1,0,1,0
TCK-000949,55,8,0,0,0.0638,0,0,0,0
TCK-000950,62,11,0,0,0.02,1,1,0,0
TCK-000951,55,10,0,0,0.0222,0,0,0,0
TCK-000952,55,8,0,0,0.0638,0,0,0,0
TCK-000953,53,9,0,0,0.0227,0,0,0,0
TCK-000954,45,8,0,0,0.027,0,0,0,0
TCK-000955,64,12,0,0,0.0192,0,0,0,0
TCK-000956,56,11,0,0,0.0222,0,0,0,0
TCK-000957,155,29,0,0,0.0242,0,0,0,0
TCK-000958,54,10,0,0,0.0233,0,0,0,0
TCK-000959,64,9,0,0,0.037,1,0,0,0
TCK-000960,161,27,0,0,0.0227,2,0,0,1
TCK-000961,101,18,1,1,0.0247,1,0,0,0
TCK-000962,165,27,0,0,0.0224,2,0,0,1
TCK-000963,123,21,0,0,0.03,0,0,0,0
TCK-000964,53,9,0,0,0.0227,0,0,0,0
TCK-000965,62,11,0,0,0.02,1,1,0,0
TCK-000966,95,16,0,0,0.039,1,0,0,1
TCK-000967,57,10,1,0,0.0213,0,0,0,0
TCK-000968,53,9,0,0,0.0227,0,0,0,0
TCK-000969,59,10,0,0,0.0204,1,0,0,1
TCK-000970,161,25,2,0,0.0227,0,0,0,0
TCK-000971,56,11,0,0,0.0222,0,0,0,0
TCK-000972,56,10,1,0,0.0217,0,0,0,0
TCK-000973,100,18,0,0,0.025,0,0,0,0
TCK-000974,64,12,0,0,0.0192,0,0,0,0
TCK-000975,55,8,0,0,0.0217,1,0,1,0
TCK-000976,53,9,0,0,0.0227,0,0,0,0
TCK-000977,55,8,0,0,0.0638,0,0,0,0
TCK-000978,64,9,0,0,0.037,1,0,0,0
TCK-000979,64,12,0,0,0.0192,0,0,0,0
TCK-000980,61,11,0,0,0.0408,0,0,0,1
TCK-000981,55,8,0,0,0.0217,1,0,1,0
TCK-000982,54,10,0,0,0.0233,0,0,0,0
TCK-000983,61,10,0,0,0.02,1,0,0,1
TCK-000984,57,9,1,0,0.0208,0,0,0,0
TCK-000985,61,10,0,0,0.02,1,0,0,1
TCK-000986,64,9,0,0,0.037,1,0,0,0
TCK-000987,57,10,1,0,0.0213,0,0,0,0
TCK-000988,59,9,1,0,0.0204,0,0,0,0
TCK-000989,62,11,0,0,0.02,1,1,0,0
TCK-000990,135,25,0,0,0.03,4,0,0,1
TCK-000991,45,8,0,0,0.027,0,0,0,0
TCK-000992,61,11,0,0,0.0408,0,0,0,1
TCK-000993,64,9,0,0,0.037,1,0,0,0
TCK-000994,64,9,0,0,0.037,1,0,0,0
TCK-000995,59,9,1,0,0.0204,0,0,0,0
TCK-000996,61,11,0,0,0.0408,0,0,0,1
TCK-000997,56,10,1,0,0.0217,0,0,0,0
TCK-000998,59,10,0,0,0.0204,1,0,0,1
TCK-000999,95,16,0,0,0.039,1,0,0,1
TCK-001000,55,10,0,0,0.0222,0,0,0,0
TCK-001001,99,17,0,0,0.025,0,0,0,0
TCK-001002,64,12,0,0,0.0192,0,0,0,0
TCK-001003,59,10,0,0,0.0204,1,0,0,1
TCK-001004,145,23,0,0,0.025,2,0,0,1
TCK-001005,56,10,1,0,0.0217,0,0,0,0
TCK-001006,59,9,1,0,0.0204,0,0,0,0
TCK-001007,56,10,1,0,0.0217,0,0,0,0
TCK-001008,56,11,0,0,0.0222,0,0,0,0
TCK-001009,61,11,0,0,0.0408,0,0,0,1
TCK-001010,61,10,0,0,0.02,1,0,0,1
TCK-001011,56,11,0,0,0.0222,0,0,0,0
TCK-001012,61,10,0,0,0.02,1,0,0,1
TCK-001013,55,8,0,0,0.0217,1,0,1,0
TCK-001014,59,9,1,0,0.0204,0,0,0,0
TCK-001015,53,9,0,0,0.0227,0,0,0,0
TCK-001016,56,10,1,0,0.0217,0,0,0,0
TCK-001017,55,8,0,0,0.0638,0,0,0,0
TCK-001018,100,18,0,1,0.025,1,0,0,0
TCK-001019,57,9,1,0,0.0208,0,0,0,0
TCK-001020,61,10,0,0,0.02,1,0,0,1
TCK-001021,56,10,1,0,0.0217,0,0,0,0
TCK-001022,62,11,0,0,0.02,1,1,0,0
TCK-001023,45,8,0,0,0.027,0,0,0,0
TCK-001024,62,11,0,0,0.02,1,1,0,0
TCK-001025,55,8,0,0,0.0638,0,0,0,0
TCK-001026,57,9,1,0,0.0208,0,0,0,0
TCK-001027,59,10,0,0,0.0204,1,0,0,1
TCK-001028,57,10,1,0,0.0213,0,0,0,0
TCK-001029,56,10,1,0,0.0217,0,0,0,0
TCK-001030,56,10,1,0,0.0217,0,0,0,0
TCK-001031,155,27,2,0,0.0238,0,0,0,0
TCK-001032,165,29,0,0,0.0379,0,0,0,1
TCK-001033,64,12,0,0,0.0192,0,0,0,0
TCK-001034,145,23,0,0,0.025,2,0,0,1
TCK-001035,62,11,0,0,0.02,1,1,0,0
TCK-001036,55,8,0,0,0.0217,1,0,1,0
TCK-001037,55,10,0,0,0.0222,0,0,0,0
TCK-001038,98,17,0,0,0.025,1,0,0,0
TCK-001039,51,8,0,0,0.0233,1,0,0,1
TCK-001040,62,11,0,0,0.02,1,1,0,0
TCK-001041,46,9,0,0,0.0303,2,0,0,1
TCK-001042,40,7,0,0,0.0303,0,0,0,0
TCK-001043,149,25,0,0,0.0246,0,0,0,0
TCK-001044,56,10,1,0,0.0217,0,0,0,0
TCK-001045,98,17,0,1,0.0253,1,0,0,0
TCK-001046,165,27,0,0,0.0224,2,0,0,1
TCK-001047,155,27,2,0,0.0238,0,0,0,0
TCK-001048,61,11,0,0,0.0408,0,0,0,1
TCK-001049,55,10,0,0,0.0222,0,0,0,0
TCK-001050,45,8,0,0,0.027,0,0,0,0
TCK-001051,98,14,0,0,0.0366,2,0,0,0
TCK-001052,64,9,0,0,0.037,1,0,0,0
TCK-001053,155,29,0,0,0.0242,0,0,0,0
TCK-001054,62,11,0,0,0.02,1,1,0,0
TCK-001055,46,9,0,0,0.0303,2,0,0,1
TCK-001056,59,10,0,0,0.0204,1,0,0,1
TCK-001057,153,27,0,0,0.0242,0,0,0,0
TCK-001058,169,30,0,0,0.0312,5,0,0,1
TCK-001059,51,8,0,0,0.0233,1,0,0,1
TCK-001060,56,11,0,0,0.0222,0,0,0,0
TCK-001061,55,10,0,0,0.0222,0,0,0,0
TCK-001062,64,9,0,0,0.037,1,0,0,0
TCK-001063,59,9,1,0,0.0204,0,0,0,0
TCK-001064,56,11,0,0,0.0222,0,0,0,0
TCK-001065,64,9,0,0,0.037,1,0,0,0
TCK-001066,171,25,0,0,0.0352,2,0,0,0
TCK-001067,56,11,0,0,0.0222,0,0,0,0
TCK-001068,59,10,0,0,0.0204,1,0,0,1
TCK-001069,55,8,0,0,0.0217,1,0,1,0
TCK-001070,61,10,0,0,0.02,1,0,0,1
TCK-001071,85,15,0,1,0.0294,1,0,0,0
TCK-001072,61,10,0,0,0.02,1,0,0,1
TCK-001073,54,10,0,0,0.0233,0,0,0,0
TCK-001074,61,11,0,0,0.0408,0,0,0,1
TCK-001075,56,11,0,0,0.0222,0,0,0,0
TCK-001076,56,11,0,0,0.0222,0,0,0,0
TCK-001077,55,10,0,0,0.0222,0,0,0,0
TCK-001078,167,29,0,0,0.0224,2,1,0,0
TCK-001079,149,25,0,0,0.0246,0,0,0,0
TCK-001080,88,15,0,0,0.0282,1,0,0,0
TCK-001081,56,11,0,0,0.0222,0,0,0,0
TCK-001082,62,11,0,0,0.02,1,1,0,0
TCK-001083,61,10,0,0,0.02,1,0,0,1
TCK-001084,61,11,0,0,0.0408,0,0,0,1
TCK-001085,99,17,0,0,0.025,0,0,0,0
TCK-001086,56,11,0,0,0.0222,0,0,0,0
TCK-001087,61,10,0,0,0.02,1,0,1,0
TCK-001088,53,9,0,0,0.0227,0,0,0,0
TCK-001089,155,27,2,0,0.0238,0,0,0,0
TCK-001090,59,10,0,0,0.0204,1,0,0,1
TCK-001091,55,10,0,0,0.0222,0,0,0,0
TCK-001092,57,9,1,0,0.0208,0,0,0,0
TCK-001093,61,11,0,0,0.0408,0,0,0,1
TCK-001094,99,17,0,0,0.025,0,0,0,0
TCK-001095,135,25,0,0,0.03,4,0,0,1
TCK-001096,59,10,0,0,0.0204,1,0,0,1
TCK-001097,61,10,0,0,0.02,1,0,0,1
TCK-001098,55,8,0,0,0.0638,0,0,0,0
TCK-001099,40,7,0,0,0.0303,0,0,0,0
TCK-001100,64,12,0,0,0.0192,0,0,0,0
TCK-001101,56,11,0,0,0.0222,0,0,0,0
TCK-001102,157,25,2,0,0.0231,0,0,0,0
TCK-001103,59,10,0,0,0.0204,1,0,0,1
TCK-001104,155,29,0,0,0.0242,0,0,0,0
TCK-001105,56,10,1,0,0.0217,0,0,0,0
TCK-001106,56,10,1,0,0.0217,0,0,0,0
TCK-001107,155,29,0,0,0.0242,0,0,0,0
TCK-001108,46,9,0,0,0.0303,2,0,0,1
TCK-001109,151,27,0,0,0.025,0,0,0,0
TCK-001110,64,9,0,0,0.037,1,0,0,0
TCK-001111,40,7,0,0,0.0303,0,0,0,0
TCK-001112,53,9,0,0,0.0227,0,0,0,0
TCK-001113,55,10,0,0,0.0222,0,0,0,0
TCK-001114,89,15,0,0,0.0274,1,0,0,0
TCK-001115,45,8,0,0,0.027,0,0,0,0
TCK-001116,55,10,0,0,0.0222,0,0,0,0
TCK-001117,40,7,0,0,0.0303,0,0,0,0
TCK-001118,167,29,0,0,0.0224,2,1,0,0
TCK-001119,95,15,0,0,0.0256,2,0,1,0
TCK-001120,64,9,0,0,0.037,1,0,0,0
TCK-001121,53,9,0,0,0.0227,0,0,0,0
TCK-001122,161,27,0,0,0.0227,2,0,0,1
TCK-001123,109,17,0,1,0.0337,2,0,0,0
TCK-001124,59,10,0,0,0.0204,1,0,0,1
TCK-001125,54,10,0,0,0.0233,0,0,0,0
TCK-001126,54,10,0,0,0.0233,0,0,0,0
TCK-001127,161,27,0,0,0.0227,2,0,0,1
TCK-001128,55,8,0,0,0.0638,0,0,0,0
TCK-001129,57,9,1,0,0.0208,0,0,0,0
TCK-001130,59,9,1,0,0.0204,0,0,0,0
TCK-001131,51,8,0,0,0.0233,1,0,0,1
TCK-001132,64,12,0,0,0.0192,0,0,0,0
TCK-001133,64,12,0,0,0.0192,0,0,0,0
TCK-001134,56,10,1,0,0.0217,0,0,0,0
TCK-001135,165,27,0,0,0.0224,2,0,1,0
TCK-001136,55,10,0,0,0.0222,0,0,0,0
TCK-001137,64,9,0,0,0.037,1,0,0,0
TCK-001138,61,10,0,0,0.02,1,0,1,0
TCK-001139,59,10,0,0,0.0204,1,0,0,1
TCK-001140,61,11,0,0,0.0408,0,0,0,1
TCK-001141,61,10,0,0,0.02,1,0,1,0
TCK-001142,55,10,0,0,0.0222,0,0,0,0
TCK-001143,61,10,0,0,0.02,1,0,1,0
TCK-001144,89,13,0,0,0.027,2,0,1,0
TCK-001145,57,10,1,0,0.0213,0,0,0,0
TCK-001146,103,16,1,0,0.0238,0,0,0,0
TCK-001147,62,11,0,0,0.02,1,1,0,0
TCK-001148,40,7,0,0,0.0303,0,0,0,0
TCK-001149,55,10,0,0,0.0222,0,0,0,0
TCK-001150,57,10,1,0,0.0213,0,0,0,0
TCK-001151,97,16,0,0,0.0253,0,0,0,0
TCK-001152,133,23,0,0,0.0278,0,0,0,0
TCK-001153,109,17,0,1,0.0337,2,0,0,0
TCK-001154,46,9,0,0,0.0303,2,0,0,1
TCK-001155,56,10,1,0,0.0217,0,0,0,0
TCK-001156,62,11,0,0,0.02,1,1,0,0
TCK-001157,46,9,0,0,0.0303,2,0,0,1
TCK-001158,55,8,0,0,0.0217,1,0,1,0
TCK-001159,59,10,0,0,0.0204,1,0,0,1
TCK-001160,55,8,0,0,0.0638,0,0,0,0
TCK-001161,57,9,1,0,0.0208,0,0,0,0
TCK-001162,54,10,0,0,0.0233,0,0,0,0
TCK-001163,61,10,0,0,0.02,1,0,0,1
TCK-001164,64,9,0,0,0.037,1,0,0,0
TCK-001165,55,8,0,0,0.0217,1,0,1,0
TCK-001166,55,10,0,0,0.0222,0,0,0,0
TCK-001167,64,12,0,0,0.0192,0,0,0,0
TCK-001168,46,9,0,0,0.0303,2,0,0,1
TCK-001169,55,10,0,0,0.0222,0,0,0,0
TCK-001170,101,18,1,1,0.0247,1,0,0,0
TCK-001171,151,27,0,0,0.025,0,0,0,0
TCK-001172,54,10,0,0,0.0233,0,0,0,0
TCK-001173,40,7,0,0,0.0303,0,0,0,0
TCK-001174,61,11,0,0,0.0408,0,0,0,1
TCK-001175,57,9,1,0,0.0208,0,0,0,0
TCK-001176,59,10,0,0,0.0204,1,0,0,1
TCK-001177,55,8,0,0,0.0217,1,0,1,0
TCK-001178,55,10,0,0,0.0222,0,0,0,0
TCK-001179,59,9,1,0,0.0204,0,0,0,0
TCK-001180,62,11,0,0,0.02,1,1,0,0
TCK-001181,56,10,1,0,0.0217,0,0,0,0
TCK-001182,45,8,0,0,0.027,0,0,0,0
TCK-001183,51,8,0,0,0.0233,1,0,0,1
TCK-001184,55,10,0,0,0.0222,0,0,0,0
TCK-001185,56,11,0,0,0.0222,0,0,0,0
TCK-001186,56,11,0,0,0.0222,0,0,0,0
TCK-001187,64,9,0,0,0.037,1,0,0,0
TCK-001188,59,10,0,0,0.0204,1,0,0,1
TCK-001189,57,10,1,0,0.0213,0,0,0,0
TCK-001190,40,7,0,0,0.0303,0,0,0,0
TCK-001191,61,11,0,0,0.0408,0,0,0,1
TCK-001192,161,25,2,0,0.0227,0,0,0,0
TCK-001193,61,11,0,0,0.0408,0,0,0,1
TCK-001194,165,27,0,0,0.0224,2,0,1,0
TCK-001195,98,17,0,1,0.0253,1,0,0,0
TCK-001196,46,9,0,0,0.0303,2,0,0,1
TCK-001197,45,8,0,0,0.027,0,0,0,0
TCK-001198,59,10,0,0,0.0204,1,0,0,1
TCK-001199,123,21,0,0,0.03,0,0,0,0
TCK-001200,57,10,1,0,0.0213,0,0,0,0
TCK-001201,161,27,0,0,0.0227,2,0,0,1
TCK-001202,64,12,0,0,0.0192,0,0,0,0
TCK-001203,57,10,1,0,0.0213,0,0,0,0
TCK-001204,153,23,0,0,0.0547,0,0,0,0
TCK-001205,55,8,0,0,0.0638,0,0,0,0
TCK-001206,40,7,0,0,0.0303,0,0,0,0
TCK-001207,57,10,1,0,0.0213,0,0,0,0
TCK-001208,56,10,1,0,0.0217,0,0,0,0
TCK-001209,57,10,1,0,0.0213,0,0,0,0
TCK-001210,55,10,0,0,0.0222,0,0,0,0
TCK-001211,57,9,1,0,0.0208,0,0,0,0
TCK-001212,59,10,0,0,0.0204,1,0,0,1
TCK-001213,57,9,1,0,0.0208,0,0,0,0
TCK-001214,161,27,0,0,0.0227,2,0,0,1
TCK-001215,64,12,0,0,0.0192,0,0,0,0
TCK-001216,61,10,0,0,0.02,1,0,0,1
TCK-001217,61,11,0,0,0.0408,0,0,0,1
TCK-001218,59,10,0,0,0.0204,1,0,0,1
TCK-001219,185,32,0,0,0.027,1,0,0,0
TCK-001220,46,9,0,0,0.0303,2,0,0,1
TCK-001221,59,10,0,0,0.0204,1,0,0,1
TCK-001222,53,9,0,0,0.0227,0,0,0,0
TCK-001223,54,10,0,0,0.0233,0,0,0,0
TCK-001224,59,10,0,0,0.0204,1,0,0,1
TCK-001225,59,9,1,0,0.0204,0,0,0,0
TCK-001226,62,11,0,0,0.02,1,1,0,0
TCK-001227,55,8,0,0,0.0638,0,0,0,0
TCK-001228,103,17,0,0,0.0238,1,0,0,1
TCK-001229,64,12,0,0,0.0192,0,0,0,0
TCK-001230,62,11,0,0,0.02,1,1,0,0
TCK-001231,64,12,0,0,0.0192,0,0,0,0
TCK-001232,61,11,0,0,0.0408,0,0,0,1
TCK-001233,64,9,0,0,0.037,1,0,0,0
TCK-001234,153,27,0,0,0.0242,0,0,0,0
TCK-001235,51,8,0,0,0.0233,1,0,0,1
TCK-001236,151,27,0,0,0.025,0,0,0,0
TCK-001237,56,10,1,0,0.0217,0,0,0,0
TCK-001238,155,27,2,0,0.0238,0,0,0,0
TCK-001239,46,9,0,0,0.0303,2,0,0,1
TCK-001240,61,10,0,0,0.02,1,0,0,1
TCK-001241,61,10,0,0,0.02,1,0,0,1
TCK-001242,62,11,0,0,0.02,1,1,0,0
TCK-001243,55,8,0,0,0.0638,0,0,0,0
TCK-001244,56,11,0,0,0.0222,0,0,0,0
TCK-001245,64,9,0,0,0.037,1,0,0,0
TCK-001246,57,10,1,0,0.0213,0,0,0,0
TCK-001247,56,11,0,0,0.0222,0,0,0,0
TCK-001248,45,8,0,0,0.027,0,0,0,0
TCK-001249,153,23,0,0,0.0547,0,0,0,0
TCK-001250,157,25,2,0,0.0231,0,0,0,0
TCK-001251,135,25,0,0,0.03,4,0,0,1
TCK-001252,62,11,0,0,0.02,1,1,0,0
TCK-001253,61,11,0,0,0.0408,0,0,0,1
TCK-001254,55,8,0,0,0.0638,0,0,0,0
TCK-001255,165,29,0,0,0.0379,0,0,0,1
TCK-001256,53,9,0,0,0.0227,0,0,0,0
TCK-001257,45,8,0,0,0.027,0,0,0,0
TCK-001258,55,8,0,0,0.0638,0,0,0,0
TCK-001259,57,9,1,0,0.0208,0,0,0,0
TCK-001260,61,11,0,0,0.0408,0,0,0,1
TCK-001261,64,9,0,0,0.037,1,0,0,0
TCK-001262,167,29,0,0,0.0224,2,1,0,0
TCK-001263,55,10,0,0,0.0222,0,0,0,0
TCK-001264,55,10,0,0,0.0222,0,0,0,0
TCK-001265,64,9,0,0,0.037,1,0,0,0
TCK-001266,167,29,0,0,0.0224,2,1,0,0
TCK-001267,98,17,0,0,0.0256,0,0,0,0
TCK-001268,161,25,2,0,0.0227,0,0,0,0
TCK-001269,59,10,0,0,0.0204,1,0,0,1
TCK-001270,40,7,0,0,0.0303,0,0,0,0
TCK-001271,46,9,0,0,0.0303,2,0,0,1
TCK-001272,55,10,0,0,0.0222,0,0,0,0
TCK-001273,89,13,0,0,0.027,2,0,1,0
TCK-001274,56,11,0,0,0.0222,0,0,0,0
TCK-001275,57,10,1,0,0.0213,0,0,0,0
TCK-001276,155,29,0,0,0.0242,0,0,0,0
TCK-001277,57,10,1,0,0.0213,0,0,0,0
TCK-001278,57,10,1,0,0.0213,0,0,0,0
TCK-001279,59,10,0,0,0.0204,1,0,0,1
TCK-001280,64,9,0,0,0.037,1,0,0,0
TCK-001281,40,7,0,0,0.0303,0,0,0,0
TCK-001282,55,10,0,0,0.0222,0,0,0,0
TCK-001283,59,10,0,0,0.0204,1,0,0,1
TCK-001284,167,29,0,0,0.0224,2,1,0,0
TCK-001285,171,25,0,0,0.0352,2,0,0,0
TCK-001286,54,10,0,0,0.0233,0,0,0,0
TCK-001287,55,8,0,0,0.0638,0,0,0,0
TCK-001288,157,27,2,0,0.0234,0,0,0,0
TCK-001289,133,23,0,0,0.0278,0,0,0,0
TCK-001290,56,10,1,0,0.0217,0,0,0,0
TCK-001291,57,10,1,0,0.0213,0,0,0,0
TCK-001292,59,9,1,0,0.0204,0,0,0,0
TCK-001293,61,10,0,0,0.02,1,0,0,1
TCK-001294,59,10,0,0,0.0204,1,0,0,1
TCK-001295,59,9,1,0,0.0204,0,0,0,0
TCK-001296,55,10,0,0,0.0222,0,0,0,0
TCK-001297,157,25,2,0,0.0231,0,0,0,0
TCK-001298,51,8,0,0,0.0233,1,0,0,1
TCK-001299,51,8,0,0,0.0233,1,0,0,1
TCK-001300,56,10,1,0,0.0217,0,0,0,0
TCK-001301,61,10,0,0,0.02,1,0,0,1
TCK-001302,56,11,0,0,0.0222,0,0,0,0
TCK-001303,56,10,1,0,0.0217,0,0,0,0
TCK-001304,109,17,0,1,0.0337,2,0,0,0
TCK-001305,98,17,0,0,0.0256,0,0,0,0
TCK-001306,98,17,0,1,0.0253,1,0,0,0
TCK-001307,56,11,0,0,0.0222,0,0,0,0
TCK-001308,55,8,0,0,0.0217,1,0,1,0
TCK-001309,61,10,0,0,0.02,1,0,0,1
TCK-001310,51,8,0,0,0.0233,1,0,0,1
TCK-001311,59,10,0,0,0.0204,1,0,0,1
TCK-001312,61,11,0,0,0.0408,0,0,0,1
TCK-001313,62,11,0,0,0.02,1,1,0,0
TCK-001314,55,8,0,0,0.0217,1,0,1,0
TCK-001315,53,9,0,0,0.0227,0,0,0,0
TCK-001316,56,11,0,0,0.0222,0,0,0,0
TCK-001317,55,8,0,0,0.0217,1,0,1,0
TCK-001318,59,10,0,0,0.0204,1,0,0,1
TCK-001319,57,10,1,0,0.0213,0,0,0,0
TCK-001320,59,10,0,0,0.0204,1,0,0,1
TCK-001321,59,10,0,0,0.0204,1,0,0,1
TCK-001322,56,10,1,0,0.0217,0,0,0,0
TCK-001323,56,11,0,0,0.0222,0,0,0,0
TCK-001324,51,8,0,0,0.0233,1,0,0,1
TCK-001325,56,10,1,0,0.0217,0,0,0,0
TCK-001326,153,27,0,0,0.0242,0,0,0,0
TCK-001327,59,10,0,0,0.0204,1,0,0,1
TCK-001328,55,10,0,0,0.0222,0,0,0,0
TCK-001329,54,10,0,0,0.0233,0,0,0,0
TCK-001330,155,27,2,0,0.0238,0,0,0,0
TCK-001331,57,9,1,0,0.0208,0,0,0,0
TCK-001332,59,10,0,0,0.0204,1,0,0,1
TCK-001333,55,10,0,0,0.0222,0,0,0,0
TCK-001334,56,11,0,0,0.0222,0,0,0,0
TCK-001335,54,10,0,0,0.0233,0,0,0,0
TCK-001336,57,9,1,0,0.0208,0,0,0,0
TCK-001337,55,10,0,0,0.0222,0,0,0,0
TCK-001338,54,10,0,0,0.0233,0,0,0,0
TCK-001339,61,10,0,0,0.02,1,0,1,0
TCK-001340,206,33,2,1,0.024,1,0,0,0
TCK-001341,51,8,0,0,0.0233,1,0,0,1
TCK-001342,46,9,0,0,0.0303,2,0,0,1
TCK-001343,61,10,0,0,0.02,1,0,0,1
TCK-001344,64,9,0,0,0.037,1,0,0,0
TCK-001345,61,10,0,0,0.02,1,0,0,1
TCK-001346,145,23,0,0,0.025,2,0,0,1
TCK-001347,61,11,0,0,0.0408,0,0,0,1
TCK-001348,123,21,0,0,0.03,0,0,0,0
TCK-001349,56,10,1,0,0.0217,0,0,0,0
TCK-001350,56,10,1,0,0.0217,0,0,0,0
TCK-001351,62,11,0,0,0.02,1,1,0,0
TCK-001352,64,12,0,0,0.0192,0,0,0,0
TCK-001353,64,9,0,0,0.037,1,0,0,0
TCK-001354,165,27,0,0,0.0224,2,0,0,1
TCK-001355,57,10,1,0,0.0213,0,0,0,0
TCK-001356,59,10,0,0,0.0204,1,0,0,1
TCK-001357,64,9,0,0,0.037,1,0,0,0
TCK-001358,56,11,0,0,0.0222,0,0,0,0
TCK-001359,55,10,0,0,0.0222,0,0,0,0
TCK-001360,56,10,1,0,0.0217,0,0,0,0
TCK-001361,54,10,0,0,0.0233,0,0,0,0
TCK-001362,45,8,0,0,0.027,0,0,0,0
TCK-001363,59,9,1,0,0.0204,0,0,0,0
TCK-001364,53,9,0,0,0.0227,0,0,0,0
TCK-001365,61,11,0,0,0.0408,0,0,0,1
TCK-001366,57,10,1,0,0.0213,0,0,0,0
TCK-001367,80,14,0,0,0.0328,3,0,0,1
TCK-001368,59,10,0,0,0.0204,1,0,0,1
TCK-001369,59,10,0,0,0.0204,1,0,0,1
TCK-001370,61,10,0,0,0.02,1,0,1,0
TCK-001371,56,10,1,0,0.0217,0,0,0,0
TCK-001372,56,10,1,0,0.0217,0,0,0,0
TCK-001373,149,25,0,0,0.0246,0,0,0,0
TCK-001374,64,9,0,0,0.037,1,0,0,0
TCK-001375,54,10,0,0,0.0233,0,0,0,0
TCK-001376,40,7,0,0,0.0303,0,0,0,0
TCK-001377,61,10,0,0,0.02,1,0,1,0
TCK-001378,53,9,0,0,0.0227,0,0,0,0
TCK-001379,165,27,0,0,0.0224,2,0,0,1
TCK-001380,61,10,0,0,0.02,1,0,1,0
TCK-001381,55,10,0,0,0.0222,0,0,0,0
TCK-001382,40,7,0,0,0.0303,0,0,0,0
TCK-001383,64,9,0,0,0.037,1,0,0,0
TCK-001384,57,9,1,0,0.0208,0,0,0,0
TCK-001385,57,10,1,0,0.0213,0,0,0,0
TCK-001386,54,10,0,0,0.0233,0,0,0,0
TCK-001387,57,10,1,0,0.0213,0,0,0,0
TCK-001388,54,10,0,0,0.0233,0,0,0,0
TCK-001389,64,9,0,0,0.037,1,0,0,0
TCK-001390,46,9,0,0,0.0303,2,0,0,1
TCK-001391,51,8,0,0,0.0233,1,0,0,1
TCK-001392,157,27,2,0,0.0234,0,0,0,0
TCK-001393,61,10,0,0,0.02,1,0,1,0
TCK-001394,171,31,0,0,0.0217,0,0,0,0
TCK-001395,62,11,0,0,0.02,1,1,0,0
TCK-001396,61,10,0,0,0.02,1,0,0,1
TCK-001397,46,9,0,0,0.0303,2,0,0,1
TCK-001398,157,27,2,0,0.0234,0,0,0,0
TCK-001399,40,7,0,0,0.0303,0,0,0,0
TCK-001400,51,8,0,0,0.0233,1,0,0,1
TCK-001401,59,10,0,0,0.0204,1,0,0,1
TCK-001402,59,10,0,0,0.0204,1,0,0,1
TCK-001403,56,10,1,0,0.0217,0,0,0,0
TCK-001404,64,9,0,0,0.037,1,0,0,0
TCK-001405,161,25,2,0,0.0227,0,0,0,0
TCK-001406,157,27,2,0,0.0234,0,0,0,0
TCK-001407,45,8,0,0,0.027,0,0,0,0
TCK-001408,62,11,0,0,0.02,1,1,0,0
TCK-001409,64,9,0,0,0.037,1,0,0,0
TCK-001410,40,7,0,0,0.0303,0,0,0,0
TCK-001411,61,10,0,0,0.02,1,0,0,1
TCK-001412,100,18,0,1,0.025,1,0,0,0
TCK-001413,100,18,0,0,0.025,0,0,0,0
TCK-001414,40,7,0,0,0.0303,0,0,0,0
TCK-001415,56,10,1,0,0.0217,0,0,0,0
TCK-001416,56,11,0,0,0.0222,0,0,0,0
TCK-001417,55,10,0,0,0.0222,0,0,0,0
TCK-001418,145,23,0,0,0.025,2,0,0,1
TCK-001419,61,10,0,0,0.02,1,0,0,1
TCK-001420,171,31,0,0,0.0217,0,0,0,0
TCK-001421,165,27,0,0,0.0224,2,0,0,1
TCK-001422,55,8,0,0,0.0638,0,0,0,0
TCK-001423,53,9,0,0,0.0227,0,0,0,0
TCK-001424,55,8,0,0,0.0638,0,0,0,0
TCK-001425,171,31,0,0,0.0217,0,0,0,0
TCK-001426,53,9,0,0,0.0227,0,0,0,0
TCK-001427,56,10,1,0,0.0217,0,0,0,0
TCK-001428,153,27,0,0,0.0242,0,0,0,0
TCK-001429,95,15,0,0,0.0256,2,0,1,0
TCK-001430,98,17,0,0,0.0256,0,0,0,0
TCK-001431,98,17,0,0,0.025,1,0,0,0
TCK-001432,51,8,0,0,0.0233,1,0,0,1
TCK-001433,51,8,0,0,0.0233,1,0,0,1
TCK-001434,56,10,1,0,0.0217,0,0,0,0
TCK-001435,46,9,0,0,0.0303,2,0,0,1
TCK-001436,53,9,0,0,0.0227,0,0,0,0
TCK-001437,55,10,0,0,0.0222,0,0,0,0
TCK-001438,51,8,0,0,0.0233,1,0,0,1
TCK-001439,55,10,0,0,0.0222,0,0,0,0
TCK-001440,161,27,0,0,0.0227,2,0,0,1
TCK-001441,45,8,0,0,0.027,0,0,0,0
TCK-001442,55,10,0,0,0.0222,0,0,0,0
TCK-001443,56,10,1,0,0.0217,0,0,0,0
TCK-001444,45,8,0,0,0.027,0,0,0,0
TCK-001445,171,31,0,0,0.0217,0,0,0,0
TCK-001446,62,11,0,0,0.02,1,1,0,0
TCK-001447,40,7,0,0,0.0303,0,0,0,0
TCK-001448,95,15,0,0,0.0256,2,0,0,1
TCK-001449,40,7,0,0,0.0303,0,0,0,0
TCK-001450,61,11,0,0,0.0408,0,0,0,1
TCK-001451,59,9,1,0,0.0204,0,0,0,0
TCK-001452,93,14,1,0,0.026,1,0,0,0
TCK-001453,46,9,0,0,0.0303,2,0,0,1
TCK-001454,61,11,0,0,0.0408,0,0,0,1
TCK-001455,55,8,0,0,0.0217,1,0,1,0
TCK-001456,45,8,0,0,0.027,0,0,0,0
TCK-001457,46,9,0,0,0.0303,2,0,0,1
TCK-001458,59,9,1,0,0.0204,0,0,0,0
TCK-001459,55,10,0,0,0.0222,0,0,0,0
TCK-001460,56,10,1,0,0.0217,0,0,0,0
TCK-001461,40,7,0,0,0.0303,0,0,0,0
TCK-001462,151,27,0,0,0.025,0,0,0,0
TCK-001463,54,10,0,0,0.0233,0,0,0,0
TCK-001464,155,27,2,0,0.0238,0,0,0,0
TCK-001465,155,29,0,0,0.0242,0,0,0,0
TCK-001466,55,10,0,0,0.0222,0,0,0,0
TCK-001467,149,25,0,0,0.0246,0,0,0,0
TCK-001468,64,9,0,0,0.037,1,0,0,0
TCK-001469,45,8,0,0,0.027,0,0,0,0
TCK-001470,61,10,0,0,0.02,1,0,0,1
TCK-001471,61,11,0,0,0.0408,0,0,0,1
TCK-001472,56,10,1,0,0.0217,0,0,0,0
TCK-001473,53,9,0,0,0.0227,0,0,0,0
TCK-001474,105,17,0,0,0.0235,1,0,1,0
TCK-001475,106,18,0,1,0.0235,2,0,0,1
TCK-001476,57,10,1,0,0.0213,0,0,0,0
TCK-001477,64,12,0,0,0.0192,0,0,0,0
TCK-001478,195,34,0,0,0.0258,0,0,0,0
TCK-001479,199,36,0,0,0.0252,0,0,0,0
TCK-001480,187,28,0,0,0.026,3,0,1,0
TCK-001481,197,34,0,0,0.0252,0,0,0,0
TCK-001482,55,8,0,0,0.0638,0,0,0,0
TCK-001483,151,27,0,0,0.025,0,0,0,0
TCK-001484,64,9,0,0,0.037,1,0,0,0
TCK-001485,40,7,0,0,0.0303,0,0,0,0
TCK-001486,64,12,0,0,0.0192,0,0,0,0
TCK-001487,59,10,0,0,0.0204,1,0,0,1
TCK-001488,155,29,0,0,0.0242,0,0,0,0
TCK-001489,51,8,0,0,0.0233,1,0,0,1
TCK-001490,64,9,0,0,0.037,1,0,0,0
TCK-001491,56,11,0,0,0.0222,0,0,0,0
TCK-001492,40,7,0,0,0.0303,0,0,0,0
TCK-001493,40,7,0,0,0.0303,0,0,0,0
TCK-001494,55,8,0,0,0.0217,1,0,1,0
TCK-001495,59,9,1,0,0.0204,0,0,0,0
TCK-001496,57,9,1,0,0.0208,0,0,0,0
TCK-001497,165,27,0,0,0.0224,2,0,0,1
TCK-001498,199,36,0,0,0.0252,0,0,0,0
TCK-001499,157,27,2,0,0.0234,0,0,0,0
TCK-001500,46,9,0,0,0.0303,2,0,0,1
TCK-001501,56,10,1,0,0.0217,0,0,0,0
TCK-001502,46,9,0,0,0.0303,2,0,0,1
TCK-001503,64,12,0,0,0.0192,0,0,0,0
TCK-001504,61,11,0,0,0.0408,0,0,0,1
TCK-001505,62,11,0,0,0.02,1,1,0,0
TCK-001506,64,9,0,0,0.037,1,0,0,0
TCK-001507,215,38,0,0,0.0231,0,0,0,0
TCK-001508,64,9,0,0,0.037,1,0,0,0
TCK-001509,64,9,0,0,0.037,1,0,0,0
TCK-001510,61,10,0,0,0.02,1,0,0,1
TCK-001511,55,8,0,0,0.0638,0,0,0,0
TCK-001512,149,25,0,0,0.0246,0,0,0,0
TCK-001513,55,10,0,0,0.0222,0,0,0,0
TCK-001514,55,8,0,0,0.0638,0,0,0,0
TCK-001515,55,10,0,0,0.0222,0,0,0,0
TCK-001516,59,9,1,0,0.0204,0,0,0,0
TCK-001517,54,10,0,0,0.0233,0,0,0,0
TCK-001518,59,9,1,0,0.0204,0,0,0,0
TCK-001519,101,18,1,1,0.0247,1,0,0,0
TCK-001520,56,10,1,0,0.0217,0,0,0,0
TCK-001521,59,9,1,0,0.0204,0,0,0,0
TCK-001522,61,10,0,0,0.02,1,0,1,0
TCK-001523,135,25,0,0,0.03,4,0,0,1
TCK-001524,64,12,0,0,0.0192,0,0,0,0
TCK-001525,61,11,0,0,0.0408,0,0,0,1
TCK-001526,155,27,2,0,0.0238,0,0,0,0
TCK-001527,165,29,0,0,0.0379,0,0,0,1
TCK-001528,64,12,0,0,0.0192,0,0,0,0
TCK-001529,54,10,0,0,0.0233,0,0,0,0
TCK-001530,135,25,0,0,0.03,4,0,0,1
TCK-001531,59,9,1,0,0.0204,0,0,0,0
TCK-001532,56,11,0,0,0.0222,0,0,0,0
TCK-001533,57,10,1,0,0.0213,0,0,0,0
TCK-001534,64,12,0,0,0.0192,0,0,0,0
TCK-001535,55,8,0,0,0.0638,0,0,0,0
TCK-001536,59,10,0,0,0.0204,1,0,0,1
TCK-001537,53,9,0,0,0.0227,0,0,0,0
TCK-001538,40,7,0,0,0.0303,0,0,0,0
TCK-001539,123,21,0,0,0.03,0,0,0,0
TCK-001540,197,34,0,0,0.0252,0,0,0,0
TCK-001541,104,18,0,1,0.0238,2,0,0,1
TCK-001542,64,9,0,0,0.037,1,0,0,0
TCK-001543,56,11,0,0,0.0222,0,0,0,0
TCK-001544,59,9,1,0,0.0204,0,0,0,0
TCK-001545,56,10,1,0,0.0217,0,0,0,0
TCK-001546,56,10,1,0,0.0217,0,0,0,0
TCK-001547,51,8,0,0,0.0233,1,0,0,1
TCK-001548,55,10,0,0,0.0222,0,0,0,0
TCK-001549,105,17,0,0,0.0235,1,0,1,0
TCK-001550,54,10,0,0,0.0233,0,0,0,0
TCK-001551,57,9,1,0,0.0208,0,0,0,0
TCK-001552,64,12,0,0,0.0192,0,0,0,0
TCK-001553,59,9,1,0,0.0204,0,0,0,0
TCK-001554,91,15,1,0,0.0267,1,0,0,0
TCK-001555,105,17,0,0,0.0235,1,0,0,1
TCK-001556,40,7,0,0,0.0303,0,0,0,0
TCK-001557,40,7,0,0,0.0303,0,0,0,0
TCK-001558,57,10,1,0,0.0213,0,0,0,0
TCK-001559,59,9,1,0,0.0204,0,0,0,0
TCK-001560,61,10,0,0,0.02,1,0,0,1
TCK-001561,56,11,0,0,0.0222,0,0,0,0
TCK-001562,64,9,0,0,0.037,1,0,0,0
TCK-001563,103,17,0,0,0.0238,1,0,0,1
TCK-001564,45,8,0,0,0.027,0,0,0,0
TCK-001565,62,11,0,0,0.02,1,1,0,0
TCK-001566,59,10,0,0,0.0204,1,0,0,1
TCK-001567,100,18,0,1,0.025,1,0,0,0
TCK-001568,64,9,0,0,0.037,1,0,0,0
TCK-001569,101,16,1,0,0.0241,0,0,0,0
TCK-001570,61,11,0,0,0.0408,0,0,0,1
TCK-001571,55,8,0,0,0.0217,1,0,1,0
TCK-001572,51,8,0,0,0.0233,1,0,0,1
TCK-001573,210,35,0,1,0.0237,3,0,1,0
TCK-001574,56,11,0,0,0.0222,0,0,0,0
TCK-001575,57,10,1,0,0.0213,0,0,0,0
TCK-001576,57,10,1,0,0.0213,0,0,0,0
TCK-001577,210,35,0,1,0.0237,3,0,0,1
TCK-001578,59,10,0,0,0.0204,1,0,0,1
TCK-001579,61,10,0,0,0.02,1,0,0,1
TCK-001580,55,10,0,0,0.0222,0,0,0,0
TCK-001581,45,8,0,0,0.027,0,0,0,0
TCK-001582,153,27,0,0,0.0242,0,0,0,0
TCK-001583,55,8,0,0,0.0217,1,0,1,0
TCK-001584,61,10,0,0,0.02,1,0,1,0
TCK-001585,61,10,0,0,0.02,1,0,1,0
TCK-001586,157,25,2,0,0.0231,0,0,0,0
TCK-001587,149,25,0,0,0.0246,0,0,0,0
TCK-001588,57,10,1,0,0.0213,0,0,0,0
TCK-001589,64,12,0,0,0.0192,0,0,0,0
TCK-001590,45,8,0,0,0.027,0,0,0,0
TCK-001591,57,10,1,0,0.0213,0,0,0,0
TCK-001592,46,9,0,0,0.0303,2,0,0,1
TCK-001593,59,9,1,0,0.0204,0,0,0,0
TCK-001594,61,10,0,0,0.02,1,0,0,1
TCK-001595,64,12,0,0,0.0192,0,0,0,0
TCK-001596,51,8,0,0,0.0233,1,0,0,1
TCK-001597,46,9,0,0,0.0303,2,0,0,1
TCK-001598,54,10,0,0,0.0233,0,0,0,0
TCK-001599,59,10,0,0,0.0204,1,0,0,1
TCK-001600,59,9,1,0,0.0204,0,0,0,0
TCK-001601,57,10,1,0,0.0213,0,0,0,0
TCK-001602,56,11,0,0,0.0222,0,0,0,0
TCK-001603,61,10,0,0,0.02,1,0,1,0
TCK-001604,55,10,0,0,0.0222,0,0,0,0
TCK-001605,199,36,0,0,0.0252,0,0,0,0
TCK-001606,149,25,0,0,0.0246,0,0,0,0
TCK-001607,62,11,0,0,0.02,1,1,0,0
TCK-001608,40,7,0,0,0.0303,0,0,0,0
TCK-001609,171,31,0,0,0.0217,0,0,0,0
TCK-001610,151,27,0,0,0.025,0,0,0,0
TCK-001611,165,27,0,0,0.0224,2,0,1,0
TCK-001612,56,11,0,0,0.0222,0,0,0,0
TCK-001613,59,9,1,0,0.0204,0,0,0,0
TCK-001614,56,10,1,0,0.0217,0,0,0,0
TCK-001615,109,17,0,1,0.0337,2,0,0,0
TCK-001616,151,27,0,0,0.025,0,0,0,0
TCK-001617,106,18,0,0,0.0235,1,1,0,0
TCK-001618,62,11,0,0,0.02,1,1,0,0
TCK-001619,45,8,0,0,0.027,0,0,0,0
TCK-001620,155,27,2,0,0.0238,0,0,0,0
TCK-001621,57,9,1,0,0.0208,0,0,0,0
TCK-001622,55,8,0,0,0.0217,1,0,1,0
TCK-001623,171,31,0,0,0.0217,0,0,0,0
TCK-001624,64,12,0,0,0.0192,0,0,0,0
TCK-001625,62,11,0,0,0.02,1,1,0,0
TCK-001626,64,9,0,0,0.037,1,0,0,0
TCK-001627,171,25,0,0,0.0352,2,0,0,0
TCK-001628,56,10,1,0,0.0217,0,0,0,0
TCK-001629,59,10,0,0,0.0204,1,0,0,1
TCK-001630,61,11,0,0,0.0408,0,0,0,1
TCK-001631,55,8,0,0,0.0217,1,0,1,0
TCK-001632,64,12,0,0,0.0192,0,0,0,0
TCK-001633,40,7,0,0,0.0303,0,0,0,0
TCK-001634,61,10,0,0,0.02,1,0,0,1
TCK-001635,64,12,0,0,0.0192,0,0,0,0
TCK-001636,95,15,0,0,0.0256,1,0,0,1
TCK-001637,56,10,1,0,0.0217,0,0,0,0
TCK-001638,88,15,0,0,0.0282,1,0,0,0
TCK-001639,56,11,0,0,0.0222,0,0,0,0
TCK-001640,57,10,1,0,0.0213,0,0,0,0
TCK-001641,53,9,0,0,0.0227,0,0,0,0
TCK-001642,54,10,0,0,0.0233,0,0,0,0
TCK-001643,61,11,0,0,0.0408,0,0,0,1
TCK-001644,55,10,0,0,0.0222,0,0,0,0
TCK-001645,40,7,0,0,0.0303,0,0,0,0
TCK-001646,55,8,0,0,0.0638,0,0,0,0
TCK-001647,57,10,1,0,0.0213,0,0,0,0
TCK-001648,155,29,0,0,0.0242,0,0,0,0
TCK-001649,56,10,1,0,0.0217,0,0,0,0
TCK-001650,167,29,0,0,0.0224,2,1,0,0
TCK-001651,62,11,0,0,0.02,1,1,0,0
TCK-001652,57,10,1,0,0.0213,0,0,0,0
TCK-001653,40,7,0,0,0.0303,0,0,0,0
TCK-001654,149,25,0,0,0.0246,0,0,0,0
TCK-001655,55,8,0,0,0.0217,1,0,1,0
TCK-001656,57,10,1,0,0.0213,0,0,0,0
TCK-001657,57,10,1,0,0.0213,0,0,0,0
TCK-001658,103,17,0,0,0.0238,1,0,0,1
TCK-001659,61,10,0,0,0.02,1,0,0,1
TCK-001660,56,11,0,0,0.0222,0,0,0,0
TCK-001661,153,23,0,0,0.0547,0,0,0,0
TCK-001662,155,29,0,0,0.0242,0,0,0,0
TCK-001663,88,15,0,0,0.0282,1,0,0,0
TCK-001664,53,9,0,0,0.0227,0,0,0,0
TCK-001665,46,9,0,0,0.0303,2,0,0,1
TCK-001666,123,21,0,0,0.03,0,0,0,0
TCK-001667,167,29,0,0,0.0224,2,1,0,0
TCK-001668,53,9,0,0,0.0227,0,0,0,0
TCK-001669,45,8,0,0,0.027,0,0,0,0
TCK-001670,171,31,0,0,0.0217,0,0,0,0
TCK-001671,64,9,0,0,0.037,1,0,0,0
TCK-001672,55,8,0,0,0.0217,1,0,1,0
TCK-001673,46,9,0,0,0.0303,2,0,0,1
TCK-001674,64,9,0,0,0.037,1,0,0,0
TCK-001675,40,7,0,0,0.0303,0,0,0,0
TCK-001676,84,14,0,0,0.0294,0,0,0,0
TCK-001677,87,14,0,0,0.0278,1,0,0,0
TCK-001678,59,10,0,0,0.0204,1,0,0,1
TCK-001679,59,9,1,0,0.0204,0,0,0,0
TCK-001680,171,31,0,0,0.0217,0,0,0,0
TCK-001681,40,7,0,0,0.0303,0,0,0,0
TCK-001682,61,10,0,0,0.02,1,0,0,1
TCK-001683,55,10,0,0,0.0222,0,0,0,0
TCK-001684,55,8,0,0,0.0638,0,0,0,0
TCK-001685,54,10,0,0,0.0233,0,0,0,0
TCK-001686,59,9,1,0,0.0204,0,0,0,0
TCK-001687,59,9,1,0,0.0204,0,0,0,0
TCK-001688,56,10,1,0,0.0217,0,0,0,0
TCK-001689,61,11,0,0,0.0408,0,0,0,1
TCK-001690,55,8,0,0,0.0217,1,0,1,0
TCK-001691,54,10,0,0,0.0233,0,0,0,0
TCK-001692,64,9,0,0,0.037,1,0,0,0
TCK-001693,46,9,0,0,0.0303,2,0,0,1
TCK-001694,40,7,0,0,0.0303,0,0,0,0
TCK-001695,45,8,0,0,0.027,0,0,0,0
TCK-001696,157,27,2,0,0.0234,0,0,0,0
TCK-001697,101,17,1,0,0.0244,0,0,0,0
TCK-001698,64,12,0,0,0.0192,0,0,0,0
TCK-001699,64,12,0,0,0.0192,0,0,0,0
TCK-001700,62,11,0,0,0.02,1,1,0,0
TCK-001701,59,10,0,0,0.0204,1,0,0,1
TCK-001702,57,10,1,0,0.0213,0,0,0,0
TCK-001703,167,29,0,0,0.0224,2,1,0,0
TCK-001704,56,11,0,0,0.0222,0,0,0,0
TCK-001705,62,11,0,0,0.02,1,1,0,0
TCK-001706,59,10,0,0,0.0204,1,0,0,1
TCK-001707,59,10,0,0,0.0204,1,0,0,1
TCK-001708,55,8,0,0,0.0638,0,0,0,0
TCK-001709,106,19,0,1,0.0357,1,0,0,1
TCK-001710,56,10,1,0,0.0217,0,0,0,0
TCK-001711,64,9,0,0,0.037,1,0,0,0
TCK-001712,64,9,0,0,0.037,1,0,0,0
TCK-001713,51,8,0,0,0.0233,1,0,0,1
TCK-001714,95,15,0,0,0.0256,2,0,1,0
TCK-001715,59,10,0,0,0.0204,1,0,0,1
TCK-001716,64,12,0,0,0.0192,0,0,0,0
TCK-001717,56,11,0,0,0.0222,0,0,0,0
TCK-001718,54,10,0,0,0.0233,0,0,0,0
TCK-001719,93,15,0,0,0.026,2,0,0,1
TCK-001720,56,10,1,0,0.0217,0,0,0,0
TCK-001721,56,10,1,0,0.0217,0,0,0,0
TCK-001722,64,9,0,0,0.037,1,0,0,0
TCK-001723,59,10,0,0,0.0204,1,0,0,1
TCK-001724,56,11,0,0,0.0222,0,0,0,0
TCK-001725,40,7,0,0,0.0303,0,0,0,0
TCK-001726,135,25,0,0,0.03,4,0,0,1
TCK-001727,100,16,0,1,0.0488,1,0,0,0
TCK-001728,64,9,0,0,0.037,1,0,0,0
TCK-001729,57,10,1,0,0.0213,0,0,0,0
TCK-001730,64,9,0,0,0.037,1,0,0,0
TCK-001731,45,8,0,0,0.027,0,0,0,0
TCK-001732,56,10,1,0,0.0217,0,0,0,0
TCK-001733,59,10,0,0,0.0204,1,0,0,1
TCK-001734,61,10,0,0,0.02,1,0,1,0
TCK-001735,59,10,0,0,0.0204,1,0,0,1
TCK-001736,61,10,0,0,0.02,1,0,0,1
TCK-001737,56,11,0,0,0.0222,0,0,0,0
TCK-001738,57,9,1,0,0.0208,0,0,0,0
TCK-001739,62,11,0,0,0.02,1,1,0,0
TCK-001740,155,29,0,0,0.0242,0,0,0,0
TCK-001741,40,7,0,0,0.0303,0,0,0,0
TCK-001742,61,11,0,0,0.0408,0,0,0,1
TCK-001743,56,11,0,0,0.0222,0,0,0,0
TCK-001744,153,27,0,0,0.0242,0,0,0,0
TCK-001745,157,27,2,0,0.0234,0,0,0,0
TCK-001746,103,16,1,0,0.0238,0,0,0,0
TCK-001747,59,10,0,0,0.0204,1,0,0,1
TCK-001748,100,18,0,0,0.025,0,0,0,0
TCK-001749,61,11,0,0,0.0408,0,0,0,1
TCK-001750,59,10,0,0,0.0204,1,0,0,1
TCK-001751,157,27,2,0,0.0234,0,0,0,0
TCK-001752,64,9,0,0,0.037,1,0,0,0
TCK-001753,100,16,0,1,0.0247,2,0,1,0
TCK-001754,59,10,0,0,0.0204,1,0,0,1
TCK-001755,153,27,0,0,0.0242,0,0,0,0
TCK-001756,89,15,0,0,0.0274,1,0,0,0
TCK-001757,55,8,0,0,0.0638,0,0,0,0
TCK-001758,64,9,0,0,0.037,1,0,0,0
TCK-001759,45,8,0,0,0.027,0,0,0,0
TCK-001760,53,9,0,0,0.0227,0,0,0,0
TCK-001761,45,8,0,0,0.027,0,0,0,0
TCK-001762,56,10,1,0,0.0217,0,0,0,0
TCK-001763,46,9,0,0,0.0303,2,0,0,1
TCK-001764,61,10,0,0,0.02,1,0,1,0
TCK-001765,56,11,0,0,0.0222,0,0,0,0
TCK-001766,57,10,1,0,0.0213,0,0,0,0
TCK-001767,165,29,0,0,0.0379,0,0,0,1
TCK-001768,85,13,0,0,0.0282,2,0,0,1
TCK-001769,57,9,1,0,0.0208,0,0,0,0
TCK-001770,64,12,0,0,0.0192,0,0,0,0
TCK-001771,45,8,0,0,0.027,0,0,0,0
TCK-001772,51,8,0,0,0.0233,1,0,0,1
TCK-001773,55,8,0,0,0.0217,1,0,1,0
TCK-001774,61,10,0,0,0.02,1,0,0,1
TCK-001775,56,10,1,0,0.0217,0,0,0,0
TCK-001776,56,10,1,0,0.0217,0,0,0,0
TCK-001777,59,10,0,0,0.0204,1,0,0,1
TCK-001778,56,10,1,0,0.0217,0,0,0,0
TCK-001779,62,11,0,0,0.02,1,1,0,0
TCK-001780,59,9,1,0,0.0204,0,0,0,0
TCK-001781,145,23,0,0,0.025,2,0,0,1
TCK-001782,56,10,1,0,0.0217,0,0,0,0
TCK-001783,98,17,0,0,0.0256,0,0,0,0
TCK-001784,195,32,0,0,0.025,3,0,0,1
TCK-001785,54,10,0,0,0.0233,0,0,0,0
TCK-001786,57,9,1,0,0.0208,0,0,0,0
TCK-001787,161,27,0,0,0.0227,2,0,0,1
TCK-001788,57,10,1,0,0.0213,0,0,0,0
TCK-001789,61,10,0,0,0.02,1,0,0,1
TCK-001790,56,10,1,0,0.0217,0,0,0,0
TCK-001791,61,11,0,0,0.0408,0,0,0,1
TCK-001792,59,10,0,0,0.0204,1,0,0,1
TCK-001793,45,8,0,0,0.027,0,0,0,0
TCK-001794,87,14,0,0,0.0278,1,0,0,0
TCK-001795,151,27,0,0,0.025,0,0,0,0
TCK-001796,55,8,0,0,0.0638,0,0,0,0
TCK-001797,54,10,0,0,0.0233,0,0,0,0
TCK-001798,180,33,0,1,0.0296,5,0,0,1
TCK-001799,123,21,0,0,0.03,0,0,0,0
TCK-001800,53,9,0,0,0.0227,0,0,0,0
TCK-001801,57,9,1,0,0.0208,0,0,0,0
TCK-001802,59,10,0,0,0.0204,1,0,0,1
TCK-001803,56,10,1,0,0.0217,0,0,0,0
TCK-001804,61,10,0,0,0.02,1,0,1,0
TCK-001805,165,27,0,0,0.0224,2,0,1,0
TCK-001806,46,9,0,0,0.0303,2,0,0,1
TCK-001807,167,29,0,0,0.0224,2,1,0,0
TCK-001808,145,23,0,0,0.025,2,0,0,1
TCK-001809,108,19,0,0,0.023,0,0,0,0
TCK-001810,56,10,1,0,0.0217,0,0,0,0
TCK-001811,64,12,0,0,0.0192,0,0,0,0
TCK-001812,161,27,0,0,0.0227,2,0,0,1
TCK-001813,165,29,0,0,0.0379,0,0,0,1
TCK-001814,57,10,1,0,0.0213,0,0,0,0
TCK-001815,51,8,0,0,0.0233,1,0,0,1
TCK-001816,53,9,0,0,0.0227,0,0,0,0
TCK-001817,59,10,0,0,0.0204,1,0,0,1
TCK-001818,55,10,0,0,0.0222,0,0,0,0
TCK-001819,210,35,0,1,0.0237,3,0,1,0
TCK-001820,59,10,0,0,0.0204,1,0,0,1
TCK-001821,64,9,0,0,0.037,1,0,0,0
TCK-001822,64,9,0,0,0.037,1,0,0,0
TCK-001823,56,10,1,0,0.0217,0,0,0,0
TCK-001824,55,8,0,0,0.0217,1,0,1,0
TCK-001825,61,10,0,0,0.02,1,0,1,0
TCK-001826,55,8,0,0,0.0638,0,0,0,0
TCK-001827,55,8,0,0,0.0638,0,0,0,0
TCK-001828,55,10,0,0,0.0222,0,0,0,0
TCK-001829,145,23,0,0,0.025,2,0,0,1
TCK-001830,55,10,0,0,0.0222,0,0,0,0
TCK-001831,171,31,0,0,0.0217,0,0,0,0
TCK-001832,97,16,0,0,0.0253,0,0,0,0
TCK-001833,54,10,0,0,0.0233,0,0,0,0
TCK-001834,57,9,1,0,0.0208,0,0,0,0
TCK-001835,64,12,0,0,0.0192,0,0,0,0
TCK-001836,61,10,0,0,0.02,1,0,0,1
TCK-001837,157,27,2,0,0.0234,0,0,0,0
TCK-001838,99,18,0,1,0.0256,1,0,0,0
TCK-001839,55,10,0,0,0.0222,0,0,0,0
TCK-001840,104,17,1,1,0.0238,1,0,0,0
TCK-001841,53,9,0,0,0.0227,0,0,0,0
TCK-001842,54,10,0,0,0.0233,0,0,0,0
TCK-001843,61,10,0,0,0.02,1,0,0,1
TCK-001844,55,10,0,0,0.0222,0,0,0,0
TCK-001845,45,8,0,0,0.027,0,0,0,0
TCK-001846,56,11,0,0,0.0222,0,0,0,0
TCK-001847,61,10,0,0,0.02,1,0,1,0
TCK-001848,64,12,0,0,0.0192,0,0,0,0
TCK-001849,59,9,1,0,0.0204,0,0,0,0
TCK-001850,45,8,0,0,0.027,0,0,0,0
TCK-001851,53,9,0,0,0.0227,0,0,0,0
TCK-001852,53,9,0,0,0.0227,0,0,0,0
TCK-001853,53,9,0,0,0.0227,0,0,0,0
TCK-001854,55,8,0,0,0.0638,0,0,0,0
TCK-001855,56,11,0,0,0.0222,0,0,0,0
TCK-001856,61,10,0,0,0.02,1,0,0,1
TCK-001857,51,8,0,0,0.0233,1,0,0,1
TCK-001858,55,10,0,0,0.0222,0,0,0,0
TCK-001859,62,11,0,0,0.02,1,1,0,0
TCK-001860,40,7,0,0,0.0303,0,0,0,0
TCK-001861,98,14,0,0,0.0366,2,0,0,0
TCK-001862,98,17,0,0,0.0256,0,0,0,0
TCK-001863,62,11,0,0,0.02,1,1,0,0
TCK-001864,57,10,1,0,0.0213,0,0,0,0
TCK-001865,55,8,0,0,0.0217,1,0,1,0
TCK-001866,56,11,0,0,0.0222,0,0,0,0
TCK-001867,53,9,0,0,0.0227,0,0,0,0
TCK-001868,53,9,0,0,0.0227,0,0,0,0
TCK-001869,46,9,0,0,0.0303,2,0,0,1
TCK-001870,53,9,0,0,0.0227,0,0,0,0
TCK-001871,54,10,0,0,0.0233,0,0,0,0
TCK-001872,55,8,0,0,0.0217,1,0,1,0
TCK-001873,95,15,0,0,0.0256,1,0,0,1
TCK-001874,61,10,0,0,0.02,1,0,1,0
TCK-001875,46,9,0,0,0.0303,2,0,0,1
TCK-001876,61,10,0,0,0.02,1,0,0,1
TCK-001877,56,10,1,0,0.0217,0,0,0,0
TCK-001878,64,9,0,0,0.037,1,0,0,0
TCK-001879,57,9,1,0,0.0208,0,0,0,0
TCK-001880,61,11,0,0,0.0408,0,0,0,1
TCK-001881,61,11,0,0,0.0408,0,0,0,1
TCK-001882,55,8,0,0,0.0217,1,0,1,0
TCK-001883,59,10,0,0,0.0204,1,0,0,1
TCK-001884,59,10,0,0,0.0204,1,0,0,1
TCK-001885,59,10,0,0,0.0204,1,0,0,1
TCK-001886,57,9,1,0,0.0208,0,0,0,0
TCK-001887,56,10,1,0,0.0217,0,0,0,0
TCK-001888,61,10,0,0,0.02,1,0,0,1
TCK-001889,135,25,0,0,0.03,4,0,0,1
TCK-001890,51,8,0,0,0.0233,1,0,0,1
TCK-001891,51,8,0,0,0.0233,1,0,0,1
TCK-001892,91,17,0,1,0.0294,3,0,0,1
TCK-001893,59,9,1,0,0.0204,0,0,0,0
TCK-001894,46,9,0,0,0.0303,2,0,0,1
TCK-001895,55,10,0,0,0.0222,0,0,0,0
TCK-001896,187,32,0,0,0.0263,1,0,0,0
TCK-001897,59,10,0,0,0.0204,1,0,0,1
TCK-001898,51,8,0,0,0.0233,1,0,0,1
TCK-001899,61,11,0,0,0.0408,0,0,0,1
TCK-001900,155,29,0,0,0.0242,0,0,0,0
TCK-001901,57,10,1,0,0.0213,0,0,0,0
TCK-001902,54,10,0,0,0.0233,0,0,0,0
TCK-001903,64,9,0,0,0.037,1,0,0,0
TCK-001904,59,10,0,0,0.0204,1,0,0,1
TCK-001905,64,12,0,0,0.0192,0,0,0,0
TCK-001906,153,27,0,0,0.0242,0,0,0,0
TCK-001907,64,9,0,0,0.037,1,0,0,0
TCK-001908,53,9,0,0,0.0227,0,0,0,0
TCK-001909,46,9,0,0,0.0303,2,0,0,1
TCK-001910,51,8,0,0,0.0233,1,0,0,1
TCK-001911,161,27,0,0,0.0227,2,0,0,1
TCK-001912,171,31,0,0,0.0217,0,0,0,0
TCK-001913,53,9,0,0,0.0227,0,0,0,0
TCK-001914,59,9,1,0,0.0204,0,0,0,0
TCK-001915,149,25,0,0,0.0246,0,0,0,0
TCK-001916,56,11,0,0,0.0222,0,0,0,0
TCK-001917,46,9,0,0,0.0303,2,0,0,1
TCK-001918,53,9,0,0,0.0227,0,0,0,0
TCK-001919,55,10,0,0,0.0222,0,0,0,0
TCK-001920,40,7,0,0,0.0303,0,0,0,0
TCK-001921,88,15,0,0,0.0282,1,0,0,0
TCK-001922,46,9,0,0,0.0303,2,0,0,1
TCK-001923,55,10,0,0,0.0222,0,0,0,0
TCK-001924,153,23,0,0,0.0238,2,0,1,0
TCK-001925,56,10,1,0,0.0217,0,0,0,0
TCK-001926,61,10,0,0,0.02,1,0,0,1
TCK-001927,64,9,0,0,0.037,1,0,0,0
TCK-001928,55,10,0,0,0.0222,0,0,0,0
TCK-001929,155,27,2,0,0.0238,0,0,0,0
TCK-001930,64,9,0,0,0.037,1,0,0,0
TCK-001931,99,18,0,1,0.0256,1,0,0,0
TCK-001932,171,25,0,0,0.0352,2,0,0,0
TCK-001933,46,9,0,0,0.0303,2,0,0,1
TCK-001934,40,7,0,0,0.0303,0,0,0,0
TCK-001935,61,10,0,0,0.02,1,0,0,1
TCK-001936,57,9,1,0,0.0208,0,0,0,0
TCK-001937,40,7,0,0,0.0303,0,0,0,0
TCK-001938,106,19,0,1,0.0357,1,0,0,1
TCK-001939,161,27,0,0,0.0227,2,0,0,1
TCK-001940,61,11,0,0,0.0408,0,0,0,1
TCK-001941,59,9,1,0,0.0204,0,0,0,0
TCK-001942,56,11,0,0,0.0222,0,0,0,0
TCK-001943,61,10,0,0,0.02,1,0,1,0
TCK-001944,55,10,0,0,0.0222,0,0,0,0
TCK-001945,61,10,0,0,0.02,1,0,1,0
TCK-001946,98,17,0,0,0.025,1,0,0,0
TCK-001947,55,8,0,0,0.0217,1,0,1,0
TCK-001948,59,9,1,0,0.0204,0,0,0,0
TCK-001949,55,10,0,0,0.0222,0,0,0,0
TCK-001950,55,8,0,0,0.0638,0,0,0,0
TCK-001951,171,25,0,0,0.0352,2,0,0,0
TCK-001952,59,10,0,0,0.0204,1,0,0,1
TCK-001953,55,8,0,0,0.0638,0,0,0,0
TCK-001954,59,10,0,0,0.0204,1,0,0,1
TCK-001955,171,31,0,0,0.0217,0,0,0,0
TCK-001956,54,10,0,0,0.0233,0,0,0,0
TCK-001957,46,9,0,0,0.0303,2,0,0,1
TCK-001958,55,8,0,0,0.0217,1,0,1,0
TCK-001959,123,21,0,0,0.03,0,0,0,0
TCK-001960,46,9,0,0,0.0303,2,0,0,1
TCK-001961,61,11,0,0,0.0408,0,0,0,1
TCK-001962,171,25,0,0,0.0352,2,0,0,0
TCK-001963,55,8,0,0,0.0638,0,0,0,0
TCK-001964,62,11,0,0,0.02,1,1,0,0
TCK-001965,105,17,0,0,0.0235,1,0,1,0
TCK-001966,57,10,1,0,0.0213,0,0,0,0
TCK-001967,55,10,0,0,0.0222,0,0,0,0
TCK-001968,55,10,0,0,0.0222,0,0,0,0
TCK-001969,165,29,0,0,0.0379,0,0,0,1
TCK-001970,55,10,0,0,0.0222,0,0,0,0
TCK-001971,64,12,0,0,0.0192,0,0,0,0
TCK-001972,64,9,0,0,0.037,1,0,0,0
TCK-001973,62,11,0,0,0.02,1,1,0,0
TCK-001974,61,10,0,0,0.02,1,0,1,0
TCK-001975,61,10,0,0,0.02,1,0,1,0
TCK-001976,59,10,0,0,0.0204,1,0,0,1
TCK-001977,64,12,0,0,0.0192,0,0,0,0
TCK-001978,61,10,0,0,0.02,1,0,0,1
TCK-001979,57,10,1,0,0.0213,0,0,0,0
TCK-001980,45,8,0,0,0.027,0,0,0,0
TCK-001981,151,27,0,0,0.025,0,0,0,0
TCK-001982,55,8,0,0,0.0638,0,0,0,0
TCK-001983,61,11,0,0,0.0408,0,0,0,1
TCK-001984,56,11,0,0,0.0222,0,0,0,0
TCK-001985,61,11,0,0,0.0408,0,0,0,1
TCK-001986,145,23,0,0,0.025,2,0,0,1
TCK-001987,161,27,0,0,0.0227,2,0,0,1
TCK-001988,55,10,0,0,0.0222,0,0,0,0
TCK-001989,56,10,1,0,0.0217,0,0,0,0
TCK-001990,59,9,1,0,0.0204,0,0,0,0
TCK-001991,59,10,0,0,0.0204,1,0,0,1
TCK-001992,61,10,0,0,0.02,1,0,0,1
TCK-001993,57,10,1,0,0.0213,0,0,0,0
TCK-001994,57,10,1,0,0.0213,0,0,0,0
TCK-001995,57,9,1,0,0.0208,0,0,0,0
TCK-001996,108,16,0,0,0.0337,1,0,0,0
TCK-001997,56,10,1,0,0.0217,0,0,0,0
TCK-001998,59,9,1,0,0.0204,0,0,0,0
TCK-001999,45,8,0,0,0.027,0,0,0,0
TCK-002000,149,25,0,0,0.0246,0,0,0,0
TCK-002001,64,12,0,0,0.0192,0,0,0,0
TCK-002002,59,9,1,0,0.0204,0,0,0,0
TCK-002003,57,10,1,0,0.0213,0,0,0,0
TCK-002004,171,31,0,0,0.0217,0,0,0,0
TCK-002005,57,10,1,0,0.0213,0,0,0,0
TCK-002006,53,9,0,0,0.0227,0,0,0,0
TCK-002007,64,9,0,0,0.037,1,0,0,0
TCK-002008,149,25,0,0,0.0246,0,0,0,0
TCK-002009,64,12,0,0,0.0192,0,0,0,0
TCK-002010,54,10,0,0,0.0233,0,0,0,0
TCK-002011,55,8,0,0,0.0638,0,0,0,0
TCK-002012,169,30,0,0,0.0312,5,0,0,1
TCK-002013,55,8,0,0,0.0217,1,0,1,0
TCK-002014,40,7,0,0,0.0303,0,0,0,0
TCK-002015,56,10,1,0,0.0217,0,0,0,0
TCK-002016,57,10,1,0,0.0213,0,0,0,0
TCK-002017,45,8,0,0,0.027,0,0,0,0
TCK-002018,54,10,0,0,0.0233,0,0,0,0
TCK-002019,61,10,0,0,0.02,1,0,0,1
TCK-002020,56,11,0,0,0.0222,0,0,0,0
TCK-002021,89,15,0,0,0.0278,0,0,0,0
TCK-002022,89,15,0,0,0.0274,1,0,0,0
TCK-002023,98,14,0,0,0.0366,2,0,0,0
TCK-002024,59,10,0,0,0.0204,1,0,0,1
TCK-002025,90,16,0,0,0.0294,2,0,0,1
TCK-002026,55,10,0,0,0.0222,0,0,0,0
TCK-002027,56,11,0,0,0.0222,0,0,0,0
TCK-002028,54,10,0,0,0.0233,0,0,0,0
TCK-002029,56,10,1,0,0.0217,0,0,0,0
TCK-002030,56,11,0,0,0.0222,0,0,0,0
TCK-002031,165,29,0,0,0.0379,0,0,0,1
TCK-002032,61,11,0,0,0.0408,0,0,0,1
TCK-002033,54,10,0,0,0.0233,0,0,0,0
TCK-002034,64,12,0,0,0.0192,0,0,0,0
TCK-002035,85,15,0,1,0.0294,1,0,0,0
TCK-002036,53,9,0,0,0.0227,0,0,0,0
TCK-002037,55,8,0,0,0.0217,1,0,1,0
TCK-002038,90,16,0,1,0.0278,1,0,0,0
TCK-002039,61,10,0,0,0.02,1,0,0,1
TCK-002040,57,10,1,0,0.0213,0,0,0,0
TCK-002041,161,25,2,0,0.0227,0,0,0,0
TCK-002042,61,10,0,0,0.02,1,0,1,0
TCK-002043,61,10,0,0,0.02,1,0,0,1
TCK-002044,135,25,0,0,0.03,4,0,0,1
TCK-002045,57,10,1,0,0.0213,0,0,0,0
TCK-002046,64,9,0,0,0.037,1,0,0,0
TCK-002047,59,10,0,0,0.0204,1,0,0,1
TCK-002048,57,10,1,0,0.0213,0,0,0,0
TCK-002049,64,12,0,0,0.0192,0,0,0,0
TCK-002050,56,10,1,0,0.0217,0,0,0,0
TCK-002051,151,27,0,0,0.025,0,0,0,0
TCK-002052,106,18,0,1,0.0235,2,0,1,0
TCK-002053,56,11,0,0,0.0222,0,0,0,0
TCK-002054,55,8,0,0,0.0638,0,0,0,0
TCK-002055,61,11,0,0,0.0408,0,0,0,1
TCK-002056,45,8,0,0,0.027,0,0,0,0
TCK-002057,145,23,0,0,0.025,2,0,0,1
TCK-002058,161,25,2,0,0.0227,0,0,0,0
TCK-002059,53,9,0,0,0.0227,0,0,0,0
TCK-002060,56,11,0,0,0.0222,0,0,0,0
TCK-002061,55,10,0,0,0.0222,0,0,0,0
TCK-002062,53,9,0,0,0.0227,0,0,0,0
TCK-002063,61,11,0,0,0.0408,0,0,0,1
TCK-002064,56,10,1,0,0.0217,0,0,0,0
TCK-002065,45,8,0,0,0.027,0,0,0,0
TCK-002066,84,14,0,0,0.0294,0,0,0,0
TCK-002067,165,27,0,0,0.0224,2,0,0,1
TCK-002068,53,9,0,0,0.0227,0,0,0,0
TCK-002069,46,9,0,0,0.0303,2,0,0,1
TCK-002070,46,9,0,0,0.0303,2,0,0,1
TCK-002071,55,8,0,0,0.0638,0,0,0,0
TCK-002072,149,25,0,0,0.0246,0,0,0,0
TCK-002073,61,10,0,0,0.02,1,0,0,1
TCK-002074,61,10,0,0,0.02,1,0,1,0
TCK-002075,59,10,0,0,0.0204,1,0,0,1
TCK-002076,145,23,0,0,0.025,2,0,0,1
TCK-002077,55,8,0,0,0.0217,1,0,1,0
TCK-002078,55,10,0,0,0.0222,0,0,0,0
TCK-002079,171,25,0,0,0.0352,2,0,0,0
TCK-002080,61,10,0,0,0.02,1,0,0,1
TCK-002081,56,11,0,0,0.0222,0,0,0,0
TCK-002082,56,10,1,0,0.0217,0,0,0,0
TCK-002083,57,10,1,0,0.0213,0,0,0,0
TCK-002084,191,30,2,0,0.0253,1,0,0,0
TCK-002085,61,11,0,0,0.0408,0,0,0,1
TCK-002086,61,10,0,0,0.02,1,0,0,1
TCK-002087,46,9,0,0,0.0303,2,0,0,1
TCK-002088,108,19,0,0,0.023,0,0,0,0
TCK-002089,54,10,0,0,0.0233,0,0,0,0
TCK-002090,100,17,1,0,0.0247,0,0,0,0
TCK-002091,90,15,1,0,0.027,1,0,0,0
TCK-002092,64,12,0,0,0.0192,0,0,0,0
TCK-002093,64,12,0,0,0.0192,0,0,0,0
TCK-002094,55,10,0,0,0.0222,0,0,0,0
TCK-002095,53,9,0,0,0.0227,0,0,0,0
TCK-002096,54,10,0,0,0.0233,0,0,0,0
TCK-002097,51,8,0,0,0.0233,1,0,0,1
TCK-002098,55,10,0,0,0.0222,0,0,0,0
TCK-002099,46,9,0,0,0.0303,2,0,0,1
TCK-002100,46,9,0,0,0.0303,2,0,0,1
TCK-002101,64,12,0,0,0.0192,0,0,0,0
TCK-002102,61,10,0,0,0.02,1,0,1,0
TCK-002103,90,16,0,0,0.0274,1,0,0,0
TCK-002104,45,8,0,0,0.027,0,0,0,0
TCK-002105,64,9,0,0,0.037,1,0,0,0
TCK-002106,210,37,0,1,0.0359,1,0,0,1
TCK-002107,153,23,0,0,0.0238,2,0,1,0
TCK-002108,54,10,0,0,0.0233,0,0,0,0
TCK-002109,56,11,0,0,0.0222,0,0,0,0
TCK-002110,201,34,0,0,0.0247,3,1,0,0
TCK-002111,102,18,1,1,0.0244,1,0,0,0
TCK-002112,64,9,0,0,0.037,1,0,0,0
TCK-002113,64,12,0,0,0.0192,0,0,0,0
TCK-002114,40,7,0,0,0.0303,0,0,0,0
TCK-002115,59,9,1,0,0.0204,0,0,0,0
TCK-002116,45,8,0,0,0.027,0,0,0,0
TCK-002117,59,9,1,0,0.0204,0,0,0,0
TCK-002118,61,10,0,0,0.02,1,0,1,0
TCK-002119,57,9,1,0,0.0208,0,0,0,0
TCK-002120,40,7,0,0,0.0303,0,0,0,0
TCK-002121,59,9,1,0,0.0204,0,0,0,0
TCK-002122,171,25,0,0,0.0352,2,0,0,0
TCK-002123,40,7,0,0,0.0303,0,0,0,0
TCK-002124,197,34,0,0,0.0252,0,0,0,0
TCK-002125,133,23,0,0,0.0278,0,0,0,0
TCK-002126,101,18,1,1,0.0247,1,0,0,0
TCK-002127,46,9,0,0,0.0303,2,0,0,1
TCK-002128,55,8,0,0,0.0217,1,0,1,0
TCK-002129,46,9,0,0,0.0303,2,0,0,1
TCK-002130,59,10,0,0,0.0204,1,0,0,1
TCK-002131,161,27,0,0,0.0227,2,0,0,1
TCK-002132,57,10,1,0,0.0213,0,0,0,0
TCK-002133,55,10,0,0,0.0222,0,0,0,0
TCK-002134,57,10,1,0,0.0213,0,0,0,0
TCK-002135,45,8,0,0,0.027,0,0,0,0
TCK-002136,51,8,0,0,0.0233,1,0,0,1
TCK-002137,59,10,0,0,0.0204,1,0,0,1
TCK-002138,55,10,0,0,0.0222,0,0,0,0
TCK-002139,57,9,1,0,0.0208,0,0,0,0
TCK-002140,46,9,0,0,0.0303,2,0,0,1
TCK-002141,61,10,0,0,0.02,1,0,1,0
TCK-002142,62,11,0,0,0.02,1,1,0,0
TCK-002143,133,23,0,0,0.0278,0,0,0,0
TCK-002144,55,8,0,0,0.0638,0,0,0,0
TCK-002145,55,10,0,0,0.0222,0,0,0,0
TCK-002146,84,14,0,0,0.0294,0,0,0,0
TCK-002147,46,9,0,0,0.0303,2,0,0,1
TCK-002148,55,10,0,0,0.0222,0,0,0,0
TCK-002149,64,12,0,0,0.0192,0,0,0,0
TCK-002150,51,8,0,0,0.0233,1,0,0,1
TCK-002151,53,9,0,0,0.0227,0,0,0,0
TCK-002152,155,29,0,0,0.0242,0,0,0,0
TCK-002153,59,10,0,0,0.0204,1,0,0,1
TCK-002154,56,10,1,0,0.0217,0,0,0,0
TCK-002155,57,10,1,0,0.0213,0,0,0,0
TCK-002156,171,31,0,0,0.0217,0,0,0,0
TCK-002157,55,8,0,0,0.0217,1,0,1,0
TCK-002158,106,18,0,1,0.0235,2,0,0,1
TCK-002159,61,11,0,0,0.0408,0,0,0,1
TCK-002160,56,11,0,0,0.0222,0,0,0,0
TCK-002161,54,10,0,0,0.0233,0,0,0,0
TCK-002162,105,17,0,0,0.0235,1,0,0,1
TCK-002163,61,11,0,0,0.0408,0,0,0,1
TCK-002164,59,9,1,0,0.0204,0,0,0,0
TCK-002165,54,10,0,0,0.0233,0,0,0,0
TCK-002166,56,10,1,0,0.0217,0,0,0,0
TCK-002167,104,17,1,1,0.0238,1,0,0,0
TCK-002168,91,15,1,0,0.0267,1,0,0,0
TCK-002169,56,10,1,0,0.0217,0,0,0,0
TCK-002170,190,31,0,1,0.0258,3,0,0,1
TCK-002171,161,27,0,0,0.0227,2,0,0,1
TCK-002172,64,9,0,0,0.037,1,0,0,0
TCK-002173,57,9,1,0,0.0208,0,0,0,0
TCK-002174,64,12,0,0,0.0192,0,0,0,0
TCK-002175,45,8,0,0,0.027,0,0,0,0
TCK-002176,64,9,0,0,0.037,1,0,0,0
TCK-002177,62,11,0,0,0.02,1,1,0,0
TCK-002178,151,27,0,0,0.025,0,0,0,0
TCK-002179,46,9,0,0,0.0303,2,0,0,1
TCK-002180,105,17,0,0,0.0235,1,0,0,1
TCK-002181,55,10,0,0,0.0222,0,0,0,0
TCK-002182,53,9,0,0,0.0227,0,0,0,0
TCK-002183,55,10,0,0,0.0222,0,0,0,0
TCK-002184,59,9,1,0,0.0204,0,0,0,0
TCK-002185,59,10,0,0,0.0204,1,0,0,1
TCK-002186,46,9,0,0,0.0303,2,0,0,1
TCK-002187,103,17,0,0,0.0238,1,0,0,1
TCK-002188,171,25,0,0,0.0352,2,0,0,0
TCK-002189,45,8,0,0,0.027,0,0,0,0
TCK-002190,56,11,0,0,0.0222,0,0,0,0
TCK-002191,53,9,0,0,0.0227,0,0,0,0
TCK-002192,57,10,1,0,0.0213,0,0,0,0
TCK-002193,56,10,1,0,0.0217,0,0,0,0
TCK-002194,61,11,0,0,0.0408,0,0,0,1
TCK-002195,61,11,0,0,0.0408,0,0,0,1
TCK-002196,62,11,0,0,0.02,1,1,0,0
TCK-002197,59,10,0,0,0.0204,1,0,0,1
TCK-002198,55,10,0,0,0.0222,0,0,0,0
TCK-002199,56,10,1,0,0.0217,0,0,0,0
TCK-002200,153,23,0,0,0.0547,0,0,0,0
TCK-002201,64,12,0,0,0.0192,0,0,0,0
TCK-002202,91,15,1,0,0.0267,1,0,0,0
TCK-002203,64,9,0,0,0.037,1,0,0,0
TCK-002204,61,11,0,0,0.0408,0,0,0,1
TCK-002205,57,9,1,0,0.0208,0,0,0,0
TCK-002206,59,10,0,0,0.0204,1,0,0,1
TCK-002207,54,10,0,0,0.0233,0,0,0,0
TCK-002208,57,10,1,0,0.0213,0,0,0,0
TCK-002209,54,10,0,0,0.0233,0,0,0,0
TCK-002210,64,9,0,0,0.037,1,0,0,0
TCK-002211,61,11,0,0,0.0408,0,0,0,1
TCK-002212,57,10,1,0,0.0213,0,0,0,0
TCK-002213,55,10,0,0,0.0222,0,0,0,0
TCK-002214,55,8,0,0,0.0638,0,0,0,0
TCK-002215,135,25,0,0,0.03,4,0,0,1
TCK-002216,167,29,0,0,0.0224,2,1,0,0
TCK-002217,53,9,0,0,0.0227,0,0,0,0
TCK-002218,57,9,1,0,0.0208,0,0,0,0
TCK-002219,165,29,0,0,0.0379,0,0,0,1
TCK-002220,57,9,1,0,0.0208,0,0,0,0
TCK-002221,56,10,1,0,0.0217,0,0,0,0
TCK-002222,46,9,0,0,0.0303,2,0,0,1
TCK-002223,64,12,0,0,0.0192,0,0,0,0
TCK-002224,64,12,0,0,0.0192,0,0,0,0
TCK-002225,56,11,0,0,0.0222,0,0,0,0
TCK-002226,55,8,0,0,0.0638,0,0,0,0
TCK-002227,59,9,1,0,0.0204,0,0,0,0
TCK-002228,55,10,0,0,0.0222,0,0,0,0
TCK-002229,55,8,0,0,0.0638,0,0,0,0
TCK-002230,62,11,0,0,0.02,1,1,0,0
TCK-002231,55,10,0,0,0.0222,0,0,0,0
TCK-002232,167,29,0,0,0.0224,2,1,0,0
TCK-002233,61,10,0,0,0.02,1,0,0,1
TCK-002234,46,9,0,0,0.0303,2,0,0,1
TCK-002235,161,27,0,0,0.0227,2,0,0,1
TCK-002236,61,11,0,0,0.0408,0,0,0,1
TCK-002237,59,9,1,0,0.0204,0,0,0,0
TCK-002238,171,31,0,0,0.0217,0,0,0,0
TCK-002239,59,10,0,0,0.0204,1,0,0,1
TCK-002240,59,9,1,0,0.0204,0,0,0,0
TCK-002241,54,10,0,0,0.0233,0,0,0,0
TCK-002242,103,16,1,0,0.0238,0,0,0,0
TCK-002243,98,17,0,0,0.025,1,0,0,0
TCK-002244,61,10,0,0,0.02,1,0,0,1
TCK-002245,45,8,0,0,0.027,0,0,0,0
TCK-002246,151,27,0,0,0.025,0,0,0,0
TCK-002247,64,12,0,0,0.0192,0,0,0,0
TCK-002248,53,9,0,0,0.0227,0,0,0,0
TCK-002249,105,17,0,0,0.0235,1,0,0,1
TCK-002250,57,9,1,0,0.0208,0,0,0,0
TCK-002251,161,27,0,0,0.0227,2,0,0,1
TCK-002252,51,8,0,0,0.0233,1,0,0,1
TCK-002253,99,18,0,1,0.0256,1,0,0,0
TCK-002254,55,10,0,0,0.0222,0,0,0,0
TCK-002255,55,10,0,0,0.0222,0,0,0,0
TCK-002256,59,10,0,0,0.0204,1,0,0,1
TCK-002257,59,9,1,0,0.0204,0,0,0,0
TCK-002258,54,10,0,0,0.0233,0,0,0,0
TCK-002259,165,27,0,0,0.0224,2,0,0,1
TCK-002260,64,9,0,0,0.037,1,0,0,0
TCK-002261,161,25,2,0,0.0227,0,0,0,0
TCK-002262,157,27,2,0,0.0234,0,0,0,0
TCK-002263,55,10,0,0,0.0222,0,0,0,0
TCK-002264,161,25,2,0,0.0227,0,0,0,0
TCK-002265,51,8,0,0,0.0233,1,0,0,1
TCK-002266,53,9,0,0,0.0227,0,0,0,0
TCK-002267,59,9,1,0,0.0204,0,0,0,0
TCK-002268,40,7,0,0,0.0303,0,0,0,0
TCK-002269,40,7,0,0,0.0303,0,0,0,0
TCK-002270,64,9,0,0,0.037,1,0,0,0
TCK-002271,61,10,0,0,0.02,1,0,1,0
TCK-002272,62,11,0,0,0.02,1,1,0,0
TCK-002273,165,29,0,0,0.0379,0,0,0,1
TCK-002274,45,8,0,0,0.027,0,0,0,0
TCK-002275,165,29,0,0,0.0379,0,0,0,1
TCK-002276,54,10,0,0,0.0233,0,0,0,0
TCK-002277,54,10,0,0,0.0233,0,0,0,0
TCK-002278,46,9,0,0,0.0303,2,0,0,1
TCK-002279,57,9,1,0,0.0208,0,0,0,0
TCK-002280,61,10,0,0,0.02,1,0,0,1
TCK-002281,59,10,0,0,0.0204,1,0,0,1
TCK-002282,46,9,0,0,0.0303,2,0,0,1
TCK-002283,46,9,0,0,0.0303,2,0,0,1
TCK-002284,59,10,0,0,0.0204,1,0,0,1
TCK-002285,98,17,0,0,0.0256,0,0,0,0
TCK-002286,59,9,1,0,0.0204,0,0,0,0
TCK-002287,46,9,0,0,0.0303,2,0,0,1
TCK-002288,53,9,0,0,0.0227,0,0,0,0
TCK-002289,55,8,0,0,0.0217,1,0,1,0
TCK-002290,64,9,0,0,0.037,1,0,0,0
TCK-002291,99,15,0,0,0.0247,1,0,1,0
TCK-002292,45,8,0,0,0.027,0,0,0,0
TCK-002293,56,11,0,0,0.0222,0,0,0,0
TCK-002294,151,27,0,0,0.025,0,0,0,0
TCK-002295,55,8,0,0,0.0638,0,0,0,0
TCK-002296,56,10,1,0,0.0217,0,0,0,0
TCK-002297,62,11,0,0,0.02,1,1,0,0
TCK-002298,53,9,0,0,0.0227,0,0,0,0
TCK-002299,56,11,0,0,0.0222,0,0,0,0
TCK-002300,123,21,0,0,0.03,0,0,0,0
TCK-002301,55,8,0,0,0.0638,0,0,0,0
TCK-002302,54,10,0,0,0.0233,0,0,0,0
TCK-002303,155,29,0,0,0.0242,0,0,0,0
TCK-002304,53,9,0,0,0.0227,0,0,0,0
TCK-002305,45,8,0,0,0.027,0,0,0,0
TCK-002306,167,29,0,0,0.0224,2,1,0,0
TCK-002307,55,10,0,0,0.0222,0,0,0,0
TCK-002308,55,10,0,0,0.0222,0,0,0,0
TCK-002309,155,29,0,0,0.0242,0,0,0,0
TCK-002310,56,11,0,0,0.0222,0,0,0,0
TCK-002311,56,10,1,0,0.0217,0,0,0,0
TCK-002312,171,31,0,0,0.0217,0,0,0,0
TCK-002313,64,9,0,0,0.037,1,0,0,0
TCK-002314,61,10,0,0,0.02,1,0,0,1
TCK-002315,55,10,0,0,0.0222,0,0,0,0
TCK-002316,64,9,0,0,0.037,1,0,0,0
TCK-002317,57,9,1,0,0.0208,0,0,0,0
TCK-002318,46,9,0,0,0.0303,2,0,0,1
TCK-002319,61,10,0,0,0.02,1,0,0,1
TCK-002320,64,12,0,0,0.0192,0,0,0,0
TCK-002321,59,9,1,0,0.0204,0,0,0,0
TCK-002322,199,34,2,0,0.0248,0,0,0,0
TCK-002323,157,27,2,0,0.0234,0,0,0,0
TCK-002324,167,29,0,0,0.0224,2,1,0,0
TCK-002325,55,10,0,0,0.0222,0,0,0,0
TCK-002326,45,8,0,0,0.027,0,0,0,0
TCK-002327,40,7,0,0,0.0303,0,0,0,0
TCK-002328,155,27,2,0,0.0238,0,0,0,0
TCK-002329,62,11,0,0,0.02,1,1,0,0
TCK-002330,153,27,0,0,0.0242,0,0,0,0
TCK-002331,64,12,0,0,0.0192,0,0,0,0
TCK-002332,54,10,0,0,0.0233,0,0,0,0
TCK-002333,59,10,0,0,0.0204,1,0,0,1
TCK-002334,55,8,0,0,0.0217,1,0,1,0
TCK-002335,53,9,0,0,0.0227,0,0,0,0
TCK-002336,171,31,0,0,0.0217,0,0,0,0
TCK-002337,56,10,1,0,0.0217,0,0,0,0
TCK-002338,59,10,0,0,0.0204,1,0,0,1
TCK-002339,151,27,0,0,0.025,0,0,0,0
TCK-002340,59,10,0,0,0.0204,1,0,0,1
TCK-002341,46,9,0,0,0.0303,2,0,0,1
TCK-002342,97,16,0,0,0.0253,0,0,0,0
TCK-002343,64,9,0,0,0.037,1,0,0,0
TCK-002344,64,9,0,0,0.037,1,0,0,0
TCK-002345,62,11,0,0,0.02,1,1,0,0
TCK-002346,155,29,0,0,0.0242,0,0,0,0
TCK-002347,62,11,0,0,0.02,1,1,0,0
TCK-002348,57,10,1,0,0.0213,0,0,0,0
TCK-002349,59,9,1,0,0.0204,0,0,0,0
TCK-002350,171,25,0,0,0.0352,2,0,0,0
TCK-002351,62,11,0,0,0.02,1,1,0,0
TCK-002352,57,9,1,0,0.0208,0,0,0,0
TCK-002353,56,11,0,0,0.0222,0,0,0,0
TCK-002354,45,8,0,0,0.027,0,0,0,0
TCK-002355,57,10,1,0,0.0213,0,0,0,0
TCK-002356,55,10,0,0,0.0222,0,0,0,0
TCK-002357,56,11,0,0,0.0222,0,0,0,0
TCK-002358,55,10,0,0,0.0222,0,0,0,0
TCK-002359,57,9,1,0,0.0208,0,0,0,0
TCK-002360,55,10,0,0,0.0222,0,0,0,0
TCK-002361,62,11,0,0,0.02,1,1,0,0
TCK-002362,167,29,0,0,0.0224,2,1,0,0
TCK-002363,93,15,0,0,0.026,2,0,0,1
TCK-002364,145,23,0,0,0.025,2,0,0,1
TCK-002365,59,9,1,0,0.0204,0,0,0,0
TCK-002366,61,10,0,0,0.02,1,0,0,1
TCK-002367,149,25,0,0,0.0246,0,0,0,0
TCK-002368,53,9,0,0,0.0227,0,0,0,0
TCK-002369,61,10,0,0,0.02,1,0,1,0
TCK-002370,153,23,0,0,0.0547,0,0,0,0
TCK-002371,51,8,0,0,0.0233,1,0,0,1
TCK-002372,46,9,0,0,0.0303,2,0,0,1
TCK-002373,61,10,0,0,0.02,1,0,1,0
TCK-002374,57,10,1,0,0.0213,0,0,0,0
TCK-002375,61,11,0,0,0.0408,0,0,0,1
TCK-002376,55,8,0,0,0.0217,1,0,1,0
TCK-002377,61,10,0,0,0.02,1,0,0,1
TCK-002378,64,12,0,0,0.0192,0,0,0,0
TCK-002379,145,23,0,0,0.025,2,0,0,1
TCK-002380,59,10,0,0,0.0204,1,0,0,1
TCK-002381,135,25,0,0,0.03,4,0,0,1
TCK-002382,45,8,0,0,0.027,0,0,0,0
TCK-002383,167,29,0,0,0.0224,2,1,0,0
TCK-002384,54,10,0,0,0.0233,0,0,0,0
TCK-002385,56,10,1,0,0.0217,0,0,0,0
TCK-002386,53,9,0,0,0.0227,0,0,0,0
TCK-002387,56,11,0,0,0.0222,0,0,0,0
TCK-002388,59,9,1,0,0.0204,0,0,0,0
TCK-002389,95,15,0,0,0.0256,2,0,1,0
TCK-002390,155,29,0,0,0.0242,0,0,0,0
TCK-002391,59,10,0,0,0.0204,1,0,0,1
TCK-002392,145,23,0,0,0.025,2,0,0,1
TCK-002393,55,8,0,0,0.0638,0,0,0,0
TCK-002394,55,10,0,0,0.0222,0,0,0,0
TCK-002395,61,10,0,0,0.02,1,0,0,1
TCK-002396,57,9,1,0,0.0208,0,0,0,0
TCK-002397,59,9,1,0,0.0204,0,0,0,0
TCK-002398,57,9,1,0,0.0208,0,0,0,0
TCK-002399,56,10,1,0,0.0217,0,0,0,0
TCK-002400,59,10,0,0,0.0204,1,0,0,1
TCK-002401,64,12,0,0,0.0192,0,0,0,0
TCK-002402,53,9,0,0,0.0227,0,0,0,0
TCK-002403,171,31,0,0,0.0217,0,0,0,0
TCK-002404,53,9,0,0,0.0227,0,0,0,0
TCK-002405,61,10,0,0,0.02,1,0,0,1
TCK-002406,59,10,0,0,0.0204,1,0,0,1
TCK-002407,55,10,0,0,0.0222,0,0,0,0
TCK-002408,57,9,1,0,0.0208,0,0,0,0
TCK-002409,55,10,0,0,0.0222,0,0,0,0
TCK-002410,59,9,1,0,0.0204,0,0,0,0
TCK-002411,151,27,0,0,0.025,0,0,0,0
TCK-002412,56,10,1,0,0.0217,0,0,0,0
TCK-002413,157,25,2,0,0.0231,0,0,0,0
TCK-002414,105,17,0,0,0.0235,1,0,1,0
TCK-002415,88,15,0,0,0.0282,1,0,0,0
TCK-002416,55,10,0,0,0.0222,0,0,0,0
TCK-002417,55,10,0,0,0.0222,0,0,0,0
TCK-002418,55,10,0,0,0.0222,0,0,0,0
TCK-002419,55,10,0,0,0.0222,0,0,0,0
TCK-002420,99,18,0,1,0.0256,1,0,0,0
TCK-002421,190,31,0,1,0.0258,3,0,0,1
TCK-002422,61,10,0,0,0.02,1,0,0,1
TCK-002423,59,10,0,0,0.0204,1,0,0,1
TCK-002424,151,27,0,0,0.025,0,0,0,0
TCK-002425,56,11,0,0,0.0222,0,0,0,0
TCK-002426,153,27,0,0,0.0242,0,0,0,0
TCK-002427,46,9,0,0,0.0303,2,0,0,1
TCK-002428,53,9,0,0,0.0227,0,0,0,0
TCK-002429,53,9,0,0,0.0227,0,0,0,0
TCK-002430,53,9,0,0,0.0227,0,0,0,0
TCK-002431,55,10,0,0,0.0222,0,0,0,0
TCK-002432,55,10,0,0,0.0222,0,0,0,0
TCK-002433,61,11,0,0,0.0408,0,0,0,1
TCK-002434,161,27,0,0,0.0227,2,0,0,1
TCK-002435,61,10,0,0,0.02,1,0,1,0
TCK-002436,61,10,0,0,0.02,1,0,0,1
TCK-002437,53,9,0,0,0.0227,0,0,0,0
TCK-002438,59,9,1,0,0.0204,0,0,0,0
TCK-002439,59,10,0,0,0.0204,1,0,0,1
TCK-002440,55,10,0,0,0.0222,0,0,0,0
TCK-002441,46,9,0,0,0.0303,2,0,0,1
TCK-002442,57,10,1,0,0.0213,0,0,0,0
TCK-002443,64,9,0,0,0.037,1,0,0,0
TCK-002444,55,8,0,0,0.0217,1,0,1,0
TCK-002445,64,12,0,0,0.0192,0,0,0,0
TCK-002446,145,23,0,0,0.025,2,0,0,1
TCK-002447,59,10,0,0,0.0204,1,0,0,1
TCK-002448,161,27,0,0,0.0227,2,0,0,1
TCK-002449,61,11,0,0,0.0408,0,0,0,1
TCK-002450,61,10,0,0,0.02,1,0,1,0
TCK-002451,40,7,0,0,0.0303,0,0,0,0
TCK-002452,55,8,0,0,0.0217,1,0,1,0
TCK-002453,45,8,0,0,0.027,0,0,0,0
TCK-002454,61,10,0,0,0.02,1,0,0,1
TCK-002455,59,10,0,0,0.0204,1,0,0,1
TCK-002456,61,10,0,0,0.02,1,0,1,0
TCK-002457,40,7,0,0,0.0303,0,0,0,0
TCK-002458,56,10,1,0,0.0217,0,0,0,0
TCK-002459,57,10,1,0,0.0213,0,0,0,0
TCK-002460,53,9,0,0,0.0227,0,0,0,0
TCK-002461,53,9,0,0,0.0227,0,0,0,0
TCK-002462,40,7,0,0,0.0303,0,0,0,0
TCK-002463,155,27,2,0,0.0238,0,0,0,0
TCK-002464,61,11,0,0,0.0408,0,0,0,1
TCK-002465,57,9,1,0,0.0208,0,0,0,0
TCK-002466,59,9,1,0,0.0204,0,0,0,0
TCK-002467,59,10,0,0,0.0204,1,0,0,1
TCK-002468,157,27,2,0,0.0234,0,0,0,0
TCK-002469,157,25,2,0,0.0231,0,0,0,0
TCK-002470,64,9,0,0,0.037,1,0,0,0
TCK-002471,55,10,0,0,0.0222,0,0,0,0
TCK-002472,61,11,0,0,0.0408,0,0,0,1
TCK-002473,161,27,0,0,0.0227,2,0,0,1
TCK-002474,51,8,0,0,0.0233,1,0,0,1
TCK-002475,51,8,0,0,0.0233,1,0,0,1
TCK-002476,54,10,0,0,0.0233,0,0,0,0
TCK-002477,56,11,0,0,0.0222,0,0,0,0
TCK-002478,57,9,1,0,0.0208,0,0,0,0
TCK-002479,54,10,0,0,0.0233,0,0,0,0
TCK-002480,97,16,0,0,0.0253,0,0,0,0
TCK-002481,64,12,0,0,0.0192,0,0,0,0
TCK-002482,59,10,0,0,0.0204,1,0,0,1
TCK-002483,57,10,1,0,0.0213,0,0,0,0
TCK-002484,55,10,0,0,0.0222,0,0,0,0
TCK-002485,205,32,2,0,0.024,0,0,0,0
TCK-002486,61,10,0,0,0.02,1,0,0,1
TCK-002487,56,11,0,0,0.0222,0,0,0,0
TCK-002488,57,9,1,0,0.0208,0,0,0,0
TCK-002489,99,15,0,0,0.0488,0,0,0,0
TCK-002490,55,10,0,0,0.0222,0,0,0,0
TCK-002491,133,23,0,0,0.0278,0,0,0,0
TCK-002492,56,11,0,0,0.0222,0,0,0,0
TCK-002493,46,9,0,0,0.0303,2,0,0,1
TCK-002494,53,9,0,0,0.0227,0,0,0,0
TCK-002495,56,10,1,0,0.0217,0,0,0,0
TCK-002496,56,11,0,0,0.0222,0,0,0,0
TCK-002497,53,9,0,0,0.0227,0,0,0,0
TCK-002498,161,27,0,0,0.0227,2,0,0,1
TCK-002499,59,10,0,0,0.0204,1,0,0,1
TCK-002500,56,10,1,0,0.0217,0,0,0,0
TCK-002501,56,11,0,0,0.0222,0,0,0,0
TCK-002502,55,10,0,0,0.0222,0,0,0,0
TCK-002503,55,8,0,0,0.0638,0,0,0,0
TCK-002504,54,10,0,0,0.0233,0,0,0,0
TCK-002505,56,11,0,0,0.0222,0,0,0,0
TCK-002506,40,7,0,0,0.0303,0,0,0,0
TCK-002507,106,18,0,1,0.0235,2,0,0,1
TCK-002508,57,10,1,0,0.0213,0,0,0,0
TCK-002509,64,12,0,0,0.0192,0,0,0,0
TCK-002510,54,10,0,0,0.0233,0,0,0,0
TCK-002511,135,25,0,0,0.03,4,0,0,1
TCK-002512,161,27,0,0,0.0227,2,0,0,1
TCK-002513,167,29,0,0,0.0224,2,1,0,0
TCK-002514,59,10,0,0,0.0204,1,0,0,1
TCK-002515,45,8,0,0,0.027,0,0,0,0
TCK-002516,55,10,0,0,0.0222,0,0,0,0
TCK-002517,91,14,1,0,0.0263,1,0,0,0
TCK-002518,59,9,1,0,0.0204,0,0,0,0
TCK-002519,53,9,0,0,0.0227,0,0,0,0
TCK-002520,59,10,0,0,0.0204,1,0,0,1
TCK-002521,55,8,0,0,0.0217,1,0,1,0
TCK-002522,106,18,0,0,0.0235,1,1,0,0
TCK-002523,153,23,0,0,0.0238,2,0,1,0
TCK-002524,51,8,0,0,0.0233,1,0,0,1
TCK-002525,64,12,0,0,0.0192,0,0,0,0
TCK-002526,64,9,0,0,0.037,1,0,0,0
TCK-002527,98,17,0,0,0.0256,0,0,0,0
TCK-002528,56,10,1,0,0.0217,0,0,0,0
TCK-002529,64,9,0,0,0.037,1,0,0,0
TCK-002530,165,27,0,0,0.0224,2,0,0,1
TCK-002531,54,10,0,0,0.0233,0,0,0,0
TCK-002532,64,12,0,0,0.0192,0,0,0,0
TCK-002533,55,10,0,0,0.0222,0,0,0,0
TCK-002534,56,11,0,0,0.0222,0,0,0,0
TCK-002535,59,9,1,0,0.0204,0,0,0,0
TCK-002536,55,8,0,0,0.0217,1,0,1,0
TCK-002537,59,9,1,0,0.0204,0,0,0,0
TCK-002538,59,9,1,0,0.0204,0,0,0,0
TCK-002539,167,29,0,0,0.0224,2,1,0,0
TCK-002540,61,11,0,0,0.0408,0,0,0,1
TCK-002541,56,10,1,0,0.0217,0,0,0,0
TCK-002542,54,10,0,0,0.0233,0,0,0,0
TCK-002543,157,27,2,0,0.0234,0,0,0,0
TCK-002544,89,13,0,0,0.027,2,0,1,0
TCK-002545,55,8,0,0,0.0638,0,0,0,0
TCK-002546,64,9,0,0,0.037,1,0,0,0
TCK-002547,59,10,0,0,0.0204,1,0,0,1
TCK-002548,56,11,0,0,0.0222,0,0,0,0
TCK-002549,56,11,0,0,0.0222,0,0,0,0
TCK-002550,153,23,0,0,0.0547,0,0,0,0
TCK-002551,56,11,0,0,0.0222,0,0,0,0
TCK-002552,61,10,0,0,0.02,1,0,0,1
TCK-002553,157,27,2,0,0.0234,0,0,0,0
TCK-002554,57,10,1,0,0.0213,0,0,0,0
TCK-002555,57,10,1,0,0.0213,0,0,0,0
TCK-002556,149,25,0,0,0.0246,0,0,0,0
TCK-002557,153,27,0,0,0.0242,0,0,0,0
TCK-002558,59,10,0,0,0.0204,1,0,0,1
TCK-002559,45,8,0,0,0.027,0,0,0,0
TCK-002560,59,10,0,0,0.0204,1,0,0,1
TCK-002561,105,18,0,0,0.0357,0,0,0,1
TCK-002562,155,27,2,0,0.0238,0,0,0,0
TCK-002563,46,9,0,0,0.0303,2,0,0,1
TCK-002564,123,21,0,0,0.03,0,0,0,0
TCK-002565,61,11,0,0,0.0408,0,0,0,1
TCK-002566,53,9,0,0,0.0227,0,0,0,0
TCK-002567,153,27,0,0,0.0242,0,0,0,0
TCK-002568,55,10,0,0,0.0222,0,0,0,0
TCK-002569,55,8,0,0,0.0217,1,0,1,0
TCK-002570,165,29,0,0,0.0379,0,0,0,1
TCK-002571,61,11,0,0,0.0408,0,0,0,1
TCK-002572,64,12,0,0,0.0192,0,0,0,0
TCK-002573,74,12,0,0,0.0328,1,0,0,0
TCK-002574,59,10,0,0,0.0204,1,0,0,1
TCK-002575,157,27,2,0,0.0234,0,0,0,0
TCK-002576,55,8,0,0,0.0638,0,0,0,0
TCK-002577,55,10,0,0,0.0222,0,0,0,0
TCK-002578,55,8,0,0,0.0217,1,0,1,0
TCK-002579,64,12,0,0,0.0192,0,0,0,0
TCK-002580,57,9,1,0,0.0208,0,0,0,0
TCK-002581,59,10,0,0,0.0204,1,0,0,1
TCK-002582,62,11,0,0,0.02,1,1,0,0
TCK-002583,56,11,0,0,0.0222,0,0,0,0
TCK-002584,165,29,0,0,0.0379,0,0,0,1
TCK-002585,56,11,0,0,0.0222,0,0,0,0
TCK-002586,64,12,0,0,0.0192,0,0,0,0
TCK-002587,64,9,0,0,0.037,1,0,0,0
TCK-002588,53,9,0,0,0.0227,0,0,0,0
TCK-002589,51,8,0,0,0.0233,1,0,0,1
TCK-002590,51,8,0,0,0.0233,1,0,0,1
TCK-002591,64,12,0,0,0.0192,0,0,0,0
TCK-002592,85,13,0,0,0.0282,2,0,0,1
TCK-002593,95,15,0,0,0.0256,2,0,1,0
TCK-002594,108,16,0,0,0.0337,1,0,0,0
TCK-002595,64,12,0,0,0.0192,0,0,0,0
TCK-002596,55,10,0,0,0.0222,0,0,0,0
TCK-002597,62,11,0,0,0.02,1,1,0,0
TCK-002598,165,29,0,0,0.0379,0,0,0,1
TCK-002599,59,10,0,0,0.0204,1,0,0,1
TCK-002600,45,8,0,0,0.027,0,0,0,0
TCK-002601,64,9,0,0,0.037,1,0,0,0
TCK-002602,54,10,0,0,0.0233,0,0,0,0
TCK-002603,62,11,0,0,0.02,1,1,0,0
TCK-002604,56,11,0,0,0.0222,0,0,0,0
TCK-002605,145,23,0,0,0.025,2,0,0,1
TCK-002606,57,9,1,0,0.0208,0,0,0,0
TCK-002607,56,11,0,0,0.0222,0,0,0,0
TCK-002608,64,9,0,0,0.037,1,0,0,0
TCK-002609,59,10,0,0,0.0204,1,0,0,1
TCK-002610,59,10,0,0,0.0204,1,0,0,1
TCK-002611,56,10,1,0,0.0217,0,0,0,0
TCK-002612,55,8,0,0,0.0638,0,0,0,0
TCK-002613,57,10,1,0,0.0213,0,0,0,0
TCK-002614,59,10,0,0,0.0204,1,0,0,1
TCK-002615,64,9,0,0,0.037,1,0,0,0
TCK-002616,53,9,0,0,0.0227,0,0,0,0
TCK-002617,62,11,0,0,0.02,1,1,0,0
TCK-002618,55,8,0,0,0.0217,1,0,1,0
TCK-002619,105,17,0,0,0.0235,1,0,0,1
TCK-002620,165,29,0,0,0.0379,0,0,0,1
TCK-002621,53,9,0,0,0.0227,0,0,0,0
TCK-002622,61,11,0,0,0.0408,0,0,0,1
TCK-002623,64,12,0,0,0.0192,0,0,0,0
TCK-002624,64,12,0,0,0.0192,0,0,0,0
TCK-002625,61,11,0,0,0.0408,0,0,0,1
TCK-002626,59,9,1,0,0.0204,0,0,0,0
TCK-002627,54,10,0,0,0.0233,0,0,0,0
TCK-002628,54,10,0,0,0.0233,0,0,0,0
TCK-002629,46,9,0,0,0.0303,2,0,0,1
TCK-002630,87,14,0,0,0.0278,1,0,0,0
TCK-002631,64,12,0,0,0.0192,0,0,0,0
TCK-002632,45,8,0,0,0.027,0,0,0,0
TCK-002633,45,8,0,0,0.027,0,0,0,0
TCK-002634,64,12,0,0,0.0192,0,0,0,0
TCK-002635,40,7,0,0,0.0303,0,0,0,0
TCK-002636,133,23,0,0,0.0278,0,0,0,0
TCK-002637,89,15,0,0,0.0274,1,0,0,0
TCK-002638,55,10,0,0,0.0222,0,0,0,0
TCK-002639,95,15,0,0,0.0256,1,0,0,1
TCK-002640,167,28,0,0,0.0294,1,0,0,0
TCK-002641,93,15,0,0,0.026,2,0,0,1
TCK-002642,64,9,0,0,0.037,1,0,0,0
TCK-002643,55,8,0,0,0.0217,1,0,1,0
TCK-002644,59,10,0,0,0.0204,1,0,0,1
TCK-002645,53,9,0,0,0.0227,0,0,0,0
TCK-002646,53,9,0,0,0.0227,0,0,0,0
TCK-002647,210,37,0,1,0.0359,1,0,0,1
TCK-002648,46,9,0,0,0.0303,2,0,0,1
TCK-002649,167,29,0,0,0.0224,2,1,0,0
TCK-002650,61,10,0,0,0.02,1,0,0,1
TCK-002651,51,8,0,0,0.0233,1,0,0,1
TCK-002652,97,16,0,0,0.0253,0,0,0,0
TCK-002653,54,10,0,0,0.0233,0,0,0,0
TCK-002654,46,9,0,0,0.0303,2,0,0,1
TCK-002655,64,9,0,0,0.037,1,0,0,0
TCK-002656,57,9,1,0,0.0208,0,0,0,0
TCK-002657,165,29,0,0,0.0379,0,0,0,1
TCK-002658,54,10,0,0,0.0233,0,0,0,0
TCK-002659,171,31,0,0,0.0217,0,0,0,0
TCK-002660,64,9,0,0,0.037,1,0,0,0
TCK-002661,40,7,0,0,0.0303,0,0,0,0
TCK-002662,167,29,0,0,0.0224,2,1,0,0
TCK-002663,40,7,0,0,0.0303,0,0,0,0
TCK-002664,59,10,0,0,0.0204,1,0,0,1
TCK-002665,98,17,0,1,0.0253,1,0,0,0
TCK-002666,59,10,0,0,0.0204,1,0,0,1
TCK-002667,46,9,0,0,0.0303,2,0,0,1
TCK-002668,61,10,0,0,0.02,1,0,0,1
TCK-002669,153,23,0,0,0.0238,2,0,1,0
TCK-002670,56,11,0,0,0.0222,0,0,0,0
TCK-002671,59,9,1,0,0.0204,0,0,0,0
TCK-002672,54,10,0,0,0.0233,0,0,0,0
TCK-002673,64,9,0,0,0.037,1,0,0,0
TCK-002674,55,8,0,0,0.0217,1,0,1,0
TCK-002675,151,27,0,0,0.025,0,0,0,0
TCK-002676,55,10,0,0,0.0222,0,0,0,0
TCK-002677,153,23,0,0,0.0547,0,0,0,0
TCK-002678,57,10,1,0,0.0213,0,0,0,0
TCK-002679,45,8,0,0,0.027,0,0,0,0
TCK-002680,46,9,0,0,0.0303,2,0,0,1
TCK-002681,98,17,0,1,0.0253,1,0,0,0
TCK-002682,61,11,0,0,0.0408,0,0,0,1
TCK-002683,64,12,0,0,0.0192,0,0,0,0
TCK-002684,103,17,0,0,0.0238,1,0,0,1
TCK-002685,59,9,1,0,0.0204,0,0,0,0
TCK-002686,56,11,0,0,0.0222,0,0,0,0
TCK-002687,62,11,0,0,0.02,1,1,0,0
TCK-002688,185,32,0,0,0.027,1,0,0,0
TCK-002689,46,9,0,0,0.0303,2,0,0,1
TCK-002690,54,10,0,0,0.0233,0,0,0,0
TCK-002691,90,15,1,0,0.027,1,0,0,0
TCK-002692,198,31,0,1,0.0248,3,0,1,0
TCK-002693,54,10,0,0,0.0233,0,0,0,0
TCK-002694,45,8,0,0,0.027,0,0,0,0
TCK-002695,64,9,0,0,0.037,1,0,0,0
TCK-002696,56,10,1,0,0.0217,0,0,0,0
TCK-002697,57,9,1,0,0.0208,0,0,0,0
TCK-002698,57,9,1,0,0.0208,0,0,0,0
TCK-002699,56,11,0,0,0.0222,0,0,0,0
TCK-002700,45,8,0,0,0.027,0,0,0,0
TCK-002701,61,11,0,0,0.0408,0,0,0,1
TCK-002702,61,10,0,0,0.02,1,0,0,1
TCK-002703,56,10,1,0,0.0217,0,0,0,0
TCK-002704,56,10,1,0,0.0217,0,0,0,0
TCK-002705,64,9,0,0,0.037,1,0,0,0
TCK-002706,98,17,0,0,0.025,1,0,0,0
TCK-002707,153,27,0,0,0.0242,0,0,0,0
TCK-002708,61,10,0,0,0.02,1,0,1,0
TCK-002709,199,32,0,0,0.0247,3,0,0,1
TCK-002710,59,9,1,0,0.0204,0,0,0,0
TCK-002711,56,11,0,0,0.0222,0,0,0,0
TCK-002712,51,8,0,0,0.0233,1,0,0,1
TCK-002713,46,9,0,0,0.0303,2,0,0,1
TCK-002714,59,10,0,0,0.0204,1,0,0,1
TCK-002715,55,10,0,0,0.0222,0,0,0,0
TCK-002716,106,19,0,1,0.0357,1,0,0,1
TCK-002717,40,7,0,0,0.0303,0,0,0,0
TCK-002718,165,29,0,0,0.0379,0,0,0,1
TCK-002719,62,11,0,0,0.02,1,1,0,0
TCK-002720,57,10,1,0,0.0213,0,0,0,0
TCK-002721,157,27,2,0,0.0234,0,0,0,0
TCK-002722,56,10,1,0,0.0217,0,0,0,0
TCK-002723,40,7,0,0,0.0303,0,0,0,0
TCK-002724,62,11,0,0,0.02,1,1,0,0
TCK-002725,205,34,0,0,0.024,2,0,0,1
TCK-002726,57,10,1,0,0.0213,0,0,0,0
TCK-002727,57,9,1,0,0.0208,0,0,0,0
TCK-002728,46,9,0,0,0.0303,2,0,0,1
TCK-002729,45,8,0,0,0.027,0,0,0,0
TCK-002730,55,8,0,0,0.0638,0,0,0,0
TCK-002731,55,10,0,0,0.0222,0,0,0,0
TCK-002732,55,8,0,0,0.0638,0,0,0,0
TCK-002733,61,10,0,0,0.02,1,0,0,1
TCK-002734,149,25,0,0,0.0246,0,0,0,0
TCK-002735,56,10,1,0,0.0217,0,0,0,0
TCK-002736,57,10,1,0,0.0213,0,0,0,0
TCK-002737,55,10,0,0,0.0222,0,0,0,0
TCK-002738,57,10,1,0,0.0213,0,0,0,0
TCK-002739,55,8,0,0,0.0638,0,0,0,0
TCK-002740,45,8,0,0,0.027,0,0,0,0
TCK-002741,56,10,1,0,0.0217,0,0,0,0
TCK-002742,167,29,0,0,0.0224,2,1,0,0
TCK-002743,133,23,0,0,0.0278,0,0,0,0
TCK-002744,57,10,1,0,0.0213,0,0,0,0
TCK-002745,64,12,0,0,0.0192,0,0,0,0
TCK-002746,145,23,0,0,0.025,2,0,0,1
TCK-002747,155,29,0,0,0.0242,0,0,0,0
TCK-002748,171,31,0,0,0.0217,0,0,0,0
TCK-002749,54,10,0,0,0.0233,0,0,0,0
TCK-002750,155,27,2,0,0.0238,0,0,0,0
TCK-002751,64,9,0,0,0.037,1,0,0,0
TCK-002752,54,10,0,0,0.0233,0,0,0,0
TCK-002753,56,11,0,0,0.0222,0,0,0,0
TCK-002754,64,12,0,0,0.0192,0,0,0,0
TCK-002755,57,10,1,0,0.0213,0,0,0,0
TCK-002756,55,8,0,0,0.0217,1,0,1,0
TCK-002757,51,8,0,0,0.0233,1,0,0,1
TCK-002758,55,8,0,0,0.0217,1,0,1,0
TCK-002759,109,17,0,1,0.0337,2,0,0,0
TCK-002760,64,9,0,0,0.037,1,0,0,0
TCK-002761,90,16,0,1,0.0278,1,0,0,0
TCK-002762,61,11,0,0,0.0408,0,0,0,1
TCK-002763,59,10,0,0,0.0204,1,0,0,1
TCK-002764,103,17,0,0,0.0238,1,0,0,1
TCK-002765,103,17,0,0,0.0238,1,0,0,1
TCK-002766,59,9,1,0,0.0204,0,0,0,0
TCK-002767,61,11,0,0,0.0408,0,0,0,1
TCK-002768,56,10,1,0,0.0217,0,0,0,0
TCK-002769,45,8,0,0,0.027,0,0,0,0
TCK-002770,61,10,0,0,0.02,1,0,1,0
TCK-002771,45,8,0,0,0.027,0,0,0,0
TCK-002772,106,19,0,1,0.0357,1,0,0,1
TCK-002773,91,15,1,0,0.0267,1,0,0,0
TCK-002774,54,10,0,0,0.0233,0,0,0,0
TCK-002775,62,11,0,0,0.02,1,1,0,0
TCK-002776,56,11,0,0,0.0222,0,0,0,0
TCK-002777,167,29,0,0,0.0224,2,1,0,0
TCK-002778,53,9,0,0,0.0227,0,0,0,0
TCK-002779,61,11,0,0,0.0408,0,0,0,1
TCK-002780,103,17,0,0,0.0238,1,0,0,1
TCK-002781,46,9,0,0,0.0303,2,0,0,1
TCK-002782,62,11,0,0,0.02,1,1,0,0
TCK-002783,59,10,0,0,0.0204,1,0,0,1
TCK-002784,61,10,0,0,0.02,1,0,1,0
TCK-002785,108,19,0,0,0.023,0,0,0,0
TCK-002786,51,8,0,0,0.0233,1,0,0,1
TCK-002787,53,9,0,0,0.0227,0,0,0,0
TCK-002788,64,12,0,0,0.0192,0,0,0,0
TCK-002789,62,11,0,0,0.02,1,1,0,0
TCK-002790,64,9,0,0,0.037,1,0,0,0
TCK-002791,61,11,0,0,0.0408,0,0,0,1
TCK-002792,46,9,0,0,0.0303,2,0,0,1
TCK-002793,56,10,1,0,0.0217,0,0,0,0
TCK-002794,61,10,0,0,0.02,1,0,0,1
TCK-002795,61,10,0,0,0.02,1,0,0,1
TCK-002796,46,9,0,0,0.0303,2,0,0,1
TCK-002797,57,10,1,0,0.0213,0,0,0,0
TCK-002798,51,8,0,0,0.0233,1,0,0,1
TCK-002799,59,10,0,0,0.0204,1,0,0,1
TCK-002800,171,31,0,0,0.0217,0,0,0,0
TCK-002801,54,10,0,0,0.0233,0,0,0,0
TCK-002802,54,10,0,0,0.0233,0,0,0,0
TCK-002803,56,10,1,0,0.0217,0,0,0,0
TCK-002804,51,8,0,0,0.0233,1,0,0,1
TCK-002805,151,27,0,0,0.025,0,0,0,0
TCK-002806,61,10,0,0,0.02,1,0,1,0
TCK-002807,106,18,0,1,0.0235,2,0,1,0
TCK-002808,55,8,0,0,0.0638,0,0,0,0
TCK-002809,40,7,0,0,0.0303,0,0,0,0
TCK-002810,171,31,0,0,0.0217,0,0,0,0
TCK-002811,55,8,0,0,0.0638,0,0,0,0
TCK-002812,61,10,0,0,0.02,1,0,1,0
TCK-002813,55,8,0,0,0.0638,0,0,0,0
TCK-002814,135,25,0,0,0.03,4,0,0,1
TCK-002815,61,11,0,0,0.0408,0,0,0,1
TCK-002816,45,8,0,0,0.027,0,0,0,0
TCK-002817,55,8,0,0,0.0638,0,0,0,0
TCK-002818,51,8,0,0,0.0233,1,0,0,1
TCK-002819,61,10,0,0,0.02,1,0,0,1
TCK-002820,55,10,0,0,0.0222,0,0,0,0
TCK-002821,59,10,0,0,0.0204,1,0,0,1
TCK-002822,62,11,0,0,0.02,1,1,0,0
TCK-002823,209,36,0,0,0.0359,0,0,0,1
TCK-002824,57,9,1,0,0.0208,0,0,0,0
TCK-002825,84,14,0,0,0.0294,0,0,0,0
TCK-002826,171,25,0,0,0.0352,2,0,0,0
TCK-002827,54,10,0,0,0.0233,0,0,0,0
TCK-002828,59,9,1,0,0.0204,0,0,0,0
TCK-002829,46,9,0,0,0.0303,2,0,0,1
TCK-002830,57,10,1,0,0.0213,0,0,0,0
TCK-002831,61,11,0,0,0.0408,0,0,0,1
TCK-002832,64,9,0,0,0.037,1,0,0,0
TCK-002833,57,10,1,0,0.0213,0,0,0,0
TCK-002834,59,9,1,0,0.0204,0,0,0,0
TCK-002835,191,32,2,0,0.0256,1,0,0,0
TCK-002836,187,32,0,0,0.0263,1,0,0,0
TCK-002837,53,9,0,0,0.0227,0,0,0,0
TCK-002838,61,11,0,0,0.0408,0,0,0,1
TCK-002839,64,9,0,0,0.037,1,0,0,0
TCK-002840,51,8,0,0,0.0233,1,0,0,1
TCK-002841,59,9,1,0,0.0204,0,0,0,0
TCK-002842,171,25,0,0,0.0352,2,0,0,0
TCK-002843,54,10,0,0,0.0233,0,0,0,0
TCK-002844,64,9,0,0,0.037,1,0,0,0
TCK-002845,64,12,0,0,0.0192,0,0,0,0
TCK-002846,57,9,1,0,0.0208,0,0,0,0
TCK-002847,61,10,0,0,0.02,1,0,1,0
TCK-002848,157,27,2,0,0.0234,0,0,0,0
TCK-002849,61,11,0,0,0.0408,0,0,0,1
TCK-002850,46,9,0,0,0.0303,2,0,0,1
TCK-002851,55,10,0,0,0.0222,0,0,0,0
TCK-002852,45,8,0,0,0.027,0,0,0,0
TCK-002853,55,8,0,0,0.0638,0,0,0,0
TCK-002854,100,16,0,1,0.0247,2,0,1,0
TCK-002855,101,16,1,0,0.0241,0,0,0,0
TCK-002856,55,10,0,0,0.0222,0,0,0,0
TCK-002857,59,10,0,0,0.0204,1,0,0,1
TCK-002858,64,9,0,0,0.037,1,0,0,0
TCK-002859,51,8,0,0,0.0233,1,0,0,1
TCK-002860,57,10,1,0,0.0213,0,0,0,0
TCK-002861,59,9,1,0,0.0204,0,0,0,0
TCK-002862,59,10,0,0,0.0204,1,0,0,1
TCK-002863,59,9,1,0,0.0204,0,0,0,0
TCK-002864,59,10,0,0,0.0204,1,0,0,1
TCK-002865,56,11,0,0,0.0222,0,0,0,0
TCK-002866,64,12,0,0,0.0192,0,0,0,0
TCK-002867,157,27,2,0,0.0234,0,0,0,0
TCK-002868,55,8,0,0,0.0638,0,0,0,0
TCK-002869,55,10,0,0,0.0222,0,0,0,0
TCK-002870,64,9,0,0,0.037,1,0,0,0
TCK-002871,161,27,0,0,0.0227,2,0,0,1
TCK-002872,56,10,1,0,0.0217,0,0,0,0
TCK-002873,55,10,0,0,0.0222,0,0,0,0
TCK-002874,64,12,0,0,0.0192,0,0,0,0
TCK-002875,57,10,1,0,0.0213,0,0,0,0
TCK-002876,62,11,0,0,0.02,1,1,0,0
TCK-002877,59,9,1,0,0.0204,0,0,0,0
TCK-002878,56,11,0,0,0.0222,0,0,0,0
TCK-002879,55,8,0,0,0.0638,0,0,0,0
TCK-002880,123,21,0,0,0.03,0,0,0,0
TCK-002881,61,10,0,0,0.02,1,0,0,1
TCK-002882,55,10,0,0,0.0222,0,0,0,0
TCK-002883,61,10,0,0,0.02,1,0,0,1
TCK-002884,80,14,0,0,0.0328,3,0,0,1
TCK-002885,45,8,0,0,0.027,0,0,0,0
TCK-002886,56,11,0,0,0.0222,0,0,0,0
TCK-002887,55,8,0,0,0.0638,0,0,0,0
TCK-002888,54,10,0,0,0.0233,0,0,0,0
TCK-002889,61,10,0,0,0.02,1,0,1,0
TCK-002890,54,10,0,0,0.0233,0,0,0,0
TCK-002891,61,11,0,0,0.0408,0,0,0,1
TCK-002892,61,10,0,0,0.02,1,0,1,0
TCK-002893,56,10,1,0,0.0217,0,0,0,0
TCK-002894,84,14,0,0,0.0294,0,0,0,0
TCK-002895,123,21,0,0,0.03,0,0,0,0
TCK-002896,61,11,0,0,0.0408,0,0,0,1
TCK-002897,53,9,0,0,0.0227,0,0,0,0
TCK-002898,61,10,0,0,0.02,1,0,0,1
TCK-002899,56,11,0,0,0.0222,0,0,0,0
TCK-002900,61,10,0,0,0.02,1,0,0,1
TCK-002901,100,17,1,0,0.0247,0,0,0,0
TCK-002902,40,7,0,0,0.0303,0,0,0,0
TCK-002903,61,10,0,0,0.02,1,0,0,1
TCK-002904,54,10,0,0,0.0233,0,0,0,0
TCK-002905,59,10,0,0,0.0204,1,0,0,1
TCK-002906,57,10,1,0,0.0213,0,0,0,0
TCK-002907,90,16,0,1,0.0278,1,0,0,0
TCK-002908,157,25,2,0,0.0231,0,0,0,0
TCK-002909,61,10,0,0,0.02,1,0,1,0
TCK-002910,64,12,0,0,0.0192,0,0,0,0
TCK-002911,56,11,0,0,0.0222,0,0,0,0
TCK-002912,55,10,0,0,0.0222,0,0,0,0
TCK-002913,153,27,0,0,0.0242,0,0,0,0
TCK-002914,57,9,1,0,0.0208,0,0,0,0
TCK-002915,135,25,0,0,0.03,4,0,0,1
TCK-002916,55,8,0,0,0.0217,1,0,1,0
TCK-002917,51,8,0,0,0.0233,1,0,0,1
TCK-002918,64,9,0,0,0.037,1,0,0,0
TCK-002919,57,10,1,0,0.0213,0,0,0,0
TCK-002920,62,11,0,0,0.02,1,1,0,0
TCK-002921,61,10,0,0,0.02,1,0,0,1
TCK-002922,62,11,0,0,0.02,1,1,0,0
TCK-002923,59,10,0,0,0.0204,1,0,0,1
TCK-002924,55,10,0,0,0.0222,0,0,0,0
TCK-002925,55,10,0,0,0.0222,0,0,0,0
TCK-002926,55,10,0,0,0.0222,0,0,0,0
TCK-002927,56,10,1,0,0.0217,0,0,0,0
TCK-002928,40,7,0,0,0.0303,0,0,0,0
TCK-002929,55,8,0,0,0.0217,1,0,1,0
TCK-002930,57,10,1,0,0.0213,0,0,0,0
TCK-002931,61,11,0,0,0.0408,0,0,0,1
TCK-002932,53,9,0,0,0.0227,0,0,0,0
TCK-002933,64,9,0,0,0.037,1,0,0,0
TCK-002934,64,9,0,0,0.037,1,0,0,0
TCK-002935,51,8,0,0,0.0233,1,0,0,1
TCK-002936,64,12,0,0,0.0192,0,0,0,0
TCK-002937,62,11,0,0,0.02,1,1,0,0
TCK-002938,161,27,0,0,0.0227,2,0,0,1
TCK-002939,153,27,0,0,0.0242,0,0,0,0
TCK-002940,53,9,0,0,0.0227,0,0,0,0
TCK-002941,57,9,1,0,0.0208,0,0,0,0
TCK-002942,61,10,0,0,0.02,1,0,0,1
TCK-002943,57,10,1,0,0.0213,0,0,0,0
TCK-002944,161,25,2,0,0.0227,0,0,0,0
TCK-002945,59,10,0,0,0.0204,1,0,0,1
TCK-002946,145,23,0,0,0.025,2,0,0,1
TCK-002947,59,10,0,0,0.0204,1,0,0,1
TCK-002948,64,9,0,0,0.037,1,0,0,0
TCK-002949,54,10,0,0,0.0233,0,0,0,0
TCK-002950,57,10,1,0,0.0213,0,0,0,0
TCK-002951,53,9,0,0,0.0227,0,0,0,0
TCK-002952,104,18,0,1,0.0238,2,0,0,1
TCK-002953,55,8,0,0,0.0638,0,0,0,0
TCK-002954,135,25,0,0,0.03,4,0,0,1
TCK-002955,153,23,0,0,0.0547,0,0,0,0
TCK-002956,61,10,0,0,0.02,1,0,1,0
TCK-002957,153,27,0,0,0.0242,0,0,0,0
TCK-002958,145,23,0,0,0.025,2,0,0,1
TCK-002959,102,17,1,1,0.0241,1,0,0,0
TCK-002960,161,27,0,0,0.0227,2,0,0,1
TCK-002961,56,11,0,0,0.0222,0,0,0,0
TCK-002962,56,11,0,0,0.0222,0,0,0,0
TCK-002963,53,9,0,0,0.0227,0,0,0,0
TCK-002964,61,10,0,0,0.02,1,0,0,1
TCK-002965,157,25,2,0,0.0231,0,0,0,0
TCK-002966,53,9,0,0,0.0227,0,0,0,0
TCK-002967,61,10,0,0,0.02,1,0,0,1
TCK-002968,45,8,0,0,0.027,0,0,0,0
TCK-002969,64,12,0,0,0.0192,0,0,0,0
TCK-002970,59,10,0,0,0.0204,1,0,0,1
TCK-002971,55,8,0,0,0.0638,0,0,0,0
TCK-002972,64,9,0,0,0.037,1,0,0,0
TCK-002973,55,10,0,0,0.0222,0,0,0,0
TCK-002974,57,10,1,0,0.0213,0,0,0,0
TCK-002975,59,10,0,0,0.0204,1,0,0,1
TCK-002976,91,15,1,0,0.0267,1,0,0,0
TCK-002977,45,8,0,0,0.027,0,0,0,0
TCK-002978,56,10,1,0,0.0217,0,0,0,0
TCK-002979,56,10,1,0,0.0217,0,0,0,0
TCK-002980,59,9,1,0,0.0204,0,0,0,0
TCK-002981,56,11,0,0,0.0222,0,0,0,0
TCK-002982,56,10,1,0,0.0217,0,0,0,0
TCK-002983,51,8,0,0,0.0233,1,0,0,1
TCK-002984,64,12,0,0,0.0192,0,0,0,0
TCK-002985,45,8,0,0,0.027,0,0,0,0
TCK-002986,161,25,2,0,0.0227,0,0,0,0
TCK-002987,59,10,0,0,0.0204,1,0,0,1
TCK-002988,61,11,0,0,0.0408,0,0,0,1
TCK-002989,64,12,0,0,0.0192,0,0,0,0
TCK-002990,57,10,1,0,0.0213,0,0,0,0
TCK-002991,64,9,0,0,0.037,1,0,0,0
TCK-002992,61,10,0,0,0.02,1,0,1,0
TCK-002993,57,10,1,0,0.0213,0,0,0,0
TCK-002994,64,9,0,0,0.037,1,0,0,0
TCK-002995,102,18,1,1,0.0244,1,0,0,0
TCK-002996,51,8,0,0,0.0233,1,0,0,1
TCK-002997,64,12,0,0,0.0192,0,0,0,0
TCK-002998,61,10,0,0,0.02,1,0,1,0
TCK-002999,102,17,1,1,0.0241,1,0,0,0
TCK-003000,64,12,0,0,0.0192,0,0,0,0
TCK-003001,54,10,0,0,0.0233,0,0,0,0
TCK-003002,56,10,1,0,0.0217,0,0,0,0
TCK-003003,54,10,0,0,0.0233,0,0,0,0
TCK-003004,56,10,1,0,0.0217,0,0,0,0
TCK-003005,61,11,0,0,0.0408,0,0,0,1
TCK-003006,61,10,0,0,0.02,1,0,1,0
TCK-003007,55,10,0,0,0.0222,0,0,0,0
TCK-003008,55,10,0,0,0.0222,0,0,0,0
TCK-003009,57,9,1,0,0.0208,0,0,0,0
TCK-003010,59,10,0,0,0.0204,1,0,0,1
TCK-003011,51,8,0,0,0.0233,1,0,0,1
TCK-003012,56,11,0,0,0.0222,0,0,0,0
TCK-003013,64,9,0,0,0.037,1,0,0,0
TCK-003014,54,10,0,0,0.0233,0,0,0,0
TCK-003015,55,10,0,0,0.0222,0,0,0,0
TCK-003016,59,10,0,0,0.0204,1,0,0,1
TCK-003017,153,23,0,0,0.0547,0,0,0,0
TCK-003018,45,8,0,0,0.027,0,0,0,0
TCK-003019,45,8,0,0,0.027,0,0,0,0
TCK-003020,64,9,0,0,0.037,1,0,0,0
TCK-003021,64,9,0,0,0.037,1,0,0,0
TCK-003022,109,17,0,1,0.0337,2,0,0,0
TCK-003023,55,10,0,0,0.0222,0,0,0,0
TCK-003024,123,21,0,0,0.03,0,0,0,0
TCK-003025,55,10,0,0,0.0222,0,0,0,0
TCK-003026,53,9,0,0,0.0227,0,0,0,0
TCK-003027,45,8,0,0,0.027,0,0,0,0
TCK-003028,55,8,0,0,0.0217,1,0,1,0
TCK-003029,46,9,0,0,0.0303,2,0,0,1
TCK-003030,56,11,0,0,0.0222,0,0,0,0
TCK-003031,57,9,1,0,0.0208,0,0,0,0
TCK-003032,55,10,0,0,0.0222,0,0,0,0
TCK-003033,64,9,0,0,0.037,1,0,0,0
TCK-003034,64,9,0,0,0.037,1,0,0,0
TCK-003035,56,11,0,0,0.0222,0,0,0,0
TCK-003036,53,9,0,0,0.0227,0,0,0,0
TCK-003037,45,8,0,0,0.027,0,0,0,0
TCK-003038,59,10,0,0,0.0204,1,0,0,1
TCK-003039,61,11,0,0,0.0408,0,0,0,1
TCK-003040,54,10,0,0,0.0233,0,0,0,0
TCK-003041,135,25,0,0,0.03,4,0,0,1
TCK-003042,45,8,0,0,0.027,0,0,0,0
TCK-003043,55,8,0,0,0.0217,1,0,1,0
TCK-003044,56,10,1,0,0.0217,0,0,0,0
TCK-003045,59,10,0,0,0.0204,1,0,0,1
TCK-003046,61,11,0,0,0.0408,0,0,0,1
TCK-003047,55,10,0,0,0.0222,0,0,0,0
TCK-003048,155,27,2,0,0.0238,0,0,0,0
TCK-003049,62,11,0,0,0.02,1,1,0,0
TCK-003050,56,10,1,0,0.0217,0,0,0,0
TCK-003051,97,16,0,0,0.0253,0,0,0,0
TCK-003052,57,10,1,0,0.0213,0,0,0,0
TCK-003053,102,17,1,1,0.0241,1,0,0,0
TCK-003054,153,27,0,0,0.0242,0,0,0,0
TCK-003055,55,10,0,0,0.0222,0,0,0,0
TCK-003056,40,7,0,0,0.0303,0,0,0,0
TCK-003057,55,8,0,0,0.0217,1,0,1,0
TCK-003058,61,10,0,0,0.02,1,0,1,0
TCK-003059,89,13,0,0,0.0533,1,0,0,0
TCK-003060,45,8,0,0,0.027,0,0,0,0
TCK-003061,57,10,1,0,0.0213,0,0,0,0
TCK-003062,51,8,0,0,0.0233,1,0,0,1
TCK-003063,59,10,0,0,0.0204,1,0,0,1
TCK-003064,40,7,0,0,0.0303,0,0,0,0
TCK-003065,56,10,1,0,0.0217,0,0,0,0
TCK-003066,40,7,0,0,0.0303,0,0,0,0
TCK-003067,59,10,0,0,0.0204,1,0,0,1
TCK-003068,56,10,1,0,0.0217,0,0,0,0
TCK-003069,155,29,0,0,0.0242,0,0,0,0
TCK-003070,61,10,0,0,0.02,1,0,1,0
TCK-003071,57,10,1,0,0.0213,0,0,0,0
TCK-003072,53,9,0,0,0.0227,0,0,0,0
TCK-003073,61,10,0,0,0.02,1,0,0,1
TCK-003074,57,10,1,0,0.0213,0,0,0,0
TCK-003075,55,10,0,0,0.0222,0,0,0,0
TCK-003076,53,9,0,0,0.0227,0,0,0,0
TCK-003077,59,9,1,0,0.0204,0,0,0,0
TCK-003078,55,8,0,0,0.0217,1,0,1,0
TCK-003079,59,10,0,0,0.0204,1,0,0,1
TCK-003080,40,7,0,0,0.0303,0,0,0,0
TCK-003081,57,9,1,0,0.0208,0,0,0,0
TCK-003082,59,9,1,0,0.0204,0,0,0,0
TCK-003083,57,10,1,0,0.0213,0,0,0,0
TCK-003084,62,11,0,0,0.02,1,1,0,0
TCK-003085,55,8,0,0,0.0217,1,0,1,0
TCK-003086,40,7,0,0,0.0303,0,0,0,0
TCK-003087,59,9,1,0,0.0204,0,0,0,0
TCK-003088,61,10,0,0,0.02,1,0,0,1
TCK-003089,61,11,0,0,0.0408,0,0,0,1
TCK-003090,59,10,0,0,0.0204,1,0,0,1
TCK-003091,123,21,0,0,0.03,0,0,0,0
TCK-003092,57,9,1,0,0.0208,0,0,0,0
TCK-003093,135,25,0,0,0.03,4,0,0,1
TCK-003094,61,10,0,0,0.02,1,0,0,1
TCK-003095,61,10,0,0,0.02,1,0,0,1
TCK-003096,57,10,1,0,0.0213,0,0,0,0
TCK-003097,59,10,0,0,0.0204,1,0,0,1
TCK-003098,61,10,0,0,0.02,1,0,0,1
TCK-003099,53,9,0,0,0.0227,0,0,0,0
TCK-003100,61,10,0,0,0.02,1,0,1,0
TCK-003101,55,8,0,0,0.0638,0,0,0,0
TCK-003102,61,10,0,0,0.02,1,0,0,1
TCK-003103,56,11,0,0,0.0222,0,0,0,0
TCK-003104,46,9,0,0,0.0303,2,0,0,1
TCK-003105,171,25,0,0,0.0352,2,0,0,0
TCK-003106,161,27,0,0,0.0227,2,0,0,1
TCK-003107,55,10,0,0,0.0222,0,0,0,0
TCK-003108,99,15,0,0,0.0488,0,0,0,0
TCK-003109,59,10,0,0,0.0204,1,0,0,1
TCK-003110,54,10,0,0,0.0233,0,0,0,0
TCK-003111,95,15,0,0,0.0256,2,0,1,0
TCK-003112,59,10,0,0,0.0204,1,0,0,1
TCK-003113,155,29,0,0,0.0242,0,0,0,0
TCK-003114,91,15,1,0,0.0267,1,0,0,0
TCK-003115,74,12,0,0,0.0328,1,0,0,0
TCK-003116,161,25,2,0,0.0227,0,0,0,0
TCK-003117,157,27,2,0,0.0234,0,0,0,0
TCK-003118,55,8,0,0,0.0217,1,0,1,0
TCK-003119,55,8,0,0,0.0217,1,0,1,0
TCK-003120,161,27,0,0,0.0227,2,0,0,1
TCK-003121,59,10,0,0,0.0204,1,0,0,1
TCK-003122,56,11,0,0,0.0222,0,0,0,0
TCK-003123,98,17,0,1,0.0253,1,0,0,0
TCK-003124,165,27,0,0,0.0224,2,0,0,1
TCK-003125,56,10,1,0,0.0217,0,0,0,0
TCK-003126,123,21,0,0,0.03,0,0,0,0
TCK-003127,64,12,0,0,0.0192,0,0,0,0
TCK-003128,57,10,1,0,0.0213,0,0,0,0
TCK-003129,54,10,0,0,0.0233,0,0,0,0
TCK-003130,61,10,0,0,0.02,1,0,0,1
TCK-003131,91,14,1,0,0.0263,1,0,0,0
TCK-003132,61,11,0,0,0.0408,0,0,0,1
TCK-003133,133,23,0,0,0.0278,0,0,0,0
TCK-003134,99,15,0,0,0.0488,0,0,0,0
TCK-003135,53,9,0,0,0.0227,0,0,0,0
TCK-003136,59,9,1,0,0.0204,0,0,0,0
TCK-003137,62,11,0,0,0.02,1,1,0,0
TCK-003138,57,10,1,0,0.0213,0,0,0,0
TCK-003139,51,8,0,0,0.0233,1,0,0,1
TCK-003140,61,11,0,0,0.0408,0,0,0,1
TCK-003141,55,10,0,0,0.0222,0,0,0,0
TCK-003142,64,12,0,0,0.0192,0,0,0,0
TCK-003143,171,31,0,0,0.0217,0,0,0,0
TCK-003144,46,9,0,0,0.0303,2,0,0,1
TCK-003145,149,25,0,0,0.0246,0,0,0,0
TCK-003146,106,18,0,1,0.0235,2,0,0,1
TCK-003147,55,8,0,0,0.0217,1,0,1,0
TCK-003148,53,9,0,0,0.0227,0,0,0,0
TCK-003149,57,9,1,0,0.0208,0,0,0,0
TCK-003150,62,11,0,0,0.02,1,1,0,0
TCK-003151,54,10,0,0,0.0233,0,0,0,0
TCK-003152,57,10,1,0,0.0213,0,0,0,0
TCK-003153,59,9,1,0,0.0204,0,0,0,0
TCK-003154,55,8,0,0,0.0217,1,0,1,0
TCK-003155,155,27,2,0,0.0238,0,0,0,0
TCK-003156,46,9,0,0,0.0303,2,0,0,1
TCK-003157,56,11,0,0,0.0222,0,0,0,0
TCK-003158,45,8,0,0,0.027,0,0,0,0
TCK-003159,56,11,0,0,0.0222,0,0,0,0
TCK-003160,45,8,0,0,0.027,0,0,0,0
TCK-003161,133,23,0,0,0.0278,0,0,0,0
TCK-003162,56,10,1,0,0.0217,0,0,0,0
TCK-003163,98,17,0,1,0.0253,1,0,0,0
TCK-003164,64,9,0,0,0.037,1,0,0,0
TCK-003165,62,11,0,0,0.02,1,1,0,0
TCK-003166,59,10,0,0,0.0204,1,0,0,1
TCK-003167,54,10,0,0,0.0233,0,0,0,0
TCK-003168,165,27,0,0,0.0224,2,0,0,1
TCK-003169,64,12,0,0,0.0192,0,0,0,0
TCK-003170,56,11,0,0,0.0222,0,0,0,0
TCK-003171,59,9,1,0,0.0204,0,0,0,0
TCK-003172,51,8,0,0,0.0233,1,0,0,1
TCK-003173,64,9,0,0,0.037,1,0,0,0
TCK-003174,51,8,0,0,0.0233,1,0,0,1
TCK-003175,57,10,1,0,0.0213,0,0,0,0
TCK-003176,205,32,2,0,0.024,0,0,0,0
TCK-003177,61,11,0,0,0.0408,0,0,0,1
TCK-003178,53,9,0,0,0.0227,0,0,0,0
TCK-003179,57,10,1,0,0.0213,0,0,0,0
TCK-003180,64,9,0,0,0.037,1,0,0,0
TCK-003181,85,13,0,0,0.0282,2,0,0,1
TCK-003182,55,10,0,0,0.0222,0,0,0,0
TCK-003183,100,18,0,1,0.025,1,0,0,0
TCK-003184,40,7,0,0,0.0303,0,0,0,0
TCK-003185,56,11,0,0,0.0222,0,0,0,0
TCK-003186,55,10,0,0,0.0222,0,0,0,0
TCK-003187,54,10,0,0,0.0233,0,0,0,0
TCK-003188,55,8,0,0,0.0217,1,0,1,0
TCK-003189,46,9,0,0,0.0303,2,0,0,1
TCK-003190,51,8,0,0,0.0233,1,0,0,1
TCK-003191,64,9,0,0,0.037,1,0,0,0
TCK-003192,64,12,0,0,0.0192,0,0,0,0
TCK-003193,101,19,0,1,0.025,1,0,0,0
TCK-003194,61,11,0,0,0.0408,0,0,0,1
TCK-003195,64,9,0,0,0.037,1,0,0,0
TCK-003196,62,11,0,0,0.02,1,1,0,0
TCK-003197,61,11,0,0,0.0408,0,0,0,1
TCK-003198,59,10,0,0,0.0204,1,0,0,1
TCK-003199,53,9,0,0,0.0227,0,0,0,0
TCK-003200,55,10,0,0,0.0222,0,0,0,0
TCK-003201,61,10,0,0,0.02,1,0,0,1
TCK-003202,55,8,0,0,0.0638,0,0,0,0
TCK-003203,171,31,0,0,0.0217,0,0,0,0
TCK-003204,200,37,0,1,0.0252,1,0,0,0
TCK-003205,62,11,0,0,0.02,1,1,0,0
TCK-003206,57,9,1,0,0.0208,0,0,0,0
TCK-003207,56,11,0,0,0.0222,0,0,0,0
TCK-003208,59,10,0,0,0.0204,1,0,0,1
TCK-003209,53,9,0,0,0.0227,0,0,0,0
TCK-003210,57,9,1,0,0.0208,0,0,0,0
TCK-003211,59,9,1,0,0.0204,0,0,0,0
TCK-003212,57,9,1,0,0.0208,0,0,0,0
TCK-003213,57,10,1,0,0.0213,0,0,0,0
TCK-003214,61,10,0,0,0.02,1,0,0,1
TCK-003215,64,9,0,0,0.037,1,0,0,0
TCK-003216,40,7,0,0,0.0303,0,0,0,0
TCK-003217,99,17,0,0,0.025,0,0,0,0
TCK-003218,53,9,0,0,0.0227,0,0,0,0
TCK-003219,53,9,0,0,0.0227,0,0,0,0
TCK-003220,55,10,0,0,0.0222,0,0,0,0
TCK-003221,59,10,0,0,0.0204,1,0,0,1
TCK-003222,62,11,0,0,0.02,1,1,0,0
TCK-003223,55,8,0,0,0.0638,0,0,0,0
TCK-003224,55,8,0,0,0.0638,0,0,0,0
TCK-003225,64,9,0,0,0.037,1,0,0,0
TCK-003226,157,25,2,0,0.0231,0,0,0,0
TCK-003227,62,11,0,0,0.02,1,1,0,0
TCK-003228,64,12,0,0,0.0192,0,0,0,0
TCK-003229,61,10,0,0,0.02,1,0,1,0
TCK-003230,51,8,0,0,0.0233,1,0,0,1
TCK-003231,40,7,0,0,0.0303,0,0,0,0
TCK-003232,61,10,0,0,0.02,1,0,1,0
TCK-003233,40,7,0,0,0.0303,0,0,0,0
TCK-003234,51,8,0,0,0.0233,1,0,0,1
TCK-003235,199,34,2,0,0.0248,0,0,0,0
TCK-003236,55,10,0,0,0.0222,0,0,0,0
TCK-003237,106,18,0,1,0.0235,2,0,1,0
TCK-003238,62,11,0,0,0.02,1,1,0,0
TCK-003239,53,9,0,0,0.0227,0,0,0,0
TCK-003240,61,11,0,0,0.0408,0,0,0,1
TCK-003241,53,9,0,0,0.0227,0,0,0,0
TCK-003242,59,10,0,0,0.0204,1,0,0,1
TCK-003243,100,18,0,0,0.025,0,0,0,0
TCK-003244,56,10,1,0,0.0217,0,0,0,0
TCK-003245,45,8,0,0,0.027,0,0,0,0
TCK-003246,46,9,0,0,0.0303,2,0,0,1
TCK-003247,64,9,0,0,0.037,1,0,0,0
TCK-003248,54,10,0,0,0.0233,0,0,0,0
TCK-003249,57,10,1,0,0.0213,0,0,0,0
TCK-003250,54,10,0,0,0.0233,0,0,0,0
TCK-003251,55,8,0,0,0.0217,1,0,1,0
TCK-003252,61,10,0,0,0.02,1,0,0,1
TCK-003253,155,29,0,0,0.0242,0,0,0,0
TCK-003254,46,9,0,0,0.0303,2,0,0,1
TCK-003255,57,10,1,0,0.0213,0,0,0,0
TCK-003256,55,10,0,0,0.0222,0,0,0,0
TCK-003257,57,9,1,0,0.0208,0,0,0,0
TCK-003258,99,18,0,1,0.0256,1,0,0,0
TCK-003259,64,12,0,0,0.0192,0,0,0,0
TCK-003260,51,8,0,0,0.0233,1,0,0,1
TCK-003261,56,10,1,0,0.0217,0,0,0,0
TCK-003262,56,10,1,0,0.0217,0,0,0,0
TCK-003263,56,11,0,0,0.0222,0,0,0,0
TCK-003264,46,9,0,0,0.0303,2,0,0,1
TCK-003265,145,23,0,0,0.025,2,0,0,1
TCK-003266,54,10,0,0,0.0233,0,0,0,0
TCK-003267,64,9,0,0,0.037,1,0,0,0
TCK-003268,62,11,0,0,0.02,1,1,0,0
TCK-003269,85,13,0,0,0.0282,2,0,0,1
TCK-003270,64,9,0,0,0.037,1,0,0,0
TCK-003271,61,10,0,0,0.02,1,0,1,0
TCK-003272,64,12,0,0,0.0192,0,0,0,0
TCK-003273,151,27,0,0,0.025,0,0,0,0
TCK-003274,135,25,0,0,0.03,4,0,0,1
TCK-003275,165,27,0,0,0.0224,2,0,0,1
TCK-003276,161,25,2,0,0.0227,0,0,0,0
TCK-003277,57,10,1,0,0.0213,0,0,0,0
TCK-003278,64,9,0,0,0.037,1,0,0,0
TCK-003279,53,9,0,0,0.0227,0,0,0,0
TCK-003280,61,10,0,0,0.02,1,0,1,0
TCK-003281,57,9,1,0,0.0208,0,0,0,0
TCK-003282,59,10,0,0,0.0204,1,0,0,1
TCK-003283,53,9,0,0,0.0227,0,0,0,0
TCK-003284,61,10,0,0,0.02,1,0,0,1
TCK-003285,155,29,0,0,0.0242,0,0,0,0
TCK-003286,62,11,0,0,0.02,1,1,0,0
TCK-003287,57,10,1,0,0.0213,0,0,0,0
TCK-003288,64,9,0,0,0.037,1,0,0,0
TCK-003289,153,23,0,0,0.0547,0,0,0,0
TCK-003290,64,12,0,0,0.0192,0,0,0,0
TCK-003291,57,10,1,0,0.0213,0,0,0,0
TCK-003292,62,11,0,0,0.02,1,1,0,0
TCK-003293,55,10,0,0,0.0222,0,0,0,0
TCK-003294,55,10,0,0,0.0222,0,0,0,0
TCK-003295,61,11,0,0,0.0408,0,0,0,1
TCK-003296,59,10,0,0,0.0204,1,0,0,1
TCK-003297,104,18,0,1,0.0238,2,0,0,1
TCK-003298,61,10,0,0,0.02,1,0,0,1
TCK-003299,56,11,0,0,0.0222,0,0,0,0
TCK-003300,61,10,0,0,0.02,1,0,1,0
TCK-003301,54,10,0,0,0.0233,0,0,0,0
TCK-003302,40,7,0,0,0.0303,0,0,0,0
TCK-003303,46,9,0,0,0.0303,2,0,0,1
TCK-003304,55,10,0,0,0.0222,0,0,0,0
TCK-003305,61,10,0,0,0.02,1,0,0,1
TCK-003306,55,10,0,0,0.0222,0,0,0,0
TCK-003307,57,9,1,0,0.0208,0,0,0,0
TCK-003308,51,8,0,0,0.0233,1,0,0,1
TCK-003309,55,8,0,0,0.0638,0,0,0,0
TCK-003310,157,25,2,0,0.0231,0,0,0,0
TCK-003311,62,11,0,0,0.02,1,1,0,0
TCK-003312,61,10,0,0,0.02,1,0,0,1
TCK-003313,45,8,0,0,0.027,0,0,0,0
TCK-003314,40,7,0,0,0.0303,0,0,0,0
TCK-003315,55,8,0,0,0.0217,1,0,1,0
TCK-003316,57,10,1,0,0.0213,0,0,0,0
TCK-003317,45,8,0,0,0.027,0,0,0,0
TCK-003318,59,9,1,0,0.0204,0,0,0,0
TCK-003319,59,9,1,0,0.0204,0,0,0,0
TCK-003320,59,9,1,0,0.0204,0,0,0,0
TCK-003321,62,11,0,0,0.02,1,1,0,0
TCK-003322,54,10,0,0,0.0233,0,0,0,0
TCK-003323,56,11,0,0,0.0222,0,0,0,0
TCK-003324,53,9,0,0,0.0227,0,0,0,0
TCK-003325,55,10,0,0,0.0222,0,0,0,0
TCK-003326,61,10,0,0,0.02,1,0,1,0
TCK-003327,64,12,0,0,0.0192,0,0,0,0
TCK-003328,149,25,0,0,0.0246,0,0,0,0
TCK-003329,61,11,0,0,0.0408,0,0,0,1
TCK-003330,54,10,0,0,0.0233,0,0,0,0
TCK-003331,56,11,0,0,0.0222,0,0,0,0
TCK-003332,62,11,0,0,0.02,1,1,0,0
TCK-003333,151,27,0,0,0.025,0,0,0,0
TCK-003334,157,27,2,0,0.0234,0,0,0,0
TCK-003335,55,8,0,0,0.0217,1,0,1,0
TCK-003336,57,10,1,0,0.0213,0,0,0,0
TCK-003337,64,9,0,0,0.037,1,0,0,0
TCK-003338,151,27,0,0,0.025,0,0,0,0
TCK-003339,95,15,0,0,0.0256,2,0,0,1
TCK-003340,46,9,0,0,0.0303,2,0,0,1
TCK-003341,45,8,0,0,0.027,0,0,0,0
TCK-003342,61,10,0,0,0.02,1,0,0,1
TCK-003343,98,14,0,0,0.0366,2,0,0,0
TCK-003344,171,25,0,0,0.0352,2,0,0,0
TCK-003345,55,8,0,0,0.0638,0,0,0,0
TCK-003346,90,16,0,0,0.0274,1,0,0,0
TCK-003347,61,11,0,0,0.0408,0,0,0,1
TCK-003348,197,34,0,0,0.0252,0,0,0,0
TCK-003349,205,32,2,0,0.024,0,0,0,0
TCK-003350,56,11,0,0,0.0222,0,0,0,0
TCK-003351,56,11,0,0,0.0222,0,0,0,0
TCK-003352,62,11,0,0,0.02,1,1,0,0
TCK-003353,61,10,0,0,0.02,1,0,1,0
TCK-003354,46,9,0,0,0.0303,2,0,0,1
TCK-003355,98,17,0,0,0.0256,0,0,0,0
TCK-003356,54,10,0,0,0.0233,0,0,0,0
TCK-003357,62,11,0,0,0.02,1,1,0,0
TCK-003358,45,8,0,0,0.027,0,0,0,0
TCK-003359,54,10,0,0,0.0233,0,0,0,0
TCK-003360,61,10,0,0,0.02,1,0,1,0
TCK-003361,55,10,0,0,0.0222,0,0,0,0
TCK-003362,62,11,0,0,0.02,1,1,0,0
TCK-003363,55,10,0,0,0.0222,0,0,0,0
TCK-003364,46,9,0,0,0.0303,2,0,0,1
TCK-003365,155,27,2,0,0.0238,0,0,0,0
TCK-003366,62,11,0,0,0.02,1,1,0,0
TCK-003367,133,23,0,0,0.0278,0,0,0,0
TCK-003368,165,29,0,0,0.0379,0,0,0,1
TCK-003369,59,10,0,0,0.0204,1,0,0,1
TCK-003370,53,9,0,0,0.0227,0,0,0,0
TCK-003371,161,27,0,0,0.0227,2,0,0,1
TCK-003372,107,19,0,1,0.0235,2,1,0,0
TCK-003373,40,7,0,0,0.0303,0,0,0,0
TCK-003374,56,10,1,0,0.0217,0,0,0,0
TCK-003375,59,10,0,0,0.0204,1,0,0,1
TCK-003376,64,9,0,0,0.037,1,0,0,0
TCK-003377,57,10,1,0,0.0213,0,0,0,0
TCK-003378,54,10,0,0,0.0233,0,0,0,0
TCK-003379,54,10,0,0,0.0233,0,0,0,0
TCK-003380,57,10,1,0,0.0213,0,0,0,0
TCK-003381,59,9,1,0,0.0204,0,0,0,0
TCK-003382,57,10,1,0,0.0213,0,0,0,0
TCK-003383,133,23,0,0,0.0278,0,0,0,0
TCK-003384,51,8,0,0,0.0233,1,0,0,1
TCK-003385,46,9,0,0,0.0303,2,0,0,1
TCK-003386,57,9,1,0,0.0208,0,0,0,0
TCK-003387,55,8,0,0,0.0638,0,0,0,0
TCK-003388,53,9,0,0,0.0227,0,0,0,0
TCK-003389,59,9,1,0,0.0204,0,0,0,0
TCK-003390,155,29,0,0,0.0242,0,0,0,0
TCK-003391,153,27,0,0,0.0242,0,0,0,0
TCK-003392,45,8,0,0,0.027,0,0,0,0
TCK-003393,56,11,0,0,0.0222,0,0,0,0
TCK-003394,57,9,1,0,0.0208,0,0,0,0
TCK-003395,40,7,0,0,0.0303,0,0,0,0
TCK-003396,57,9,1,0,0.0208,0,0,0,0
TCK-003397,53,9,0,0,0.0227,0,0,0,0
TCK-003398,102,18,1,1,0.0244,1,0,0,0
TCK-003399,165,27,0,0,0.0224,2,0,1,0
TCK-003400,108,16,0,0,0.0337,1,0,0,0
TCK-003401,64,9,0,0,0.037,1,0,0,0
TCK-003402,57,10,1,0,0.0213,0,0,0,0
TCK-003403,106,19,0,1,0.0357,1,0,0,1
TCK-003404,40,7,0,0,0.0303,0,0,0,0
TCK-003405,46,9,0,0,0.0303,2,0,0,1
TCK-003406,64,9,0,0,0.037,1,0,0,0
TCK-003407,46,9,0,0,0.0303,2,0,0,1
TCK-003408,40,7,0,0,0.0303,0,0,0,0
TCK-003409,56,11,0,0,0.0222,0,0,0,0
TCK-003410,64,12,0,0,0.0192,0,0,0,0
TCK-003411,59,10,0,0,0.0204,1,0,0,1
TCK-003412,79,13,0,0,0.0308,1,0,0,0
TCK-003413,57,9,1,0,0.0208,0,0,0,0
TCK-003414,59,9,1,0,0.0204,0,0,0,0
TCK-003415,59,9,1,0,0.0204,0,0,0,0
TCK-003416,59,10,0,0,0.0204,1,0,0,1
TCK-003417,206,35,0,1,0.024,3,0,0,1
TCK-003418,61,10,0,0,0.02,1,0,1,0
TCK-003419,61,10,0,0,0.02,1,0,0,1
TCK-003420,64,12,0,0,0.0192,0,0,0,0
TCK-003421,57,9,1,0,0.0208,0,0,0,0
TCK-003422,106,18,0,1,0.0235,2,0,1,0
TCK-003423,57,10,1,0,0.0213,0,0,0,0
TCK-003424,46,9,0,0,0.0303,2,0,0,1
TCK-003425,54,10,0,0,0.0233,0,0,0,0
TCK-003426,51,8,0,0,0.0233,1,0,0,1
TCK-003427,59,10,0,0,0.0204,1,0,0,1
TCK-003428,64,12,0,0,0.0192,0,0,0,0
TCK-003429,56,11,0,0,0.0222,0,0,0,0
TCK-003430,56,10,1,0,0.0217,0,0,0,0
TCK-003431,61,10,0,0,0.02,1,0,1,0
TCK-003432,59,10,0,0,0.0204,1,0,0,1
TCK-003433,61,11,0,0,0.0408,0,0,0,1
TCK-003434,64,12,0,0,0.0192,0,0,0,0
TCK-003435,46,9,0,0,0.0303,2,0,0,1
TCK-003436,171,25,0,0,0.0352,2,0,0,0
TCK-003437,56,11,0,0,0.0222,0,0,0,0
TCK-003438,57,10,1,0,0.0213,0,0,0,0
TCK-003439,56,10,1,0,0.0217,0,0,0,0
TCK-003440,55,8,0,0,0.0217,1,0,1,0
TCK-003441,54,10,0,0,0.0233,0,0,0,0
TCK-003442,56,11,0,0,0.0222,0,0,0,0
TCK-003443,64,12,0,0,0.0192,0,0,0,0
TCK-003444,53,9,0,0,0.0227,0,0,0,0
TCK-003445,104,17,1,1,0.0238,1,0,0,0
TCK-003446,171,31,0,0,0.0217,0,0,0,0
TCK-003447,61,11,0,0,0.0408,0,0,0,1
TCK-003448,89,13,0,0,0.027,2,0,1,0
TCK-003449,64,9,0,0,0.037,1,0,0,0
TCK-003450,153,27,0,0,0.0242,0,0,0,0
TCK-003451,54,10,0,0,0.0233,0,0,0,0
TCK-003452,56,11,0,0,0.0222,0,0,0,0
TCK-003453,51,8,0,0,0.0233,1,0,0,1
TCK-003454,62,11,0,0,0.02,1,1,0,0
TCK-003455,54,10,0,0,0.0233,0,0,0,0
TCK-003456,98,17,0,1,0.0253,1,0,0,0
TCK-003457,55,10,0,0,0.0222,0,0,0,0
TCK-003458,57,10,1,0,0.0213,0,0,0,0
TCK-003459,100,17,1,0,0.0247,0,0,0,0
TCK-003460,55,10,0,0,0.0222,0,0,0,0
TCK-003461,61,10,0,0,0.02,1,0,0,1
TCK-003462,55,10,0,0,0.0222,0,0,0,0
TCK-003463,54,10,0,0,0.0233,0,0,0,0
TCK-003464,64,9,0,0,0.037,1,0,0,0
TCK-003465,55,8,0,0,0.0217,1,0,1,0
TCK-003466,57,9,1,0,0.0208,0,0,0,0
TCK-003467,61,11,0,0,0.0408,0,0,0,1
TCK-003468,61,11,0,0,0.0408,0,0,0,1
TCK-003469,46,9,0,0,0.0303,2,0,0,1
TCK-003470,46,9,0,0,0.0303,2,0,0,1
TCK-003471,46,9,0,0,0.0303,2,0,0,1
TCK-003472,53,9,0,0,0.0227,0,0,0,0
TCK-003473,171,25,0,0,0.0352,2,0,0,0
TCK-003474,53,9,0,0,0.0227,0,0,0,0
TCK-003475,55,8,0,0,0.0638,0,0,0,0
TCK-003476,55,10,0,0,0.0222,0,0,0,0
TCK-003477,61,10,0,0,0.02,1,0,0,1
TCK-003478,40,7,0,0,0.0303,0,0,0,0
TCK-003479,90,16,0,0,0.0274,1,0,0,0
TCK-003480,171,25,0,0,0.0352,2,0,0,0
TCK-003481,53,9,0,0,0.0227,0,0,0,0
TCK-003482,171,31,0,0,0.0217,0,0,0,0
TCK-003483,64,12,0,0,0.0192,0,0,0,0
TCK-003484,59,9,1,0,0.0204,0,0,0,0
TCK-003485,55,8,0,0,0.0638,0,0,0,0
TCK-003486,90,16,0,0,0.0274,1,0,0,0
TCK-003487,56,10,1,0,0.0217,0,0,0,0
TCK-003488,56,10,1,0,0.0217,0,0,0,0
TCK-003489,55,8,0,0,0.0638,0,0,0,0
TCK-003490,64,9,0,0,0.037,1,0,0,0
TCK-003491,151,27,0,0,0.025,0,0,0,0
TCK-003492,64,9,0,0,0.037,1,0,0,0
TCK-003493,55,10,0,0,0.0222,0,0,0,0
TCK-003494,56,10,1,0,0.0217,0,0,0,0
TCK-003495,61,10,0,0,0.02,1,0,1,0
TCK-003496,54,10,0,0,0.0233,0,0,0,0
TCK-003497,57,9,1,0,0.0208,0,0,0,0
TCK-003498,167,28,0,0,0.0294,1,0,0,0
TCK-003499,64,12,0,0,0.0192,0,0,0,0
TCK-003500,57,10,1,0,0.0213,0,0,0,0
TCK-003501,106,18,0,1,0.0235,2,0,1,0
TCK-003502,165,27,0,0,0.0224,2,0,1,0
TCK-003503,57,10,1,0,0.0213,0,0,0,0
TCK-003504,56,11,0,0,0.0222,0,0,0,0
TCK-003505,55,8,0,0,0.0638,0,0,0,0
TCK-003506,149,25,0,0,0.0246,0,0,0,0
TCK-003507,53,9,0,0,0.0227,0,0,0,0
TCK-003508,59,10,0,0,0.0204,1,0,0,1
TCK-003509,61,10,0,0,0.02,1,0,1,0
TCK-003510,56,10,1,0,0.0217,0,0,0,0
TCK-003511,61,10,0,0,0.02,1,0,1,0
TCK-003512,51,8,0,0,0.0233,1,0,0,1
TCK-003513,56,11,0,0,0.0222,0,0,0,0
TCK-003514,153,23,0,0,0.0547,0,0,0,0
TCK-003515,46,9,0,0,0.0303,2,0,0,1
TCK-003516,56,11,0,0,0.0222,0,0,0,0
TCK-003517,57,10,1,0,0.0213,0,0,0,0
TCK-003518,57,10,1,0,0.0213,0,0,0,0
TCK-003519,55,8,0,0,0.0217,1,0,1,0
TCK-003520,57,10,1,0,0.0213,0,0,0,0
TCK-003521,64,9,0,0,0.037,1,0,0,0
TCK-003522,64,12,0,0,0.0192,0,0,0,0
TCK-003523,64,9,0,0,0.037,1,0,0,0
TCK-003524,56,10,1,0,0.0217,0,0,0,0
TCK-003525,45,8,0,0,0.027,0,0,0,0
TCK-003526,100,17,1,0,0.0247,0,0,0,0
TCK-003527,100,18,0,0,0.025,0,0,0,0
TCK-003528,153,27,0,0,0.0242,0,0,0,0
TCK-003529,55,10,0,0,0.0222,0,0,0,0
TCK-003530,89,15,0,0,0.0278,0,0,0,0
TCK-003531,61,10,0,0,0.02,1,0,0,1
TCK-003532,57,10,1,0,0.0213,0,0,0,0
TCK-003533,61,10,0,0,0.02,1,0,1,0
TCK-003534,59,9,1,0,0.0204,0,0,0,0
TCK-003535,157,27,2,0,0.0234,0,0,0,0
TCK-003536,55,10,0,0,0.0222,0,0,0,0
TCK-003537,61,10,0,0,0.02,1,0,1,0
TCK-003538,53,9,0,0,0.0227,0,0,0,0
TCK-003539,64,9,0,0,0.037,1,0,0,0
TCK-003540,56,11,0,0,0.0222,0,0,0,0
TCK-003541,171,31,0,0,0.0217,0,0,0,0
TCK-003542,56,10,1,0,0.0217,0,0,0,0
TCK-003543,64,9,0,0,0.037,1,0,0,0
TCK-003544,55,8,0,0,0.0217,1,0,1,0
TCK-003545,61,10,0,0,0.02,1,0,1,0
TCK-003546,40,7,0,0,0.0303,0,0,0,0
TCK-003547,45,8,0,0,0.027,0,0,0,0
TCK-003548,61,10,0,0,0.02,1,0,0,1
TCK-003549,57,10,1,0,0.0213,0,0,0,0
TCK-003550,61,11,0,0,0.0408,0,0,0,1
TCK-003551,165,27,0,0,0.0224,2,0,0,1
TCK-003552,55,8,0,0,0.0217,1,0,1,0
TCK-003553,64,12,0,0,0.0192,0,0,0,0
TCK-003554,59,9,1,0,0.0204,0,0,0,0
TCK-003555,64,9,0,0,0.037,1,0,0,0
TCK-003556,55,10,0,0,0.0222,0,0,0,0
TCK-003557,62,11,0,0,0.02,1,1,0,0
TCK-003558,171,31,0,0,0.0217,0,0,0,0
TCK-003559,54,10,0,0,0.0233,0,0,0,0
TCK-003560,53,9,0,0,0.0227,0,0,0,0
TCK-003561,59,10,0,0,0.0204,1,0,0,1
TCK-003562,56,11,0,0,0.0222,0,0,0,0
TCK-003563,56,11,0,0,0.0222,0,0,0,0
TCK-003564,59,10,0,0,0.0204,1,0,0,1
TCK-003565,171,31,0,0,0.0217,0,0,0,0
TCK-003566,55,8,0,0,0.0638,0,0,0,0
TCK-003567,57,9,1,0,0.0208,0,0,0,0
TCK-003568,98,17,0,0,0.0256,0,0,0,0
TCK-003569,61,10,0,0,0.02,1,0,0,1
TCK-003570,55,10,0,0,0.0222,0,0,0,0
TCK-003571,61,10,0,0,0.02,1,0,1,0
TCK-003572,88,15,0,0,0.0282,1,0,0,0
TCK-003573,45,8,0,0,0.027,0,0,0,0
TCK-003574,54,10,0,0,0.0233,0,0,0,0
TCK-003575,153,23,0,0,0.0238,2,0,1,0
TCK-003576,55,8,0,0,0.0638,0,0,0,0
TCK-003577,161,25,2,0,0.0227,0,0,0,0
TCK-003578,55,10,0,0,0.0222,0,0,0,0
TCK-003579,57,9,1,0,0.0208,0,0,0,0
TCK-003580,46,9,0,0,0.0303,2,0,0,1
TCK-003581,57,10,1,0,0.0213,0,0,0,0
TCK-003582,61,10,0,0,0.02,1,0,0,1
TCK-003583,55,10,0,0,0.0222,0,0,0,0
TCK-003584,61,11,0,0,0.0408,0,0,0,1
TCK-003585,56,11,0,0,0.0222,0,0,0,0
TCK-003586,55,10,0,0,0.0222,0,0,0,0
TCK-003587,55,10,0,0,0.0222,0,0,0,0
TCK-003588,57,10,1,0,0.0213,0,0,0,0
TCK-003589,45,8,0,0,0.027,0,0,0,0
TCK-003590,64,12,0,0,0.0192,0,0,0,0
TCK-003591,56,10,1,0,0.0217,0,0,0,0
TCK-003592,64,12,0,0,0.0192,0,0,0,0
TCK-003593,153,23,0,0,0.0547,0,0,0,0
TCK-003594,57,10,1,0,0.0213,0,0,0,0
TCK-003595,55,8,0,0,0.0638,0,0,0,0
TCK-003596,56,10,1,0,0.0217,0,0,0,0
TCK-003597,64,9,0,0,0.037,1,0,0,0
TCK-003598,51,8,0,0,0.0233,1,0,0,1
TCK-003599,40,7,0,0,0.0303,0,0,0,0
TCK-003600,56,11,0,0,0.0222,0,0,0,0
TCK-003601,59,10,0,0,0.0204,1,0,0,1
TCK-003602,57,10,1,0,0.0213,0,0,0,0
TCK-003603,57,10,1,0,0.0213,0,0,0,0
TCK-003604,57,10,1,0,0.0213,0,0,0,0
TCK-003605,165,27,0,0,0.0224,2,0,0,1
TCK-003606,45,8,0,0,0.027,0,0,0,0
TCK-003607,56,10,1,0,0.0217,0,0,0,0
TCK-003608,93,14,1,0,0.026,1,0,0,0
TCK-003609,100,18,0,0,0.025,0,0,0,0
TCK-003610,55,8,0,0,0.0638,0,0,0,0
TCK-003611,62,11,0,0,0.02,1,1,0,0
TCK-003612,56,11,0,0,0.0222,0,0,0,0
TCK-003613,53,9,0,0,0.0227,0,0,0,0
TCK-003614,45,8,0,0,0.027,0,0,0,0
TCK-003615,153,27,0,0,0.0242,0,0,0,0
TCK-003616,54,10,0,0,0.0233,0,0,0,0
TCK-003617,56,11,0,0,0.0222,0,0,0,0
TCK-003618,56,11,0,0,0.0222,0,0,0,0
TCK-003619,53,9,0,0,0.0227,0,0,0,0
TCK-003620,46,9,0,0,0.0303,2,0,0,1
TCK-003621,64,9,0,0,0.037,1,0,0,0
TCK-003622,62,11,0,0,0.02,1,1,0,0
TCK-003623,59,10,0,0,0.0204,1,0,0,1
TCK-003624,56,11,0,0,0.0222,0,0,0,0
TCK-003625,61,11,0,0,0.0408,0,0,0,1
TCK-003626,59,9,1,0,0.0204,0,0,0,0
TCK-003627,55,8,0,0,0.0217,1,0,1,0
TCK-003628,155,29,0,0,0.0242,0,0,0,0
TCK-003629,64,9,0,0,0.037,1,0,0,0
TCK-003630,40,7,0,0,0.0303,0,0,0,0
TCK-003631,56,10,1,0,0.0217,0,0,0,0
TCK-003632,99,15,0,0,0.0247,1,0,1,0
TCK-003633,64,12,0,0,0.0192,0,0,0,0
TCK-003634,196,35,0,1,0.0258,1,0,0,0
TCK-003635,100,16,0,1,0.0488,1,0,0,0
TCK-003636,96,16,0,0,0.0256,2,1,0,0
TCK-003637,57,10,1,0,0.0213,0,0,0,0
TCK-003638,55,10,0,0,0.0222,0,0,0,0
TCK-003639,101,19,0,1,0.025,1,0,0,0
TCK-003640,165,29,0,0,0.0379,0,0,0,1
TCK-003641,57,10,1,0,0.0213,0,0,0,0
TCK-003642,45,8,0,0,0.027,0,0,0,0
TCK-003643,46,9,0,0,0.0303,2,0,0,1
TCK-003644,56,10,1,0,0.0217,0,0,0,0
TCK-003645,90,16,0,0,0.0274,1,0,0,0
TCK-003646,93,15,0,0,0.026,2,0,0,1
TCK-003647,45,8,0,0,0.027,0,0,0,0
TCK-003648,55,10,0,0,0.0222,0,0,0,0
TCK-003649,161,25,2,0,0.0227,0,0,0,0
TCK-003650,55,10,0,0,0.0222,0,0,0,0
TCK-003651,59,10,0,0,0.0204,1,0,0,1
TCK-003652,61,10,0,0,0.02,1,0,1,0
TCK-003653,99,17,0,0,0.025,0,0,0,0
TCK-003654,54,10,0,0,0.0233,0,0,0,0
TCK-003655,62,11,0,0,0.02,1,1,0,0
TCK-003656,54,10,0,0,0.0233,0,0,0,0
TCK-003657,45,8,0,0,0.027,0,0,0,0
TCK-003658,55,10,0,0,0.0222,0,0,0,0
TCK-003659,55,8,0,0,0.0217,1,0,1,0
TCK-003660,61,10,0,0,0.02,1,0,0,1
TCK-003661,53,9,0,0,0.0227,0,0,0,0
TCK-003662,133,23,0,0,0.0278,0,0,0,0
TCK-003663,61,10,0,0,0.02,1,0,0,1
TCK-003664,59,10,0,0,0.0204,1,0,0,1
TCK-003665,59,10,0,0,0.0204,1,0,0,1
TCK-003666,61,11,0,0,0.0408,0,0,0,1
TCK-003667,56,11,0,0,0.0222,0,0,0,0
TCK-003668,45,8,0,0,0.027,0,0,0,0
TCK-003669,53,9,0,0,0.0227,0,0,0,0
TCK-003670,56,11,0,0,0.0222,0,0,0,0
TCK-003671,64,9,0,0,0.037,1,0,0,0
TCK-003672,56,10,1,0,0.0217,0,0,0,0
TCK-003673,56,11,0,0,0.0222,0,0,0,0
TCK-003674,40,7,0,0,0.0303,0,0,0,0
TCK-003675,91,15,1,0,0.0267,1,0,0,0
TCK-003676,64,9,0,0,0.037,1,0,0,0
TCK-003677,109,17,0,1,0.0337,2,0,0,0
TCK-003678,61,11,0,0,0.0408,0,0,0,1
TCK-003679,54,10,0,0,0.0233,0,0,0,0
TCK-003680,62,11,0,0,0.02,1,1,0,0
TCK-003681,64,12,0,0,0.0192,0,0,0,0
TCK-003682,45,8,0,0,0.027,0,0,0,0
TCK-003683,133,23,0,0,0.0278,0,0,0,0
TCK-003684,61,10,0,0,0.02,1,0,0,1
TCK-003685,171,31,0,0,0.0217,0,0,0,0
TCK-003686,55,10,0,0,0.0222,0,0,0,0
TCK-003687,55,10,0,0,0.0222,0,0,0,0
TCK-003688,45,8,0,0,0.027,0,0,0,0
TCK-003689,55,10,0,0,0.0222,0,0,0,0
TCK-003690,40,7,0,0,0.0303,0,0,0,0
TCK-003691,53,9,0,0,0.0227,0,0,0,0
TCK-003692,59,10,0,0,0.0204,1,0,0,1
TCK-003693,46,9,0,0,0.0303,2,0,0,1
TCK-003694,56,10,1,0,0.0217,0,0,0,0
TCK-003695,64,9,0,0,0.037,1,0,0,0
TCK-003696,56,11,0,0,0.0222,0,0,0,0
TCK-003697,46,9,0,0,0.0303,2,0,0,1
TCK-003698,57,10,1,0,0.0213,0,0,0,0
TCK-003699,153,23,0,0,0.0547,0,0,0,0
TCK-003700,46,9,0,0,0.0303,2,0,0,1
TCK-003701,64,12,0,0,0.0192,0,0,0,0
TCK-003702,55,10,0,0,0.0222,0,0,0,0
TCK-003703,54,10,0,0,0.0233,0,0,0,0
TCK-003704,51,8,0,0,0.0233,1,0,0,1
TCK-003705,64,12,0,0,0.0192,0,0,0,0
TCK-003706,61,10,0,0,0.02,1,0,1,0
TCK-003707,61,10,0,0,0.02,1,0,0,1
TCK-003708,55,10,0,0,0.0222,0,0,0,0
TCK-003709,64,12,0,0,0.0192,0,0,0,0
TCK-003710,91,15,1,0,0.0267,1,0,0,0
TCK-003711,46,9,0,0,0.0303,2,0,0,1
TCK-003712,64,9,0,0,0.037,1,0,0,0
TCK-003713,95,16,0,0,0.039,1,0,0,1
TCK-003714,57,10,1,0,0.0213,0,0,0,0
TCK-003715,56,10,1,0,0.0217,0,0,0,0
TCK-003716,56,11,0,0,0.0222,0,0,0,0
TCK-003717,64,9,0,0,0.037,1,0,0,0
TCK-003718,59,10,0,0,0.0204,1,0,0,1
TCK-003719,74,12,0,0,0.0328,1,0,0,0
TCK-003720,61,11,0,0,0.0408,0,0,0,1
TCK-003721,91,15,1,0,0.0267,1,0,0,0
TCK-003722,56,11,0,0,0.0222,0,0,0,0
TCK-003723,135,25,0,0,0.03,4,0,0,1
TCK-003724,55,8,0,0,0.0217,1,0,1,0
TCK-003725,165,27,0,0,0.0224,2,0,0,1
TCK-003726,53,9,0,0,0.0227,0,0,0,0
TCK-003727,133,23,0,0,0.0278,0,0,0,0
TCK-003728,59,9,1,0,0.0204,0,0,0,0
TCK-003729,171,31,0,0,0.0217,0,0,0,0
TCK-003730,107,19,0,1,0.0235,2,1,0,0
TCK-003731,59,9,1,0,0.0204,0,0,0,0
TCK-003732,85,13,0,0,0.0282,2,0,0,1
TCK-003733,61,10,0,0,0.02,1,0,0,1
TCK-003734,56,11,0,0,0.0222,0,0,0,0
TCK-003735,171,31,0,0,0.0217,0,0,0,0
TCK-003736,62,11,0,0,0.02,1,1,0,0
TCK-003737,54,10,0,0,0.0233,0,0,0,0
TCK-003738,46,9,0,0,0.0303,2,0,0,1
TCK-003739,45,8,0,0,0.027,0,0,0,0
TCK-003740,54,10,0,0,0.0233,0,0,0,0
TCK-003741,62,11,0,0,0.02,1,1,0,0
TCK-003742,53,9,0,0,0.0227,0,0,0,0
TCK-003743,61,11,0,0,0.0408,0,0,0,1
TCK-003744,64,9,0,0,0.037,1,0,0,0
TCK-003745,53,9,0,0,0.0227,0,0,0,0
TCK-003746,56,10,1,0,0.0217,0,0,0,0
TCK-003747,61,11,0,0,0.0408,0,0,0,1
TCK-003748,153,23,0,0,0.0547,0,0,0,0
TCK-003749,56,10,1,0,0.0217,0,0,0,0
TCK-003750,55,8,0,0,0.0217,1,0,1,0
TCK-003751,165,29,0,0,0.0379,0,0,0,1
TCK-003752,161,25,2,0,0.0227,0,0,0,0
TCK-003753,55,8,0,0,0.0217,1,0,1,0
TCK-003754,59,9,1,0,0.0204,0,0,0,0
TCK-003755,55,8,0,0,0.0638,0,0,0,0
TCK-003756,135,25,0,0,0.03,4,0,0,1
TCK-003757,61,10,0,0,0.02,1,0,0,1
TCK-003758,55,10,0,0,0.0222,0,0,0,0
TCK-003759,54,10,0,0,0.0233,0,0,0,0
TCK-003760,64,12,0,0,0.0192,0,0,0,0
TCK-003761,61,10,0,0,0.02,1,0,0,1
TCK-003762,46,9,0,0,0.0303,2,0,0,1
TCK-003763,61,11,0,0,0.0408,0,0,0,1
TCK-003764,200,35,2,1,0.0248,1,0,0,0
TCK-003765,61,11,0,0,0.0408,0,0,0,1
TCK-003766,61,10,0,0,0.02,1,0,0,1
TCK-003767,56,11,0,0,0.0222,0,0,0,0
TCK-003768,55,10,0,0,0.0222,0,0,0,0
TCK-003769,104,18,0,1,0.0238,2,0,0,1
TCK-003770,61,11,0,0,0.0408,0,0,0,1
TCK-003771,155,29,0,0,0.0242,0,0,0,0
TCK-003772,55,10,0,0,0.0222,0,0,0,0
TCK-003773,153,27,0,0,0.0242,0,0,0,0
TCK-003774,57,9,1,0,0.0208,0,0,0,0
TCK-003775,56,11,0,0,0.0222,0,0,0,0
TCK-003776,57,9,1,0,0.0208,0,0,0,0
TCK-003777,55,10,0,0,0.0222,0,0,0,0
TCK-003778,100,16,0,1,0.0247,2,0,1,0
TCK-003779,54,10,0,0,0.0233,0,0,0,0
TCK-003780,64,9,0,0,0.037,1,0,0,0
TCK-003781,54,10,0,0,0.0233,0,0,0,0
TCK-003782,45,8,0,0,0.027,0,0,0,0
TCK-003783,61,10,0,0,0.02,1,0,0,1
TCK-003784,53,9,0,0,0.0227,0,0,0,0
TCK-003785,64,12,0,0,0.0192,0,0,0,0
TCK-003786,62,11,0,0,0.02,1,1,0,0
TCK-003787,56,10,1,0,0.0217,0,0,0,0
TCK-003788,59,10,0,0,0.0204,1,0,0,1
TCK-003789,64,9,0,0,0.037,1,0,0,0
TCK-003790,145,23,0,0,0.025,2,0,0,1
TCK-003791,64,9,0,0,0.037,1,0,0,0
TCK-003792,161,25,2,0,0.0227,0,0,0,0
TCK-003793,61,10,0,0,0.02,1,0,1,0
TCK-003794,84,14,0,0,0.0294,0,0,0,0
TCK-003795,55,8,0,0,0.0638,0,0,0,0
TCK-003796,96,16,0,1,0.0256,2,0,0,1
TCK-003797,56,10,1,0,0.0217,0,0,0,0
TCK-003798,64,12,0,0,0.0192,0,0,0,0
TCK-003799,59,9,1,0,0.0204,0,0,0,0
TCK-003800,45,8,0,0,0.027,0,0,0,0
TCK-003801,155,29,0,0,0.0242,0,0,0,0
TCK-003802,55,8,0,0,0.0638,0,0,0,0
TCK-003803,55,8,0,0,0.0217,1,0,1,0
TCK-003804,56,11,0,0,0.0222,0,0,0,0
TCK-003805,56,11,0,0,0.0222,0,0,0,0
TCK-003806,61,10,0,0,0.02,1,0,1,0
TCK-003807,46,9,0,0,0.0303,2,0,0,1
TCK-003808,64,12,0,0,0.0192,0,0,0,0
TCK-003809,55,8,0,0,0.0638,0,0,0,0
TCK-003810,53,9,0,0,0.0227,0,0,0,0
TCK-003811,171,25,0,0,0.0352,2,0,0,0
TCK-003812,62,11,0,0,0.02,1,1,0,0
TCK-003813,171,31,0,0,0.0217,0,0,0,0
TCK-003814,59,10,0,0,0.0204,1,0,0,1
TCK-003815,46,9,0,0,0.0303,2,0,0,1
TCK-003816,53,9,0,0,0.0227,0,0,0,0
TCK-003817,102,18,1,1,0.0244,1,0,0,0
TCK-003818,40,7,0,0,0.0303,0,0,0,0
TCK-003819,46,9,0,0,0.0303,2,0,0,1
TCK-003820,153,27,0,0,0.0242,0,0,0,0
TCK-003821,108,16,0,0,0.0337,1,0,0,0
TCK-003822,61,10,0,0,0.02,1,0,0,1
TCK-003823,55,10,0,0,0.0222,0,0,0,0
TCK-003824,171,31,0,0,0.0217,0,0,0,0
TCK-003825,61,10,0,0,0.02,1,0,1,0
TCK-003826,56,11,0,0,0.0222,0,0,0,0
TCK-003827,62,11,0,0,0.02,1,1,0,0
TCK-003828,59,9,1,0,0.0204,0,0,0,0
TCK-003829,56,10,1,0,0.0217,0,0,0,0
TCK-003830,51,8,0,0,0.0233,1,0,0,1
TCK-003831,54,10,0,0,0.0233,0,0,0,0
TCK-003832,46,9,0,0,0.0303,2,0,0,1
TCK-003833,51,8,0,0,0.0233,1,0,0,1
TCK-003834,165,27,0,0,0.0224,2,0,0,1
TCK-003835,54,10,0,0,0.0233,0,0,0,0
TCK-003836,64,12,0,0,0.0192,0,0,0,0
TCK-003837,57,10,1,0,0.0213,0,0,0,0
TCK-003838,55,10,0,0,0.0222,0,0,0,0
TCK-003839,56,10,1,0,0.0217,0,0,0,0
TCK-003840,155,29,0,0,0.0242,0,0,0,0
TCK-003841,55,8,0,0,0.0217,1,0,1,0
TCK-003842,59,10,0,0,0.0204,1,0,0,1
TCK-003843,61,10,0,0,0.02,1,0,1,0
TCK-003844,57,9,1,0,0.0208,0,0,0,0
TCK-003845,59,10,0,0,0.0204,1,0,0,1
TCK-003846,57,9,1,0,0.0208,0,0,0,0
TCK-003847,102,17,1,1,0.0241,1,0,0,0
TCK-003848,46,9,0,0,0.0303,2,0,0,1
TCK-003849,56,10,1,0,0.0217,0,0,0,0
TCK-003850,54,10,0,0,0.0233,0,0,0,0
TCK-003851,171,31,0,0,0.0217,0,0,0,0
TCK-003852,55,10,0,0,0.0222,0,0,0,0
TCK-003853,171,31,0,0,0.0217,0,0,0,0
TCK-003854,64,12,0,0,0.0192,0,0,0,0
TCK-003855,61,10,0,0,0.02,1,0,1,0
TCK-003856,61,10,0,0,0.02,1,0,0,1
TCK-003857,57,10,1,0,0.0213,0,0,0,0
TCK-003858,59,10,0,0,0.0204,1,0,0,1
TCK-003859,57,10,1,0,0.0213,0,0,0,0
TCK-003860,56,11,0,0,0.0222,0,0,0,0
TCK-003861,56,10,1,0,0.0217,0,0,0,0
TCK-003862,56,11,0,0,0.0222,0,0,0,0
TCK-003863,51,8,0,0,0.0233,1,0,0,1
TCK-003864,62,11,0,0,0.02,1,1,0,0
TCK-003865,53,9,0,0,0.0227,0,0,0,0
TCK-003866,153,27,0,0,0.0242,0,0,0,0
TCK-003867,56,11,0,0,0.0222,0,0,0,0
TCK-003868,90,16,0,1,0.0278,1,0,0,0
TCK-003869,103,17,0,0,0.0238,1,0,0,1
TCK-003870,51,8,0,0,0.0233,1,0,0,1
TCK-003871,59,10,0,0,0.0204,1,0,0,1
TCK-003872,95,15,0,0,0.0256,1,0,0,1
TCK-003873,56,11,0,0,0.0222,0,0,0,0
TCK-003874,55,10,0,0,0.0222,0,0,0,0
TCK-003875,57,10,1,0,0.0213,0,0,0,0
TCK-003876,99,17,0,0,0.025,0,0,0,0
TCK-003877,61,11,0,0,0.0408,0,0,0,1
TCK-003878,100,17,1,0,0.0247,0,0,0,0
TCK-003879,61,10,0,0,0.02,1,0,0,1
TCK-003880,56,10,1,0,0.0217,0,0,0,0
TCK-003881,168,29,0,1,0.0296,1,0,0,0
TCK-003882,57,10,1,0,0.0213,0,0,0,0
TCK-003883,99,18,0,1,0.0256,1,0,0,0
TCK-003884,61,10,0,0,0.02,1,0,0,1
TCK-003885,61,10,0,0,0.02,1,0,1,0
TCK-003886,59,9,1,0,0.0204,0,0,0,0
TCK-003887,57,10,1,0,0.0213,0,0,0,0
TCK-003888,55,8,0,0,0.0217,1,0,1,0
TCK-003889,97,16,0,0,0.0253,0,0,0,0
TCK-003890,55,8,0,0,0.0217,1,0,1,0
TCK-003891,54,10,0,0,0.0233,0,0,0,0
TCK-003892,56,10,1,0,0.0217,0,0,0,0
TCK-003893,61,11,0,0,0.0408,0,0,0,1
TCK-003894,149,25,0,0,0.0246,0,0,0,0
TCK-003895,56,11,0,0,0.0222,0,0,0,0
TCK-003896,56,10,1,0,0.0217,0,0,0,0
TCK-003897,56,10,1,0,0.0217,0,0,0,0
TCK-003898,61,10,0,0,0.02,1,0,0,1
TCK-003899,171,25,0,0,0.0352,2,0,0,0
TCK-003900,56,11,0,0,0.0222,0,0,0,0
TCK-003901,61,10,0,0,0.02,1,0,1,0
TCK-003902,45,8,0,0,0.027,0,0,0,0
TCK-003903,54,10,0,0,0.0233,0,0,0,0
TCK-003904,56,10,1,0,0.0217,0,0,0,0
TCK-003905,54,10,0,0,0.0233,0,0,0,0
TCK-003906,56,10,1,0,0.0217,0,0,0,0
TCK-003907,51,8,0,0,0.0233,1,0,0,1
TCK-003908,57,10,1,0,0.0213,0,0,0,0
TCK-003909,57,9,1,0,0.0208,0,0,0,0
TCK-003910,45,8,0,0,0.027,0,0,0,0
TCK-003911,102,18,1,1,0.0244,1,0,0,0
TCK-003912,59,10,0,0,0.0204,1,0,0,1
TCK-003913,153,27,0,0,0.0242,0,0,0,0
TCK-003914,106,18,0,0,0.0235,1,1,0,0
TCK-003915,161,27,0,0,0.0227,2,0,0,1
TCK-003916,171,31,0,0,0.0217,0,0,0,0
TCK-003917,57,9,1,0,0.0208,0,0,0,0
TCK-003918,56,11,0,0,0.0222,0,0,0,0
TCK-003919,54,10,0,0,0.0233,0,0,0,0
TCK-003920,51,8,0,0,0.0233,1,0,0,1
TCK-003921,59,9,1,0,0.0204,0,0,0,0
TCK-003922,55,10,0,0,0.0222,0,0,0,0
TCK-003923,55,10,0,0,0.0222,0,0,0,0
TCK-003924,62,11,0,0,0.02,1,1,0,0
TCK-003925,64,12,0,0,0.0192,0,0,0,0
TCK-003926,61,11,0,0,0.0408,0,0,0,1
TCK-003927,161,25,2,0,0.0227,0,0,0,0
TCK-003928,57,10,1,0,0.0213,0,0,0,0
TCK-003929,56,10,1,0,0.0217,0,0,0,0
TCK-003930,40,7,0,0,0.0303,0,0,0,0
TCK-003931,40,7,0,0,0.0303,0,0,0,0
TCK-003932,161,27,0,0,0.0227,2,0,0,1
TCK-003933,64,9,0,0,0.037,1,0,0,0
TCK-003934,55,8,0,0,0.0638,0,0,0,0
TCK-003935,54,10,0,0,0.0233,0,0,0,0
TCK-003936,104,17,1,1,0.0238,1,0,0,0
TCK-003937,53,9,0,0,0.0227,0,0,0,0
TCK-003938,56,11,0,0,0.0222,0,0,0,0
TCK-003939,56,10,1,0,0.0217,0,0,0,0
TCK-003940,95,15,0,0,0.0256,1,0,0,1
TCK-003941,109,20,0,1,0.023,1,0,0,0
TCK-003942,133,23,0,0,0.0278,0,0,0,0
TCK-003943,53,9,0,0,0.0227,0,0,0,0
TCK-003944,64,9,0,0,0.037,1,0,0,0
TCK-003945,55,10,0,0,0.0222,0,0,0,0
TCK-003946,57,10,1,0,0.0213,0,0,0,0
TCK-003947,59,10,0,0,0.0204,1,0,0,1
TCK-003948,46,9,0,0,0.0303,2,0,0,1
TCK-003949,165,27,0,0,0.0224,2,0,0,1
TCK-003950,64,12,0,0,0.0192,0,0,0,0
TCK-003951,55,8,0,0,0.0638,0,0,0,0
TCK-003952,62,11,0,0,0.02,1,1,0,0
TCK-003953,55,8,0,0,0.0638,0,0,0,0
TCK-003954,54,10,0,0,0.0233,0,0,0,0
TCK-003955,108,16,0,0,0.0337,1,0,0,0
TCK-003956,151,27,0,0,0.025,0,0,0,0
TCK-003957,53,9,0,0,0.0227,0,0,0,0
TCK-003958,55,8,0,0,0.0217,1,0,1,0
TCK-003959,56,10,1,0,0.0217,0,0,0,0
TCK-003960,62,11,0,0,0.02,1,1,0,0
TCK-003961,53,9,0,0,0.0227,0,0,0,0
TCK-003962,157,25,2,0,0.0231,0,0,0,0
TCK-003963,61,10,0,0,0.02,1,0,0,1
TCK-003964,167,29,0,0,0.0224,2,1,0,0
TCK-003965,165,29,0,0,0.0379,0,0,0,1
TCK-003966,46,9,0,0,0.0303,2,0,0,1
TCK-003967,61,10,0,0,0.02,1,0,1,0
TCK-003968,59,9,1,0,0.0204,0,0,0,0
TCK-003969,103,17,0,0,0.0238,1,0,0,1
TCK-003970,161,27,0,0,0.0227,2,0,0,1
TCK-003971,61,11,0,0,0.0408,0,0,0,1
TCK-003972,56,10,1,0,0.0217,0,0,0,0
TCK-003973,93,15,0,0,0.026,2,0,0,1
TCK-003974,40,7,0,0,0.0303,0,0,0,0
TCK-003975,54,10,0,0,0.0233,0,0,0,0
TCK-003976,53,9,0,0,0.0227,0,0,0,0
TCK-003977,61,11,0,0,0.0408,0,0,0,1
TCK-003978,55,10,0,0,0.0222,0,0,0,0
TCK-003979,45,8,0,0,0.027,0,0,0,0
TCK-003980,93,15,0,0,0.026,2,0,0,1
TCK-003981,157,25,2,0,0.0231,0,0,0,0
TCK-003982,57,10,1,0,0.0213,0,0,0,0
TCK-003983,64,9,0,0,0.037,1,0,0,0
TCK-003984,56,11,0,0,0.0222,0,0,0,0
TCK-003985,40,7,0,0,0.0303,0,0,0,0
TCK-003986,61,10,0,0,0.02,1,0,0,1
TCK-003987,59,10,0,0,0.0204,1,0,0,1
TCK-003988,64,9,0,0,0.037,1,0,0,0
TCK-003989,171,25,0,0,0.0352,2,0,0,0
TCK-003990,55,10,0,0,0.0222,0,0,0,0
TCK-003991,62,11,0,0,0.02,1,1,0,0
TCK-003992,55,8,0,0,0.0217,1,0,1,0
TCK-003993,165,27,0,0,0.0224,2,0,0,1
TCK-003994,149,25,0,0,0.0246,0,0,0,0
TCK-003995,53,9,0,0,0.0227,0,0,0,0
TCK-003996,57,10,1,0,0.0213,0,0,0,0
TCK-003997,56,10,1,0,0.0217,0,0,0,0
TCK-003998,56,10,1,0,0.0217,0,0,0,0
TCK-003999,64,9,0,0,0.037,1,0,0,0
TCK-004000,57,10,1,0,0.0213,0,0,0,0
TCK-004001,40,7,0,0,0.0303,0,0,0,0
TCK-004002,153,27,0,0,0.0242,0,0,0,0
TCK-004003,64,12,0,0,0.0192,0,0,0,0
TCK-004004,51,8,0,0,0.0233,1,0,0,1
TCK-004005,46,9,0,0,0.0303,2,0,0,1
TCK-004006,59,9,1,0,0.0204,0,0,0,0
TCK-004007,59,10,0,0,0.0204,1,0,0,1
TCK-004008,59,10,0,0,0.0204,1,0,0,1
TCK-004009,64,12,0,0,0.0192,0,0,0,0
TCK-004010,45,8,0,0,0.027,0,0,0,0
TCK-004011,57,10,1,0,0.0213,0,0,0,0
TCK-004012,46,9,0,0,0.0303,2,0,0,1
TCK-004013,57,9,1,0,0.0208,0,0,0,0
TCK-004014,161,27,0,0,0.0227,2,0,0,1
TCK-004015,201,32,2,0,0.0242,0,0,0,0
TCK-004016,55,10,0,0,0.0222,0,0,0,0
TCK-004017,46,9,0,0,0.0303,2,0,0,1
TCK-004018,46,9,0,0,0.0303,2,0,0,1
TCK-004019,149,25,0,0,0.0246,0,0,0,0
TCK-004020,54,10,0,0,0.0233,0,0,0,0
TCK-004021,56,10,1,0,0.0217,0,0,0,0
TCK-004022,55,10,0,0,0.0222,0,0,0,0
TCK-004023,64,9,0,0,0.037,1,0,0,0
TCK-004024,57,9,1,0,0.0208,0,0,0,0
TCK-004025,40,7,0,0,0.0303,0,0,0,0
TCK-004026,56,11,0,0,0.0222,0,0,0,0
TCK-004027,61,10,0,0,0.02,1,0,0,1
TCK-004028,59,10,0,0,0.0204,1,0,0,1
TCK-004029,56,11,0,0,0.0222,0,0,0,0
TCK-004030,61,11,0,0,0.0408,0,0,0,1
TCK-004031,46,9,0,0,0.0303,2,0,0,1
TCK-004032,56,11,0,0,0.0222,0,0,0,0
TCK-004033,53,9,0,0,0.0227,0,0,0,0
TCK-004034,56,11,0,0,0.0222,0,0,0,0
TCK-004035,59,9,1,0,0.0204,0,0,0,0
TCK-004036,55,8,0,0,0.0217,1,0,1,0
TCK-004037,56,10,1,0,0.0217,0,0,0,0
TCK-004038,55,8,0,0,0.0217,1,0,1,0
TCK-004039,59,10,0,0,0.0204,1,0,0,1
TCK-004040,56,10,1,0,0.0217,0,0,0,0
TCK-004041,54,10,0,0,0.0233,0,0,0,0
TCK-004042,46,9,0,0,0.0303,2,0,0,1
TCK-004043,123,21,0,0,0.03,0,0,0,0
TCK-004044,59,9,1,0,0.0204,0,0,0,0
TCK-004045,59,10,0,0,0.0204,1,0,0,1
TCK-004046,55,8,0,0,0.0217,1,0,1,0
TCK-004047,56,10,1,0,0.0217,0,0,0,0
TCK-004048,46,9,0,0,0.0303,2,0,0,1
TCK-004049,167,29,0,0,0.0224,2,1,0,0
TCK-004050,40,7,0,0,0.0303,0,0,0,0
TCK-004051,62,11,0,0,0.02,1,1,0,0
TCK-004052,53,9,0,0,0.0227,0,0,0,0
TCK-004053,149,25,0,0,0.0246,0,0,0,0
TCK-004054,153,23,0,0,0.0238,2,0,1,0
TCK-004055,46,9,0,0,0.0303,2,0,0,1
TCK-004056,59,10,0,0,0.0204,1,0,0,1
TCK-004057,59,10,0,0,0.0204,1,0,0,1
TCK-004058,45,8,0,0,0.027,0,0,0,0
TCK-004059,98,17,0,0,0.0256,0,0,0,0
TCK-004060,167,29,0,0,0.0224,2,1,0,0
TCK-004061,56,11,0,0,0.0222,0,0,0,0
TCK-004062,61,11,0,0,0.0408,0,0,0,1
TCK-004063,57,9,1,0,0.0208,0,0,0,0
TCK-004064,55,8,0,0,0.0638,0,0,0,0
TCK-004065,59,10,0,0,0.0204,1,0,0,1
TCK-004066,133,23,0,0,0.0278,0,0,0,0
TCK-004067,56,11,0,0,0.0222,0,0,0,0
TCK-004068,56,11,0,0,0.0222,0,0,0,0
TCK-004069,90,16,0,0,0.0294,2,0,0,1
TCK-004070,61,11,0,0,0.0408,0,0,0,1
TCK-004071,64,9,0,0,0.037,1,0,0,0
TCK-004072,59,10,0,0,0.0204,1,0,0,1
TCK-004073,55,8,0,0,0.0638,0,0,0,0
TCK-004074,61,11,0,0,0.0408,0,0,0,1
TCK-004075,57,10,1,0,0.0213,0,0,0,0
TCK-004076,53,9,0,0,0.0227,0,0,0,0
TCK-004077,59,9,1,0,0.0204,0,0,0,0
TCK-004078,61,11,0,0,0.0408,0,0,0,1
TCK-004079,64,9,0,0,0.037,1,0,0,0
TCK-004080,45,8,0,0,0.027,0,0,0,0
TCK-004081,55,10,0,0,0.0222,0,0,0,0
TCK-004082,59,9,1,0,0.0204,0,0,0,0
TCK-004083,145,23,0,0,0.025,2,0,0,1
TCK-004084,53,9,0,0,0.0227,0,0,0,0
TCK-004085,53,9,0,0,0.0227,0,0,0,0
TCK-004086,59,9,1,0,0.0204,0,0,0,0
TCK-004087,56,11,0,0,0.0222,0,0,0,0
TCK-004088,61,11,0,0,0.0408,0,0,0,1
TCK-004089,55,10,0,0,0.0222,0,0,0,0
TCK-004090,57,10,1,0,0.0213,0,0,0,0
TCK-004091,53,9,0,0,0.0227,0,0,0,0
TCK-004092,55,8,0,0,0.0638,0,0,0,0
TCK-004093,64,9,0,0,0.037,1,0,0,0
TCK-004094,61,11,0,0,0.0408,0,0,0,1
TCK-004095,46,9,0,0,0.0303,2,0,0,1
TCK-004096,59,10,0,0,0.0204,1,0,0,1
TCK-004097,61,10,0,0,0.02,1,0,0,1
TCK-004098,61,10,0,0,0.02,1,0,0,1
TCK-004099,40,7,0,0,0.0303,0,0,0,0
TCK-004100,45,8,0,0,0.027,0,0,0,0
TCK-004101,135,25,0,0,0.03,4,0,0,1
TCK-004102,51,8,0,0,0.0233,1,0,0,1
TCK-004103,55,8,0,0,0.0638,0,0,0,0
TCK-004104,133,23,0,0,0.0278,0,0,0,0
TCK-004105,57,10,1,0,0.0213,0,0,0,0
TCK-004106,64,12,0,0,0.0192,0,0,0,0
TCK-004107,53,9,0,0,0.0227,0,0,0,0
TCK-004108,53,9,0,0,0.0227,0,0,0,0
TCK-004109,62,11,0,0,0.02,1,1,0,0
TCK-004110,55,10,0,0,0.0222,0,0,0,0
TCK-004111,61,10,0,0,0.02,1,0,0,1
TCK-004112,56,11,0,0,0.0222,0,0,0,0
TCK-004113,171,31,0,0,0.0217,0,0,0,0
TCK-004114,64,9,0,0,0.037,1,0,0,0
TCK-004115,61,11,0,0,0.0408,0,0,0,1
TCK-004116,54,10,0,0,0.0233,0,0,0,0
TCK-004117,64,12,0,0,0.0192,0,0,0,0
TCK-004118,61,11,0,0,0.0408,0,0,0,1
TCK-004119,59,9,1,0,0.0204,0,0,0,0
TCK-004120,155,29,0,0,0.0242,0,0,0,0
TCK-004121,56,11,0,0,0.0222,0,0,0,0
TCK-004122,90,15,1,0,0.027,1,0,0,0
TCK-004123,64,12,0,0,0.0192,0,0,0,0
TCK-004124,59,9,1,0,0.0204,0,0,0,0
TCK-004125,45,8,0,0,0.027,0,0,0,0
TCK-004126,53,9,0,0,0.0227,0,0,0,0
TCK-004127,54,10,0,0,0.0233,0,0,0,0
TCK-004128,62,11,0,0,0.02,1,1,0,0
TCK-004129,64,9,0,0,0.037,1,0,0,0
TCK-004130,53,9,0,0,0.0227,0,0,0,0
TCK-004131,64,9,0,0,0.037,1,0,0,0
TCK-004132,98,17,0,0,0.025,1,0,0,0
TCK-004133,64,12,0,0,0.0192,0,0,0,0
TCK-004134,61,10,0,0,0.02,1,0,0,1
TCK-004135,64,12,0,0,0.0192,0,0,0,0
TCK-004136,55,10,0,0,0.0222,0,0,0,0
TCK-004137,46,9,0,0,0.0303,2,0,0,1
TCK-004138,56,10,1,0,0.0217,0,0,0,0
TCK-004139,57,10,1,0,0.0213,0,0,0,0
TCK-004140,61,11,0,0,0.0408,0,0,0,1
TCK-004141,45,8,0,0,0.027,0,0,0,0
TCK-004142,45,8,0,0,0.027,0,0,0,0
TCK-004143,61,11,0,0,0.0408,0,0,0,1
TCK-004144,53,9,0,0,0.0227,0,0,0,0
TCK-004145,55,8,0,0,0.0217,1,0,1,0
TCK-004146,59,9,1,0,0.0204,0,0,0,0
TCK-004147,59,9,1,0,0.0204,0,0,0,0
TCK-004148,105,17,0,0,0.0235,1,0,0,1
TCK-004149,64,9,0,0,0.037,1,0,0,0
TCK-004150,55,10,0,0,0.0222,0,0,0,0
TCK-004151,64,12,0,0,0.0192,0,0,0,0
TCK-004152,54,10,0,0,0.0233,0,0,0,0
TCK-004153,56,11,0,0,0.0222,0,0,0,0
TCK-004154,40,7,0,0,0.0303,0,0,0,0
TCK-004155,57,9,1,0,0.0208,0,0,0,0
TCK-004156,46,9,0,0,0.0303,2,0,0,1
TCK-004157,54,10,0,0,0.0233,0,0,0,0
TCK-004158,54,10,0,0,0.0233,0,0,0,0
TCK-004159,57,9,1,0,0.0208,0,0,0,0
TCK-004160,55,8,0,0,0.0217,1,0,1,0
TCK-004161,64,12,0,0,0.0192,0,0,0,0
TCK-004162,53,9,0,0,0.0227,0,0,0,0
TCK-004163,145,23,0,0,0.025,2,0,0,1
TCK-004164,100,18,0,0,0.025,0,0,0,0
TCK-004165,46,9,0,0,0.0303,2,0,0,1
TCK-004166,171,25,0,0,0.0352,2,0,0,0
TCK-004167,61,11,0,0,0.0408,0,0,0,1
TCK-004168,56,10,1,0,0.0217,0,0,0,0
TCK-004169,61,10,0,0,0.02,1,0,0,1
TCK-004170,54,10,0,0,0.0233,0,0,0,0
TCK-004171,64,12,0,0,0.0192,0,0,0,0
TCK-004172,64,12,0,0,0.0192,0,0,0,0
TCK-004173,155,29,0,0,0.0242,0,0,0,0
TCK-004174,59,10,0,0,0.0204,1,0,0,1
TCK-004175,155,29,0,0,0.0242,0,0,0,0
TCK-004176,62,11,0,0,0.02,1,1,0,0
TCK-004177,59,10,0,0,0.0204,1,0,0,1
TCK-004178,64,9,0,0,0.037,1,0,0,0
TCK-004179,62,11,0,0,0.02,1,1,0,0
TCK-004180,64,9,0,0,0.037,1,0,0,0
TCK-004181,64,12,0,0,0.0192,0,0,0,0
TCK-004182,46,9,0,0,0.0303,2,0,0,1
TCK-004183,64,9,0,0,0.037,1,0,0,0
TCK-004184,54,10,0,0,0.0233,0,0,0,0
TCK-004185,165,29,0,0,0.0379,0,0,0,1
TCK-004186,95,16,0,0,0.039,1,0,0,1
TCK-004187,61,10,0,0,0.02,1,0,1,0
TCK-004188,59,10,0,0,0.0204,1,0,0,1
TCK-004189,151,27,0,0,0.025,0,0,0,0
TCK-004190,157,27,2,0,0.0234,0,0,0,0
TCK-004191,56,10,1,0,0.0217,0,0,0,0
TCK-004192,55,10,0,0,0.0222,0,0,0,0
TCK-004193,165,27,0,0,0.0224,2,0,1,0
TCK-004194,55,8,0,0,0.0638,0,0,0,0
TCK-004195,53,9,0,0,0.0227,0,0,0,0
TCK-004196,64,12,0,0,0.0192,0,0,0,0
TCK-004197,53,9,0,0,0.0227,0,0,0,0
TCK-004198,57,9,1,0,0.0208,0,0,0,0
TCK-004199,62,11,0,0,0.02,1,1,0,0
TCK-004200,153,23,0,0,0.0238,2,0,1,0
TCK-004201,54,10,0,0,0.0233,0,0,0,0
TCK-004202,57,10,1,0,0.0213,0,0,0,0
TCK-004203,61,10,0,0,0.02,1,0,0,1
TCK-004204,62,11,0,0,0.02,1,1,0,0
TCK-004205,51,8,0,0,0.0233,1,0,0,1
TCK-004206,135,25,0,0,0.03,4,0,0,1
TCK-004207,56,11,0,0,0.0222,0,0,0,0
TCK-004208,46,9,0,0,0.0303,2,0,0,1
TCK-004209,45,8,0,0,0.027,0,0,0,0
TCK-004210,161,27,0,0,0.0227,2,0,0,1
TCK-004211,55,10,0,0,0.0222,0,0,0,0
TCK-004212,153,27,0,0,0.0242,0,0,0,0
TCK-004213,54,10,0,0,0.0233,0,0,0,0
TCK-004214,53,9,0,0,0.0227,0,0,0,0
TCK-004215,216,39,0,1,0.0231,1,0,0,0
TCK-004216,61,10,0,0,0.02,1,0,1,0
TCK-004217,171,31,0,0,0.0217,0,0,0,0
TCK-004218,61,11,0,0,0.0408,0,0,0,1
TCK-004219,64,9,0,0,0.037,1,0,0,0
TCK-004220,155,29,0,0,0.0242,0,0,0,0
TCK-004221,59,10,0,0,0.0204,1,0,0,1
TCK-004222,57,10,1,0,0.0213,0,0,0,0
TCK-004223,61,10,0,0,0.02,1,0,0,1
TCK-004224,200,37,0,1,0.0252,1,0,0,0
TCK-004225,40,7,0,0,0.0303,0,0,0,0
TCK-004226,53,9,0,0,0.0227,0,0,0,0
TCK-004227,55,10,0,0,0.0222,0,0,0,0
TCK-004228,61,10,0,0,0.02,1,0,1,0
TCK-004229,56,10,1,0,0.0217,0,0,0,0
TCK-004230,55,10,0,0,0.0222,0,0,0,0
TCK-004231,57,10,1,0,0.0213,0,0,0,0
TCK-004232,55,10,0,0,0.0222,0,0,0,0
TCK-004233,79,13,0,0,0.0308,1,0,0,0
TCK-004234,53,9,0,0,0.0227,0,0,0,0
TCK-004235,95,15,0,0,0.0256,1,0,0,1
TCK-004236,59,9,1,0,0.0204,0,0,0,0
TCK-004237,59,10,0,0,0.0204,1,0,0,1
TCK-004238,57,10,1,0,0.0213,0,0,0,0
TCK-004239,40,7,0,0,0.0303,0,0,0,0
TCK-004240,87,14,0,0,0.0278,1,0,0,0
TCK-004241,101,17,1,0,0.0244,0,0,0,0
TCK-004242,61,10,0,0,0.02,1,0,0,1
TCK-004243,55,10,0,0,0.0222,0,0,0,0
TCK-004244,155,29,0,0,0.0242,0,0,0,0
TCK-004245,62,11,0,0,0.02,1,1,0,0
TCK-004246,56,10,1,0,0.0217,0,0,0,0
TCK-004247,55,10,0,0,0.0222,0,0,0,0
TCK-004248,55,10,0,0,0.0222,0,0,0,0
TCK-004249,51,8,0,0,0.0233,1,0,0,1
TCK-004250,88,15,0,0,0.0282,1,0,0,0
TCK-004251,135,25,0,0,0.03,4,0,0,1
TCK-004252,61,11,0,0,0.0408,0,0,0,1
TCK-004253,157,25,2,0,0.0231,0,0,0,0
TCK-004254,46,9,0,0,0.0303,2,0,0,1
TCK-004255,59,10,0,0,0.0204,1,0,0,1
TCK-004256,161,27,0,0,0.0227,2,0,0,1
TCK-004257,57,10,1,0,0.0213,0,0,0,0
TCK-004258,61,10,0,0,0.02,1,0,1,0
TCK-004259,53,9,0,0,0.0227,0,0,0,0
TCK-004260,79,13,0,0,0.0308,1,0,0,0
TCK-004261,45,8,0,0,0.027,0,0,0,0
TCK-004262,55,8,0,0,0.0217,1,0,1,0
TCK-004263,55,8,0,0,0.0638,0,0,0,0
TCK-004264,85,15,0,1,0.0294,1,0,0,0
TCK-004265,179,32,0,0,0.0296,4,0,0,1
TCK-004266,40,7,0,0,0.0303,0,0,0,0
TCK-004267,55,8,0,0,0.0217,1,0,1,0
TCK-004268,56,10,1,0,0.0217,0,0,0,0
TCK-004269,61,10,0,0,0.02,1,0,0,1
TCK-004270,56,11,0,0,0.0222,0,0,0,0
TCK-004271,103,16,1,0,0.0238,0,0,0,0
TCK-004272,171,31,0,0,0.0217,0,0,0,0
TCK-004273,64,12,0,0,0.0192,0,0,0,0
TCK-004274,87,14,0,0,0.0278,1,0,0,0
TCK-004275,61,10,0,0,0.02,1,0,0,1
TCK-004276,61,10,0,0,0.02,1,0,1,0
TCK-004277,53,9,0,0,0.0227,0,0,0,0
TCK-004278,56,11,0,0,0.0222,0,0,0,0
TCK-004279,56,10,1,0,0.0217,0,0,0,0
TCK-004280,53,9,0,0,0.0227,0,0,0,0
TCK-004281,104,17,1,1,0.0238,1,0,0,0
TCK-004282,46,9,0,0,0.0303,2,0,0,1
TCK-004283,64,12,0,0,0.0192,0,0,0,0
TCK-004284,61,11,0,0,0.0408,0,0,0,1
TCK-004285,55,10,0,0,0.0222,0,0,0,0
TCK-004286,61,10,0,0,0.02,1,0,0,1
TCK-004287,167,29,0,0,0.0224,2,1,0,0
TCK-004288,59,9,1,0,0.0204,0,0,0,0
TCK-004289,53,9,0,0,0.0227,0,0,0,0
TCK-004290,64,9,0,0,0.037,1,0,0,0
TCK-004291,79,13,0,0,0.0308,1,0,0,0
TCK-004292,61,11,0,0,0.0408,0,0,0,1
TCK-004293,64,12,0,0,0.0192,0,0,0,0
TCK-004294,59,10,0,0,0.0204,1,0,0,1
TCK-004295,56,11,0,0,0.0222,0,0,0,0
TCK-004296,55,10,0,0,0.0222,0,0,0,0
TCK-004297,57,10,1,0,0.0213,0,0,0,0
TCK-004298,64,12,0,0,0.0192,0,0,0,0
TCK-004299,53,9,0,0,0.0227,0,0,0,0
TCK-004300,59,10,0,0,0.0204,1,0,0,1
TCK-004301,56,10,1,0,0.0217,0,0,0,0
TCK-004302,57,10,1,0,0.0213,0,0,0,0
TCK-004303,40,7,0,0,0.0303,0,0,0,0
TCK-004304,55,10,0,0,0.0222,0,0,0,0
TCK-004305,98,14,0,0,0.0366,2,0,0,0
TCK-004306,57,10,1,0,0.0213,0,0,0,0
TCK-004307,105,18,0,0,0.0357,0,0,0,1
TCK-004308,210,35,0,1,0.0237,3,0,0,1
TCK-004309,55,8,0,0,0.0217,1,0,1,0
TCK-004310,57,10,1,0,0.0213,0,0,0,0
TCK-004311,56,11,0,0,0.0222,0,0,0,0
TCK-004312,57,10,1,0,0.0213,0,0,0,0
TCK-004313,64,12,0,0,0.0192,0,0,0,0
TCK-004314,61,10,0,0,0.02,1,0,0,1
TCK-004315,153,23,0,0,0.0547,0,0,0,0
TCK-004316,55,8,0,0,0.0217,1,0,1,0
TCK-004317,87,14,0,0,0.0278,1,0,0,0
TCK-004318,64,12,0,0,0.0192,0,0,0,0
TCK-004319,64,9,0,0,0.037,1,0,0,0
TCK-004320,57,9,1,0,0.0208,0,0,0,0
TCK-004321,55,8,0,0,0.0638,0,0,0,0
TCK-004322,64,9,0,0,0.037,1,0,0,0
TCK-004323,123,21,0,0,0.03,0,0,0,0
TCK-004324,59,10,0,0,0.0204,1,0,0,1
TCK-004325,64,12,0,0,0.0192,0,0,0,0
TCK-004326,157,27,2,0,0.0234,0,0,0,0
TCK-004327,100,16,0,1,0.0247,2,0,1,0
TCK-004328,57,9,1,0,0.0208,0,0,0,0
TCK-004329,51,8,0,0,0.0233,1,0,0,1
TCK-004330,59,9,1,0,0.0204,0,0,0,0
TCK-004331,161,27,0,0,0.0227,2,0,0,1
TCK-004332,61,10,0,0,0.02,1,0,1,0
TCK-004333,55,10,0,0,0.0222,0,0,0,0
TCK-004334,51,8,0,0,0.0233,1,0,0,1
TCK-004335,56,10,1,0,0.0217,0,0,0,0
TCK-004336,165,29,0,0,0.0379,0,0,0,1
TCK-004337,100,16,0,1,0.0488,1,0,0,0
TCK-004338,153,23,0,0,0.0238,2,0,1,0
TCK-004339,149,25,0,0,0.0246,0,0,0,0
TCK-004340,61,10,0,0,0.02,1,0,0,1
TCK-004341,62,11,0,0,0.02,1,1,0,0
TCK-004342,62,11,0,0,0.02,1,1,0,0
TCK-004343,64,12,0,0,0.0192,0,0,0,0
TCK-004344,56,11,0,0,0.0222,0,0,0,0
TCK-004345,53,9,0,0,0.0227,0,0,0,0
TCK-004346,171,25,0,0,0.0352,2,0,0,0
TCK-004347,54,10,0,0,0.0233,0,0,0,0
TCK-004348,59,9,1,0,0.0204,0,0,0,0
TCK-004349,123,21,0,0,0.03,0,0,0,0
TCK-004350,100,16,0,1,0.0247,2,0,1,0
TCK-004351,54,10,0,0,0.0233,0,0,0,0
TCK-004352,45,8,0,0,0.027,0,0,0,0
TCK-004353,61,11,0,0,0.0408,0,0,0,1
TCK-004354,61,10,0,0,0.02,1,0,0,1
TCK-004355,46,9,0,0,0.0303,2,0,0,1
TCK-004356,61,10,0,0,0.02,1,0,0,1
TCK-004357,64,9,0,0,0.037,1,0,0,0
TCK-004358,61,10,0,0,0.02,1,0,0,1
TCK-004359,62,11,0,0,0.02,1,1,0,0
TCK-004360,53,9,0,0,0.0227,0,0,0,0
TCK-004361,55,10,0,0,0.0222,0,0,0,0
TCK-004362,105,17,0,0,0.0235,1,0,0,1
TCK-004363,57,9,1,0,0.0208,0,0,0,0
TCK-004364,57,10,1,0,0.0213,0,0,0,0
TCK-004365,90,16,0,0,0.0274,1,0,0,0
TCK-004366,197,34,0,0,0.0252,0,0,0,0
TCK-004367,153,27,0,0,0.0242,0,0,0,0
TCK-004368,155,29,0,0,0.0242,0,0,0,0
TCK-004369,55,8,0,0,0.0217,1,0,1,0
TCK-004370,55,8,0,0,0.0638,0,0,0,0
TCK-004371,155,29,0,0,0.0242,0,0,0,0
TCK-004372,55,8,0,0,0.0638,0,0,0,0
TCK-004373,55,8,0,0,0.0217,1,0,1,0
TCK-004374,56,10,1,0,0.0217,0,0,0,0
TCK-004375,57,10,1,0,0.0213,0,0,0,0
TCK-004376,51,8,0,0,0.0233,1,0,0,1
TCK-004377,57,10,1,0,0.0213,0,0,0,0
TCK-004378,135,25,0,0,0.03,4,0,0,1
TCK-004379,165,29,0,0,0.0379,0,0,0,1
TCK-004380,97,16,0,0,0.0253,0,0,0,0
TCK-004381,57,10,1,0,0.0213,0,0,0,0
TCK-004382,56,10,1,0,0.0217,0,0,0,0
TCK-004383,104,17,1,1,0.0238,1,0,0,0
TCK-004384,97,16,0,0,0.0253,0,0,0,0
TCK-004385,46,9,0,0,0.0303,2,0,0,1
TCK-004386,57,9,1,0,0.0208,0,0,0,0
TCK-004387,46,9,0,0,0.0303,2,0,0,1
TCK-004388,45,8,0,0,0.027,0,0,0,0
TCK-004389,40,7,0,0,0.0303,0,0,0,0
TCK-004390,62,11,0,0,0.02,1,1,0,0
TCK-004391,95,16,0,0,0.039,1,0,0,1
TCK-004392,46,9,0,0,0.0303,2,0,0,1
TCK-004393,53,9,0,0,0.0227,0,0,0,0
TCK-004394,45,8,0,0,0.027,0,0,0,0
TCK-004395,55,10,0,0,0.0222,0,0,0,0
TCK-004396,57,10,1,0,0.0213,0,0,0,0
TCK-004397,45,8,0,0,0.027,0,0,0,0
TCK-004398,56,11,0,0,0.0222,0,0,0,0
TCK-004399,64,9,0,0,0.037,1,0,0,0
TCK-004400,61,11,0,0,0.0408,0,0,0,1
TCK-004401,59,10,0,0,0.0204,1,0,0,1
TCK-004402,55,10,0,0,0.0222,0,0,0,0
TCK-004403,165,27,0,0,0.0224,2,0,0,1
TCK-004404,56,11,0,0,0.0222,0,0,0,0
TCK-004405,56,11,0,0,0.0222,0,0,0,0
TCK-004406,54,10,0,0,0.0233,0,0,0,0
TCK-004407,64,12,0,0,0.0192,0,0,0,0
TCK-004408,55,10,0,0,0.0222,0,0,0,0
TCK-004409,45,8,0,0,0.027,0,0,0,0
TCK-004410,61,11,0,0,0.0408,0,0,0,1
TCK-004411,55,10,0,0,0.0222,0,0,0,0
TCK-004412,56,11,0,0,0.0222,0,0,0,0
TCK-004413,61,11,0,0,0.0408,0,0,0,1
TCK-004414,161,27,0,0,0.0227,2,0,0,1
TCK-004415,53,9,0,0,0.0227,0,0,0,0
TCK-004416,85,13,0,0,0.0282,2,0,0,1
TCK-004417,56,11,0,0,0.0222,0,0,0,0
TCK-004418,54,10,0,0,0.0233,0,0,0,0
TCK-004419,59,9,1,0,0.0204,0,0,0,0
TCK-004420,91,17,0,1,0.0294,3,0,0,1
TCK-004421,59,10,0,0,0.0204,1,0,0,1
TCK-004422,55,8,0,0,0.0217,1,0,1,0
TCK-004423,46,9,0,0,0.0303,2,0,0,1
TCK-004424,161,27,0,0,0.0227,2,0,0,1
TCK-004425,54,10,0,0,0.0233,0,0,0,0
TCK-004426,53,9,0,0,0.0227,0,0,0,0
TCK-004427,57,9,1,0,0.0208,0,0,0,0
TCK-004428,153,23,0,0,0.0238,2,0,1,0
TCK-004429,171,25,0,0,0.0352,2,0,0,0
TCK-004430,56,11,0,0,0.0222,0,0,0,0
TCK-004431,59,10,0,0,0.0204,1,0,0,1
TCK-004432,157,27,2,0,0.0234,0,0,0,0
TCK-004433,195,30,2,0,0.025,1,0,0,0
TCK-004434,161,27,0,0,0.0227,2,0,0,1
TCK-004435,64,9,0,0,0.037,1,0,0,0
TCK-004436,59,10,0,0,0.0204,1,0,0,1
TCK-004437,53,9,0,0,0.0227,0,0,0,0
TCK-004438,62,11,0,0,0.02,1,1,0,0
TCK-004439,53,9,0,0,0.0227,0,0,0,0
TCK-004440,45,8,0,0,0.027,0,0,0,0
TCK-004441,57,9,1,0,0.0208,0,0,0,0
TCK-004442,59,9,1,0,0.0204,0,0,0,0
TCK-004443,105,17,0,0,0.0235,1,0,0,1
TCK-004444,64,9,0,0,0.037,1,0,0,0
TCK-004445,55,10,0,0,0.0222,0,0,0,0
TCK-004446,56,10,1,0,0.0217,0,0,0,0
TCK-004447,54,10,0,0,0.0233,0,0,0,0
TCK-004448,45,8,0,0,0.027,0,0,0,0
TCK-004449,45,8,0,0,0.027,0,0,0,0
TCK-004450,59,10,0,0,0.0204,1,0,0,1
TCK-004451,46,9,0,0,0.0303,2,0,0,1
TCK-004452,90,15,1,0,0.027,1,0,0,0
TCK-004453,54,10,0,0,0.0233,0,0,0,0
TCK-004454,61,11,0,0,0.0408,0,0,0,1
TCK-004455,61,10,0,0,0.02,1,0,0,1
TCK-004456,61,10,0,0,0.02,1,0,1,0
TCK-004457,55,8,0,0,0.0638,0,0,0,0
TCK-004458,55,8,0,0,0.0217,1,0,1,0
TCK-004459,99,15,0,0,0.0488,0,0,0,0
TCK-004460,64,9,0,0,0.037,1,0,0,0
TCK-004461,40,7,0,0,0.0303,0,0,0,0
TCK-004462,56,10,1,0,0.0217,0,0,0,0
TCK-004463,98,17,0,0,0.025,1,0,0,0
TCK-004464,64,9,0,0,0.037,1,0,0,0
TCK-004465,53,9,0,0,0.0227,0,0,0,0
TCK-004466,161,27,0,0,0.0227,2,0,0,1
TCK-004467,64,9,0,0,0.037,1,0,0,0
TCK-004468,100,16,0,1,0.0488,1,0,0,0
TCK-004469,46,9,0,0,0.0303,2,0,0,1
TCK-004470,151,27,0,0,0.025,0,0,0,0
TCK-004471,55,10,0,0,0.0222,0,0,0,0
TCK-004472,55,10,0,0,0.0222,0,0,0,0
TCK-004473,61,10,0,0,0.02,1,0,0,1
TCK-004474,56,11,0,0,0.0222,0,0,0,0
TCK-004475,55,8,0,0,0.0638,0,0,0,0
TCK-004476,57,10,1,0,0.0213,0,0,0,0
TCK-004477,55,10,0,0,0.0222,0,0,0,0
TCK-004478,57,10,1,0,0.0213,0,0,0,0
TCK-004479,64,12,0,0,0.0192,0,0,0,0
TCK-004480,64,12,0,0,0.0192,0,0,0,0
TCK-004481,61,10,0,0,0.02,1,0,1,0
TCK-004482,62,11,0,0,0.02,1,1,0,0
TCK-004483,40,7,0,0,0.0303,0,0,0,0
TCK-004484,64,9,0,0,0.037,1,0,0,0
TCK-004485,64,9,0,0,0.037,1,0,0,0
TCK-004486,45,8,0,0,0.027,0,0,0,0
TCK-004487,51,8,0,0,0.0233,1,0,0,1
TCK-004488,54,10,0,0,0.0233,0,0,0,0
TCK-004489,53,9,0,0,0.0227,0,0,0,0
TCK-004490,59,9,1,0,0.0204,0,0,0,0
TCK-004491,59,9,1,0,0.0204,0,0,0,0
TCK-004492,40,7,0,0,0.0303,0,0,0,0
TCK-004493,55,8,0,0,0.0638,0,0,0,0
TCK-004494,56,11,0,0,0.0222,0,0,0,0
TCK-004495,62,11,0,0,0.02,1,1,0,0
TCK-004496,55,8,0,0,0.0217,1,0,1,0
TCK-004497,57,10,1,0,0.0213,0,0,0,0
TCK-004498,59,9,1,0,0.0204,0,0,0,0
TCK-004499,151,27,0,0,0.025,0,0,0,0
TCK-004500,55,10,0,0,0.0222,0,0,0,0
TCK-004501,55,8,0,0,0.0638,0,0,0,0
TCK-004502,45,8,0,0,0.027,0,0,0,0
TCK-004503,57,10,1,0,0.0213,0,0,0,0
TCK-004504,45,8,0,0,0.027,0,0,0,0
TCK-004505,161,27,0,0,0.0227,2,0,0,1
TCK-004506,54,10,0,0,0.0233,0,0,0,0
TCK-004507,51,8,0,0,0.0233,1,0,0,1
TCK-004508,59,10,0,0,0.0204,1,0,0,1
TCK-004509,45,8,0,0,0.027,0,0,0,0
TCK-004510,62,11,0,0,0.02,1,1,0,0
TCK-004511,46,9,0,0,0.0303,2,0,0,1
TCK-004512,55,8,0,0,0.0638,0,0,0,0
TCK-004513,40,7,0,0,0.0303,0,0,0,0
TCK-004514,64,12,0,0,0.0192,0,0,0,0
TCK-004515,155,27,2,0,0.0238,0,0,0,0
TCK-004516,45,8,0,0,0.027,0,0,0,0
TCK-004517,54,10,0,0,0.0233,0,0,0,0
TCK-004518,57,10,1,0,0.0213,0,0,0,0
TCK-004519,54,10,0,0,0.0233,0,0,0,0
TCK-004520,53,9,0,0,0.0227,0,0,0,0
TCK-004521,57,10,1,0,0.0213,0,0,0,0
TCK-004522,57,10,1,0,0.0213,0,0,0,0
TCK-004523,55,10,0,0,0.0222,0,0,0,0
TCK-004524,59,10,0,0,0.0204,1,0,0,1
TCK-004525,56,10,1,0,0.0217,0,0,0,0
TCK-004526,51,8,0,0,0.0233,1,0,0,1
TCK-004527,61,10,0,0,0.02,1,0,0,1
TCK-004528,155,27,2,0,0.0238,0,0,0,0
TCK-004529,151,27,0,0,0.025,0,0,0,0
TCK-004530,57,10,1,0,0.0213,0,0,0,0
TCK-004531,155,29,0,0,0.0242,0,0,0,0
TCK-004532,40,7,0,0,0.0303,0,0,0,0
TCK-004533,153,23,0,0,0.0238,2,0,1,0
TCK-004534,64,9,0,0,0.037,1,0,0,0
TCK-004535,87,14,0,0,0.0278,1,0,0,0
TCK-004536,56,11,0,0,0.0222,0,0,0,0
TCK-004537,171,25,0,0,0.0352,2,0,0,0
TCK-004538,61,10,0,0,0.02,1,0,0,1
TCK-004539,45,8,0,0,0.027,0,0,0,0
TCK-004540,57,10,1,0,0.0213,0,0,0,0
TCK-004541,62,11,0,0,0.02,1,1,0,0
TCK-004542,64,12,0,0,0.0192,0,0,0,0
TCK-004543,201,34,0,0,0.0247,3,1,0,0
TCK-004544,79,13,0,0,0.0308,1,0,0,0
TCK-004545,55,8,0,0,0.0638,0,0,0,0
TCK-004546,55,8,0,0,0.0217,1,0,1,0
TCK-004547,57,9,1,0,0.0208,0,0,0,0
TCK-004548,54,10,0,0,0.0233,0,0,0,0
TCK-004549,54,10,0,0,0.0233,0,0,0,0
TCK-004550,55,10,0,0,0.0222,0,0,0,0
TCK-004551,64,9,0,0,0.037,1,0,0,0
TCK-004552,59,9,1,0,0.0204,0,0,0,0
TCK-004553,56,10,1,0,0.0217,0,0,0,0
TCK-004554,57,9,1,0,0.0208,0,0,0,0
TCK-004555,109,17,0,1,0.0337,2,0,0,0
TCK-004556,157,27,2,0,0.0234,0,0,0,0
TCK-004557,51,8,0,0,0.0233,1,0,0,1
TCK-004558,100,16,0,1,0.0247,2,0,1,0
TCK-004559,53,9,0,0,0.0227,0,0,0,0
TCK-004560,40,7,0,0,0.0303,0,0,0,0
TCK-004561,55,8,0,0,0.0638,0,0,0,0
TCK-004562,64,12,0,0,0.0192,0,0,0,0
TCK-004563,56,10,1,0,0.0217,0,0,0,0
TCK-004564,53,9,0,0,0.0227,0,0,0,0
TCK-004565,59,10,0,0,0.0204,1,0,0,1
TCK-004566,171,31,0,0,0.0217,0,0,0,0
TCK-004567,57,10,1,0,0.0213,0,0,0,0
TCK-004568,135,25,0,0,0.03,4,0,0,1
TCK-004569,133,23,0,0,0.0278,0,0,0,0
TCK-004570,64,9,0,0,0.037,1,0,0,0
TCK-004571,56,10,1,0,0.0217,0,0,0,0
TCK-004572,64,12,0,0,0.0192,0,0,0,0
TCK-004573,135,25,0,0,0.03,4,0,0,1
TCK-004574,165,29,0,0,0.0379,0,0,0,1
TCK-004575,171,25,0,0,0.0352,2,0,0,0
TCK-004576,55,10,0,0,0.0222,0,0,0,0
TCK-004577,153,27,0,0,0.0242,0,0,0,0
TCK-004578,155,27,2,0,0.0238,0,0,0,0
TCK-004579,61,10,0,0,0.02,1,0,1,0
TCK-004580,40,7,0,0,0.0303,0,0,0,0
TCK-004581,61,10,0,0,0.02,1,0,0,1
TCK-004582,53,9,0,0,0.0227,0,0,0,0
TCK-004583,64,9,0,0,0.037,1,0,0,0
TCK-004584,64,9,0,0,0.037,1,0,0,0
TCK-004585,135,25,0,0,0.03,4,0,0,1
TCK-004586,55,8,0,0,0.0638,0,0,0,0
TCK-004587,161,27,0,0,0.0227,2,0,0,1
TCK-004588,62,11,0,0,0.02,1,1,0,0
TCK-004589,54,10,0,0,0.0233,0,0,0,0
TCK-004590,61,10,0,0,0.02,1,0,0,1
TCK-004591,55,8,0,0,0.0638,0,0,0,0
TCK-004592,59,9,1,0,0.0204,0,0,0,0
TCK-004593,61,11,0,0,0.0408,0,0,0,1
TCK-004594,64,9,0,0,0.037,1,0,0,0
TCK-004595,57,10,1,0,0.0213,0,0,0,0
TCK-004596,64,9,0,0,0.037,1,0,0,0
TCK-004597,57,10,1,0,0.0213,0,0,0,0
TCK-004598,191,32,2,0,0.0256,1,0,0,0
TCK-004599,167,29,0,0,0.0224,2,1,0,0
TCK-004600,57,10,1,0,0.0213,0,0,0,0
TCK-004601,59,10,0,0,0.0204,1,0,0,1
TCK-004602,161,27,0,0,0.0227,2,0,0,1
TCK-004603,51,8,0,0,0.0233,1,0,0,1
TCK-004604,55,10,0,0,0.0222,0,0,0,0
TCK-004605,85,15,0,1,0.0294,1,0,0,0
TCK-004606,62,11,0,0,0.02,1,1,0,0
TCK-004607,64,12,0,0,0.0192,0,0,0,0
TCK-004608,56,10,1,0,0.0217,0,0,0,0
TCK-004609,193,32,0,0,0.0255,0,0,0,0
TCK-004610,102,17,1,1,0.0241,1,0,0,0
TCK-004611,99,15,0,0,0.0247,1,0,1,0
TCK-004612,57,10,1,0,0.0213,0,0,0,0
TCK-004613,61,10,0,0,0.02,1,0,0,1
TCK-004614,59,10,0,0,0.0204,1,0,0,1
TCK-004615,59,10,0,0,0.0204,1,0,0,1
TCK-004616,59,9,1,0,0.0204,0,0,0,0
TCK-004617,59,9,1,0,0.0204,0,0,0,0
TCK-004618,64,9,0,0,0.037,1,0,0,0
TCK-004619,55,8,0,0,0.0638,0,0,0,0
TCK-004620,57,9,1,0,0.0208,0,0,0,0
TCK-004621,64,9,0,0,0.037,1,0,0,0
TCK-004622,59,10,0,0,0.0204,1,0,0,1
TCK-004623,55,8,0,0,0.0638,0,0,0,0
TCK-004624,61,10,0,0,0.02,1,0,0,1
TCK-004625,155,27,2,0,0.0238,0,0,0,0
TCK-004626,155,27,2,0,0.0238,0,0,0,0
TCK-004627,59,10,0,0,0.0204,1,0,0,1
TCK-004628,90,16,0,0,0.0294,2,0,0,1
TCK-004629,56,10,1,0,0.0217,0,0,0,0
TCK-004630,40,7,0,0,0.0303,0,0,0,0
TCK-004631,55,8,0,0,0.0217,1,0,1,0
TCK-004632,55,8,0,0,0.0217,1,0,1,0
TCK-004633,40,7,0,0,0.0303,0,0,0,0
TCK-004634,61,10,0,0,0.02,1,0,0,1
TCK-004635,40,7,0,0,0.0303,0,0,0,0
TCK-004636,53,9,0,0,0.0227,0,0,0,0
TCK-004637,55,10,0,0,0.0222,0,0,0,0
TCK-004638,59,9,1,0,0.0204,0,0,0,0
TCK-004639,55,8,0,0,0.0638,0,0,0,0
TCK-004640,135,25,0,0,0.03,4,0,0,1
TCK-004641,53,9,0,0,0.0227,0,0,0,0
TCK-004642,55,10,0,0,0.0222,0,0,0,0
TCK-004643,45,8,0,0,0.027,0,0,0,0
TCK-004644,61,10,0,0,0.02,1,0,0,1
TCK-004645,54,10,0,0,0.0233,0,0,0,0
TCK-004646,55,10,0,0,0.0222,0,0,0,0
TCK-004647,108,16,0,0,0.0337,1,0,0,0
TCK-004648,61,10,0,0,0.02,1,0,0,1
TCK-004649,55,10,0,0,0.0222,0,0,0,0
TCK-004650,45,8,0,0,0.027,0,0,0,0
TCK-004651,56,11,0,0,0.0222,0,0,0,0
TCK-004652,90,16,0,0,0.0274,1,0,0,0
TCK-004653,56,10,1,0,0.0217,0,0,0,0
TCK-004654,53,9,0,0,0.0227,0,0,0,0
TCK-004655,123,21,0,0,0.03,0,0,0,0
TCK-004656,56,11,0,0,0.0222,0,0,0,0
TCK-004657,165,27,0,0,0.0224,2,0,0,1
TCK-004658,54,10,0,0,0.0233,0,0,0,0
TCK-004659,56,11,0,0,0.0222,0,0,0,0
TCK-004660,40,7,0,0,0.0303,0,0,0,0
TCK-004661,56,10,1,0,0.0217,0,0,0,0
TCK-004662,98,17,0,1,0.0253,1,0,0,0
TCK-004663,55,8,0,0,0.0217,1,0,1,0
TCK-004664,56,10,1,0,0.0217,0,0,0,0
TCK-004665,55,10,0,0,0.0222,0,0,0,0
TCK-004666,64,12,0,0,0.0192,0,0,0,0
TCK-004667,61,10,0,0,0.02,1,0,0,1
TCK-004668,54,10,0,0,0.0233,0,0,0,0
TCK-004669,55,10,0,0,0.0222,0,0,0,0
TCK-004670,40,7,0,0,0.0303,0,0,0,0
TCK-004671,64,9,0,0,0.037,1,0,0,0
TCK-004672,64,9,0,0,0.037,1,0,0,0
TCK-004673,55,10,0,0,0.0222,0,0,0,0
TCK-004674,46,9,0,0,0.0303,2,0,0,1
TCK-004675,57,9,1,0,0.0208,0,0,0,0
TCK-004676,64,12,0,0,0.0192,0,0,0,0
TCK-004677,40,7,0,0,0.0303,0,0,0,0
TCK-004678,40,7,0,0,0.0303,0,0,0,0
TCK-004679,46,9,0,0,0.0303,2,0,0,1
TCK-004680,45,8,0,0,0.027,0,0,0,0
TCK-004681,45,8,0,0,0.027,0,0,0,0
TCK-004682,61,11,0,0,0.0408,0,0,0,1
TCK-004683,165,29,0,0,0.0379,0,0,0,1
TCK-004684,54,10,0,0,0.0233,0,0,0,0
TCK-004685,133,23,0,0,0.0278,0,0,0,0
TCK-004686,54,10,0,0,0.0233,0,0,0,0
TCK-004687,153,23,0,0,0.0547,0,0,0,0
TCK-004688,57,9,1,0,0.0208,0,0,0,0
TCK-004689,46,9,0,0,0.0303,2,0,0,1
TCK-004690,55,8,0,0,0.0638,0,0,0,0
TCK-004691,56,10,1,0,0.0217,0,0,0,0
TCK-004692,61,10,0,0,0.02,1,0,1,0
TCK-004693,64,9,0,0,0.037,1,0,0,0
TCK-004694,61,10,0,0,0.02,1,0,0,1
TCK-004695,64,9,0,0,0.037,1,0,0,0
TCK-004696,55,8,0,0,0.0217,1,0,1,0
TCK-004697,55,8,0,0,0.0217,1,0,1,0
TCK-004698,51,8,0,0,0.0233,1,0,0,1
TCK-004699,55,8,0,0,0.0638,0,0,0,0
TCK-004700,62,11,0,0,0.02,1,1,0,0
TCK-004701,45,8,0,0,0.027,0,0,0,0
TCK-004702,64,12,0,0,0.0192,0,0,0,0
TCK-004703,56,10,1,0,0.0217,0,0,0,0
TCK-004704,133,23,0,0,0.0278,0,0,0,0
TCK-004705,55,10,0,0,0.0222,0,0,0,0
TCK-004706,53,9,0,0,0.0227,0,0,0,0
TCK-004707,53,9,0,0,0.0227,0,0,0,0
TCK-004708,57,9,1,0,0.0208,0,0,0,0
TCK-004709,57,10,1,0,0.0213,0,0,0,0
TCK-004710,62,11,0,0,0.02,1,1,0,0
TCK-004711,155,27,2,0,0.0238,0,0,0,0
TCK-004712,64,12,0,0,0.0192,0,0,0,0
TCK-004713,56,11,0,0,0.0222,0,0,0,0
TCK-004714,56,10,1,0,0.0217,0,0,0,0
TCK-004715,61,10,0,0,0.02,1,0,0,1
TCK-004716,89,15,0,0,0.0274,1,0,0,0
TCK-004717,157,25,2,0,0.0231,0,0,0,0
TCK-004718,61,10,0,0,0.02,1,0,0,1
TCK-004719,59,10,0,0,0.0204,1,0,0,1
TCK-004720,57,10,1,0,0.0213,0,0,0,0
TCK-004721,56,10,1,0,0.0217,0,0,0,0
TCK-004722,55,10,0,0,0.0222,0,0,0,0
TCK-004723,96,16,0,0,0.0256,2,1,0,0
TCK-004724,55,10,0,0,0.0222,0,0,0,0
TCK-004725,59,9,1,0,0.0204,0,0,0,0
TCK-004726,51,8,0,0,0.0233,1,0,0,1
TCK-004727,157,27,2,0,0.0234,0,0,0,0
TCK-004728,98,17,0,0,0.025,1,0,0,0
TCK-004729,55,10,0,0,0.0222,0,0,0,0
TCK-004730,167,29,0,0,0.0224,2,1,0,0
TCK-004731,57,10,1,0,0.0213,0,0,0,0
TCK-004732,59,9,1,0,0.0204,0,0,0,0
TCK-004733,45,8,0,0,0.027,0,0,0,0
TCK-004734,54,10,0,0,0.0233,0,0,0,0
TCK-004735,59,9,1,0,0.0204,0,0,0,0
TCK-004736,155,27,2,0,0.0238,0,0,0,0
TCK-004737,61,11,0,0,0.0408,0,0,0,1
TCK-004738,59,9,1,0,0.0204,0,0,0,0
TCK-004739,153,23,0,0,0.0238,2,0,1,0
TCK-004740,90,15,1,0,0.027,1,0,0,0
TCK-004741,61,10,0,0,0.02,1,0,0,1
TCK-004742,56,11,0,0,0.0222,0,0,0,0
TCK-004743,56,11,0,0,0.0222,0,0,0,0
TCK-004744,62,11,0,0,0.02,1,1,0,0
TCK-004745,64,9,0,0,0.037,1,0,0,0
TCK-004746,51,8,0,0,0.0233,1,0,0,1
TCK-004747,59,10,0,0,0.0204,1,0,0,1
TCK-004748,54,10,0,0,0.0233,0,0,0,0
TCK-004749,56,10,1,0,0.0217,0,0,0,0
TCK-004750,55,8,0,0,0.0217,1,0,1,0
TCK-004751,55,10,0,0,0.0222,0,0,0,0
TCK-004752,53,9,0,0,0.0227,0,0,0,0
TCK-004753,64,12,0,0,0.0192,0,0,0,0
TCK-004754,56,11,0,0,0.0222,0,0,0,0
TCK-004755,57,10,1,0,0.0213,0,0,0,0
TCK-004756,64,9,0,0,0.037,1,0,0,0
TCK-004757,55,10,0,0,0.0222,0,0,0,0
TCK-004758,61,11,0,0,0.0408,0,0,0,1
TCK-004759,40,7,0,0,0.0303,0,0,0,0
TCK-004760,167,29,0,0,0.0224,2,1,0,0
TCK-004761,59,10,0,0,0.0204,1,0,0,1
TCK-004762,57,9,1,0,0.0208,0,0,0,0
TCK-004763,56,10,1,0,0.0217,0,0,0,0
TCK-004764,61,11,0,0,0.0408,0,0,0,1
TCK-004765,59,10,0,0,0.0204,1,0,0,1
TCK-004766,59,10,0,0,0.0204,1,0,0,1
TCK-004767,61,10,0,0,0.02,1,0,1,0
TCK-004768,61,10,0,0,0.02,1,0,1,0
TCK-004769,40,7,0,0,0.0303,0,0,0,0
TCK-004770,61,11,0,0,0.0408,0,0,0,1
TCK-004771,57,10,1,0,0.0213,0,0,0,0
TCK-004772,40,7,0,0,0.0303,0,0,0,0
TCK-004773,57,10,1,0,0.0213,0,0,0,0
TCK-004774,123,21,0,0,0.03,0,0,0,0
TCK-004775,95,15,0,0,0.0256,1,0,0,1
TCK-004776,55,8,0,0,0.0638,0,0,0,0
TCK-004777,45,8,0,0,0.027,0,0,0,0
TCK-004778,57,10,1,0,0.0213,0,0,0,0
TCK-004779,62,11,0,0,0.02,1,1,0,0
TCK-004780,59,9,1,0,0.0204,0,0,0,0
TCK-004781,46,9,0,0,0.0303,2,0,0,1
TCK-004782,161,27,0,0,0.0227,2,0,0,1
TCK-004783,98,14,0,0,0.0366,2,0,0,0
TCK-004784,153,23,0,0,0.0547,0,0,0,0
TCK-004785,54,10,0,0,0.0233,0,0,0,0
TCK-004786,59,10,0,0,0.0204,1,0,0,1
TCK-004787,56,11,0,0,0.0222,0,0,0,0
TCK-004788,59,10,0,0,0.0204,1,0,0,1
TCK-004789,61,10,0,0,0.02,1,0,1,0
TCK-004790,62,11,0,0,0.02,1,1,0,0
TCK-004791,55,8,0,0,0.0638,0,0,0,0
TCK-004792,105,18,0,0,0.0357,0,0,0,1
TCK-004793,90,15,1,0,0.027,1,0,0,0
TCK-004794,46,9,0,0,0.0303,2,0,0,1
TCK-004795,51,8,0,0,0.0233,1,0,0,1
TCK-004796,145,23,0,0,0.025,2,0,0,1
TCK-004797,151,27,0,0,0.025,0,0,0,0
TCK-004798,51,8,0,0,0.0233,1,0,0,1
TCK-004799,56,11,0,0,0.0222,0,0,0,0
TCK-004800,53,9,0,0,0.0227,0,0,0,0
TCK-004801,53,9,0,0,0.0227,0,0,0,0
TCK-004802,59,10,0,0,0.0204,1,0,0,1
TCK-004803,56,11,0,0,0.0222,0,0,0,0
TCK-004804,55,10,0,0,0.0222,0,0,0,0
TCK-004805,56,10,1,0,0.0217,0,0,0,0
TCK-004806,59,9,1,0,0.0204,0,0,0,0
TCK-004807,93,15,0,0,0.026,2,0,0,1
TCK-004808,46,9,0,0,0.0303,2,0,0,1
TCK-004809,61,11,0,0,0.0408,0,0,0,1
TCK-004810,45,8,0,0,0.027,0,0,0,0
TCK-004811,57,10,1,0,0.0213,0,0,0,0
TCK-004812,64,12,0,0,0.0192,0,0,0,0
TCK-004813,61,10,0,0,0.02,1,0,0,1
TCK-004814,155,27,2,0,0.0238,0,0,0,0
TCK-004815,56,11,0,0,0.0222,0,0,0,0
TCK-004816,46,9,0,0,0.0303,2,0,0,1
TCK-004817,61,10,0,0,0.02,1,0,1,0
TCK-004818,51,8,0,0,0.0233,1,0,0,1
TCK-004819,103,16,1,0,0.0238,0,0,0,0
TCK-004820,40,7,0,0,0.0303,0,0,0,0
TCK-004821,55,10,0,0,0.0222,0,0,0,0
TCK-004822,61,11,0,0,0.0408,0,0,0,1
TCK-004823,55,10,0,0,0.0222,0,0,0,0
TCK-004824,59,10,0,0,0.0204,1,0,0,1
TCK-004825,62,11,0,0,0.02,1,1,0,0
TCK-004826,55,8,0,0,0.0217,1,0,1,0
TCK-004827,54,10,0,0,0.0233,0,0,0,0
TCK-004828,55,10,0,0,0.0222,0,0,0,0
TCK-004829,155,27,2,0,0.0238,0,0,0,0
TCK-004830,59,9,1,0,0.0204,0,0,0,0
TCK-004831,56,11,0,0,0.0222,0,0,0,0
TCK-004832,59,10,0,0,0.0204,1,0,0,1
TCK-004833,62,11,0,0,0.02,1,1,0,0
TCK-004834,59,10,0,0,0.0204,1,0,0,1
TCK-004835,55,10,0,0,0.0222,0,0,0,0
TCK-004836,55,10,0,0,0.0222,0,0,0,0
TCK-004837,53,9,0,0,0.0227,0,0,0,0
TCK-004838,59,10,0,0,0.0204,1,0,0,1
TCK-004839,53,9,0,0,0.0227,0,0,0,0
TCK-004840,56,11,0,0,0.0222,0,0,0,0
TCK-004841,40,7,0,0,0.0303,0,0,0,0
TCK-004842,61,11,0,0,0.0408,0,0,0,1
TCK-004843,46,9,0,0,0.0303,2,0,0,1
TCK-004844,64,12,0,0,0.0192,0,0,0,0
TCK-004845,62,11,0,0,0.02,1,1,0,0
TCK-004846,99,17,0,0,0.025,0,0,0,0
TCK-004847,62,11,0,0,0.02,1,1,0,0
TCK-004848,62,11,0,0,0.02,1,1,0,0
TCK-004849,59,10,0,0,0.0204,1,0,0,1
TCK-004850,59,10,0,0,0.0204,1,0,0,1
TCK-004851,64,12,0,0,0.0192,0,0,0,0
TCK-004852,51,8,0,0,0.0233,1,0,0,1
TCK-004853,57,9,1,0,0.0208,0,0,0,0
TCK-004854,62,11,0,0,0.02,1,1,0,0
TCK-004855,171,25,0,0,0.0352,2,0,0,0
TCK-004856,64,12,0,0,0.0192,0,0,0,0
TCK-004857,64,12,0,0,0.0192,0,0,0,0
TCK-004858,55,8,0,0,0.0217,1,0,1,0
TCK-004859,62,11,0,0,0.02,1,1,0,0
TCK-004860,54,10,0,0,0.0233,0,0,0,0
TCK-004861,56,10,1,0,0.0217,0,0,0,0
TCK-004862,61,10,0,0,0.02,1,0,0,1
TCK-004863,40,7,0,0,0.0303,0,0,0,0
TCK-004864,59,10,0,0,0.0204,1,0,0,1
TCK-004865,56,10,1,0,0.0217,0,0,0,0
TCK-004866,55,8,0,0,0.0217,1,0,1,0
TCK-004867,64,12,0,0,0.0192,0,0,0,0
TCK-004868,57,10,1,0,0.0213,0,0,0,0
TCK-004869,61,11,0,0,0.0408,0,0,0,1
TCK-004870,55,8,0,0,0.0217,1,0,1,0
TCK-004871,57,10,1,0,0.0213,0,0,0,0
TCK-004872,46,9,0,0,0.0303,2,0,0,1
TCK-004873,56,10,1,0,0.0217,0,0,0,0
TCK-004874,56,10,1,0,0.0217,0,0,0,0
TCK-004875,61,10,0,0,0.02,1,0,1,0
TCK-004876,53,9,0,0,0.0227,0,0,0,0
TCK-004877,56,10,1,0,0.0217,0,0,0,0
TCK-004878,55,10,0,0,0.0222,0,0,0,0
TCK-004879,101,18,1,1,0.0247,1,0,0,0
TCK-004880,98,14,0,0,0.0366,2,0,0,0
TCK-004881,59,10,0,0,0.0204,1,0,0,1
TCK-004882,45,8,0,0,0.027,0,0,0,0
TCK-004883,61,11,0,0,0.0408,0,0,0,1
TCK-004884,40,7,0,0,0.0303,0,0,0,0
TCK-004885,59,10,0,0,0.0204,1,0,0,1
TCK-004886,59,10,0,0,0.0204,1,0,0,1
TCK-004887,45,8,0,0,0.027,0,0,0,0
TCK-004888,45,8,0,0,0.027,0,0,0,0
TCK-004889,45,8,0,0,0.027,0,0,0,0
TCK-004890,59,9,1,0,0.0204,0,0,0,0
TCK-004891,64,9,0,0,0.037,1,0,0,0
TCK-004892,55,8,0,0,0.0638,0,0,0,0
TCK-004893,55,8,0,0,0.0638,0,0,0,0
TCK-004894,57,10,1,0,0.0213,0,0,0,0
TCK-004895,61,10,0,0,0.02,1,0,1,0
TCK-004896,55,10,0,0,0.0222,0,0,0,0
TCK-004897,55,10,0,0,0.0222,0,0,0,0
TCK-004898,57,10,1,0,0.0213,0,0,0,0
TCK-004899,46,9,0,0,0.0303,2,0,0,1
TCK-004900,61,11,0,0,0.0408,0,0,0,1
TCK-004901,149,25,0,0,0.0246,0,0,0,0
TCK-004902,98,17,0,0,0.0256,0,0,0,0
TCK-004903,53,9,0,0,0.0227,0,0,0,0
TCK-004904,108,16,0,0,0.0337,1,0,0,0
TCK-004905,61,10,0,0,0.02,1,0,1,0
TCK-004906,57,10,1,0,0.0213,0,0,0,0
TCK-004907,54,10,0,0,0.0233,0,0,0,0
TCK-004908,145,23,0,0,0.025,2,0,0,1
TCK-004909,106,18,0,1,0.0235,2,0,0,1
TCK-004910,64,12,0,0,0.0192,0,0,0,0
TCK-004911,61,10,0,0,0.02,1,0,0,1
TCK-004912,96,16,0,0,0.0256,2,1,0,0
TCK-004913,53,9,0,0,0.0227,0,0,0,0
TCK-004914,55,8,0,0,0.0217,1,0,1,0
TCK-004915,46,9,0,0,0.0303,2,0,0,1
TCK-004916,62,11,0,0,0.02,1,1,0,0
TCK-004917,55,10,0,0,0.0222,0,0,0,0
TCK-004918,62,11,0,0,0.02,1,1,0,0
TCK-004919,59,10,0,0,0.0204,1,0,0,1
TCK-004920,61,10,0,0,0.02,1,0,1,0
TCK-004921,151,27,0,0,0.025,0,0,0,0
TCK-004922,56,11,0,0,0.0222,0,0,0,0
TCK-004923,57,9,1,0,0.0208,0,0,0,0
TCK-004924,54,10,0,0,0.0233,0,0,0,0
TCK-004925,61,11,0,0,0.0408,0,0,0,1
TCK-004926,55,10,0,0,0.0222,0,0,0,0
TCK-004927,55,10,0,0,0.0222,0,0,0,0
TCK-004928,133,23,0,0,0.0278,0,0,0,0
TCK-004929,46,9,0,0,0.0303,2,0,0,1
TCK-004930,45,8,0,0,0.027,0,0,0,0
TCK-004931,167,29,0,0,0.0224,2,1,0,0
TCK-004932,100,17,1,0,0.0247,0,0,0,0
TCK-004933,149,25,0,0,0.0246,0,0,0,0
TCK-004934,55,8,0,0,0.0217,1,0,1,0
TCK-004935,165,27,0,0,0.0224,2,0,1,0
TCK-004936,155,29,0,0,0.0242,0,0,0,0
TCK-004937,53,9,0,0,0.0227,0,0,0,0
TCK-004938,59,9,1,0,0.0204,0,0,0,0
TCK-004939,61,11,0,0,0.0408,0,0,0,1
TCK-004940,45,8,0,0,0.027,0,0,0,0
TCK-004941,55,8,0,0,0.0217,1,0,1,0
TCK-004942,149,25,0,0,0.0246,0,0,0,0
TCK-004943,54,10,0,0,0.0233,0,0,0,0
TCK-004944,46,9,0,0,0.0303,2,0,0,1
TCK-004945,57,9,1,0,0.0208,0,0,0,0
TCK-004946,59,9,1,0,0.0204,0,0,0,0
TCK-004947,61,10,0,0,0.02,1,0,0,1
TCK-004948,59,10,0,0,0.0204,1,0,0,1
TCK-004949,55,8,0,0,0.0217,1,0,1,0
TCK-004950,56,10,1,0,0.0217,0,0,0,0
TCK-004951,57,9,1,0,0.0208,0,0,0,0
TCK-004952,64,12,0,0,0.0192,0,0,0,0
TCK-004953,46,9,0,0,0.0303,2,0,0,1
TCK-004954,57,9,1,0,0.0208,0,0,0,0
TCK-004955,123,21,0,0,0.03,0,0,0,0
TCK-004956,61,10,0,0,0.02,1,0,0,1
TCK-004957,40,7,0,0,0.0303,0,0,0,0
TCK-004958,46,9,0,0,0.0303,2,0,0,1
TCK-004959,40,7,0,0,0.0303,0,0,0,0
TCK-004960,171,31,0,0,0.0217,0,0,0,0
TCK-004961,61,10,0,0,0.02,1,0,0,1
TCK-004962,51,8,0,0,0.0233,1,0,0,1
TCK-004963,61,10,0,0,0.02,1,0,1,0
TCK-004964,165,29,0,0,0.0379,0,0,0,1
TCK-004965,59,10,0,0,0.0204,1,0,0,1
TCK-004966,56,10,1,0,0.0217,0,0,0,0
TCK-004967,153,27,0,0,0.0242,0,0,0,0
TCK-004968,46,9,0,0,0.0303,2,0,0,1
TCK-004969,205,36,0,0,0.0241,1,0,0,0
TCK-004970,61,10,0,0,0.02,1,0,1,0
TCK-004971,55,8,0,0,0.0217,1,0,1,0
TCK-004972,55,8,0,0,0.0217,1,0,1,0
TCK-004973,100,16,0,1,0.0247,2,0,1,0
TCK-004974,56,10,1,0,0.0217,0,0,0,0
TCK-004975,56,10,1,0,0.0217,0,0,0,0
TCK-004976,57,10,1,0,0.0213,0,0,0,0
TCK-004977,98,17,0,0,0.025,1,0,0,0
TCK-004978,55,10,0,0,0.0222,0,0,0,0
TCK-004979,56,11,0,0,0.0222,0,0,0,0
TCK-004980,56,10,1,0,0.0217,0,0,0,0
TCK-004981,51,8,0,0,0.0233,1,0,0,1
TCK-004982,59,9,1,0,0.0204,0,0,0,0
TCK-004983,161,25,2,0,0.0227,0,0,0,0
TCK-004984,45,8,0,0,0.027,0,0,0,0
TCK-004985,61,11,0,0,0.0408,0,0,0,1
TCK-004986,53,9,0,0,0.0227,0,0,0,0
TCK-004987,55,10,0,0,0.0222,0,0,0,0
TCK-004988,57,10,1,0,0.0213,0,0,0,0
TCK-004989,64,9,0,0,0.037,1,0,0,0
TCK-004990,161,27,0,0,0.0227,2,0,0,1
TCK-004991,61,11,0,0,0.0408,0,0,0,1
TCK-004992,59,9,1,0,0.0204,0,0,0,0
TCK-004993,62,11,0,0,0.02,1,1,0,0
TCK-004994,45,8,0,0,0.027,0,0,0,0
TCK-004995,55,10,0,0,0.0222,0,0,0,0
TCK-004996,171,25,0,0,0.0352,2,0,0,0
TCK-004997,61,10,0,0,0.02,1,0,0,1
TCK-004998,104,18,0,1,0.0238,2,0,0,1
TCK-004999,59,9,1,0,0.0204,0,0,0,0
TCK-005000,57,9,1,0,0.0208,0,0,0,0
TCK-005001,51,8,0,0,0.0233,1,0,0,1
TCK-005002,45,8,0,0,0.027,0,0,0,0
TCK-005003,55,8,0,0,0.0638,0,0,0,0
TCK-005004,46,9,0,0,0.0303,2,0,0,1
TCK-005005,61,11,0,0,0.0408,0,0,0,1
TCK-005006,56,11,0,0,0.0222,0,0,0,0
TCK-005007,55,8,0,0,0.0217,1,0,1,0
TCK-005008,61,10,0,0,0.02,1,0,0,1
TCK-005009,56,10,1,0,0.0217,0,0,0,0
TCK-005010,56,10,1,0,0.0217,0,0,0,0
TCK-005011,61,11,0,0,0.0408,0,0,0,1
TCK-005012,56,11,0,0,0.0222,0,0,0,0
TCK-005013,56,11,0,0,0.0222,0,0,0,0
TCK-005014,62,11,0,0,0.02,1,1,0,0
TCK-005015,61,10,0,0,0.02,1,0,1,0
TCK-005016,165,27,0,0,0.0224,2,0,0,1
TCK-005017,56,10,1,0,0.0217,0,0,0,0
TCK-005018,62,11,0,0,0.02,1,1,0,0
TCK-005019,145,23,0,0,0.025,2,0,0,1
TCK-005020,56,11,0,0,0.0222,0,0,0,0
TCK-005021,53,9,0,0,0.0227,0,0,0,0
TCK-005022,64,12,0,0,0.0192,0,0,0,0
TCK-005023,40,7,0,0,0.0303,0,0,0,0
TCK-005024,61,10,0,0,0.02,1,0,1,0
TCK-005025,45,8,0,0,0.027,0,0,0,0
TCK-005026,64,9,0,0,0.037,1,0,0,0
TCK-005027,135,25,0,0,0.03,4,0,0,1
TCK-005028,55,10,0,0,0.0222,0,0,0,0
TCK-005029,46,9,0,0,0.0303,2,0,0,1
TCK-005030,64,9,0,0,0.037,1,0,0,0
TCK-005031,171,31,0,0,0.0217,0,0,0,0
TCK-005032,53,9,0,0,0.0227,0,0,0,0
TCK-005033,51,8,0,0,0.0233,1,0,0,1
TCK-005034,171,25,0,0,0.0352,2,0,0,0
TCK-005035,61,11,0,0,0.0408,0,0,0,1
TCK-005036,61,10,0,0,0.02,1,0,0,1
TCK-005037,54,10,0,0,0.0233,0,0,0,0
TCK-005038,61,10,0,0,0.02,1,0,0,1
TCK-005039,61,10,0,0,0.02,1,0,1,0
TCK-005040,57,9,1,0,0.0208,0,0,0,0
TCK-005041,55,10,0,0,0.0222,0,0,0,0
TCK-005042,165,29,0,0,0.0379,0,0,0,1
TCK-005043,53,9,0,0,0.0227,0,0,0,0
TCK-005044,64,12,0,0,0.0192,0,0,0,0
TCK-005045,145,23,0,0,0.025,2,0,0,1
TCK-005046,59,10,0,0,0.0204,1,0,0,1
TCK-005047,56,10,1,0,0.0217,0,0,0,0
TCK-005048,64,9,0,0,0.037,1,0,0,0
TCK-005049,167,29,0,0,0.0224,2,1,0,0
TCK-005050,145,23,0,0,0.025,2,0,0,1
TCK-005051,59,9,1,0,0.0204,0,0,0,0
TCK-005052,55,10,0,0,0.0222,0,0,0,0
TCK-005053,55,10,0,0,0.0222,0,0,0,0
TCK-005054,64,12,0,0,0.0192,0,0,0,0
TCK-005055,55,8,0,0,0.0217,1,0,1,0
TCK-005056,53,9,0,0,0.0227,0,0,0,0
TCK-005057,59,10,0,0,0.0204,1,0,0,1
TCK-005058,61,10,0,0,0.02,1,0,0,1
TCK-005059,51,8,0,0,0.0233,1,0,0,1
TCK-005060,64,12,0,0,0.0192,0,0,0,0
TCK-005061,51,8,0,0,0.0233,1,0,0,1
TCK-005062,54,10,0,0,0.0233,0,0,0,0
TCK-005063,61,10,0,0,0.02,1,0,1,0
TCK-005064,53,9,0,0,0.0227,0,0,0,0
TCK-005065,165,27,0,0,0.0224,2,0,0,1
TCK-005066,61,10,0,0,0.02,1,0,0,1
TCK-005067,64,9,0,0,0.037,1,0,0,0
TCK-005068,205,32,2,0,0.024,0,0,0,0
TCK-005069,55,8,0,0,0.0638,0,0,0,0
TCK-005070,165,29,0,0,0.0379,0,0,0,1
TCK-005071,61,10,0,0,0.02,1,0,1,0
TCK-005072,64,12,0,0,0.0192,0,0,0,0
TCK-005073,89,15,0,0,0.0274,1,0,0,0
TCK-005074,56,11,0,0,0.0222,0,0,0,0
TCK-005075,167,29,0,0,0.0224,2,1,0,0
TCK-005076,95,16,0,0,0.039,1,0,0,1
TCK-005077,64,9,0,0,0.037,1,0,0,0
TCK-005078,89,15,0,0,0.0278,0,0,0,0
TCK-005079,59,10,0,0,0.0204,1,0,0,1
TCK-005080,61,11,0,0,0.0408,0,0,0,1
TCK-005081,106,18,0,1,0.0235,2,0,0,1
TCK-005082,61,11,0,0,0.0408,0,0,0,1
TCK-005083,123,21,0,0,0.03,0,0,0,0
TCK-005084,53,9,0,0,0.0227,0,0,0,0
TCK-005085,155,27,2,0,0.0238,0,0,0,0
TCK-005086,165,29,0,0,0.0379,0,0,0,1
TCK-005087,64,9,0,0,0.037,1,0,0,0
TCK-005088,55,8,0,0,0.0638,0,0,0,0
TCK-005089,45,8,0,0,0.027,0,0,0,0
TCK-005090,123,21,0,0,0.03,0,0,0,0
TCK-005091,59,9,1,0,0.0204,0,0,0,0
TCK-005092,59,10,0,0,0.0204,1,0,0,1
TCK-005093,54,10,0,0,0.0233,0,0,0,0
TCK-005094,199,36,0,0,0.0252,0,0,0,0
TCK-005095,151,27,0,0,0.025,0,0,0,0
TCK-005096,109,17,0,1,0.0337,2,0,0,0
TCK-005097,53,9,0,0,0.0227,0,0,0,0
TCK-005098,53,9,0,0,0.0227,0,0,0,0
TCK-005099,59,9,1,0,0.0204,0,0,0,0
TCK-005100,55,8,0,0,0.0217,1,0,1,0
TCK-005101,151,27,0,0,0.025,0,0,0,0
TCK-005102,55,8,0,0,0.0217,1,0,1,0
TCK-005103,64,12,0,0,0.0192,0,0,0,0
TCK-005104,59,9,1,0,0.0204,0,0,0,0
TCK-005105,57,9,1,0,0.0208,0,0,0,0
TCK-005106,59,10,0,0,0.0204,1,0,0,1
TCK-005107,55,8,0,0,0.0638,0,0,0,0
TCK-005108,55,10,0,0,0.0222,0,0,0,0
TCK-005109,53,9,0,0,0.0227,0,0,0,0
TCK-005110,55,10,0,0,0.0222,0,0,0,0
TCK-005111,64,12,0,0,0.0192,0,0,0,0
TCK-005112,62,11,0,0,0.02,1,1,0,0
TCK-005113,62,11,0,0,0.02,1,1,0,0
TCK-005114,59,9,1,0,0.0204,0,0,0,0
TCK-005115,64,9,0,0,0.037,1,0,0,0
TCK-005116,155,29,0,0,0.0242,0,0,0,0
TCK-005117,40,7,0,0,0.0303,0,0,0,0
TCK-005118,56,10,1,0,0.0217,0,0,0,0
TCK-005119,55,10,0,0,0.0222,0,0,0,0
TCK-005120,61,10,0,0,0.02,1,0,0,1
TCK-005121,64,12,0,0,0.0192,0,0,0,0
TCK-005122,59,10,0,0,0.0204,1,0,0,1
TCK-005123,165,27,0,0,0.0224,2,0,0,1
TCK-005124,57,10,1,0,0.0213,0,0,0,0
TCK-005125,61,11,0,0,0.0408,0,0,0,1
TCK-005126,55,8,0,0,0.0217,1,0,1,0
TCK-005127,64,12,0,0,0.0192,0,0,0,0
TCK-005128,55,8,0,0,0.0638,0,0,0,0
TCK-005129,149,25,0,0,0.0246,0,0,0,0
TCK-005130,46,9,0,0,0.0303,2,0,0,1
TCK-005131,171,31,0,0,0.0217,0,0,0,0
TCK-005132,57,10,1,0,0.0213,0,0,0,0
TCK-005133,189,30,0,0,0.0258,2,0,0,1
TCK-005134,64,9,0,0,0.037,1,0,0,0
TCK-005135,61,11,0,0,0.0408,0,0,0,1
TCK-005136,56,10,1,0,0.0217,0,0,0,0
TCK-005137,56,11,0,0,0.0222,0,0,0,0
TCK-005138,56,11,0,0,0.0222,0,0,0,0
TCK-005139,56,11,0,0,0.0222,0,0,0,0
TCK-005140,59,9,1,0,0.0204,0,0,0,0
TCK-005141,54,10,0,0,0.0233,0,0,0,0
TCK-005142,40,7,0,0,0.0303,0,0,0,0
TCK-005143,59,10,0,0,0.0204,1,0,0,1
TCK-005144,59,10,0,0,0.0204,1,0,0,1
TCK-005145,55,10,0,0,0.0222,0,0,0,0
TCK-005146,55,10,0,0,0.0222,0,0,0,0
TCK-005147,151,27,0,0,0.025,0,0,0,0
TCK-005148,46,9,0,0,0.0303,2,0,0,1
TCK-005149,155,29,0,0,0.0242,0,0,0,0
TCK-005150,133,23,0,0,0.0278,0,0,0,0
TCK-005151,64,9,0,0,0.037,1,0,0,0
TCK-005152,46,9,0,0,0.0303,2,0,0,1
TCK-005153,55,8,0,0,0.0217,1,0,1,0
TCK-005154,59,10,0,0,0.0204,1,0,0,1
TCK-005155,59,9,1,0,0.0204,0,0,0,0
TCK-005156,45,8,0,0,0.027,0,0,0,0
TCK-005157,57,10,1,0,0.0213,0,0,0,0
TCK-005158,56,11,0,0,0.0222,0,0,0,0
TCK-005159,157,27,2,0,0.0234,0,0,0,0
TCK-005160,53,9,0,0,0.0227,0,0,0,0
TCK-005161,61,10,0,0,0.02,1,0,1,0
TCK-005162,64,9,0,0,0.037,1,0,0,0
TCK-005163,100,17,1,0,0.0247,0,0,0,0
TCK-005164,161,27,0,0,0.0227,2,0,0,1
TCK-005165,46,9,0,0,0.0303,2,0,0,1
TCK-005166,57,10,1,0,0.0213,0,0,0,0
TCK-005167,171,25,0,0,0.0352,2,0,0,0
TCK-005168,155,29,0,0,0.0242,0,0,0,0
TCK-005169,64,12,0,0,0.0192,0,0,0,0
TCK-005170,57,9,1,0,0.0208,0,0,0,0
TCK-005171,61,11,0,0,0.0408,0,0,0,1
TCK-005172,53,9,0,0,0.0227,0,0,0,0
TCK-005173,64,9,0,0,0.037,1,0,0,0
TCK-005174,55,10,0,0,0.0222,0,0,0,0
TCK-005175,64,9,0,0,0.037,1,0,0,0
TCK-005176,108,19,0,0,0.023,0,0,0,0
TCK-005177,56,10,1,0,0.0217,0,0,0,0
TCK-005178,100,17,1,0,0.0247,0,0,0,0
TCK-005179,61,11,0,0,0.0408,0,0,0,1
TCK-005180,56,11,0,0,0.0222,0,0,0,0
TCK-005181,206,33,2,1,0.024,1,0,0,0
TCK-005182,56,11,0,0,0.0222,0,0,0,0
TCK-005183,145,23,0,0,0.025,2,0,0,1
TCK-005184,51,8,0,0,0.0233,1,0,0,1
TCK-005185,57,10,1,0,0.0213,0,0,0,0
TCK-005186,59,9,1,0,0.0204,0,0,0,0
TCK-005187,56,11,0,0,0.0222,0,0,0,0
TCK-005188,64,12,0,0,0.0192,0,0,0,0
TCK-005189,56,11,0,0,0.0222,0,0,0,0
TCK-005190,57,10,1,0,0.0213,0,0,0,0
TCK-005191,153,27,0,0,0.0242,0,0,0,0
TCK-005192,40,7,0,0,0.0303,0,0,0,0
TCK-005193,98,17,0,0,0.0256,0,0,0,0
TCK-005194,153,23,0,0,0.0547,0,0,0,0
TCK-005195,62,11,0,0,0.02,1,1,0,0
TCK-005196,53,9,0,0,0.0227,0,0,0,0
TCK-005197,64,12,0,0,0.0192,0,0,0,0
TCK-005198,64,9,0,0,0.037,1,0,0,0
TCK-005199,53,9,0,0,0.0227,0,0,0,0
TCK-005200,64,12,0,0,0.0192,0,0,0,0
TCK-005201,53,9,0,0,0.0227,0,0,0,0
TCK-005202,61,10,0,0,0.02,1,0,0,1
TCK-005203,45,8,0,0,0.027,0,0,0,0
TCK-005204,61,10,0,0,0.02,1,0,0,1
TCK-005205,93,14,1,0,0.026,1,0,0,0
TCK-005206,89,15,0,0,0.0278,0,0,0,0
TCK-005207,167,29,0,0,0.0224,2,1,0,0
TCK-005208,55,8,0,0,0.0638,0,0,0,0
TCK-005209,64,9,0,0,0.037,1,0,0,0
TCK-005210,53,9,0,0,0.0227,0,0,0,0
TCK-005211,55,10,0,0,0.0222,0,0,0,0
TCK-005212,123,21,0,0,0.03,0,0,0,0
TCK-005213,153,23,0,0,0.0547,0,0,0,0
TCK-005214,61,11,0,0,0.0408,0,0,0,1
TCK-005215,57,10,1,0,0.0213,0,0,0,0
TCK-005216,57,9,1,0,0.0208,0,0,0,0
TCK-005217,55,8,0,0,0.0217,1,0,1,0
TCK-005218,55,10,0,0,0.0222,0,0,0,0
TCK-005219,53,9,0,0,0.0227,0,0,0,0
TCK-005220,51,8,0,0,0.0233,1,0,0,1
TCK-005221,64,12,0,0,0.0192,0,0,0,0
TCK-005222,55,8,0,0,0.0638,0,0,0,0
TCK-005223,59,10,0,0,0.0204,1,0,0,1
TCK-005224,54,10,0,0,0.0233,0,0,0,0
TCK-005225,62,11,0,0,0.02,1,1,0,0
TCK-005226,64,12,0,0,0.0192,0,0,0,0
TCK-005227,155,29,0,0,0.0242,0,0,0,0
TCK-005228,45,8,0,0,0.027,0,0,0,0
TCK-005229,53,9,0,0,0.0227,0,0,0,0
TCK-005230,100,17,1,0,0.0247,0,0,0,0
TCK-005231,59,10,0,0,0.0204,1,0,0,1
TCK-005232,59,10,0,0,0.0204,1,0,0,1
TCK-005233,165,27,0,0,0.0224,2,0,1,0
TCK-005234,61,11,0,0,0.0408,0,0,0,1
TCK-005235,161,27,0,0,0.0227,2,0,0,1
TCK-005236,90,16,0,1,0.0278,1,0,0,0
TCK-005237,53,9,0,0,0.0227,0,0,0,0
TCK-005238,55,10,0,0,0.0222,0,0,0,0
TCK-005239,54,10,0,0,0.0233,0,0,0,0
TCK-005240,161,25,2,0,0.0227,0,0,0,0
TCK-005241,56,11,0,0,0.0222,0,0,0,0
TCK-005242,53,9,0,0,0.0227,0,0,0,0
TCK-005243,55,8,0,0,0.0217,1,0,1,0
TCK-005244,59,10,0,0,0.0204,1,0,0,1
TCK-005245,53,9,0,0,0.0227,0,0,0,0
TCK-005246,55,10,0,0,0.0222,0,0,0,0
TCK-005247,61,10,0,0,0.02,1,0,0,1
TCK-005248,57,9,1,0,0.0208,0,0,0,0
TCK-005249,54,10,0,0,0.0233,0,0,0,0
TCK-005250,61,10,0,0,0.02,1,0,0,1
TCK-005251,161,27,0,0,0.0227,2,0,0,1
TCK-005252,61,10,0,0,0.02,1,0,0,1
TCK-005253,56,11,0,0,0.0222,0,0,0,0
TCK-005254,46,9,0,0,0.0303,2,0,0,1
TCK-005255,64,9,0,0,0.037,1,0,0,0
TCK-005256,55,8,0,0,0.0638,0,0,0,0
TCK-005257,91,17,0,1,0.0294,3,0,0,1
TCK-005258,45,8,0,0,0.027,0,0,0,0
TCK-005259,149,25,0,0,0.0246,0,0,0,0
TCK-005260,64,12,0,0,0.0192,0,0,0,0
TCK-005261,64,12,0,0,0.0192,0,0,0,0
TCK-005262,53,9,0,0,0.0227,0,0,0,0
TCK-005263,103,16,1,0,0.0238,0,0,0,0
TCK-005264,64,9,0,0,0.037,1,0,0,0
TCK-005265,61,10,0,0,0.02,1,0,1,0
TCK-005266,59,10,0,0,0.0204,1,0,0,1
TCK-005267,56,10,1,0,0.0217,0,0,0,0
TCK-005268,56,11,0,0,0.0222,0,0,0,0
TCK-005269,45,8,0,0,0.027,0,0,0,0
TCK-005270,53,9,0,0,0.0227,0,0,0,0
TCK-005271,45,8,0,0,0.027,0,0,0,0
TCK-005272,157,27,2,0,0.0234,0,0,0,0
TCK-005273,45,8,0,0,0.027,0,0,0,0
TCK-005274,61,11,0,0,0.0408,0,0,0,1
TCK-005275,55,10,0,0,0.0222,0,0,0,0
TCK-005276,62,11,0,0,0.02,1,1,0,0
TCK-005277,59,10,0,0,0.0204,1,0,0,1
TCK-005278,61,10,0,0,0.02,1,0,0,1
TCK-005279,55,10,0,0,0.0222,0,0,0,0
TCK-005280,194,33,0,1,0.0255,1,0,0,0
TCK-005281,51,8,0,0,0.0233,1,0,0,1
TCK-005282,99,15,0,0,0.0488,0,0,0,0
TCK-005283,97,16,0,0,0.0253,0,0,0,0
TCK-005284,59,9,1,0,0.0204,0,0,0,0
TCK-005285,55,8,0,0,0.0217,1,0,1,0
TCK-005286,55,8,0,0,0.0217,1,0,1,0
TCK-005287,51,8,0,0,0.0233,1,0,0,1
TCK-005288,56,11,0,0,0.0222,0,0,0,0
TCK-005289,40,7,0,0,0.0303,0,0,0,0
TCK-005290,59,10,0,0,0.0204,1,0,0,1
TCK-005291,45,8,0,0,0.027,0,0,0,0
TCK-005292,106,18,0,1,0.0235,2,0,0,1
TCK-005293,51,8,0,0,0.0233,1,0,0,1
TCK-005294,57,10,1,0,0.0213,0,0,0,0
TCK-005295,161,27,0,0,0.0227,2,0,0,1
TCK-005296,57,10,1,0,0.0213,0,0,0,0
TCK-005297,62,11,0,0,0.02,1,1,0,0
TCK-005298,64,9,0,0,0.037,1,0,0,0
TCK-005299,53,9,0,0,0.0227,0,0,0,0
TCK-005300,53,9,0,0,0.0227,0,0,0,0
TCK-005301,40,7,0,0,0.0303,0,0,0,0
TCK-005302,55,10,0,0,0.0222,0,0,0,0
TCK-005303,61,10,0,0,0.02,1,0,1,0
TCK-005304,123,21,0,0,0.03,0,0,0,0
TCK-005305,104,17,1,1,0.0238,1,0,0,0
TCK-005306,165,27,0,0,0.0224,2,0,0,1
TCK-005307,62,11,0,0,0.02,1,1,0,0
TCK-005308,57,10,1,0,0.0213,0,0,0,0
TCK-005309,84,14,0,0,0.0294,0,0,0,0
TCK-005310,45,8,0,0,0.027,0,0,0,0
TCK-005311,149,25,0,0,0.0246,0,0,0,0
TCK-005312,40,7,0,0,0.0303,0,0,0,0
TCK-005313,62,11,0,0,0.02,1,1,0,0
TCK-005314,45,8,0,0,0.027,0,0,0,0
TCK-005315,46,9,0,0,0.0303,2,0,0,1
TCK-005316,57,9,1,0,0.0208,0,0,0,0
TCK-005317,56,10,1,0,0.0217,0,0,0,0
TCK-005318,62,11,0,0,0.02,1,1,0,0
TCK-005319,123,21,0,0,0.03,0,0,0,0
TCK-005320,45,8,0,0,0.027,0,0,0,0
TCK-005321,56,11,0,0,0.0222,0,0,0,0
TCK-005322,64,12,0,0,0.0192,0,0,0,0
TCK-005323,101,18,1,1,0.0247,1,0,0,0
TCK-005324,61,10,0,0,0.02,1,0,0,1
TCK-005325,46,9,0,0,0.0303,2,0,0,1
TCK-005326,56,10,1,0,0.0217,0,0,0,0
TCK-005327,54,10,0,0,0.0233,0,0,0,0
TCK-005328,46,9,0,0,0.0303,2,0,0,1
TCK-005329,161,25,2,0,0.0227,0,0,0,0
TCK-005330,40,7,0,0,0.0303,0,0,0,0
TCK-005331,45,8,0,0,0.027,0,0,0,0
TCK-005332,59,10,0,0,0.0204,1,0,0,1
TCK-005333,57,10,1,0,0.0213,0,0,0,0
TCK-005334,57,10,1,0,0.0213,0,0,0,0
TCK-005335,101,17,1,0,0.0244,0,0,0,0
TCK-005336,53,9,0,0,0.0227,0,0,0,0
TCK-005337,40,7,0,0,0.0303,0,0,0,0
TCK-005338,59,10,0,0,0.0204,1,0,0,1
TCK-005339,55,8,0,0,0.0638,0,0,0,0
TCK-005340,61,10,0,0,0.02,1,0,0,1
TCK-005341,64,9,0,0,0.037,1,0,0,0
TCK-005342,53,9,0,0,0.0227,0,0,0,0
TCK-005343,45,8,0,0,0.027,0,0,0,0
TCK-005344,61,10,0,0,0.02,1,0,0,1
TCK-005345,55,8,0,0,0.0217,1,0,1,0
TCK-005346,151,27,0,0,0.025,0,0,0,0
TCK-005347,64,9,0,0,0.037,1,0,0,0
TCK-005348,153,23,0,0,0.0547,0,0,0,0
TCK-005349,155,29,0,0,0.0242,0,0,0,0
TCK-005350,59,9,1,0,0.0204,0,0,0,0
TCK-005351,165,29,0,0,0.0379,0,0,0,1
TCK-005352,61,10,0,0,0.02,1,0,0,1
TCK-005353,64,12,0,0,0.0192,0,0,0,0
TCK-005354,53,9,0,0,0.0227,0,0,0,0
TCK-005355,57,9,1,0,0.0208,0,0,0,0
TCK-005356,45,8,0,0,0.027,0,0,0,0
TCK-005357,133,23,0,0,0.0278,0,0,0,0
TCK-005358,54,10,0,0,0.0233,0,0,0,0
TCK-005359,157,27,2,0,0.0234,0,0,0,0
TCK-005360,55,8,0,0,0.0638,0,0,0,0
TCK-005361,40,7,0,0,0.0303,0,0,0,0
TCK-005362,155,27,2,0,0.0238,0,0,0,0
TCK-005363,56,10,1,0,0.0217,0,0,0,0
TCK-005364,64,9,0,0,0.037,1,0,0,0
TCK-005365,165,27,0,0,0.0224,2,0,0,1
TCK-005366,57,10,1,0,0.0213,0,0,0,0
TCK-005367,61,11,0,0,0.0408,0,0,0,1
TCK-005368,64,9,0,0,0.037,1,0,0,0
TCK-005369,55,10,0,0,0.0222,0,0,0,0
TCK-005370,61,11,0,0,0.0408,0,0,0,1
TCK-005371,90,16,0,1,0.0278,1,0,0,0
TCK-005372,216,39,0,1,0.0231,1,0,0,0
TCK-005373,54,10,0,0,0.0233,0,0,0,0
TCK-005374,45,8,0,0,0.027,0,0,0,0
TCK-005375,40,7,0,0,0.0303,0,0,0,0
TCK-005376,55,10,0,0,0.0222,0,0,0,0
TCK-005377,151,27,0,0,0.025,0,0,0,0
TCK-005378,171,25,0,0,0.0352,2,0,0,0
TCK-005379,145,23,0,0,0.025,2,0,0,1
TCK-005380,54,10,0,0,0.0233,0,0,0,0
TCK-005381,108,19,0,0,0.023,0,0,0,0
TCK-005382,56,10,1,0,0.0217,0,0,0,0
TCK-005383,59,10,0,0,0.0204,1,0,0,1
TCK-005384,161,25,2,0,0.0227,0,0,0,0
TCK-005385,40,7,0,0,0.0303,0,0,0,0
TCK-005386,57,9,1,0,0.0208,0,0,0,0
TCK-005387,64,9,0,0,0.037,1,0,0,0
TCK-005388,55,10,0,0,0.0222,0,0,0,0
TCK-005389,61,10,0,0,0.02,1,0,0,1
TCK-005390,61,11,0,0,0.0408,0,0,0,1
TCK-005391,61,11,0,0,0.0408,0,0,0,1
TCK-005392,59,9,1,0,0.0204,0,0,0,0
TCK-005393,56,11,0,0,0.0222,0,0,0,0
TCK-005394,45,8,0,0,0.027,0,0,0,0
TCK-005395,54,10,0,0,0.0233,0,0,0,0
TCK-005396,61,11,0,0,0.0408,0,0,0,1
TCK-005397,55,8,0,0,0.0638,0,0,0,0
TCK-005398,55,8,0,0,0.0217,1,0,1,0
TCK-005399,55,10,0,0,0.0222,0,0,0,0
TCK-005400,55,10,0,0,0.0222,0,0,0,0
TCK-005401,167,29,0,0,0.0224,2,1,0,0
TCK-005402,155,27,2,0,0.0238,0,0,0,0
TCK-005403,61,11,0,0,0.0408,0,0,0,1
TCK-005404,56,11,0,0,0.0222,0,0,0,0
TCK-005405,161,27,0,0,0.0227,2,0,0,1
TCK-005406,100,17,1,0,0.0247,0,0,0,0
TCK-005407,57,9,1,0,0.0208,0,0,0,0
TCK-005408,89,15,0,0,0.0274,1,0,0,0
TCK-005409,153,27,0,0,0.0242,0,0,0,0
TCK-005410,64,12,0,0,0.0192,0,0,0,0
TCK-005411,55,8,0,0,0.0217,1,0,1,0
TCK-005412,61,10,0,0,0.02,1,0,1,0
TCK-005413,153,27,0,0,0.0242,0,0,0,0
TCK-005414,55,8,0,0,0.0217,1,0,1,0
TCK-005415,45,8,0,0,0.027,0,0,0,0
TCK-005416,171,25,0,0,0.0352,2,0,0,0
TCK-005417,149,25,0,0,0.0246,0,0,0,0
TCK-005418,55,10,0,0,0.0222,0,0,0,0
TCK-005419,59,10,0,0,0.0204,1,0,0,1
TCK-005420,157,27,2,0,0.0234,0,0,0,0
TCK-005421,46,9,0,0,0.0303,2,0,0,1
TCK-005422,62,11,0,0,0.02,1,1,0,0
TCK-005423,61,11,0,0,0.0408,0,0,0,1
TCK-005424,57,10,1,0,0.0213,0,0,0,0
TCK-005425,56,10,1,0,0.0217,0,0,0,0
TCK-005426,61,11,0,0,0.0408,0,0,0,1
TCK-005427,64,12,0,0,0.0192,0,0,0,0
TCK-005428,56,10,1,0,0.0217,0,0,0,0
TCK-005429,59,10,0,0,0.0204,1,0,0,1
TCK-005430,56,11,0,0,0.0222,0,0,0,0
TCK-005431,55,8,0,0,0.0217,1,0,1,0
TCK-005432,56,10,1,0,0.0217,0,0,0,0
TCK-005433,61,10,0,0,0.02,1,0,0,1
TCK-005434,45,8,0,0,0.027,0,0,0,0
TCK-005435,106,19,0,1,0.0357,1,0,0,1
TCK-005436,51,8,0,0,0.0233,1,0,0,1
TCK-005437,171,25,0,0,0.0352,2,0,0,0
TCK-005438,56,11,0,0,0.0222,0,0,0,0
TCK-005439,55,8,0,0,0.0638,0,0,0,0
TCK-005440,61,11,0,0,0.0408,0,0,0,1
TCK-005441,157,27,2,0,0.0234,0,0,0,0
TCK-005442,55,8,0,0,0.0217,1,0,1,0
TCK-005443,95,15,0,0,0.0256,1,0,0,1
TCK-005444,64,12,0,0,0.0192,0,0,0,0
TCK-005445,57,9,1,0,0.0208,0,0,0,0
TCK-005446,40,7,0,0,0.0303,0,0,0,0
TCK-005447,57,9,1,0,0.0208,0,0,0,0
TCK-005448,40,7,0,0,0.0303,0,0,0,0
TCK-005449,56,10,1,0,0.0217,0,0,0,0
TCK-005450,64,12,0,0,0.0192,0,0,0,0
TCK-005451,64,9,0,0,0.037,1,0,0,0
TCK-005452,133,23,0,0,0.0278,0,0,0,0
TCK-005453,61,10,0,0,0.02,1,0,1,0
TCK-005454,165,27,0,0,0.0224,2,0,1,0
TCK-005455,56,11,0,0,0.0222,0,0,0,0
TCK-005456,62,11,0,0,0.02,1,1,0,0
TCK-005457,165,27,0,0,0.0224,2,0,1,0
TCK-005458,59,10,0,0,0.0204,1,0,0,1
TCK-005459,61,11,0,0,0.0408,0,0,0,1
TCK-005460,64,12,0,0,0.0192,0,0,0,0
TCK-005461,106,18,0,1,0.0235,2,0,0,1
TCK-005462,55,8,0,0,0.0217,1,0,1,0
TCK-005463,45,8,0,0,0.027,0,0,0,0
TCK-005464,53,9,0,0,0.0227,0,0,0,0
TCK-005465,56,11,0,0,0.0222,0,0,0,0
TCK-005466,40,7,0,0,0.0303,0,0,0,0
TCK-005467,56,11,0,0,0.0222,0,0,0,0
TCK-005468,55,8,0,0,0.0217,1,0,1,0
TCK-005469,55,8,0,0,0.0217,1,0,1,0
TCK-005470,61,10,0,0,0.02,1,0,0,1
TCK-005471,56,11,0,0,0.0222,0,0,0,0
TCK-005472,201,32,2,0,0.0242,0,0,0,0
TCK-005473,89,15,0,0,0.0278,0,0,0,0
TCK-005474,59,9,1,0,0.0204,0,0,0,0
TCK-005475,161,27,0,0,0.0227,2,0,0,1
TCK-005476,59,10,0,0,0.0204,1,0,0,1
TCK-005477,57,9,1,0,0.0208,0,0,0,0
TCK-005478,185,32,0,0,0.027,1,0,0,0
TCK-005479,62,11,0,0,0.02,1,1,0,0
TCK-005480,40,7,0,0,0.0303,0,0,0,0
TCK-005481,59,10,0,0,0.0204,1,0,0,1
TCK-005482,145,23,0,0,0.025,2,0,0,1
TCK-005483,59,10,0,0,0.0204,1,0,0,1
TCK-005484,56,11,0,0,0.0222,0,0,0,0
TCK-005485,54,10,0,0,0.0233,0,0,0,0
TCK-005486,59,9,1,0,0.0204,0,0,0,0
TCK-005487,56,11,0,0,0.0222,0,0,0,0
TCK-005488,51,8,0,0,0.0233,1,0,0,1
TCK-005489,57,9,1,0,0.0208,0,0,0,0
TCK-005490,62,11,0,0,0.02,1,1,0,0
TCK-005491,56,11,0,0,0.0222,0,0,0,0
TCK-005492,59,10,0,0,0.0204,1,0,0,1
TCK-005493,153,23,0,0,0.0547,0,0,0,0
TCK-005494,57,10,1,0,0.0213,0,0,0,0
TCK-005495,46,9,0,0,0.0303,2,0,0,1
TCK-005496,55,10,0,0,0.0222,0,0,0,0
TCK-005497,51,8,0,0,0.0233,1,0,0,1
TCK-005498,55,8,0,0,0.0217,1,0,1,0
TCK-005499,61,10,0,0,0.02,1,0,1,0
TCK-005500,155,27,2,0,0.0238,0,0,0,0
TCK-005501,100,18,0,1,0.025,1,0,0,0
TCK-005502,55,10,0,0,0.0222,0,0,0,0
TCK-005503,61,10,0,0,0.02,1,0,0,1
TCK-005504,59,9,1,0,0.0204,0,0,0,0
TCK-005505,95,15,0,0,0.0256,2,0,0,1
TCK-005506,40,7,0,0,0.0303,0,0,0,0
TCK-005507,56,11,0,0,0.0222,0,0,0,0
TCK-005508,59,10,0,0,0.0204,1,0,0,1
TCK-005509,55,10,0,0,0.0222,0,0,0,0
TCK-005510,57,10,1,0,0.0213,0,0,0,0
TCK-005511,51,8,0,0,0.0233,1,0,0,1
TCK-005512,64,9,0,0,0.037,1,0,0,0
TCK-005513,61,11,0,0,0.0408,0,0,0,1
TCK-005514,153,23,0,0,0.0238,2,0,1,0
TCK-005515,55,10,0,0,0.0222,0,0,0,0
TCK-005516,56,11,0,0,0.0222,0,0,0,0
TCK-005517,61,10,0,0,0.02,1,0,1,0
TCK-005518,106,18,0,0,0.0235,1,1,0,0
TCK-005519,157,25,2,0,0.0231,0,0,0,0
TCK-005520,95,16,0,0,0.039,1,0,0,1
TCK-005521,155,27,2,0,0.0238,0,0,0,0
TCK-005522,56,11,0,0,0.0222,0,0,0,0
TCK-005523,106,18,0,1,0.0235,2,0,1,0
TCK-005524,64,9,0,0,0.037,1,0,0,0
TCK-005525,64,9,0,0,0.037,1,0,0,0
TCK-005526,155,27,2,0,0.0238,0,0,0,0
TCK-005527,61,11,0,0,0.0408,0,0,0,1
TCK-005528,55,10,0,0,0.0222,0,0,0,0
TCK-005529,151,27,0,0,0.025,0,0,0,0
TCK-005530,59,9,1,0,0.0204,0,0,0,0
TCK-005531,56,11,0,0,0.0222,0,0,0,0
TCK-005532,61,10,0,0,0.02,1,0,0,1
TCK-005533,46,9,0,0,0.0303,2,0,0,1
TCK-005534,80,14,0,0,0.0328,3,0,0,1
TCK-005535,56,11,0,0,0.0222,0,0,0,0
TCK-005536,51,8,0,0,0.0233,1,0,0,1
TCK-005537,171,25,0,0,0.0352,2,0,0,0
TCK-005538,45,8,0,0,0.027,0,0,0,0
TCK-005539,55,10,0,0,0.0222,0,0,0,0
TCK-005540,64,12,0,0,0.0192,0,0,0,0
TCK-005541,40,7,0,0,0.0303,0,0,0,0
TCK-005542,161,25,2,0,0.0227,0,0,0,0
TCK-005543,56,11,0,0,0.0222,0,0,0,0
TCK-005544,55,8,0,0,0.0217,1,0,1,0
TCK-005545,56,11,0,0,0.0222,0,0,0,0
TCK-005546,55,10,0,0,0.0222,0,0,0,0
TCK-005547,61,10,0,0,0.02,1,0,0,1
TCK-005548,157,27,2,0,0.0234,0,0,0,0
TCK-005549,59,10,0,0,0.0204,1,0,0,1
TCK-005550,40,7,0,0,0.0303,0,0,0,0
TCK-005551,56,11,0,0,0.0222,0,0,0,0
TCK-005552,45,8,0,0,0.027,0,0,0,0
TCK-005553,54,10,0,0,0.0233,0,0,0,0
TCK-005554,61,11,0,0,0.0408,0,0,0,1
TCK-005555,54,10,0,0,0.0233,0,0,0,0
TCK-005556,56,10,1,0,0.0217,0,0,0,0
TCK-005557,56,11,0,0,0.0222,0,0,0,0
TCK-005558,46,9,0,0,0.0303,2,0,0,1
TCK-005559,55,10,0,0,0.0222,0,0,0,0
TCK-005560,45,8,0,0,0.027,0,0,0,0
TCK-005561,55,8,0,0,0.0217,1,0,1,0
TCK-005562,51,8,0,0,0.0233,1,0,0,1
TCK-005563,55,8,0,0,0.0638,0,0,0,0
TCK-005564,54,10,0,0,0.0233,0,0,0,0
TCK-005565,133,23,0,0,0.0278,0,0,0,0
TCK-005566,45,8,0,0,0.027,0,0,0,0
TCK-005567,64,9,0,0,0.037,1,0,0,0
TCK-005568,195,30,2,0,0.025,1,0,0,0
TCK-005569,56,11,0,0,0.0222,0,0,0,0
TCK-005570,107,19,0,1,0.0235,2,1,0,0
TCK-005571,56,10,1,0,0.0217,0,0,0,0
TCK-005572,46,9,0,0,0.0303,2,0,0,1
TCK-005573,53,9,0,0,0.0227,0,0,0,0
TCK-005574,56,10,1,0,0.0217,0,0,0,0
TCK-005575,88,15,0,0,0.0282,1,0,0,0
TCK-005576,61,10,0,0,0.02,1,0,1,0
TCK-005577,51,8,0,0,0.0233,1,0,0,1
TCK-005578,53,9,0,0,0.0227,0,0,0,0
TCK-005579,56,10,1,0,0.0217,0,0,0,0
TCK-005580,90,16,0,0,0.0274,1,0,0,0
TCK-005581,123,21,0,0,0.03,0,0,0,0
TCK-005582,59,10,0,0,0.0204,1,0,0,1
TCK-005583,61,10,0,0,0.02,1,0,1,0
TCK-005584,53,9,0,0,0.0227,0,0,0,0
TCK-005585,99,17,0,0,0.025,0,0,0,0
TCK-005586,161,25,2,0,0.0227,0,0,0,0
TCK-005587,61,10,0,0,0.02,1,0,1,0
TCK-005588,101,19,0,1,0.025,1,0,0,0
TCK-005589,54,10,0,0,0.0233,0,0,0,0
TCK-005590,61,11,0,0,0.0408,0,0,0,1
TCK-005591,53,9,0,0,0.0227,0,0,0,0
TCK-005592,165,27,0,0,0.0224,2,0,1,0
TCK-005593,51,8,0,0,0.0233,1,0,0,1
TCK-005594,56,11,0,0,0.0222,0,0,0,0
TCK-005595,55,8,0,0,0.0217,1,0,1,0
TCK-005596,165,27,0,0,0.0224,2,0,1,0
TCK-005597,61,10,0,0,0.02,1,0,0,1
TCK-005598,56,11,0,0,0.0222,0,0,0,0
TCK-005599,151,27,0,0,0.025,0,0,0,0
TCK-005600,61,11,0,0,0.0408,0,0,0,1
TCK-005601,61,11,0,0,0.0408,0,0,0,1
TCK-005602,56,10,1,0,0.0217,0,0,0,0
TCK-005603,55,10,0,0,0.0222,0,0,0,0
TCK-005604,61,10,0,0,0.02,1,0,1,0
TCK-005605,64,9,0,0,0.037,1,0,0,0
TCK-005606,40,7,0,0,0.0303,0,0,0,0
TCK-005607,55,10,0,0,0.0222,0,0,0,0
TCK-005608,62,11,0,0,0.02,1,1,0,0
TCK-005609,62,11,0,0,0.02,1,1,0,0
TCK-005610,57,10,1,0,0.0213,0,0,0,0
TCK-005611,61,10,0,0,0.02,1,0,0,1
TCK-005612,55,8,0,0,0.0217,1,0,1,0
TCK-005613,157,25,2,0,0.0231,0,0,0,0
TCK-005614,99,15,0,0,0.0488,0,0,0,0
TCK-005615,93,14,1,0,0.026,1,0,0,0
TCK-005616,56,10,1,0,0.0217,0,0,0,0
TCK-005617,155,27,2,0,0.0238,0,0,0,0
TCK-005618,51,8,0,0,0.0233,1,0,0,1
TCK-005619,40,7,0,0,0.0303,0,0,0,0
TCK-005620,161,25,2,0,0.0227,0,0,0,0
TCK-005621,56,11,0,0,0.0222,0,0,0,0
TCK-005622,64,9,0,0,0.037,1,0,0,0
TCK-005623,61,11,0,0,0.0408,0,0,0,1
TCK-005624,56,11,0,0,0.0222,0,0,0,0
TCK-005625,157,27,2,0,0.0234,0,0,0,0
TCK-005626,53,9,0,0,0.0227,0,0,0,0
TCK-005627,90,15,1,0,0.027,1,0,0,0
TCK-005628,59,10,0,0,0.0204,1,0,0,1
TCK-005629,64,9,0,0,0.037,1,0,0,0
TCK-005630,57,9,1,0,0.0208,0,0,0,0
TCK-005631,105,17,0,0,0.0235,1,0,0,1
TCK-005632,153,27,0,0,0.0242,0,0,0,0
TCK-005633,45,8,0,0,0.027,0,0,0,0
TCK-005634,200,37,0,1,0.0252,1,0,0,0
TCK-005635,61,11,0,0,0.0408,0,0,0,1
TCK-005636,59,10,0,0,0.0204,1,0,0,1
TCK-005637,157,27,2,0,0.0234,0,0,0,0
TCK-005638,56,11,0,0,0.0222,0,0,0,0
TCK-005639,55,10,0,0,0.0222,0,0,0,0
TCK-005640,135,25,0,0,0.03,4,0,0,1
TCK-005641,165,29,0,0,0.0379,0,0,0,1
TCK-005642,61,10,0,0,0.02,1,0,0,1
TCK-005643,55,8,0,0,0.0217,1,0,1,0
TCK-005644,171,25,0,0,0.0352,2,0,0,0
TCK-005645,161,25,2,0,0.0227,0,0,0,0
TCK-005646,59,9,1,0,0.0204,0,0,0,0
TCK-005647,56,10,1,0,0.0217,0,0,0,0
TCK-005648,54,10,0,0,0.0233,0,0,0,0
TCK-005649,45,8,0,0,0.027,0,0,0,0
TCK-005650,61,10,0,0,0.02,1,0,0,1
TCK-005651,61,10,0,0,0.02,1,0,0,1
TCK-005652,64,9,0,0,0.037,1,0,0,0
TCK-005653,54,10,0,0,0.0233,0,0,0,0
TCK-005654,59,10,0,0,0.0204,1,0,0,1
TCK-005655,56,10,1,0,0.0217,0,0,0,0
TCK-005656,46,9,0,0,0.0303,2,0,0,1
TCK-005657,57,9,1,0,0.0208,0,0,0,0
TCK-005658,74,12,0,0,0.0328,1,0,0,0
TCK-005659,59,9,1,0,0.0204,0,0,0,0
TCK-005660,161,25,2,0,0.0227,0,0,0,0
TCK-005661,165,27,0,0,0.0224,2,0,1,0
TCK-005662,56,10,1,0,0.0217,0,0,0,0
TCK-005663,46,9,0,0,0.0303,2,0,0,1
TCK-005664,151,27,0,0,0.025,0,0,0,0
TCK-005665,149,25,0,0,0.0246,0,0,0,0
TCK-005666,171,25,0,0,0.0352,2,0,0,0
TCK-005667,61,11,0,0,0.0408,0,0,0,1
TCK-005668,54,10,0,0,0.0233,0,0,0,0
TCK-005669,100,18,0,0,0.025,0,0,0,0
TCK-005670,161,25,2,0,0.0227,0,0,0,0
TCK-005671,56,11,0,0,0.0222,0,0,0,0
TCK-005672,59,9,1,0,0.0204,0,0,0,0
TCK-005673,59,10,0,0,0.0204,1,0,0,1
TCK-005674,40,7,0,0,0.0303,0,0,0,0
TCK-005675,198,35,0,1,0.0252,1,0,0,0
TCK-005676,62,11,0,0,0.02,1,1,0,0
TCK-005677,56,10,1,0,0.0217,0,0,0,0
TCK-005678,56,10,1,0,0.0217,0,0,0,0
TCK-005679,59,10,0,0,0.0204,1,0,0,1
TCK-005680,59,10,0,0,0.0204,1,0,0,1
TCK-005681,99,17,0,0,0.025,0,0,0,0
TCK-005682,61,10,0,0,0.02,1,0,1,0
TCK-005683,61,11,0,0,0.0408,0,0,0,1
TCK-005684,57,10,1,0,0.0213,0,0,0,0
TCK-005685,57,10,1,0,0.0213,0,0,0,0
TCK-005686,56,10,1,0,0.0217,0,0,0,0
TCK-005687,55,10,0,0,0.0222,0,0,0,0
TCK-005688,64,12,0,0,0.0192,0,0,0,0
TCK-005689,61,10,0,0,0.02,1,0,0,1
TCK-005690,149,25,0,0,0.0246,0,0,0,0
TCK-005691,45,8,0,0,0.027,0,0,0,0
TCK-005692,101,18,1,1,0.0247,1,0,0,0
TCK-005693,55,10,0,0,0.0222,0,0,0,0
TCK-005694,97,16,0,0,0.0253,0,0,0,0
TCK-005695,59,10,0,0,0.0204,1,0,0,1
TCK-005696,45,8,0,0,0.027,0,0,0,0
TCK-005697,45,8,0,0,0.027,0,0,0,0
TCK-005698,199,34,2,0,0.0248,0,0,0,0
TCK-005699,59,10,0,0,0.0204,1,0,0,1
TCK-005700,153,23,0,0,0.0547,0,0,0,0
TCK-005701,98,14,0,0,0.0366,2,0,0,0
TCK-005702,61,10,0,0,0.02,1,0,1,0
TCK-005703,153,23,0,0,0.0238,2,0,1,0
TCK-005704,161,27,0,0,0.0227,2,0,0,1
TCK-005705,153,23,0,0,0.0238,2,0,1,0
TCK-005706,202,35,2,1,0.0245,1,0,0,0
TCK-005707,61,10,0,0,0.02,1,0,1,0
TCK-005708,57,9,1,0,0.0208,0,0,0,0
TCK-005709,59,10,0,0,0.0204,1,0,0,1
TCK-005710,91,17,0,1,0.0294,3,0,0,1
TCK-005711,56,11,0,0,0.0222,0,0,0,0
TCK-005712,59,9,1,0,0.0204,0,0,0,0
TCK-005713,51,8,0,0,0.0233,1,0,0,1
TCK-005714,54,10,0,0,0.0233,0,0,0,0
TCK-005715,61,11,0,0,0.0408,0,0,0,1
TCK-005716,56,10,1,0,0.0217,0,0,0,0
TCK-005717,108,19,0,0,0.023,0,0,0,0
TCK-005718,56,10,1,0,0.0217,0,0,0,0
TCK-005719,157,27,2,0,0.0234,0,0,0,0
TCK-005720,99,15,0,0,0.0488,0,0,0,0
TCK-005721,56,11,0,0,0.0222,0,0,0,0
TCK-005722,55,10,0,0,0.0222,0,0,0,0
TCK-005723,59,10,0,0,0.0204,1,0,0,1
TCK-005724,55,10,0,0,0.0222,0,0,0,0
TCK-005725,45,8,0,0,0.027,0,0,0,0
TCK-005726,56,11,0,0,0.0222,0,0,0,0
TCK-005727,106,19,0,1,0.0357,1,0,0,1
TCK-005728,167,29,0,0,0.0224,2,1,0,0
TCK-005729,96,16,0,1,0.0256,2,0,0,1
TCK-005730,61,11,0,0,0.0408,0,0,0,1
TCK-005731,45,8,0,0,0.027,0,0,0,0
TCK-005732,155,27,2,0,0.0238,0,0,0,0
TCK-005733,54,10,0,0,0.0233,0,0,0,0
TCK-005734,57,10,1,0,0.0213,0,0,0,0
TCK-005735,54,10,0,0,0.0233,0,0,0,0
TCK-005736,57,10,1,0,0.0213,0,0,0,0
TCK-005737,61,10,0,0,0.02,1,0,1,0
TCK-005738,53,9,0,0,0.0227,0,0,0,0
TCK-005739,59,10,0,0,0.0204,1,0,0,1
TCK-005740,51,8,0,0,0.0233,1,0,0,1
TCK-005741,55,8,0,0,0.0638,0,0,0,0
TCK-005742,165,29,0,0,0.0379,0,0,0,1
TCK-005743,183,30,0,0,0.0267,1,0,0,0
TCK-005744,59,10,0,0,0.0204,1,0,0,1
TCK-005745,183,30,0,0,0.0267,1,0,0,0
TCK-005746,62,11,0,0,0.02,1,1,0,0
TCK-005747,171,25,0,0,0.0352,2,0,0,0
TCK-005748,53,9,0,0,0.0227,0,0,0,0
TCK-005749,56,11,0,0,0.0222,0,0,0,0
TCK-005750,100,16,0,1,0.0488,1,0,0,0
TCK-005751,62,11,0,0,0.02,1,1,0,0
TCK-005752,56,10,1,0,0.0217,0,0,0,0
TCK-005753,62,11,0,0,0.02,1,1,0,0
TCK-005754,61,10,0,0,0.02,1,0,1,0
TCK-005755,57,10,1,0,0.0213,0,0,0,0
TCK-005756,55,10,0,0,0.0222,0,0,0,0
TCK-005757,153,27,0,0,0.0242,0,0,0,0
TCK-005758,55,10,0,0,0.0222,0,0,0,0
TCK-005759,155,29,0,0,0.0242,0,0,0,0
TCK-005760,56,10,1,0,0.0217,0,0,0,0
TCK-005761,51,8,0,0,0.0233,1,0,0,1
TCK-005762,40,7,0,0,0.0303,0,0,0,0
TCK-005763,59,10,0,0,0.0204,1,0,0,1
TCK-005764,95,15,0,0,0.0256,1,0,0,1
TCK-005765,167,28,0,0,0.0294,1,0,0,0
TCK-005766,57,10,1,0,0.0213,0,0,0,0
TCK-005767,56,10,1,0,0.0217,0,0,0,0
TCK-005768,64,9,0,0,0.037,1,0,0,0
TCK-005769,55,8,0,0,0.0638,0,0,0,0
TCK-005770,149,25,0,0,0.0246,0,0,0,0
TCK-005771,62,11,0,0,0.02,1,1,0,0
TCK-005772,64,12,0,0,0.0192,0,0,0,0
TCK-005773,40,7,0,0,0.0303,0,0,0,0
TCK-005774,87,14,0,0,0.0278,1,0,0,0
TCK-005775,57,10,1,0,0.0213,0,0,0,0
TCK-005776,123,21,0,0,0.03,0,0,0,0
TCK-005777,46,9,0,0,0.0303,2,0,0,1
TCK-005778,57,10,1,0,0.0213,0,0,0,0
TCK-005779,54,10,0,0,0.0233,0,0,0,0
TCK-005780,45,8,0,0,0.027,0,0,0,0
TCK-005781,55,8,0,0,0.0638,0,0,0,0
TCK-005782,57,9,1,0,0.0208,0,0,0,0
TCK-005783,56,10,1,0,0.0217,0,0,0,0
TCK-005784,145,23,0,0,0.025,2,0,0,1
TCK-005785,62,11,0,0,0.02,1,1,0,0
TCK-005786,55,8,0,0,0.0638,0,0,0,0
TCK-005787,55,8,0,0,0.0217,1,0,1,0
TCK-005788,57,10,1,0,0.0213,0,0,0,0
TCK-005789,149,25,0,0,0.0246,0,0,0,0
TCK-005790,56,11,0,0,0.0222,0,0,0,0
TCK-005791,149,25,0,0,0.0246,0,0,0,0
TCK-005792,59,10,0,0,0.0204,1,0,0,1
TCK-005793,61,10,0,0,0.02,1,0,1,0
TCK-005794,57,10,1,0,0.0213,0,0,0,0
TCK-005795,209,34,0,0,0.0237,2,0,0,1
TCK-005796,123,21,0,0,0.03,0,0,0,0
TCK-005797,151,27,0,0,0.025,0,0,0,0
TCK-005798,171,31,0,0,0.0217,0,0,0,0
TCK-005799,64,12,0,0,0.0192,0,0,0,0
TCK-005800,64,12,0,0,0.0192,0,0,0,0
TCK-005801,61,10,0,0,0.02,1,0,1,0
TCK-005802,45,8,0,0,0.027,0,0,0,0
TCK-005803,57,9,1,0,0.0208,0,0,0,0
TCK-005804,167,29,0,0,0.0224,2,1,0,0
TCK-005805,61,10,0,0,0.02,1,0,1,0
TCK-005806,157,25,2,0,0.0231,0,0,0,0
TCK-005807,61,11,0,0,0.0408,0,0,0,1
TCK-005808,55,8,0,0,0.0638,0,0,0,0
TCK-005809,149,25,0,0,0.0246,0,0,0,0
TCK-005810,80,14,0,0,0.0328,3,0,0,1
TCK-005811,56,10,1,0,0.0217,0,0,0,0
TCK-005812,57,10,1,0,0.0213,0,0,0,0
TCK-005813,61,10,0,0,0.02,1,0,0,1
TCK-005814,45,8,0,0,0.027,0,0,0,0
TCK-005815,56,11,0,0,0.0222,0,0,0,0
TCK-005816,56,10,1,0,0.0217,0,0,0,0
TCK-005817,103,16,1,0,0.0238,0,0,0,0
TCK-005818,55,8,0,0,0.0638,0,0,0,0
TCK-005819,51,8,0,0,0.0233,1,0,0,1
TCK-005820,54,10,0,0,0.0233,0,0,0,0
TCK-005821,64,9,0,0,0.037,1,0,0,0
TCK-005822,45,8,0,0,0.027,0,0,0,0
TCK-005823,55,10,0,0,0.0222,0,0,0,0
TCK-005824,46,9,0,0,0.0303,2,0,0,1
TCK-005825,171,25,0,0,0.0352,2,0,0,0
TCK-005826,55,10,0,0,0.0222,0,0,0,0
TCK-005827,56,11,0,0,0.0222,0,0,0,0
TCK-005828,57,10,1,0,0.0213,0,0,0,0
TCK-005829,61,11,0,0,0.0408,0,0,0,1
TCK-005830,90,16,0,0,0.0294,2,0,0,1
TCK-005831,56,11,0,0,0.0222,0,0,0,0
TCK-005832,106,18,0,0,0.0235,1,1,0,0
TCK-005833,56,10,1,0,0.0217,0,0,0,0
TCK-005834,55,10,0,0,0.0222,0,0,0,0
TCK-005835,61,11,0,0,0.0408,0,0,0,1
TCK-005836,56,10,1,0,0.0217,0,0,0,0
TCK-005837,55,8,0,0,0.0638,0,0,0,0
TCK-005838,201,34,0,0,0.0247,3,1,0,0
TCK-005839,85,13,0,0,0.0282,2,0,0,1
TCK-005840,55,8,0,0,0.0638,0,0,0,0
TCK-005841,61,11,0,0,0.0408,0,0,0,1
TCK-005842,55,8,0,0,0.0217,1,0,1,0
TCK-005843,54,10,0,0,0.0233,0,0,0,0
TCK-005844,57,10,1,0,0.0213,0,0,0,0
TCK-005845,61,10,0,0,0.02,1,0,0,1
TCK-005846,61,10,0,0,0.02,1,0,0,1
TCK-005847,51,8,0,0,0.0233,1,0,0,1
TCK-005848,61,11,0,0,0.0408,0,0,0,1
TCK-005849,59,10,0,0,0.0204,1,0,0,1
TCK-005850,95,15,0,0,0.0256,2,0,1,0
TCK-005851,45,8,0,0,0.027,0,0,0,0
TCK-005852,56,10,1,0,0.0217,0,0,0,0
TCK-005853,54,10,0,0,0.0233,0,0,0,0
TCK-005854,64,9,0,0,0.037,1,0,0,0
TCK-005855,55,8,0,0,0.0638,0,0,0,0
TCK-005856,62,11,0,0,0.02,1,1,0,0
TCK-005857,54,10,0,0,0.0233,0,0,0,0
TCK-005858,59,10,0,0,0.0204,1,0,0,1
TCK-005859,55,10,0,0,0.0222,0,0,0,0
TCK-005860,54,10,0,0,0.0233,0,0,0,0
TCK-005861,61,10,0,0,0.02,1,0,1,0
TCK-005862,54,10,0,0,0.0233,0,0,0,0
TCK-005863,64,12,0,0,0.0192,0,0,0,0
TCK-005864,54,10,0,0,0.0233,0,0,0,0
TCK-005865,56,11,0,0,0.0222,0,0,0,0
TCK-005866,64,9,0,0,0.037,1,0,0,0
TCK-005867,61,11,0,0,0.0408,0,0,0,1
TCK-005868,198,31,0,1,0.0248,3,0,1,0
TCK-005869,51,8,0,0,0.0233,1,0,0,1
TCK-005870,54,10,0,0,0.0233,0,0,0,0
TCK-005871,59,10,0,0,0.0204,1,0,0,1
TCK-005872,53,9,0,0,0.0227,0,0,0,0
TCK-005873,153,23,0,0,0.0547,0,0,0,0
TCK-005874,55,10,0,0,0.0222,0,0,0,0
TCK-005875,61,10,0,0,0.02,1,0,1,0
TCK-005876,161,27,0,0,0.0227,2,0,0,1
TCK-005877,61,11,0,0,0.0408,0,0,0,1
TCK-005878,64,12,0,0,0.0192,0,0,0,0
TCK-005879,109,20,0,1,0.023,1,0,0,0
TCK-005880,171,31,0,0,0.0217,0,0,0,0
TCK-005881,56,11,0,0,0.0222,0,0,0,0
TCK-005882,61,10,0,0,0.02,1,0,0,1
TCK-005883,59,9,1,0,0.0204,0,0,0,0
TCK-005884,56,11,0,0,0.0222,0,0,0,0
TCK-005885,61,11,0,0,0.0408,0,0,0,1
TCK-005886,59,9,1,0,0.0204,0,0,0,0
TCK-005887,64,9,0,0,0.037,1,0,0,0
TCK-005888,151,27,0,0,0.025,0,0,0,0
TCK-005889,51,8,0,0,0.0233,1,0,0,1
TCK-005890,90,15,1,0,0.027,1,0,0,0
TCK-005891,98,17,0,0,0.025,1,0,0,0
TCK-005892,101,19,0,1,0.025,1,0,0,0
TCK-005893,101,17,1,0,0.0244,0,0,0,0
TCK-005894,200,37,0,1,0.0252,1,0,0,0
TCK-005895,59,9,1,0,0.0204,0,0,0,0
TCK-005896,64,12,0,0,0.0192,0,0,0,0
TCK-005897,59,9,1,0,0.0204,0,0,0,0
TCK-005898,40,7,0,0,0.0303,0,0,0,0
TCK-005899,57,10,1,0,0.0213,0,0,0,0
TCK-005900,59,10,0,0,0.0204,1,0,0,1
TCK-005901,54,10,0,0,0.0233,0,0,0,0
TCK-005902,54,10,0,0,0.0233,0,0,0,0
TCK-005903,61,10,0,0,0.02,1,0,1,0
TCK-005904,53,9,0,0,0.0227,0,0,0,0
TCK-005905,55,8,0,0,0.0217,1,0,1,0
TCK-005906,101,18,1,1,0.0247,1,0,0,0
TCK-005907,59,10,0,0,0.0204,1,0,0,1
TCK-005908,165,27,0,0,0.0224,2,0,1,0
TCK-005909,145,23,0,0,0.025,2,0,0,1
TCK-005910,64,12,0,0,0.0192,0,0,0,0
TCK-005911,64,12,0,0,0.0192,0,0,0,0
TCK-005912,59,10,0,0,0.0204,1,0,0,1
TCK-005913,55,10,0,0,0.0222,0,0,0,0
TCK-005914,155,27,2,0,0.0238,0,0,0,0
TCK-005915,161,27,0,0,0.0227,2,0,0,1
TCK-005916,59,10,0,0,0.0204,1,0,0,1
TCK-005917,45,8,0,0,0.027,0,0,0,0
TCK-005918,90,16,0,1,0.0278,1,0,0,0
TCK-005919,155,29,0,0,0.0242,0,0,0,0
TCK-005920,51,8,0,0,0.0233,1,0,0,1
TCK-005921,40,7,0,0,0.0303,0,0,0,0
TCK-005922,133,23,0,0,0.0278,0,0,0,0
TCK-005923,53,9,0,0,0.0227,0,0,0,0
TCK-005924,64,12,0,0,0.0192,0,0,0,0
TCK-005925,64,12,0,0,0.0192,0,0,0,0
TCK-005926,54,10,0,0,0.0233,0,0,0,0
TCK-005927,61,11,0,0,0.0408,0,0,0,1
TCK-005928,64,12,0,0,0.0192,0,0,0,0
TCK-005929,55,8,0,0,0.0217,1,0,1,0
TCK-005930,161,25,2,0,0.0227,0,0,0,0
TCK-005931,165,27,0,0,0.0224,2,0,1,0
TCK-005932,57,9,1,0,0.0208,0,0,0,0
TCK-005933,165,27,0,0,0.0224,2,0,0,1
TCK-005934,89,13,0,0,0.0533,1,0,0,0
TCK-005935,40,7,0,0,0.0303,0,0,0,0
TCK-005936,61,10,0,0,0.02,1,0,1,0
TCK-005937,54,10,0,0,0.0233,0,0,0,0
TCK-005938,61,10,0,0,0.02,1,0,0,1
TCK-005939,100,18,0,1,0.025,1,0,0,0
TCK-005940,53,9,0,0,0.0227,0,0,0,0
TCK-005941,57,9,1,0,0.0208,0,0,0,0
TCK-005942,46,9,0,0,0.0303,2,0,0,1
TCK-005943,59,10,0,0,0.0204,1,0,0,1
TCK-005944,45,8,0,0,0.027,0,0,0,0
TCK-005945,64,9,0,0,0.037,1,0,0,0
TCK-005946,57,10,1,0,0.0213,0,0,0,0
TCK-005947,200,35,2,1,0.0248,1,0,0,0
TCK-005948,56,10,1,0,0.0217,0,0,0,0
TCK-005949,54,10,0,0,0.0233,0,0,0,0
TCK-005950,55,8,0,0,0.0217,1,0,1,0
TCK-005951,61,10,0,0,0.02,1,0,1,0
TCK-005952,64,12,0,0,0.0192,0,0,0,0
TCK-005953,55,10,0,0,0.0222,0,0,0,0
TCK-005954,57,9,1,0,0.0208,0,0,0,0
TCK-005955,45,8,0,0,0.027,0,0,0,0
TCK-005956,171,25,0,0,0.0352,2,0,0,0
TCK-005957,98,17,0,0,0.025,1,0,0,0
TCK-005958,56,11,0,0,0.0222,0,0,0,0
TCK-005959,59,9,1,0,0.0204,0,0,0,0
TCK-005960,57,9,1,0,0.0208,0,0,0,0
TCK-005961,153,23,0,0,0.0547,0,0,0,0
TCK-005962,56,10,1,0,0.0217,0,0,0,0
TCK-005963,53,9,0,0,0.0227,0,0,0,0
TCK-005964,61,10,0,0,0.02,1,0,0,1
TCK-005965,149,25,0,0,0.0246,0,0,0,0
TCK-005966,55,10,0,0,0.0222,0,0,0,0
TCK-005967,145,23,0,0,0.025,2,0,0,1
TCK-005968,64,12,0,0,0.0192,0,0,0,0
TCK-005969,56,10,1,0,0.0217,0,0,0,0
TCK-005970,161,27,0,0,0.0227,2,0,0,1
TCK-005971,54,10,0,0,0.0233,0,0,0,0
TCK-005972,85,13,0,0,0.0282,2,0,0,1
TCK-005973,53,9,0,0,0.0227,0,0,0,0
TCK-005974,149,25,0,0,0.0246,0,0,0,0
TCK-005975,145,23,0,0,0.025,2,0,0,1
TCK-005976,64,12,0,0,0.0192,0,0,0,0
TCK-005977,40,7,0,0,0.0303,0,0,0,0
TCK-005978,151,27,0,0,0.025,0,0,0,0
TCK-005979,56,11,0,0,0.0222,0,0,0,0
TCK-005980,155,29,0,0,0.0242,0,0,0,0
TCK-005981,62,11,0,0,0.02,1,1,0,0
TCK-005982,155,29,0,0,0.0242,0,0,0,0
TCK-005983,64,12,0,0,0.0192,0,0,0,0
TCK-005984,56,10,1,0,0.0217,0,0,0,0
TCK-005985,161,27,0,0,0.0227,2,0,0,1
TCK-005986,59,10,0,0,0.0204,1,0,0,1
TCK-005987,171,25,0,0,0.0352,2,0,0,0
TCK-005988,59,9,1,0,0.0204,0,0,0,0
TCK-005989,59,10,0,0,0.0204,1,0,0,1
TCK-005990,56,10,1,0,0.0217,0,0,0,0
TCK-005991,109,17,0,1,0.0337,2,0,0,0
TCK-005992,57,10,1,0,0.0213,0,0,0,0
TCK-005993,89,15,0,0,0.0274,1,0,0,0
TCK-005994,59,10,0,0,0.0204,1,0,0,1
TCK-005995,59,9,1,0,0.0204,0,0,0,0
TCK-005996,56,10,1,0,0.0217,0,0,0,0
TCK-005997,161,27,0,0,0.0227,2,0,0,1
TCK-005998,64,9,0,0,0.037,1,0,0,0
TCK-005999,64,12,0,0,0.0192,0,0,0,0
TCK-006000,55,10,0,0,0.0222,0,0,0,0
TCK-006001,55,8,0,0,0.0217,1,0,1,0
TCK-006002,55,8,0,0,0.0217,1,0,1,0
TCK-006003,64,12,0,0,0.0192,0,0,0,0
TCK-006004,55,10,0,0,0.0222,0,0,0,0
TCK-006005,64,12,0,0,0.0192,0,0,0,0
TCK-006006,100,18,0,0,0.025,0,0,0,0
TCK-006007,165,27,0,0,0.0224,2,0,0,1
TCK-006008,57,10,1,0,0.0213,0,0,0,0
TCK-006009,59,10,0,0,0.0204,1,0,0,1
TCK-006010,54,10,0,0,0.0233,0,0,0,0
TCK-006011,98,17,0,0,0.025,1,0,0,0
TCK-006012,55,10,0,0,0.0222,0,0,0,0
TCK-006013,135,25,0,0,0.03,4,0,0,1
TCK-006014,51,8,0,0,0.0233,1,0,0,1
TCK-006015,56,11,0,0,0.0222,0,0,0,0
TCK-006016,59,10,0,0,0.0204,1,0,0,1
TCK-006017,59,9,1,0,0.0204,0,0,0,0
TCK-006018,61,10,0,0,0.02,1,0,0,1
TCK-006019,46,9,0,0,0.0303,2,0,0,1
TCK-006020,59,10,0,0,0.0204,1,0,0,1
TCK-006021,100,18,0,0,0.025,0,0,0,0
TCK-006022,56,11,0,0,0.0222,0,0,0,0
TCK-006023,54,10,0,0,0.0233,0,0,0,0
TCK-006024,45,8,0,0,0.027,0,0,0,0
TCK-006025,59,10,0,0,0.0204,1,0,0,1
TCK-006026,57,10,1,0,0.0213,0,0,0,0
TCK-006027,62,11,0,0,0.02,1,1,0,0
TCK-006028,56,11,0,0,0.0222,0,0,0,0
TCK-006029,45,8,0,0,0.027,0,0,0,0
TCK-006030,151,27,0,0,0.025,0,0,0,0
TCK-006031,61,11,0,0,0.0408,0,0,0,1
TCK-006032,90,15,1,0,0.027,1,0,0,0
TCK-006033,57,10,1,0,0.0213,0,0,0,0
TCK-006034,106,19,0,1,0.0357,1,0,0,1
TCK-006035,53,9,0,0,0.0227,0,0,0,0
TCK-006036,64,9,0,0,0.037,1,0,0,0
TCK-006037,157,25,2,0,0.0231,0,0,0,0
TCK-006038,61,10,0,0,0.02,1,0,1,0
TCK-006039,51,8,0,0,0.0233,1,0,0,1
TCK-006040,62,11,0,0,0.02,1,1,0,0
TCK-006041,51,8,0,0,0.0233,1,0,0,1
TCK-006042,59,9,1,0,0.0204,0,0,0,0
TCK-006043,53,9,0,0,0.0227,0,0,0,0
TCK-006044,145,23,0,0,0.025,2,0,0,1
TCK-006045,55,10,0,0,0.0222,0,0,0,0
TCK-006046,59,9,1,0,0.0204,0,0,0,0
TCK-006047,51,8,0,0,0.0233,1,0,0,1
TCK-006048,51,8,0,0,0.0233,1,0,0,1
TCK-006049,40,7,0,0,0.0303,0,0,0,0
TCK-006050,155,27,2,0,0.0238,0,0,0,0
TCK-006051,54,10,0,0,0.0233,0,0,0,0
TCK-006052,59,10,0,0,0.0204,1,0,0,1
TCK-006053,56,11,0,0,0.0222,0,0,0,0
TCK-006054,57,9,1,0,0.0208,0,0,0,0
TCK-006055,53,9,0,0,0.0227,0,0,0,0
TCK-006056,171,31,0,0,0.0217,0,0,0,0
TCK-006057,109,17,0,1,0.0337,2,0,0,0
TCK-006058,171,25,0,0,0.0352,2,0,0,0
TCK-006059,171,25,0,0,0.0352,2,0,0,0
TCK-006060,61,10,0,0,0.02,1,0,0,1
TCK-006061,61,10,0,0,0.02,1,0,1,0
TCK-006062,55,10,0,0,0.0222,0,0,0,0
TCK-006063,59,9,1,0,0.0204,0,0,0,0
TCK-006064,55,8,0,0,0.0217,1,0,1,0
TCK-006065,59,9,1,0,0.0204,0,0,0,0
TCK-006066,133,23,0,0,0.0278,0,0,0,0
TCK-006067,46,9,0,0,0.0303,2,0,0,1
TCK-006068,56,10,1,0,0.0217,0,0,0,0
TCK-006069,95,15,0,0,0.0256,2,0,0,1
TCK-006070,46,9,0,0,0.0303,2,0,0,1
TCK-006071,61,10,0,0,0.02,1,0,0,1
TCK-006072,56,10,1,0,0.0217,0,0,0,0
TCK-006073,54,10,0,0,0.0233,0,0,0,0
TCK-006074,55,8,0,0,0.0638,0,0,0,0
TCK-006075,59,10,0,0,0.0204,1,0,0,1
TCK-006076,157,27,2,0,0.0234,0,0,0,0
TCK-006077,171,31,0,0,0.0217,0,0,0,0
TCK-006078,55,8,0,0,0.0217,1,0,1,0
TCK-006079,59,9,1,0,0.0204,0,0,0,0
TCK-006080,61,10,0,0,0.02,1,0,0,1
TCK-006081,161,25,2,0,0.0227,0,0,0,0
TCK-006082,59,10,0,0,0.0204,1,0,0,1
TCK-006083,59,10,0,0,0.0204,1,0,0,1
TCK-006084,46,9,0,0,0.0303,2,0,0,1
TCK-006085,59,9,1,0,0.0204,0,0,0,0
TCK-006086,53,9,0,0,0.0227,0,0,0,0
TCK-006087,57,9,1,0,0.0208,0,0,0,0
TCK-006088,57,10,1,0,0.0213,0,0,0,0
TCK-006089,95,15,0,0,0.0256,1,0,0,1
TCK-006090,64,12,0,0,0.0192,0,0,0,0
TCK-006091,88,15,0,0,0.0282,1,0,0,0
TCK-006092,55,10,0,0,0.0222,0,0,0,0
TCK-006093,51,8,0,0,0.0233,1,0,0,1
TCK-006094,64,12,0,0,0.0192,0,0,0,0
TCK-006095,64,9,0,0,0.037,1,0,0,0
TCK-006096,56,11,0,0,0.0222,0,0,0,0
TCK-006097,53,9,0,0,0.0227,0,0,0,0
TCK-006098,167,29,0,0,0.0224,2,1,0,0
TCK-006099,55,10,0,0,0.0222,0,0,0,0
TCK-006100,171,25,0,0,0.0352,2,0,0,0
TCK-006101,64,9,0,0,0.037,1,0,0,0
TCK-006102,96,16,0,0,0.0256,2,1,0,0
TCK-006103,46,9,0,0,0.0303,2,0,0,1
TCK-006104,91,15,1,0,0.0267,1,0,0,0
TCK-006105,167,29,0,0,0.0224,2,1,0,0
TCK-006106,155,27,2,0,0.0238,0,0,0,0
TCK-006107,56,10,1,0,0.0217,0,0,0,0
TCK-006108,46,9,0,0,0.0303,2,0,0,1
TCK-006109,55,10,0,0,0.0222,0,0,0,0
TCK-006110,61,10,0,0,0.02,1,0,0,1
TCK-006111,61,10,0,0,0.02,1,0,0,1
TCK-006112,64,12,0,0,0.0192,0,0,0,0
TCK-006113,46,9,0,0,0.0303,2,0,0,1
TCK-006114,51,8,0,0,0.0233,1,0,0,1
TCK-006115,59,10,0,0,0.0204,1,0,0,1
TCK-006116,165,27,0,0,0.0224,2,0,0,1
TCK-006117,157,25,2,0,0.0231,0,0,0,0
TCK-006118,57,10,1,0,0.0213,0,0,0,0
TCK-006119,155,29,0,0,0.0242,0,0,0,0
TCK-006120,57,10,1,0,0.0213,0,0,0,0
TCK-006121,161,27,0,0,0.0227,2,0,0,1
TCK-006122,64,9,0,0,0.037,1,0,0,0
TCK-006123,59,10,0,0,0.0204,1,0,0,1
TCK-006124,56,11,0,0,0.0222,0,0,0,0
TCK-006125,53,9,0,0,0.0227,0,0,0,0
TCK-006126,61,10,0,0,0.02,1,0,0,1
TCK-006127,55,8,0,0,0.0217,1,0,1,0
TCK-006128,55,8,0,0,0.0638,0,0,0,0
TCK-006129,61,10,0,0,0.02,1,0,0,1
TCK-006130,61,10,0,0,0.02,1,0,1,0
TCK-006131,135,25,0,0,0.03,4,0,0,1
TCK-006132,165,27,0,0,0.0224,2,0,0,1
TCK-006133,57,10,1,0,0.0213,0,0,0,0
TCK-006134,40,7,0,0,0.0303,0,0,0,0
TCK-006135,40,7,0,0,0.0303,0,0,0,0
TCK-006136,64,12,0,0,0.0192,0,0,0,0
TCK-006137,199,34,2,0,0.0248,0,0,0,0
TCK-006138,55,10,0,0,0.0222,0,0,0,0
TCK-006139,64,12,0,0,0.0192,0,0,0,0
TCK-006140,61,10,0,0,0.02,1,0,0,1
TCK-006141,62,11,0,0,0.02,1,1,0,0
TCK-006142,145,23,0,0,0.025,2,0,0,1
TCK-006143,59,9,1,0,0.0204,0,0,0,0
TCK-006144,101,18,1,1,0.0247,1,0,0,0
TCK-006145,59,9,1,0,0.0204,0,0,0,0
TCK-006146,155,27,2,0,0.0238,0,0,0,0
TCK-006147,64,12,0,0,0.0192,0,0,0,0
TCK-006148,59,9,1,0,0.0204,0,0,0,0
TCK-006149,55,8,0,0,0.0638,0,0,0,0
TCK-006150,46,9,0,0,0.0303,2,0,0,1
TCK-006151,55,10,0,0,0.0222,0,0,0,0
TCK-006152,55,8,0,0,0.0217,1,0,1,0
TCK-006153,55,8,0,0,0.0638,0,0,0,0
TCK-006154,45,8,0,0,0.027,0,0,0,0
TCK-006155,57,9,1,0,0.0208,0,0,0,0
TCK-006156,55,8,0,0,0.0638,0,0,0,0
TCK-006157,157,27,2,0,0.0234,0,0,0,0
TCK-006158,53,9,0,0,0.0227,0,0,0,0
TCK-006159,45,8,0,0,0.027,0,0,0,0
TCK-006160,61,10,0,0,0.02,1,0,1,0
TCK-006161,53,9,0,0,0.0227,0,0,0,0
TCK-006162,54,10,0,0,0.0233,0,0,0,0
TCK-006163,64,9,0,0,0.037,1,0,0,0
TCK-006164,55,10,0,0,0.0222,0,0,0,0
TCK-006165,61,11,0,0,0.0408,0,0,0,1
TCK-006166,61,10,0,0,0.02,1,0,0,1
TCK-006167,57,10,1,0,0.0213,0,0,0,0
TCK-006168,57,10,1,0,0.0213,0,0,0,0
TCK-006169,62,11,0,0,0.02,1,1,0,0
TCK-006170,59,10,0,0,0.0204,1,0,0,1
TCK-006171,153,23,0,0,0.0547,0,0,0,0
TCK-006172,56,11,0,0,0.0222,0,0,0,0
TCK-006173,59,10,0,0,0.0204,1,0,0,1
TCK-006174,51,8,0,0,0.0233,1,0,0,1
TCK-006175,61,10,0,0,0.02,1,0,0,1
TCK-006176,161,27,0,0,0.0227,2,0,0,1
TCK-006177,57,9,1,0,0.0208,0,0,0,0
TCK-006178,61,11,0,0,0.0408,0,0,0,1
TCK-006179,64,12,0,0,0.0192,0,0,0,0
TCK-006180,46,9,0,0,0.0303,2,0,0,1
TCK-006181,56,10,1,0,0.0217,0,0,0,0
TCK-006182,55,10,0,0,0.0222,0,0,0,0
TCK-006183,53,9,0,0,0.0227,0,0,0,0
TCK-006184,61,11,0,0,0.0408,0,0,0,1
TCK-006185,57,10,1,0,0.0213,0,0,0,0
TCK-006186,57,10,1,0,0.0213,0,0,0,0
TCK-006187,64,12,0,0,0.0192,0,0,0,0
TCK-006188,55,10,0,0,0.0222,0,0,0,0
TCK-006189,155,29,0,0,0.0242,0,0,0,0
TCK-006190,96,16,0,0,0.0256,2,1,0,0
TCK-006191,59,9,1,0,0.0204,0,0,0,0
TCK-006192,45,8,0,0,0.027,0,0,0,0
TCK-006193,54,10,0,0,0.0233,0,0,0,0
TCK-006194,55,8,0,0,0.0217,1,0,1,0
TCK-006195,55,10,0,0,0.0222,0,0,0,0
TCK-006196,64,9,0,0,0.037,1,0,0,0
TCK-006197,57,10,1,0,0.0213,0,0,0,0
TCK-006198,56,10,1,0,0.0217,0,0,0,0
TCK-006199,167,29,0,0,0.0224,2,1,0,0
TCK-006200,64,12,0,0,0.0192,0,0,0,0
TCK-006201,135,25,0,0,0.03,4,0,0,1
TCK-006202,153,27,0,0,0.0242,0,0,0,0
TCK-006203,61,11,0,0,0.0408,0,0,0,1
TCK-006204,55,10,0,0,0.0222,0,0,0,0
TCK-006205,56,10,1,0,0.0217,0,0,0,0
TCK-006206,135,25,0,0,0.03,4,0,0,1
TCK-006207,93,15,0,0,0.026,2,0,0,1
TCK-006208,61,10,0,0,0.02,1,0,0,1
TCK-006209,54,10,0,0,0.0233,0,0,0,0
TCK-006210,165,27,0,0,0.0224,2,0,1,0
TCK-006211,98,17,0,1,0.0253,1,0,0,0
TCK-006212,64,12,0,0,0.0192,0,0,0,0
TCK-006213,155,27,2,0,0.0238,0,0,0,0
TCK-006214,155,29,0,0,0.0242,0,0,0,0
TCK-006215,55,8,0,0,0.0217,1,0,1,0
TCK-006216,103,17,0,0,0.0238,1,0,0,1
TCK-006217,55,8,0,0,0.0217,1,0,1,0
TCK-006218,153,23,0,0,0.0547,0,0,0,0
TCK-006219,210,35,0,1,0.0237,3,0,0,1
TCK-006220,149,25,0,0,0.0246,0,0,0,0
TCK-006221,171,25,0,0,0.0352,2,0,0,0
TCK-006222,55,8,0,0,0.0638,0,0,0,0
TCK-006223,64,12,0,0,0.0192,0,0,0,0
TCK-006224,51,8,0,0,0.0233,1,0,0,1
TCK-006225,57,9,1,0,0.0208,0,0,0,0
TCK-006226,56,10,1,0,0.0217,0,0,0,0
TCK-006227,155,29,0,0,0.0242,0,0,0,0
TCK-006228,55,10,0,0,0.0222,0,0,0,0
TCK-006229,149,25,0,0,0.0246,0,0,0,0
TCK-006230,45,8,0,0,0.027,0,0,0,0
TCK-006231,53,9,0,0,0.0227,0,0,0,0
TCK-006232,56,11,0,0,0.0222,0,0,0,0
TCK-006233,61,11,0,0,0.0408,0,0,0,1
TCK-006234,61,10,0,0,0.02,1,0,1,0
TCK-006235,55,8,0,0,0.0638,0,0,0,0
TCK-006236,55,10,0,0,0.0222,0,0,0,0
TCK-006237,53,9,0,0,0.0227,0,0,0,0
TCK-006238,53,9,0,0,0.0227,0,0,0,0
TCK-006239,101,17,1,0,0.0244,0,0,0,0
TCK-006240,61,10,0,0,0.02,1,0,1,0
TCK-006241,54,10,0,0,0.0233,0,0,0,0
TCK-006242,46,9,0,0,0.0303,2,0,0,1
TCK-006243,89,15,0,0,0.0274,1,0,0,0
TCK-006244,55,10,0,0,0.0222,0,0,0,0
TCK-006245,61,10,0,0,0.02,1,0,1,0
TCK-006246,93,14,1,0,0.026,1,0,0,0
TCK-006247,59,10,0,0,0.0204,1,0,0,1
TCK-006248,55,10,0,0,0.0222,0,0,0,0
TCK-006249,45,8,0,0,0.027,0,0,0,0
TCK-006250,51,8,0,0,0.0233,1,0,0,1
TCK-006251,61,10,0,0,0.02,1,0,0,1
TCK-006252,56,11,0,0,0.0222,0,0,0,0
TCK-006253,55,8,0,0,0.0217,1,0,1,0
TCK-006254,55,8,0,0,0.0638,0,0,0,0
TCK-006255,64,9,0,0,0.037,1,0,0,0
TCK-006256,59,9,1,0,0.0204,0,0,0,0
TCK-006257,61,11,0,0,0.0408,0,0,0,1
TCK-006258,57,10,1,0,0.0213,0,0,0,0
TCK-006259,55,10,0,0,0.0222,0,0,0,0
TCK-006260,64,12,0,0,0.0192,0,0,0,0
TCK-006261,51,8,0,0,0.0233,1,0,0,1
TCK-006262,157,27,2,0,0.0234,0,0,0,0
TCK-006263,53,9,0,0,0.0227,0,0,0,0
TCK-006264,56,10,1,0,0.0217,0,0,0,0
TCK-006265,165,29,0,0,0.0379,0,0,0,1
TCK-006266,55,8,0,0,0.0638,0,0,0,0
TCK-006267,161,27,0,0,0.0227,2,0,0,1
TCK-006268,56,10,1,0,0.0217,0,0,0,0
TCK-006269,59,9,1,0,0.0204,0,0,0,0
TCK-006270,56,11,0,0,0.0222,0,0,0,0
TCK-006271,56,11,0,0,0.0222,0,0,0,0
TCK-006272,62,11,0,0,0.02,1,1,0,0
TCK-006273,64,9,0,0,0.037,1,0,0,0
TCK-006274,45,8,0,0,0.027,0,0,0,0
TCK-006275,55,10,0,0,0.0222,0,0,0,0
TCK-006276,165,27,0,0,0.0224,2,0,0,1
TCK-006277,64,12,0,0,0.0192,0,0,0,0
TCK-006278,145,23,0,0,0.025,2,0,0,1
TCK-006279,55,8,0,0,0.0217,1,0,1,0
TCK-006280,84,14,0,0,0.0294,0,0,0,0
TCK-006281,59,10,0,0,0.0204,1,0,0,1
TCK-006282,64,12,0,0,0.0192,0,0,0,0
TCK-006283,56,11,0,0,0.0222,0,0,0,0
TCK-006284,46,9,0,0,0.0303,2,0,0,1
TCK-006285,171,31,0,0,0.0217,0,0,0,0
TCK-006286,56,11,0,0,0.0222,0,0,0,0
TCK-006287,57,9,1,0,0.0208,0,0,0,0
TCK-006288,57,10,1,0,0.0213,0,0,0,0
TCK-006289,56,11,0,0,0.0222,0,0,0,0
TCK-006290,56,10,1,0,0.0217,0,0,0,0
TCK-006291,64,12,0,0,0.0192,0,0,0,0
TCK-006292,165,27,0,0,0.0224,2,0,0,1
TCK-006293,64,9,0,0,0.037,1,0,0,0
TCK-006294,55,10,0,0,0.0222,0,0,0,0
TCK-006295,153,23,0,0,0.0238,2,0,1,0
TCK-006296,87,14,0,0,0.0278,1,0,0,0
TCK-006297,56,10,1,0,0.0217,0,0,0,0
TCK-006298,171,31,0,0,0.0217,0,0,0,0
TCK-006299,153,23,0,0,0.0547,0,0,0,0
TCK-006300,45,8,0,0,0.027,0,0,0,0
TCK-006301,61,11,0,0,0.0408,0,0,0,1
TCK-006302,62,11,0,0,0.02,1,1,0,0
TCK-006303,55,10,0,0,0.0222,0,0,0,0
TCK-006304,64,12,0,0,0.0192,0,0,0,0
TCK-006305,51,8,0,0,0.0233,1,0,0,1
TCK-006306,55,8,0,0,0.0217,1,0,1,0
TCK-006307,161,27,0,0,0.0227,2,0,0,1
TCK-006308,45,8,0,0,0.027,0,0,0,0
TCK-006309,155,29,0,0,0.0242,0,0,0,0
TCK-006310,155,27,2,0,0.0238,0,0,0,0
TCK-006311,59,10,0,0,0.0204,1,0,0,1
TCK-006312,46,9,0,0,0.0303,2,0,0,1
TCK-006313,55,8,0,0,0.0638,0,0,0,0
TCK-006314,61,10,0,0,0.02,1,0,0,1
TCK-006315,64,12,0,0,0.0192,0,0,0,0
TCK-006316,55,10,0,0,0.0222,0,0,0,0
TCK-006317,55,8,0,0,0.0217,1,0,1,0
TCK-006318,95,15,0,0,0.0256,2,0,0,1
TCK-006319,61,10,0,0,0.02,1,0,1,0
TCK-006320,56,11,0,0,0.0222,0,0,0,0
TCK-006321,59,9,1,0,0.0204,0,0,0,0
TCK-006322,55,8,0,0,0.0638,0,0,0,0
TCK-006323,161,27,0,0,0.0227,2,0,0,1
TCK-006324,55,8,0,0,0.0217,1,0,1,0
TCK-006325,171,25,0,0,0.0352,2,0,0,0
TCK-006326,106,18,0,0,0.0235,1,1,0,0
TCK-006327,53,9,0,0,0.0227,0,0,0,0
TCK-006328,64,9,0,0,0.037,1,0,0,0
TCK-006329,40,7,0,0,0.0303,0,0,0,0
TCK-006330,55,10,0,0,0.0222,0,0,0,0
TCK-006331,145,23,0,0,0.025,2,0,0,1
TCK-006332,151,27,0,0,0.025,0,0,0,0
TCK-006333,53,9,0,0,0.0227,0,0,0,0
TCK-006334,56,10,1,0,0.0217,0,0,0,0
TCK-006335,157,27,2,0,0.0234,0,0,0,0
TCK-006336,61,10,0,0,0.02,1,0,0,1
TCK-006337,56,10,1,0,0.0217,0,0,0,0
TCK-006338,40,7,0,0,0.0303,0,0,0,0
TCK-006339,64,12,0,0,0.0192,0,0,0,0
TCK-006340,59,10,0,0,0.0204,1,0,0,1
TCK-006341,56,10,1,0,0.0217,0,0,0,0
TCK-006342,56,11,0,0,0.0222,0,0,0,0
TCK-006343,59,9,1,0,0.0204,0,0,0,0
TCK-006344,61,10,0,0,0.02,1,0,0,1
TCK-006345,62,11,0,0,0.02,1,1,0,0
TCK-006346,171,31,0,0,0.0217,0,0,0,0
TCK-006347,57,9,1,0,0.0208,0,0,0,0
TCK-006348,59,10,0,0,0.0204,1,0,0,1
TCK-006349,153,23,0,0,0.0238,2,0,1,0
TCK-006350,157,27,2,0,0.0234,0,0,0,0
TCK-006351,46,9,0,0,0.0303,2,0,0,1
TCK-006352,55,10,0,0,0.0222,0,0,0,0
TCK-006353,64,9,0,0,0.037,1,0,0,0
TCK-006354,45,8,0,0,0.027,0,0,0,0
TCK-006355,46,9,0,0,0.0303,2,0,0,1
TCK-006356,61,10,0,0,0.02,1,0,1,0
TCK-006357,90,16,0,1,0.0278,1,0,0,0
TCK-006358,157,25,2,0,0.0231,0,0,0,0
TCK-006359,59,9,1,0,0.0204,0,0,0,0
TCK-006360,61,11,0,0,0.0408,0,0,0,1
TCK-006361,56,11,0,0,0.0222,0,0,0,0
TCK-006362,59,10,0,0,0.0204,1,0,0,1
TCK-006363,171,25,0,0,0.0352,2,0,0,0
TCK-006364,53,9,0,0,0.0227,0,0,0,0
TCK-006365,153,27,0,0,0.0242,0,0,0,0
TCK-006366,55,10,0,0,0.0222,0,0,0,0
TCK-006367,64,12,0,0,0.0192,0,0,0,0
TCK-006368,64,9,0,0,0.037,1,0,0,0
TCK-006369,62,11,0,0,0.02,1,1,0,0
TCK-006370,55,10,0,0,0.0222,0,0,0,0
TCK-006371,62,11,0,0,0.02,1,1,0,0
TCK-006372,56,11,0,0,0.0222,0,0,0,0
TCK-006373,53,9,0,0,0.0227,0,0,0,0
TCK-006374,55,10,0,0,0.0222,0,0,0,0
TCK-006375,61,11,0,0,0.0408,0,0,0,1
TCK-006376,62,11,0,0,0.02,1,1,0,0
TCK-006377,55,8,0,0,0.0638,0,0,0,0
TCK-006378,215,32,0,0,0.0339,2,0,0,0
TCK-006379,91,17,0,1,0.0294,3,0,0,1
TCK-006380,206,35,0,1,0.024,3,0,0,1
TCK-006381,54,10,0,0,0.0233,0,0,0,0
TCK-006382,57,9,1,0,0.0208,0,0,0,0
TCK-006383,57,9,1,0,0.0208,0,0,0,0
TCK-006384,64,9,0,0,0.037,1,0,0,0
TCK-006385,55,10,0,0,0.0222,0,0,0,0
TCK-006386,54,10,0,0,0.0233,0,0,0,0
TCK-006387,55,8,0,0,0.0217,1,0,1,0
TCK-006388,53,9,0,0,0.0227,0,0,0,0
TCK-006389,59,10,0,0,0.0204,1,0,0,1
TCK-006390,161,27,0,0,0.0227,2,0,0,1
TCK-006391,61,11,0,0,0.0408,0,0,0,1
TCK-006392,59,10,0,0,0.0204,1,0,0,1
TCK-006393,54,10,0,0,0.0233,0,0,0,0
TCK-006394,105,17,0,0,0.0235,1,0,1,0
TCK-006395,62,11,0,0,0.02,1,1,0,0
TCK-006396,55,10,0,0,0.0222,0,0,0,0
TCK-006397,59,9,1,0,0.0204,0,0,0,0
TCK-006398,55,8,0,0,0.0217,1,0,1,0
TCK-006399,155,29,0,0,0.0242,0,0,0,0
TCK-006400,165,27,0,0,0.0224,2,0,1,0
TCK-006401,57,10,1,0,0.0213,0,0,0,0
TCK-006402,45,8,0,0,0.027,0,0,0,0
TCK-006403,89,15,0,0,0.0274,1,0,0,0
TCK-006404,56,11,0,0,0.0222,0,0,0,0
TCK-006405,61,10,0,0,0.02,1,0,1,0
TCK-006406,106,18,0,1,0.0235,2,0,0,1
TCK-006407,57,10,1,0,0.0213,0,0,0,0
TCK-006408,61,10,0,0,0.02,1,0,1,0
TCK-006409,51,8,0,0,0.0233,1,0,0,1
TCK-006410,57,10,1,0,0.0213,0,0,0,0
TCK-006411,55,8,0,0,0.0638,0,0,0,0
TCK-006412,54,10,0,0,0.0233,0,0,0,0
TCK-006413,46,9,0,0,0.0303,2,0,0,1
TCK-006414,61,10,0,0,0.02,1,0,0,1
TCK-006415,55,10,0,0,0.0222,0,0,0,0
TCK-006416,51,8,0,0,0.0233,1,0,0,1
TCK-006417,61,11,0,0,0.0408,0,0,0,1
TCK-006418,61,10,0,0,0.02,1,0,0,1
TCK-006419,171,25,0,0,0.0352,2,0,0,0
TCK-006420,61,10,0,0,0.02,1,0,0,1
TCK-006421,40,7,0,0,0.0303,0,0,0,0
TCK-006422,62,11,0,0,0.02,1,1,0,0
TCK-006423,153,27,0,0,0.0242,0,0,0,0
TCK-006424,105,17,0,0,0.0235,1,0,1,0
TCK-006425,155,27,2,0,0.0238,0,0,0,0
TCK-006426,57,10,1,0,0.0213,0,0,0,0
TCK-006427,61,10,0,0,0.02,1,0,1,0
TCK-006428,55,10,0,0,0.0222,0,0,0,0
TCK-006429,54,10,0,0,0.0233,0,0,0,0
TCK-006430,61,11,0,0,0.0408,0,0,0,1
TCK-006431,61,11,0,0,0.0408,0,0,0,1
TCK-006432,149,25,0,0,0.0246,0,0,0,0
TCK-006433,53,9,0,0,0.0227,0,0,0,0
TCK-006434,61,11,0,0,0.0408,0,0,0,1
TCK-006435,157,25,2,0,0.0231,0,0,0,0
TCK-006436,46,9,0,0,0.0303,2,0,0,1
TCK-006437,55,10,0,0,0.0222,0,0,0,0
TCK-006438,55,10,0,0,0.0222,0,0,0,0
TCK-006439,40,7,0,0,0.0303,0,0,0,0
TCK-006440,54,10,0,0,0.0233,0,0,0,0
TCK-006441,90,16,0,1,0.0278,1,0,0,0
TCK-006442,61,11,0,0,0.0408,0,0,0,1
TCK-006443,64,12,0,0,0.0192,0,0,0,0
TCK-006444,59,9,1,0,0.0204,0,0,0,0
TCK-006445,108,16,0,0,0.0337,1,0,0,0
TCK-006446,55,8,0,0,0.0217,1,0,1,0
TCK-006447,56,11,0,0,0.0222,0,0,0,0
TCK-006448,45,8,0,0,0.027,0,0,0,0
TCK-006449,59,9,1,0,0.0204,0,0,0,0
TCK-006450,55,10,0,0,0.0222,0,0,0,0
TCK-006451,103,17,0,0,0.0238,1,0,0,1
TCK-006452,40,7,0,0,0.0303,0,0,0,0
TCK-006453,54,10,0,0,0.0233,0,0,0,0
TCK-006454,56,11,0,0,0.0222,0,0,0,0
TCK-006455,151,27,0,0,0.025,0,0,0,0
TCK-006456,56,11,0,0,0.0222,0,0,0,0
TCK-006457,59,9,1,0,0.0204,0,0,0,0
TCK-006458,61,10,0,0,0.02,1,0,0,1
TCK-006459,101,17,1,0,0.0244,0,0,0,0
TCK-006460,61,10,0,0,0.02,1,0,1,0
TCK-006461,99,17,0,0,0.025,0,0,0,0
TCK-006462,57,10,1,0,0.0213,0,0,0,0
TCK-006463,161,27,0,0,0.0227,2,0,0,1
TCK-006464,53,9,0,0,0.0227,0,0,0,0
TCK-006465,61,11,0,0,0.0408,0,0,0,1
TCK-006466,53,9,0,0,0.0227,0,0,0,0
TCK-006467,64,9,0,0,0.037,1,0,0,0
TCK-006468,106,18,0,1,0.0235,2,0,0,1
TCK-006469,53,9,0,0,0.0227,0,0,0,0
TCK-006470,55,10,0,0,0.0222,0,0,0,0
TCK-006471,155,29,0,0,0.0242,0,0,0,0
TCK-006472,84,14,0,0,0.0294,0,0,0,0
TCK-006473,40,7,0,0,0.0303,0,0,0,0
TCK-006474,56,11,0,0,0.0222,0,0,0,0
TCK-006475,61,10,0,0,0.02,1,0,1,0
TCK-006476,191,30,2,0,0.0253,1,0,0,0
TCK-006477,55,8,0,0,0.0638,0,0,0,0
TCK-006478,40,7,0,0,0.0303,0,0,0,0
TCK-006479,59,10,0,0,0.0204,1,0,0,1
TCK-006480,40,7,0,0,0.0303,0,0,0,0
TCK-006481,55,8,0,0,0.0217,1,0,1,0
TCK-006482,64,9,0,0,0.037,1,0,0,0
TCK-006483,171,25,0,0,0.0352,2,0,0,0
TCK-006484,45,8,0,0,0.027,0,0,0,0
TCK-006485,133,23,0,0,0.0278,0,0,0,0
TCK-006486,157,27,2,0,0.0234,0,0,0,0
TCK-006487,61,10,0,0,0.02,1,0,0,1
TCK-006488,61,11,0,0,0.0408,0,0,0,1
TCK-006489,97,16,0,0,0.0253,0,0,0,0
TCK-006490,59,9,1,0,0.0204,0,0,0,0
TCK-006491,55,8,0,0,0.0217,1,0,1,0
TCK-006492,191,30,2,0,0.0253,1,0,0,0
TCK-006493,55,10,0,0,0.0222,0,0,0,0
TCK-006494,103,17,0,0,0.0238,1,0,0,1
TCK-006495,56,10,1,0,0.0217,0,0,0,0
TCK-006496,62,11,0,0,0.02,1,1,0,0
TCK-006497,46,9,0,0,0.0303,2,0,0,1
TCK-006498,57,9,1,0,0.0208,0,0,0,0
TCK-006499,165,27,0,0,0.0224,2,0,0,1
TCK-006500,56,10,1,0,0.0217,0,0,0,0
TCK-006501,56,11,0,0,0.0222,0,0,0,0
TCK-006502,56,11,0,0,0.0222,0,0,0,0
TCK-006503,161,27,0,0,0.0227,2,0,0,1
TCK-006504,55,10,0,0,0.0222,0,0,0,0
TCK-006505,89,13,0,0,0.027,2,0,1,0
TCK-006506,145,23,0,0,0.025,2,0,0,1
TCK-006507,61,11,0,0,0.0408,0,0,0,1
TCK-006508,56,10,1,0,0.0217,0,0,0,0
TCK-006509,165,27,0,0,0.0224,2,0,0,1
TCK-006510,59,10,0,0,0.0204,1,0,0,1
TCK-006511,55,10,0,0,0.0222,0,0,0,0
TCK-006512,64,9,0,0,0.037,1,0,0,0
TCK-006513,51,8,0,0,0.0233,1,0,0,1
TCK-006514,64,12,0,0,0.0192,0,0,0,0
TCK-006515,61,11,0,0,0.0408,0,0,0,1
TCK-006516,56,11,0,0,0.0222,0,0,0,0
TCK-006517,56,11,0,0,0.0222,0,0,0,0
TCK-006518,64,12,0,0,0.0192,0,0,0,0
TCK-006519,57,10,1,0,0.0213,0,0,0,0
TCK-006520,45,8,0,0,0.027,0,0,0,0
TCK-006521,98,17,0,1,0.0253,1,0,0,0
TCK-006522,153,27,0,0,0.0242,0,0,0,0
TCK-006523,59,10,0,0,0.0204,1,0,0,1
TCK-006524,54,10,0,0,0.0233,0,0,0,0
TCK-006525,59,9,1,0,0.0204,0,0,0,0
TCK-006526,61,10,0,0,0.02,1,0,1,0
TCK-006527,56,11,0,0,0.0222,0,0,0,0
TCK-006528,55,10,0,0,0.0222,0,0,0,0
TCK-006529,61,11,0,0,0.0408,0,0,0,1
TCK-006530,53,9,0,0,0.0227,0,0,0,0
TCK-006531,57,10,1,0,0.0213,0,0,0,0
TCK-006532,54,10,0,0,0.0233,0,0,0,0
TCK-006533,56,11,0,0,0.0222,0,0,0,0
TCK-006534,99,15,0,0,0.0247,1,0,1,0
TCK-006535,59,9,1,0,0.0204,0,0,0,0
TCK-006536,54,10,0,0,0.0233,0,0,0,0
TCK-006537,57,10,1,0,0.0213,0,0,0,0
TCK-006538,53,9,0,0,0.0227,0,0,0,0
TCK-006539,61,11,0,0,0.0408,0,0,0,1
TCK-006540,135,25,0,0,0.03,4,0,0,1
TCK-006541,157,27,2,0,0.0234,0,0,0,0
TCK-006542,45,8,0,0,0.027,0,0,0,0
TCK-006543,45,8,0,0,0.027,0,0,0,0
TCK-006544,56,11,0,0,0.0222,0,0,0,0
TCK-006545,55,10,0,0,0.0222,0,0,0,0
TCK-006546,57,10,1,0,0.0213,0,0,0,0
TCK-006547,55,10,0,0,0.0222,0,0,0,0
TCK-006548,56,10,1,0,0.0217,0,0,0,0
TCK-006549,153,23,0,0,0.0238,2,0,1,0
TCK-006550,161,27,0,0,0.0227,2,0,0,1
TCK-006551,57,9,1,0,0.0208,0,0,0,0
TCK-006552,61,11,0,0,0.0408,0,0,0,1
TCK-006553,59,9,1,0,0.0204,0,0,0,0
TCK-006554,151,27,0,0,0.025,0,0,0,0
TCK-006555,53,9,0,0,0.0227,0,0,0,0
TCK-006556,108,19,0,0,0.023,0,0,0,0
TCK-006557,157,27,2,0,0.0234,0,0,0,0
TCK-006558,57,9,1,0,0.0208,0,0,0,0
TCK-006559,40,7,0,0,0.0303,0,0,0,0
TCK-006560,61,11,0,0,0.0408,0,0,0,1
TCK-006561,59,10,0,0,0.0204,1,0,0,1
TCK-006562,56,10,1,0,0.0217,0,0,0,0
TCK-006563,56,10,1,0,0.0217,0,0,0,0
TCK-006564,107,19,0,1,0.0235,2,1,0,0
TCK-006565,54,10,0,0,0.0233,0,0,0,0
TCK-006566,62,11,0,0,0.02,1,1,0,0
TCK-006567,53,9,0,0,0.0227,0,0,0,0
TCK-006568,64,12,0,0,0.0192,0,0,0,0
TCK-006569,56,11,0,0,0.0222,0,0,0,0
TCK-006570,57,10,1,0,0.0213,0,0,0,0
TCK-006571,123,21,0,0,0.03,0,0,0,0
TCK-006572,64,12,0,0,0.0192,0,0,0,0
TCK-006573,64,12,0,0,0.0192,0,0,0,0
TCK-006574,171,31,0,0,0.0217,0,0,0,0
TCK-006575,64,9,0,0,0.037,1,0,0,0
TCK-006576,145,23,0,0,0.025,2,0,0,1
TCK-006577,59,9,1,0,0.0204,0,0,0,0
TCK-006578,155,29,0,0,0.0242,0,0,0,0
TCK-006579,55,8,0,0,0.0217,1,0,1,0
TCK-006580,56,10,1,0,0.0217,0,0,0,0
TCK-006581,55,10,0,0,0.0222,0,0,0,0
TCK-006582,45,8,0,0,0.027,0,0,0,0
TCK-006583,46,9,0,0,0.0303,2,0,0,1
TCK-006584,61,10,0,0,0.02,1,0,1,0
TCK-006585,61,10,0,0,0.02,1,0,0,1
TCK-006586,54,10,0,0,0.0233,0,0,0,0
TCK-006587,157,25,2,0,0.0231,0,0,0,0
TCK-006588,55,10,0,0,0.0222,0,0,0,0
TCK-006589,100,16,0,1,0.0247,2,0,1,0
TCK-006590,57,10,1,0,0.0213,0,0,0,0
TCK-006591,61,10,0,0,0.02,1,0,1,0
TCK-006592,57,9,1,0,0.0208,0,0,0,0
TCK-006593,167,29,0,0,0.0224,2,1,0,0
TCK-006594,56,10,1,0,0.0217,0,0,0,0
TCK-006595,54,10,0,0,0.0233,0,0,0,0
TCK-006596,57,9,1,0,0.0208,0,0,0,0
TCK-006597,61,11,0,0,0.0408,0,0,0,1
TCK-006598,56,11,0,0,0.0222,0,0,0,0
TCK-006599,59,10,0,0,0.0204,1,0,0,1
TCK-006600,40,7,0,0,0.0303,0,0,0,0
TCK-006601,62,11,0,0,0.02,1,1,0,0
TCK-006602,98,17,0,1,0.0253,1,0,0,0
TCK-006603,61,10,0,0,0.02,1,0,0,1
TCK-006604,64,12,0,0,0.0192,0,0,0,0
TCK-006605,133,23,0,0,0.0278,0,0,0,0
TCK-006606,55,8,0,0,0.0217,1,0,1,0
TCK-006607,56,11,0,0,0.0222,0,0,0,0
TCK-006608,100,17,1,0,0.0247,0,0,0,0
TCK-006609,53,9,0,0,0.0227,0,0,0,0
TCK-006610,93,14,1,0,0.026,1,0,0,0
TCK-006611,157,27,2,0,0.0234,0,0,0,0
TCK-006612,171,31,0,0,0.0217,0,0,0,0
TCK-006613,56,11,0,0,0.0222,0,0,0,0
TCK-006614,59,9,1,0,0.0204,0,0,0,0
TCK-006615,51,8,0,0,0.0233,1,0,0,1
TCK-006616,155,29,0,0,0.0242,0,0,0,0
TCK-006617,61,10,0,0,0.02,1,0,0,1
TCK-006618,95,15,0,0,0.0256,2,0,0,1
TCK-006619,108,16,0,0,0.0337,1,0,0,0
TCK-006620,55,10,0,0,0.0222,0,0,0,0
TCK-006621,145,23,0,0,0.025,2,0,0,1
TCK-006622,64,12,0,0,0.0192,0,0,0,0
TCK-006623,59,10,0,0,0.0204,1,0,0,1
TCK-006624,55,8,0,0,0.0217,1,0,1,0
TCK-006625,61,10,0,0,0.02,1,0,1,0
TCK-006626,165,27,0,0,0.0224,2,0,0,1
TCK-006627,56,10,1,0,0.0217,0,0,0,0
TCK-006628,56,10,1,0,0.0217,0,0,0,0
TCK-006629,45,8,0,0,0.027,0,0,0,0
TCK-006630,161,25,2,0,0.0227,0,0,0,0
TCK-006631,54,10,0,0,0.0233,0,0,0,0
TCK-006632,46,9,0,0,0.0303,2,0,0,1
TCK-006633,54,10,0,0,0.0233,0,0,0,0
TCK-006634,61,10,0,0,0.02,1,0,1,0
TCK-006635,55,8,0,0,0.0217,1,0,1,0
TCK-006636,62,11,0,0,0.02,1,1,0,0
TCK-006637,59,10,0,0,0.0204,1,0,0,1
TCK-006638,100,18,0,0,0.025,0,0,0,0
TCK-006639,55,10,0,0,0.0222,0,0,0,0
TCK-006640,55,8,0,0,0.0638,0,0,0,0
TCK-006641,45,8,0,0,0.027,0,0,0,0
TCK-006642,57,10,1,0,0.0213,0,0,0,0
TCK-006643,157,25,2,0,0.0231,0,0,0,0
TCK-006644,59,10,0,0,0.0204,1,0,0,1
TCK-006645,53,9,0,0,0.0227,0,0,0,0
TCK-006646,56,11,0,0,0.0222,0,0,0,0
TCK-006647,54,10,0,0,0.0233,0,0,0,0
TCK-006648,153,23,0,0,0.0238,2,0,1,0
TCK-006649,64,9,0,0,0.037,1,0,0,0
TCK-006650,57,10,1,0,0.0213,0,0,0,0
TCK-006651,59,10,0,0,0.0204,1,0,0,1
TCK-006652,59,10,0,0,0.0204,1,0,0,1
TCK-006653,59,10,0,0,0.0204,1,0,0,1
TCK-006654,53,9,0,0,0.0227,0,0,0,0
TCK-006655,61,11,0,0,0.0408,0,0,0,1
TCK-006656,55,8,0,0,0.0638,0,0,0,0
TCK-006657,56,10,1,0,0.0217,0,0,0,0
TCK-006658,91,14,1,0,0.0263,1,0,0,0
TCK-006659,167,29,0,0,0.0224,2,1,0,0
TCK-006660,53,9,0,0,0.0227,0,0,0,0
TCK-006661,64,12,0,0,0.0192,0,0,0,0
TCK-006662,64,12,0,0,0.0192,0,0,0,0
TCK-006663,57,10,1,0,0.0213,0,0,0,0
TCK-006664,61,10,0,0,0.02,1,0,1,0
TCK-006665,64,9,0,0,0.037,1,0,0,0
TCK-006666,59,9,1,0,0.0204,0,0,0,0
TCK-006667,133,23,0,0,0.0278,0,0,0,0
TCK-006668,53,9,0,0,0.0227,0,0,0,0
TCK-006669,64,9,0,0,0.037,1,0,0,0
TCK-006670,54,10,0,0,0.0233,0,0,0,0
TCK-006671,55,8,0,0,0.0217,1,0,1,0
TCK-006672,64,12,0,0,0.0192,0,0,0,0
TCK-006673,45,8,0,0,0.027,0,0,0,0
TCK-006674,165,27,0,0,0.0224,2,0,0,1
TCK-006675,46,9,0,0,0.0303,2,0,0,1
TCK-006676,56,10,1,0,0.0217,0,0,0,0
TCK-006677,64,12,0,0,0.0192,0,0,0,0
TCK-006678,46,9,0,0,0.0303,2,0,0,1
TCK-006679,51,8,0,0,0.0233,1,0,0,1
TCK-006680,64,9,0,0,0.037,1,0,0,0
TCK-006681,61,11,0,0,0.0408,0,0,0,1
TCK-006682,106,18,0,0,0.0235,1,1,0,0
TCK-006683,53,9,0,0,0.0227,0,0,0,0
TCK-006684,133,23,0,0,0.0278,0,0,0,0
TCK-006685,61,10,0,0,0.02,1,0,0,1
TCK-006686,59,10,0,0,0.0204,1,0,0,1
TCK-006687,40,7,0,0,0.0303,0,0,0,0
TCK-006688,62,11,0,0,0.02,1,1,0,0
TCK-006689,157,27,2,0,0.0234,0,0,0,0
TCK-006690,61,10,0,0,0.02,1,0,1,0
TCK-006691,171,31,0,0,0.0217,0,0,0,0
TCK-006692,56,11,0,0,0.0222,0,0,0,0
TCK-006693,55,8,0,0,0.0638,0,0,0,0
TCK-006694,103,17,0,0,0.0238,1,0,0,1
TCK-006695,101,19,0,1,0.025,1,0,0,0
TCK-006696,57,9,1,0,0.0208,0,0,0,0
TCK-006697,106,18,0,1,0.0235,2,0,0,1
TCK-006698,61,11,0,0,0.0408,0,0,0,1
TCK-006699,105,17,0,0,0.0235,1,0,1,0
TCK-006700,51,8,0,0,0.0233,1,0,0,1
TCK-006701,61,10,0,0,0.02,1,0,0,1
TCK-006702,51,8,0,0,0.0233,1,0,0,1
TCK-006703,55,10,0,0,0.0222,0,0,0,0
TCK-006704,56,10,1,0,0.0217,0,0,0,0
TCK-006705,55,8,0,0,0.0638,0,0,0,0
TCK-006706,59,9,1,0,0.0204,0,0,0,0
TCK-006707,157,26,0,0,0.0312,1,0,0,0
TCK-006708,45,8,0,0,0.027,0,0,0,0
TCK-006709,59,10,0,0,0.0204,1,0,0,1
TCK-006710,56,10,1,0,0.0217,0,0,0,0
TCK-006711,55,8,0,0,0.0217,1,0,1,0
TCK-006712,56,11,0,0,0.0222,0,0,0,0
TCK-006713,56,11,0,0,0.0222,0,0,0,0
TCK-006714,55,10,0,0,0.0222,0,0,0,0
TCK-006715,165,29,0,0,0.0379,0,0,0,1
TCK-006716,55,8,0,0,0.0638,0,0,0,0
TCK-006717,53,9,0,0,0.0227,0,0,0,0
TCK-006718,101,16,1,0,0.0241,0,0,0,0
TCK-006719,108,19,0,0,0.023,0,0,0,0
TCK-006720,40,7,0,0,0.0303,0,0,0,0
TCK-006721,98,17,0,1,0.0253,1,0,0,0
TCK-006722,61,10,0,0,0.02,1,0,0,1
TCK-006723,165,27,0,0,0.0224,2,0,0,1
TCK-006724,57,10,1,0,0.0213,0,0,0,0
TCK-006725,61,10,0,0,0.02,1,0,1,0
TCK-006726,62,11,0,0,0.02,1,1,0,0
TCK-006727,46,9,0,0,0.0303,2,0,0,1
TCK-006728,106,18,0,1,0.0235,2,0,1,0
TCK-006729,54,10,0,0,0.0233,0,0,0,0
TCK-006730,57,10,1,0,0.0213,0,0,0,0
TCK-006731,57,9,1,0,0.0208,0,0,0,0
TCK-006732,209,36,0,0,0.0359,0,0,0,1
TCK-006733,64,9,0,0,0.037,1,0,0,0
TCK-006734,56,11,0,0,0.0222,0,0,0,0
TCK-006735,59,10,0,0,0.0204,1,0,0,1
TCK-006736,55,8,0,0,0.0217,1,0,1,0
TCK-006737,40,7,0,0,0.0303,0,0,0,0
TCK-006738,135,25,0,0,0.03,4,0,0,1
TCK-006739,153,27,0,0,0.0242,0,0,0,0
TCK-006740,165,27,0,0,0.0224,2,0,1,0
TCK-006741,53,9,0,0,0.0227,0,0,0,0
TCK-006742,61,11,0,0,0.0408,0,0,0,1
TCK-006743,53,9,0,0,0.0227,0,0,0,0
TCK-006744,40,7,0,0,0.0303,0,0,0,0
TCK-006745,56,10,1,0,0.0217,0,0,0,0
TCK-006746,56,11,0,0,0.0222,0,0,0,0
TCK-006747,153,23,0,0,0.0238,2,0,1,0
TCK-006748,54,10,0,0,0.0233,0,0,0,0
TCK-006749,57,10,1,0,0.0213,0,0,0,0
TCK-006750,54,10,0,0,0.0233,0,0,0,0
TCK-006751,61,10,0,0,0.02,1,0,1,0
TCK-006752,161,27,0,0,0.0227,2,0,0,1
TCK-006753,153,23,0,0,0.0238,2,0,1,0
TCK-006754,90,16,0,0,0.0294,2,0,0,1
TCK-006755,61,10,0,0,0.02,1,0,0,1
TCK-006756,46,9,0,0,0.0303,2,0,0,1
TCK-006757,56,11,0,0,0.0222,0,0,0,0
TCK-006758,55,8,0,0,0.0217,1,0,1,0
TCK-006759,55,10,0,0,0.0222,0,0,0,0
TCK-006760,59,9,1,0,0.0204,0,0,0,0
TCK-006761,56,10,1,0,0.0217,0,0,0,0
TCK-006762,57,9,1,0,0.0208,0,0,0,0
TCK-006763,55,8,0,0,0.0638,0,0,0,0
TCK-006764,61,10,0,0,0.02,1,0,0,1
TCK-006765,61,10,0,0,0.02,1,0,1,0
TCK-006766,40,7,0,0,0.0303,0,0,0,0
TCK-006767,155,27,2,0,0.0238,0,0,0,0
TCK-006768,45,8,0,0,0.027,0,0,0,0
TCK-006769,106,19,0,1,0.0357,1,0,0,1
TCK-006770,133,23,0,0,0.0278,0,0,0,0
TCK-006771,106,19,0,1,0.0357,1,0,0,1
TCK-006772,45,8,0,0,0.027,0,0,0,0
TCK-006773,57,10,1,0,0.0213,0,0,0,0
TCK-006774,55,10,0,0,0.0222,0,0,0,0
TCK-006775,61,11,0,0,0.0408,0,0,0,1
TCK-006776,135,25,0,0,0.03,4,0,0,1
TCK-006777,153,23,0,0,0.0238,2,0,1,0
TCK-006778,57,10,1,0,0.0213,0,0,0,0
TCK-006779,59,9,1,0,0.0204,0,0,0,0
TCK-006780,56,10,1,0,0.0217,0,0,0,0
TCK-006781,56,11,0,0,0.0222,0,0,0,0
TCK-006782,46,9,0,0,0.0303,2,0,0,1
TCK-006783,64,9,0,0,0.037,1,0,0,0
TCK-006784,106,18,0,0,0.0235,1,1,0,0
TCK-006785,56,10,1,0,0.0217,0,0,0,0
TCK-006786,95,15,0,0,0.0256,1,0,0,1
TCK-006787,64,9,0,0,0.037,1,0,0,0
TCK-006788,54,10,0,0,0.0233,0,0,0,0
TCK-006789,61,10,0,0,0.02,1,0,0,1
TCK-006790,61,11,0,0,0.0408,0,0,0,1
TCK-006791,153,27,0,0,0.0242,0,0,0,0
TCK-006792,55,8,0,0,0.0638,0,0,0,0
TCK-006793,57,10,1,0,0.0213,0,0,0,0
TCK-006794,56,10,1,0,0.0217,0,0,0,0
TCK-006795,57,9,1,0,0.0208,0,0,0,0
TCK-006796,61,11,0,0,0.0408,0,0,0,1
TCK-006797,46,9,0,0,0.0303,2,0,0,1
TCK-006798,61,11,0,0,0.0408,0,0,0,1
TCK-006799,55,8,0,0,0.0638,0,0,0,0
TCK-006800,161,27,0,0,0.0227,2,0,0,1
TCK-006801,149,25,0,0,0.0246,0,0,0,0
TCK-006802,55,10,0,0,0.0222,0,0,0,0
TCK-006803,171,25,0,0,0.0352,2,0,0,0
TCK-006804,46,9,0,0,0.0303,2,0,0,1
TCK-006805,46,9,0,0,0.0303,2,0,0,1
TCK-006806,56,11,0,0,0.0222,0,0,0,0
TCK-006807,53,9,0,0,0.0227,0,0,0,0
TCK-006808,59,10,0,0,0.0204,1,0,0,1
TCK-006809,51,8,0,0,0.0233,1,0,0,1
TCK-006810,105,18,0,0,0.0357,0,0,0,1
TCK-006811,53,9,0,0,0.0227,0,0,0,0
TCK-006812,62,11,0,0,0.02,1,1,0,0
TCK-006813,145,23,0,0,0.025,2,0,0,1
TCK-006814,61,10,0,0,0.02,1,0,0,1
TCK-006815,51,8,0,0,0.0233,1,0,0,1
TCK-006816,135,25,0,0,0.03,4,0,0,1
TCK-006817,61,11,0,0,0.0408,0,0,0,1
TCK-006818,46,9,0,0,0.0303,2,0,0,1
TCK-006819,157,27,2,0,0.0234,0,0,0,0
TCK-006820,46,9,0,0,0.0303,2,0,0,1
TCK-006821,61,10,0,0,0.02,1,0,0,1
TCK-006822,40,7,0,0,0.0303,0,0,0,0
TCK-006823,64,12,0,0,0.0192,0,0,0,0
TCK-006824,64,9,0,0,0.037,1,0,0,0
TCK-006825,64,12,0,0,0.0192,0,0,0,0
TCK-006826,40,7,0,0,0.0303,0,0,0,0
TCK-006827,64,12,0,0,0.0192,0,0,0,0
TCK-006828,59,9,1,0,0.0204,0,0,0,0
TCK-006829,40,7,0,0,0.0303,0,0,0,0
TCK-006830,55,10,0,0,0.0222,0,0,0,0
TCK-006831,57,10,1,0,0.0213,0,0,0,0
TCK-006832,53,9,0,0,0.0227,0,0,0,0
TCK-006833,56,11,0,0,0.0222,0,0,0,0
TCK-006834,61,11,0,0,0.0408,0,0,0,1
TCK-006835,57,9,1,0,0.0208,0,0,0,0
TCK-006836,62,11,0,0,0.02,1,1,0,0
TCK-006837,54,10,0,0,0.0233,0,0,0,0
TCK-006838,64,12,0,0,0.0192,0,0,0,0
TCK-006839,45,8,0,0,0.027,0,0,0,0
TCK-006840,45,8,0,0,0.027,0,0,0,0
TCK-006841,40,7,0,0,0.0303,0,0,0,0
TCK-006842,57,10,1,0,0.0213,0,0,0,0
TCK-006843,171,25,0,0,0.0352,2,0,0,0
TCK-006844,61,11,0,0,0.0408,0,0,0,1
TCK-006845,51,8,0,0,0.0233,1,0,0,1
TCK-006846,64,12,0,0,0.0192,0,0,0,0
TCK-006847,57,9,1,0,0.0208,0,0,0,0
TCK-006848,62,11,0,0,0.02,1,1,0,0
TCK-006849,215,38,0,0,0.0231,0,0,0,0
TCK-006850,54,10,0,0,0.0233,0,0,0,0
TCK-006851,59,9,1,0,0.0204,0,0,0,0
TCK-006852,45,8,0,0,0.027,0,0,0,0
TCK-006853,51,8,0,0,0.0233,1,0,0,1
TCK-006854,74,12,0,0,0.0328,1,0,0,0
TCK-006855,55,10,0,0,0.0222,0,0,0,0
TCK-006856,55,8,0,0,0.0217,1,0,1,0
TCK-006857,57,9,1,0,0.0208,0,0,0,0
TCK-006858,89,15,0,0,0.0274,1,0,0,0
TCK-006859,57,9,1,0,0.0208,0,0,0,0
TCK-006860,54,10,0,0,0.0233,0,0,0,0
TCK-006861,54,10,0,0,0.0233,0,0,0,0
TCK-006862,55,8,0,0,0.0638,0,0,0,0
TCK-006863,55,10,0,0,0.0222,0,0,0,0
TCK-006864,104,18,0,1,0.0238,2,0,0,1
TCK-006865,64,9,0,0,0.037,1,0,0,0
TCK-006866,54,10,0,0,0.0233,0,0,0,0
TCK-006867,64,12,0,0,0.0192,0,0,0,0
TCK-006868,56,11,0,0,0.0222,0,0,0,0
TCK-006869,56,11,0,0,0.0222,0,0,0,0
TCK-006870,59,10,0,0,0.0204,1,0,0,1
TCK-006871,153,27,0,0,0.0242,0,0,0,0
TCK-006872,55,8,0,0,0.0638,0,0,0,0
TCK-006873,155,29,0,0,0.0242,0,0,0,0
TCK-006874,53,9,0,0,0.0227,0,0,0,0
TCK-006875,46,9,0,0,0.0303,2,0,0,1
TCK-006876,46,9,0,0,0.0303,2,0,0,1
TCK-006877,56,10,1,0,0.0217,0,0,0,0
TCK-006878,40,7,0,0,0.0303,0,0,0,0
TCK-006879,98,17,0,0,0.025,1,0,0,0
TCK-006880,55,8,0,0,0.0217,1,0,1,0
TCK-006881,153,23,0,0,0.0547,0,0,0,0
TCK-006882,46,9,0,0,0.0303,2,0,0,1
TCK-006883,106,18,0,1,0.0235,2,0,0,1
TCK-006884,59,10,0,0,0.0204,1,0,0,1
TCK-006885,55,8,0,0,0.0638,0,0,0,0
TCK-006886,95,16,0,0,0.039,1,0,0,1
TCK-006887,61,10,0,0,0.02,1,0,1,0
TCK-006888,153,23,0,0,0.0547,0,0,0,0
TCK-006889,61,10,0,0,0.02,1,0,0,1
TCK-006890,210,35,0,1,0.0237,3,0,0,1
TCK-006891,165,27,0,0,0.0224,2,0,0,1
TCK-006892,57,10,1,0,0.0213,0,0,0,0
TCK-006893,54,10,0,0,0.0233,0,0,0,0
TCK-006894,46,9,0,0,0.0303,2,0,0,1
TCK-006895,61,10,0,0,0.02,1,0,0,1
TCK-006896,55,10,0,0,0.0222,0,0,0,0
TCK-006897,56,11,0,0,0.0222,0,0,0,0
TCK-006898,46,9,0,0,0.0303,2,0,0,1
TCK-006899,55,10,0,0,0.0222,0,0,0,0
TCK-006900,57,9,1,0,0.0208,0,0,0,0
TCK-006901,45,8,0,0,0.027,0,0,0,0
TCK-006902,40,7,0,0,0.0303,0,0,0,0
TCK-006903,59,10,0,0,0.0204,1,0,0,1
TCK-006904,165,29,0,0,0.0379,0,0,0,1
TCK-006905,62,11,0,0,0.02,1,1,0,0
TCK-006906,80,14,0,0,0.0328,3,0,0,1
TCK-006907,97,16,0,0,0.0253,0,0,0,0
TCK-006908,46,9,0,0,0.0303,2,0,0,1
TCK-006909,61,11,0,0,0.0408,0,0,0,1
TCK-006910,61,10,0,0,0.02,1,0,0,1
TCK-006911,61,10,0,0,0.02,1,0,1,0
TCK-006912,56,11,0,0,0.0222,0,0,0,0
TCK-006913,61,10,0,0,0.02,1,0,0,1
TCK-006914,64,12,0,0,0.0192,0,0,0,0
TCK-006915,55,8,0,0,0.0638,0,0,0,0
TCK-006916,165,29,0,0,0.0379,0,0,0,1
TCK-006917,54,10,0,0,0.0233,0,0,0,0
TCK-006918,53,9,0,0,0.0227,0,0,0,0
TCK-006919,161,27,0,0,0.0227,2,0,0,1
TCK-006920,61,10,0,0,0.02,1,0,0,1
TCK-006921,59,10,0,0,0.0204,1,0,0,1
TCK-006922,55,8,0,0,0.0217,1,0,1,0
TCK-006923,53,9,0,0,0.0227,0,0,0,0
TCK-006924,56,10,1,0,0.0217,0,0,0,0
TCK-006925,53,9,0,0,0.0227,0,0,0,0
TCK-006926,54,10,0,0,0.0233,0,0,0,0
TCK-006927,45,8,0,0,0.027,0,0,0,0
TCK-006928,98,17,0,0,0.025,1,0,0,0
TCK-006929,61,10,0,0,0.02,1,0,1,0
TCK-006930,59,10,0,0,0.0204,1,0,0,1
TCK-006931,56,11,0,0,0.0222,0,0,0,0
TCK-006932,55,8,0,0,0.0217,1,0,1,0
TCK-006933,99,17,0,0,0.025,0,0,0,0
TCK-006934,99,15,0,0,0.0247,1,0,1,0
TCK-006935,64,12,0,0,0.0192,0,0,0,0
TCK-006936,59,9,1,0,0.0204,0,0,0,0
TCK-006937,64,12,0,0,0.0192,0,0,0,0
TCK-006938,54,10,0,0,0.0233,0,0,0,0
TCK-006939,46,9,0,0,0.0303,2,0,0,1
TCK-006940,51,8,0,0,0.0233,1,0,0,1
TCK-006941,51,8,0,0,0.0233,1,0,0,1
TCK-006942,161,25,2,0,0.0227,0,0,0,0
TCK-006943,57,9,1,0,0.0208,0,0,0,0
TCK-006944,153,27,0,0,0.0242,0,0,0,0
TCK-006945,64,12,0,0,0.0192,0,0,0,0
TCK-006946,54,10,0,0,0.0233,0,0,0,0
TCK-006947,55,10,0,0,0.0222,0,0,0,0
TCK-006948,51,8,0,0,0.0233,1,0,0,1
TCK-006949,56,10,1,0,0.0217,0,0,0,0
TCK-006950,40,7,0,0,0.0303,0,0,0,0
TCK-006951,55,8,0,0,0.0638,0,0,0,0
TCK-006952,98,14,0,0,0.0366,2,0,0,0
TCK-006953,161,25,2,0,0.0227,0,0,0,0
TCK-006954,56,10,1,0,0.0217,0,0,0,0
TCK-006955,61,10,0,0,0.02,1,0,0,1
TCK-006956,165,27,0,0,0.0224,2,0,0,1
TCK-006957,45,8,0,0,0.027,0,0,0,0
TCK-006958,57,9,1,0,0.0208,0,0,0,0
TCK-006959,55,8,0,0,0.0638,0,0,0,0
TCK-006960,45,8,0,0,0.027,0,0,0,0
TCK-006961,153,23,0,0,0.0238,2,0,1,0
TCK-006962,51,8,0,0,0.0233,1,0,0,1
TCK-006963,161,27,0,0,0.0227,2,0,0,1
TCK-006964,64,9,0,0,0.037,1,0,0,0
TCK-006965,45,8,0,0,0.027,0,0,0,0
TCK-006966,57,9,1,0,0.0208,0,0,0,0
TCK-006967,108,16,0,0,0.0337,1,0,0,0
TCK-006968,55,10,0,0,0.0222,0,0,0,0
TCK-006969,40,7,0,0,0.0303,0,0,0,0
TCK-006970,59,10,0,0,0.0204,1,0,0,1
TCK-006971,56,10,1,0,0.0217,0,0,0,0
TCK-006972,56,10,1,0,0.0217,0,0,0,0
TCK-006973,161,25,2,0,0.0227,0,0,0,0
TCK-006974,54,10,0,0,0.0233,0,0,0,0
TCK-006975,105,17,0,0,0.0235,1,0,0,1
TCK-006976,62,11,0,0,0.02,1,1,0,0
TCK-006977,64,12,0,0,0.0192,0,0,0,0
TCK-006978,55,10,0,0,0.0222,0,0,0,0
TCK-006979,90,16,0,1,0.0278,1,0,0,0
TCK-006980,155,29,0,0,0.0242,0,0,0,0
TCK-006981,46,9,0,0,0.0303,2,0,0,1
TCK-006982,108,16,0,0,0.0337,1,0,0,0
TCK-006983,59,10,0,0,0.0204,1,0,0,1
TCK-006984,64,12,0,0,0.0192,0,0,0,0
TCK-006985,46,9,0,0,0.0303,2,0,0,1
TCK-006986,53,9,0,0,0.0227,0,0,0,0
TCK-006987,53,9,0,0,0.0227,0,0,0,0
TCK-006988,100,18,0,1,0.025,1,0,0,0
TCK-006989,46,9,0,0,0.0303,2,0,0,1
TCK-006990,90,16,0,0,0.0294,2,0,0,1
TCK-006991,59,9,1,0,0.0204,0,0,0,0
TCK-006992,59,10,0,0,0.0204,1,0,0,1
TCK-006993,55,8,0,0,0.0638,0,0,0,0
TCK-006994,56,11,0,0,0.0222,0,0,0,0
TCK-006995,95,15,0,0,0.0256,2,0,1,0
TCK-006996,55,8,0,0,0.0217,1,0,1,0
TCK-006997,62,11,0,0,0.02,1,1,0,0
TCK-006998,135,25,0,0,0.03,4,0,0,1
TCK-006999,57,10,1,0,0.0213,0,0,0,0
TCK-007000,56,11,0,0,0.0222,0,0,0,0
TCK-007001,165,29,0,0,0.0379,0,0,0,1
TCK-007002,157,27,2,0,0.0234,0,0,0,0
TCK-007003,62,11,0,0,0.02,1,1,0,0
TCK-007004,171,25,0,0,0.0352,2,0,0,0
TCK-007005,53,9,0,0,0.0227,0,0,0,0
TCK-007006,59,10,0,0,0.0204,1,0,0,1
TCK-007007,62,11,0,0,0.02,1,1,0,0
TCK-007008,55,10,0,0,0.0222,0,0,0,0
TCK-007009,64,12,0,0,0.0192,0,0,0,0
TCK-007010,53,9,0,0,0.0227,0,0,0,0
TCK-007011,145,23,0,0,0.025,2,0,0,1
TCK-007012,57,10,1,0,0.0213,0,0,0,0
TCK-007013,55,10,0,0,0.0222,0,0,0,0
TCK-007014,55,10,0,0,0.0222,0,0,0,0
TCK-007015,91,17,0,1,0.0294,3,0,0,1
TCK-007016,53,9,0,0,0.0227,0,0,0,0
TCK-007017,153,27,0,0,0.0242,0,0,0,0
TCK-007018,53,9,0,0,0.0227,0,0,0,0
TCK-007019,64,9,0,0,0.037,1,0,0,0
TCK-007020,171,25,0,0,0.0352,2,0,0,0
TCK-007021,61,10,0,0,0.02,1,0,0,1
TCK-007022,59,10,0,0,0.0204,1,0,0,1
TCK-007023,59,10,0,0,0.0204,1,0,0,1
TCK-007024,62,11,0,0,0.02,1,1,0,0
TCK-007025,64,9,0,0,0.037,1,0,0,0
TCK-007026,161,25,2,0,0.0227,0,0,0,0
TCK-007027,135,25,0,0,0.03,4,0,0,1
TCK-007028,53,9,0,0,0.0227,0,0,0,0
TCK-007029,56,11,0,0,0.0222,0,0,0,0
TCK-007030,56,10,1,0,0.0217,0,0,0,0
TCK-007031,59,10,0,0,0.0204,1,0,0,1
TCK-007032,51,8,0,0,0.0233,1,0,0,1
TCK-007033,61,10,0,0,0.02,1,0,1,0
TCK-007034,56,11,0,0,0.0222,0,0,0,0
TCK-007035,61,10,0,0,0.02,1,0,1,0
TCK-007036,46,9,0,0,0.0303,2,0,0,1
TCK-007037,56,10,1,0,0.0217,0,0,0,0
TCK-007038,61,11,0,0,0.0408,0,0,0,1
TCK-007039,64,12,0,0,0.0192,0,0,0,0
TCK-007040,157,27,2,0,0.0234,0,0,0,0
TCK-007041,57,10,1,0,0.0213,0,0,0,0
TCK-007042,155,27,2,0,0.0238,0,0,0,0
TCK-007043,45,8,0,0,0.027,0,0,0,0
TCK-007044,53,9,0,0,0.0227,0,0,0,0
TCK-007045,145,23,0,0,0.025,2,0,0,1
TCK-007046,105,17,0,0,0.0235,1,0,1,0
TCK-007047,54,10,0,0,0.0233,0,0,0,0
TCK-007048,46,9,0,0,0.0303,2,0,0,1
TCK-007049,46,9,0,0,0.0303,2,0,0,1
TCK-007050,46,9,0,0,0.0303,2,0,0,1
TCK-007051,54,10,0,0,0.0233,0,0,0,0
TCK-007052,57,9,1,0,0.0208,0,0,0,0
TCK-007053,61,11,0,0,0.0408,0,0,0,1
TCK-007054,56,10,1,0,0.0217,0,0,0,0
TCK-007055,56,10,1,0,0.0217,0,0,0,0
TCK-007056,57,10,1,0,0.0213,0,0,0,0
TCK-007057,61,11,0,0,0.0408,0,0,0,1
TCK-007058,57,9,1,0,0.0208,0,0,0,0
TCK-007059,62,11,0,0,0.02,1,1,0,0
TCK-007060,100,16,0,1,0.0247,2,0,1,0
TCK-007061,61,10,0,0,0.02,1,0,0,1
TCK-007062,61,10,0,0,0.02,1,0,1,0
TCK-007063,55,8,0,0,0.0217,1,0,1,0
TCK-007064,57,10,1,0,0.0213,0,0,0,0
TCK-007065,51,8,0,0,0.0233,1,0,0,1
TCK-007066,64,9,0,0,0.037,1,0,0,0
TCK-007067,51,8,0,0,0.0233,1,0,0,1
TCK-007068,56,10,1,0,0.0217,0,0,0,0
TCK-007069,55,8,0,0,0.0217,1,0,1,0
TCK-007070,155,29,0,0,0.0242,0,0,0,0
TCK-007071,56,11,0,0,0.0222,0,0,0,0
TCK-007072,165,27,0,0,0.0224,2,0,0,1
TCK-007073,40,7,0,0,0.0303,0,0,0,0
TCK-007074,61,10,0,0,0.02,1,0,0,1
TCK-007075,64,12,0,0,0.0192,0,0,0,0
TCK-007076,40,7,0,0,0.0303,0,0,0,0
TCK-007077,59,9,1,0,0.0204,0,0,0,0
TCK-007078,59,10,0,0,0.0204,1,0,0,1
TCK-007079,161,27,0,0,0.0227,2,0,0,1
TCK-007080,145,23,0,0,0.025,2,0,0,1
TCK-007081,153,23,0,0,0.0547,0,0,0,0
TCK-007082,64,12,0,0,0.0192,0,0,0,0
TCK-007083,40,7,0,0,0.0303,0,0,0,0
TCK-007084,59,9,1,0,0.0204,0,0,0,0
TCK-007085,57,9,1,0,0.0208,0,0,0,0
TCK-007086,55,8,0,0,0.0638,0,0,0,0
TCK-007087,64,9,0,0,0.037,1,0,0,0
TCK-007088,151,27,0,0,0.025,0,0,0,0
TCK-007089,57,10,1,0,0.0213,0,0,0,0
TCK-007090,161,27,0,0,0.0227,2,0,0,1
TCK-007091,64,12,0,0,0.0192,0,0,0,0
TCK-007092,53,9,0,0,0.0227,0,0,0,0
TCK-007093,56,11,0,0,0.0222,0,0,0,0
TCK-007094,55,10,0,0,0.0222,0,0,0,0
TCK-007095,59,10,0,0,0.0204,1,0,0,1
TCK-007096,153,23,0,0,0.0238,2,0,1,0
TCK-007097,59,10,0,0,0.0204,1,0,0,1
TCK-007098,64,12,0,0,0.0192,0,0,0,0
TCK-007099,61,10,0,0,0.02,1,0,1,0
TCK-007100,56,10,1,0,0.0217,0,0,0,0
TCK-007101,59,10,0,0,0.0204,1,0,0,1
TCK-007102,40,7,0,0,0.0303,0,0,0,0
TCK-007103,51,8,0,0,0.0233,1,0,0,1
TCK-007104,157,27,2,0,0.0234,0,0,0,0
TCK-007105,109,20,0,1,0.023,1,0,0,0
TCK-007106,55,8,0,0,0.0217,1,0,1,0
TCK-007107,56,11,0,0,0.0222,0,0,0,0
TCK-007108,40,7,0,0,0.0303,0,0,0,0
TCK-007109,55,10,0,0,0.0222,0,0,0,0
TCK-007110,61,10,0,0,0.02,1,0,0,1
TCK-007111,64,12,0,0,0.0192,0,0,0,0
TCK-007112,57,9,1,0,0.0208,0,0,0,0
TCK-007113,64,12,0,0,0.0192,0,0,0,0
TCK-007114,59,10,0,0,0.0204,1,0,0,1
TCK-007115,40,7,0,0,0.0303,0,0,0,0
TCK-007116,59,9,1,0,0.0204,0,0,0,0
TCK-007117,56,11,0,0,0.0222,0,0,0,0
TCK-007118,151,27,0,0,0.025,0,0,0,0
TCK-007119,54,10,0,0,0.0233,0,0,0,0
TCK-007120,59,9,1,0,0.0204,0,0,0,0
TCK-007121,157,25,2,0,0.0231,0,0,0,0
TCK-007122,61,11,0,0,0.0408,0,0,0,1
TCK-007123,99,18,0,1,0.0256,1,0,0,0
TCK-007124,64,9,0,0,0.037,1,0,0,0
TCK-007125,46,9,0,0,0.0303,2,0,0,1
TCK-007126,45,8,0,0,0.027,0,0,0,0
TCK-007127,62,11,0,0,0.02,1,1,0,0
TCK-007128,145,23,0,0,0.025,2,0,0,1
TCK-007129,165,27,0,0,0.0224,2,0,0,1
TCK-007130,61,11,0,0,0.0408,0,0,0,1
TCK-007131,61,10,0,0,0.02,1,0,0,1
TCK-007132,64,12,0,0,0.0192,0,0,0,0
TCK-007133,64,9,0,0,0.037,1,0,0,0
TCK-007134,59,10,0,0,0.0204,1,0,0,1
TCK-007135,59,10,0,0,0.0204,1,0,0,1
TCK-007136,62,11,0,0,0.02,1,1,0,0
TCK-007137,55,10,0,0,0.0222,0,0,0,0
TCK-007138,54,10,0,0,0.0233,0,0,0,0
TCK-007139,61,10,0,0,0.02,1,0,0,1
TCK-007140,64,9,0,0,0.037,1,0,0,0
TCK-007141,57,9,1,0,0.0208,0,0,0,0
TCK-007142,59,9,1,0,0.0204,0,0,0,0
TCK-007143,62,11,0,0,0.02,1,1,0,0
TCK-007144,40,7,0,0,0.0303,0,0,0,0
TCK-007145,61,11,0,0,0.0408,0,0,0,1
TCK-007146,59,9,1,0,0.0204,0,0,0,0
TCK-007147,157,27,2,0,0.0234,0,0,0,0
TCK-007148,59,10,0,0,0.0204,1,0,0,1
TCK-007149,53,9,0,0,0.0227,0,0,0,0
TCK-007150,61,10,0,0,0.02,1,0,0,1
TCK-007151,55,10,0,0,0.0222,0,0,0,0
TCK-007152,55,8,0,0,0.0638,0,0,0,0
TCK-007153,40,7,0,0,0.0303,0,0,0,0
TCK-007154,59,9,1,0,0.0204,0,0,0,0
TCK-007155,53,9,0,0,0.0227,0,0,0,0
TCK-007156,55,8,0,0,0.0217,1,0,1,0
TCK-007157,55,10,0,0,0.0222,0,0,0,0
TCK-007158,64,9,0,0,0.037,1,0,0,0
TCK-007159,102,18,1,1,0.0244,1,0,0,0
TCK-007160,64,9,0,0,0.037,1,0,0,0
TCK-007161,57,9,1,0,0.0208,0,0,0,0
TCK-007162,64,9,0,0,0.037,1,0,0,0
TCK-007163,155,29,0,0,0.0242,0,0,0,0
TCK-007164,56,10,1,0,0.0217,0,0,0,0
TCK-007165,62,11,0,0,0.02,1,1,0,0
TCK-007166,55,8,0,0,0.0217,1,0,1,0
TCK-007167,53,9,0,0,0.0227,0,0,0,0
TCK-007168,59,10,0,0,0.0204,1,0,0,1
TCK-007169,165,29,0,0,0.0379,0,0,0,1
TCK-007170,56,10,1,0,0.0217,0,0,0,0
TCK-007171,64,9,0,0,0.037,1,0,0,0
TCK-007172,54,10,0,0,0.0233,0,0,0,0
TCK-007173,59,9,1,0,0.0204,0,0,0,0
TCK-007174,171,25,0,0,0.0352,2,0,0,0
TCK-007175,91,15,1,0,0.0267,1,0,0,0
TCK-007176,57,10,1,0,0.0213,0,0,0,0
TCK-007177,155,27,2,0,0.0238,0,0,0,0
TCK-007178,105,17,0,0,0.0235,1,0,1,0
TCK-007179,45,8,0,0,0.027,0,0,0,0
TCK-007180,90,16,0,0,0.0274,1,0,0,0
TCK-007181,57,9,1,0,0.0208,0,0,0,0
TCK-007182,55,10,0,0,0.0222,0,0,0,0
TCK-007183,53,9,0,0,0.0227,0,0,0,0
TCK-007184,56,10,1,0,0.0217,0,0,0,0
TCK-007185,101,16,1,0,0.0241,0,0,0,0
TCK-007186,55,8,0,0,0.0217,1,0,1,0
TCK-007187,133,23,0,0,0.0278,0,0,0,0
TCK-007188,61,11,0,0,0.0408,0,0,0,1
TCK-007189,64,9,0,0,0.037,1,0,0,0
TCK-007190,98,17,0,1,0.0253,1,0,0,0
TCK-007191,56,11,0,0,0.0222,0,0,0,0
TCK-007192,61,11,0,0,0.0408,0,0,0,1
TCK-007193,56,11,0,0,0.0222,0,0,0,0
TCK-007194,46,9,0,0,0.0303,2,0,0,1
TCK-007195,102,17,1,1,0.0241,1,0,0,0
TCK-007196,55,10,0,0,0.0222,0,0,0,0
TCK-007197,80,14,0,0,0.0328,3,0,0,1
TCK-007198,61,11,0,0,0.0408,0,0,0,1
TCK-007199,155,29,0,0,0.0242,0,0,0,0
TCK-007200,46,9,0,0,0.0303,2,0,0,1
TCK-007201,99,17,0,0,0.025,0,0,0,0
TCK-007202,45,8,0,0,0.027,0,0,0,0
TCK-007203,54,10,0,0,0.0233,0,0,0,0
TCK-007204,55,8,0,0,0.0217,1,0,1,0
TCK-007205,167,29,0,0,0.0224,2,1,0,0
TCK-007206,61,11,0,0,0.0408,0,0,0,1
TCK-007207,55,8,0,0,0.0638,0,0,0,0
TCK-007208,51,8,0,0,0.0233,1,0,0,1
TCK-007209,59,9,1,0,0.0204,0,0,0,0
TCK-007210,59,9,1,0,0.0204,0,0,0,0
TCK-007211,61,10,0,0,0.02,1,0,0,1
TCK-007212,57,10,1,0,0.0213,0,0,0,0
TCK-007213,46,9,0,0,0.0303,2,0,0,1
TCK-007214,157,27,2,0,0.0234,0,0,0,0
TCK-007215,55,8,0,0,0.0217,1,0,1,0
TCK-007216,56,11,0,0,0.0222,0,0,0,0
TCK-007217,91,17,0,1,0.0294,3,0,0,1
TCK-007218,155,29,0,0,0.0242,0,0,0,0
TCK-007219,55,10,0,0,0.0222,0,0,0,0
TCK-007220,51,8,0,0,0.0233,1,0,0,1
TCK-007221,51,8,0,0,0.0233,1,0,0,1
TCK-007222,54,10,0,0,0.0233,0,0,0,0
TCK-007223,59,9,1,0,0.0204,0,0,0,0
TCK-007224,61,10,0,0,0.02,1,0,1,0
TCK-007225,55,10,0,0,0.0222,0,0,0,0
TCK-007226,64,9,0,0,0.037,1,0,0,0
TCK-007227,64,12,0,0,0.0192,0,0,0,0
TCK-007228,90,16,0,0,0.0274,1,0,0,0
TCK-007229,40,7,0,0,0.0303,0,0,0,0
TCK-007230,45,8,0,0,0.027,0,0,0,0
TCK-007231,61,10,0,0,0.02,1,0,0,1
TCK-007232,61,10,0,0,0.02,1,0,0,1
TCK-007233,59,10,0,0,0.0204,1,0,0,1
TCK-007234,57,10,1,0,0.0213,0,0,0,0
TCK-007235,53,9,0,0,0.0227,0,0,0,0
TCK-007236,53,9,0,0,0.0227,0,0,0,0
TCK-007237,53,9,0,0,0.0227,0,0,0,0
TCK-007238,46,9,0,0,0.0303,2,0,0,1
TCK-007239,51,8,0,0,0.0233,1,0,0,1
TCK-007240,46,9,0,0,0.0303,2,0,0,1
TCK-007241,53,9,0,0,0.0227,0,0,0,0
TCK-007242,59,10,0,0,0.0204,1,0,0,1
TCK-007243,45,8,0,0,0.027,0,0,0,0
TCK-007244,153,27,0,0,0.0242,0,0,0,0
TCK-007245,45,8,0,0,0.027,0,0,0,0
TCK-007246,54,10,0,0,0.0233,0,0,0,0
TCK-007247,87,14,0,0,0.0278,1,0,0,0
TCK-007248,59,9,1,0,0.0204,0,0,0,0
TCK-007249,55,10,0,0,0.0222,0,0,0,0
TCK-007250,56,11,0,0,0.0222,0,0,0,0
TCK-007251,59,9,1,0,0.0204,0,0,0,0
TCK-007252,59,10,0,0,0.0204,1,0,0,1
TCK-007253,167,29,0,0,0.0224,2,1,0,0
TCK-007254,64,12,0,0,0.0192,0,0,0,0
TCK-007255,62,11,0,0,0.02,1,1,0,0
TCK-007256,61,11,0,0,0.0408,0,0,0,1
TCK-007257,57,10,1,0,0.0213,0,0,0,0
TCK-007258,59,9,1,0,0.0204,0,0,0,0
TCK-007259,57,9,1,0,0.0208,0,0,0,0
TCK-007260,59,10,0,0,0.0204,1,0,0,1
TCK-007261,61,11,0,0,0.0408,0,0,0,1
TCK-007262,55,8,0,0,0.0638,0,0,0,0
TCK-007263,46,9,0,0,0.0303,2,0,0,1
TCK-007264,62,11,0,0,0.02,1,1,0,0
TCK-007265,61,11,0,0,0.0408,0,0,0,1
TCK-007266,157,27,2,0,0.0234,0,0,0,0
TCK-007267,96,16,0,0,0.0256,2,1,0,0
TCK-007268,55,8,0,0,0.0217,1,0,1,0
TCK-007269,61,10,0,0,0.02,1,0,1,0
TCK-007270,45,8,0,0,0.027,0,0,0,0
TCK-007271,55,10,0,0,0.0222,0,0,0,0
TCK-007272,54,10,0,0,0.0233,0,0,0,0
TCK-007273,87,14,0,0,0.0278,1,0,0,0
TCK-007274,59,9,1,0,0.0204,0,0,0,0
TCK-007275,64,9,0,0,0.037,1,0,0,0
TCK-007276,55,8,0,0,0.0217,1,0,1,0
TCK-007277,46,9,0,0,0.0303,2,0,0,1
TCK-007278,56,11,0,0,0.0222,0,0,0,0
TCK-007279,51,8,0,0,0.0233,1,0,0,1
TCK-007280,61,11,0,0,0.0408,0,0,0,1
TCK-007281,55,8,0,0,0.0638,0,0,0,0
TCK-007282,57,9,1,0,0.0208,0,0,0,0
TCK-007283,64,12,0,0,0.0192,0,0,0,0
TCK-007284,59,10,0,0,0.0204,1,0,0,1
TCK-007285,46,9,0,0,0.0303,2,0,0,1
TCK-007286,51,8,0,0,0.0233,1,0,0,1
TCK-007287,109,17,0,1,0.0337,2,0,0,0
TCK-007288,62,11,0,0,0.02,1,1,0,0
TCK-007289,153,23,0,0,0.0238,2,0,1,0
TCK-007290,93,14,1,0,0.026,1,0,0,0
TCK-007291,157,27,2,0,0.0234,0,0,0,0
TCK-007292,45,8,0,0,0.027,0,0,0,0
TCK-007293,62,11,0,0,0.02,1,1,0,0
TCK-007294,53,9,0,0,0.0227,0,0,0,0
TCK-007295,135,25,0,0,0.03,4,0,0,1
TCK-007296,57,10,1,0,0.0213,0,0,0,0
TCK-007297,56,11,0,0,0.0222,0,0,0,0
TCK-007298,90,16,0,0,0.0274,1,0,0,0
TCK-007299,53,9,0,0,0.0227,0,0,0,0
TCK-007300,167,29,0,0,0.0224,2,1,0,0
TCK-007301,157,25,2,0,0.0231,0,0,0,0
TCK-007302,56,11,0,0,0.0222,0,0,0,0
TCK-007303,56,11,0,0,0.0222,0,0,0,0
TCK-007304,56,10,1,0,0.0217,0,0,0,0
TCK-007305,98,17,0,0,0.0256,0,0,0,0
TCK-007306,171,31,0,0,0.0217,0,0,0,0
TCK-007307,165,29,0,0,0.0379,0,0,0,1
TCK-007308,54,10,0,0,0.0233,0,0,0,0
TCK-007309,46,9,0,0,0.0303,2,0,0,1
TCK-007310,45,8,0,0,0.027,0,0,0,0
TCK-007311,161,27,0,0,0.0227,2,0,0,1
TCK-007312,123,21,0,0,0.03,0,0,0,0
TCK-007313,56,10,1,0,0.0217,0,0,0,0
TCK-007314,64,9,0,0,0.037,1,0,0,0
TCK-007315,99,15,0,0,0.0488,0,0,0,0
TCK-007316,45,8,0,0,0.027,0,0,0,0
TCK-007317,90,16,0,1,0.0278,1,0,0,0
TCK-007318,165,29,0,0,0.0379,0,0,0,1
TCK-007319,55,8,0,0,0.0638,0,0,0,0
TCK-007320,59,9,1,0,0.0204,0,0,0,0
TCK-007321,90,16,0,1,0.0278,1,0,0,0
TCK-007322,56,10,1,0,0.0217,0,0,0,0
TCK-007323,45,8,0,0,0.027,0,0,0,0
TCK-007324,55,10,0,0,0.0222,0,0,0,0
TCK-007325,135,25,0,0,0.03,4,0,0,1
TCK-007326,61,10,0,0,0.02,1,0,0,1
TCK-007327,61,10,0,0,0.02,1,0,1,0
TCK-007328,55,10,0,0,0.0222,0,0,0,0
TCK-007329,57,10,1,0,0.0213,0,0,0,0
TCK-007330,56,11,0,0,0.0222,0,0,0,0
TCK-007331,57,10,1,0,0.0213,0,0,0,0
TCK-007332,40,7,0,0,0.0303,0,0,0,0
TCK-007333,87,14,0,0,0.0278,1,0,0,0
TCK-007334,167,29,0,0,0.0224,2,1,0,0
TCK-007335,53,9,0,0,0.0227,0,0,0,0
TCK-007336,53,9,0,0,0.0227,0,0,0,0
TCK-007337,64,12,0,0,0.0192,0,0,0,0
TCK-007338,53,9,0,0,0.0227,0,0,0,0
TCK-007339,53,9,0,0,0.0227,0,0,0,0
TCK-007340,56,11,0,0,0.0222,0,0,0,0
TCK-007341,53,9,0,0,0.0227,0,0,0,0
TCK-007342,55,8,0,0,0.0638,0,0,0,0
TCK-007343,64,12,0,0,0.0192,0,0,0,0
TCK-007344,53,9,0,0,0.0227,0,0,0,0
TCK-007345,53,9,0,0,0.0227,0,0,0,0
TCK-007346,149,25,0,0,0.0246,0,0,0,0
TCK-007347,149,25,0,0,0.0246,0,0,0,0
TCK-007348,54,10,0,0,0.0233,0,0,0,0
TCK-007349,149,25,0,0,0.0246,0,0,0,0
TCK-007350,51,8,0,0,0.0233,1,0,0,1
TCK-007351,40,7,0,0,0.0303,0,0,0,0
TCK-007352,64,12,0,0,0.0192,0,0,0,0
TCK-007353,64,9,0,0,0.037,1,0,0,0
TCK-007354,46,9,0,0,0.0303,2,0,0,1
TCK-007355,40,7,0,0,0.0303,0,0,0,0
TCK-007356,56,10,1,0,0.0217,0,0,0,0
TCK-007357,55,8,0,0,0.0638,0,0,0,0
TCK-007358,54,10,0,0,0.0233,0,0,0,0
TCK-007359,165,29,0,0,0.0379,0,0,0,1
TCK-007360,64,9,0,0,0.037,1,0,0,0
TCK-007361,91,15,1,0,0.0267,1,0,0,0
TCK-007362,57,9,1,0,0.0208,0,0,0,0
TCK-007363,206,35,0,1,0.024,3,0,0,1
TCK-007364,55,8,0,0,0.0638,0,0,0,0
TCK-007365,51,8,0,0,0.0233,1,0,0,1
TCK-007366,56,10,1,0,0.0217,0,0,0,0
TCK-007367,55,10,0,0,0.0222,0,0,0,0
TCK-007368,57,10,1,0,0.0213,0,0,0,0
TCK-007369,57,9,1,0,0.0208,0,0,0,0
TCK-007370,56,10,1,0,0.0217,0,0,0,0
TCK-007371,165,27,0,0,0.0224,2,0,1,0
TCK-007372,54,10,0,0,0.0233,0,0,0,0
TCK-007373,161,27,0,0,0.0227,2,0,0,1
TCK-007374,55,10,0,0,0.0222,0,0,0,0
TCK-007375,96,16,0,0,0.0256,2,1,0,0
TCK-007376,55,8,0,0,0.0217,1,0,1,0
TCK-007377,106,19,0,1,0.0357,1,0,0,1
TCK-007378,64,12,0,0,0.0192,0,0,0,0
TCK-007379,64,12,0,0,0.0192,0,0,0,0
TCK-007380,61,11,0,0,0.0408,0,0,0,1
TCK-007381,53,9,0,0,0.0227,0,0,0,0
TCK-007382,64,9,0,0,0.037,1,0,0,0
TCK-007383,46,9,0,0,0.0303,2,0,0,1
TCK-007384,46,9,0,0,0.0303,2,0,0,1
TCK-007385,89,15,0,0,0.0278,0,0,0,0
TCK-007386,57,10,1,0,0.0213,0,0,0,0
TCK-007387,57,9,1,0,0.0208,0,0,0,0
TCK-007388,51,8,0,0,0.0233,1,0,0,1
TCK-007389,89,15,0,0,0.0274,1,0,0,0
TCK-007390,153,27,0,0,0.0242,0,0,0,0
TCK-007391,62,11,0,0,0.02,1,1,0,0
TCK-007392,56,11,0,0,0.0222,0,0,0,0
TCK-007393,149,25,0,0,0.0246,0,0,0,0
TCK-007394,54,10,0,0,0.0233,0,0,0,0
TCK-007395,61,11,0,0,0.0408,0,0,0,1
TCK-007396,59,9,1,0,0.0204,0,0,0,0
TCK-007397,199,32,0,0,0.0247,3,0,0,1
TCK-007398,53,9,0,0,0.0227,0,0,0,0
TCK-007399,64,12,0,0,0.0192,0,0,0,0
TCK-007400,53,9,0,0,0.0227,0,0,0,0
TCK-007401,61,10,0,0,0.02,1,0,0,1
TCK-007402,55,8,0,0,0.0217,1,0,1,0
TCK-007403,57,10,1,0,0.0213,0,0,0,0
TCK-007404,53,9,0,0,0.0227,0,0,0,0
TCK-007405,56,10,1,0,0.0217,0,0,0,0
TCK-007406,62,11,0,0,0.02,1,1,0,0
TCK-007407,59,9,1,0,0.0204,0,0,0,0
TCK-007408,64,12,0,0,0.0192,0,0,0,0
TCK-007409,46,9,0,0,0.0303,2,0,0,1
TCK-007410,61,11,0,0,0.0408,0,0,0,1
TCK-007411,55,8,0,0,0.0638,0,0,0,0
TCK-007412,151,27,0,0,0.025,0,0,0,0
TCK-007413,64,9,0,0,0.037,1,0,0,0
TCK-007414,59,10,0,0,0.0204,1,0,0,1
TCK-007415,45,8,0,0,0.027,0,0,0,0
TCK-007416,59,10,0,0,0.0204,1,0,0,1
TCK-007417,61,10,0,0,0.02,1,0,0,1
TCK-007418,55,8,0,0,0.0638,0,0,0,0
TCK-007419,57,9,1,0,0.0208,0,0,0,0
TCK-007420,61,10,0,0,0.02,1,0,0,1
TCK-007421,53,9,0,0,0.0227,0,0,0,0
TCK-007422,57,9,1,0,0.0208,0,0,0,0
TCK-007423,64,9,0,0,0.037,1,0,0,0
TCK-007424,57,9,1,0,0.0208,0,0,0,0
TCK-007425,40,7,0,0,0.0303,0,0,0,0
TCK-007426,155,29,0,0,0.0242,0,0,0,0
TCK-007427,56,11,0,0,0.0222,0,0,0,0
TCK-007428,55,10,0,0,0.0222,0,0,0,0
TCK-007429,54,10,0,0,0.0233,0,0,0,0
TCK-007430,55,8,0,0,0.0638,0,0,0,0
TCK-007431,95,15,0,0,0.0256,2,0,0,1
TCK-007432,51,8,0,0,0.0233,1,0,0,1
TCK-007433,64,12,0,0,0.0192,0,0,0,0
TCK-007434,62,11,0,0,0.02,1,1,0,0
TCK-007435,61,10,0,0,0.02,1,0,0,1
TCK-007436,56,11,0,0,0.0222,0,0,0,0
TCK-007437,104,18,0,1,0.0238,2,0,0,1
TCK-007438,54,10,0,0,0.0233,0,0,0,0
TCK-007439,171,31,0,0,0.0217,0,0,0,0
TCK-007440,64,12,0,0,0.0192,0,0,0,0
TCK-007441,56,11,0,0,0.0222,0,0,0,0
TCK-007442,59,10,0,0,0.0204,1,0,0,1
TCK-007443,55,8,0,0,0.0638,0,0,0,0
TCK-007444,171,25,0,0,0.0352,2,0,0,0
TCK-007445,45,8,0,0,0.027,0,0,0,0
TCK-007446,155,27,2,0,0.0238,0,0,0,0
TCK-007447,171,25,0,0,0.0352,2,0,0,0
TCK-007448,55,10,0,0,0.0222,0,0,0,0
TCK-007449,62,11,0,0,0.02,1,1,0,0
TCK-007450,59,10,0,0,0.0204,1,0,0,1
TCK-007451,155,29,0,0,0.0242,0,0,0,0
TCK-007452,153,27,0,0,0.0242,0,0,0,0
TCK-007453,45,8,0,0,0.027,0,0,0,0
TCK-007454,59,9,1,0,0.0204,0,0,0,0
TCK-007455,56,10,1,0,0.0217,0,0,0,0
TCK-007456,56,11,0,0,0.0222,0,0,0,0
TCK-007457,151,27,0,0,0.025,0,0,0,0
TCK-007458,57,9,1,0,0.0208,0,0,0,0
TCK-007459,64,9,0,0,0.037,1,0,0,0
TCK-007460,64,9,0,0,0.037,1,0,0,0
TCK-007461,45,8,0,0,0.027,0,0,0,0
TCK-007462,165,27,0,0,0.0224,2,0,0,1
TCK-007463,56,11,0,0,0.0222,0,0,0,0
TCK-007464,61,11,0,0,0.0408,0,0,0,1
TCK-007465,61,11,0,0,0.0408,0,0,0,1
TCK-007466,54,10,0,0,0.0233,0,0,0,0
TCK-007467,55,10,0,0,0.0222,0,0,0,0
TCK-007468,57,10,1,0,0.0213,0,0,0,0
TCK-007469,56,11,0,0,0.0222,0,0,0,0
TCK-007470,215,32,0,0,0.0339,2,0,0,0
TCK-007471,56,11,0,0,0.0222,0,0,0,0
TCK-007472,51,8,0,0,0.0233,1,0,0,1
TCK-007473,62,11,0,0,0.02,1,1,0,0
TCK-007474,145,23,0,0,0.025,2,0,0,1
TCK-007475,64,9,0,0,0.037,1,0,0,0
TCK-007476,59,10,0,0,0.0204,1,0,0,1
TCK-007477,59,9,1,0,0.0204,0,0,0,0
TCK-007478,64,9,0,0,0.037,1,0,0,0
TCK-007479,64,9,0,0,0.037,1,0,0,0
TCK-007480,45,8,0,0,0.027,0,0,0,0
TCK-007481,61,11,0,0,0.0408,0,0,0,1
TCK-007482,153,23,0,0,0.0238,2,0,1,0
TCK-007483,108,19,0,0,0.023,0,0,0,0
TCK-007484,40,7,0,0,0.0303,0,0,0,0
TCK-007485,57,10,1,0,0.0213,0,0,0,0
TCK-007486,57,9,1,0,0.0208,0,0,0,0
TCK-007487,64,9,0,0,0.037,1,0,0,0
TCK-007488,153,27,0,0,0.0242,0,0,0,0
TCK-007489,54,10,0,0,0.0233,0,0,0,0
TCK-007490,45,8,0,0,0.027,0,0,0,0
TCK-007491,53,9,0,0,0.0227,0,0,0,0
TCK-007492,61,11,0,0,0.0408,0,0,0,1
TCK-007493,53,9,0,0,0.0227,0,0,0,0
TCK-007494,40,7,0,0,0.0303,0,0,0,0
TCK-007495,46,9,0,0,0.0303,2,0,0,1
TCK-007496,53,9,0,0,0.0227,0,0,0,0
TCK-007497,57,10,1,0,0.0213,0,0,0,0
TCK-007498,109,17,0,1,0.0337,2,0,0,0
TCK-007499,56,11,0,0,0.0222,0,0,0,0
TCK-007500,64,12,0,0,0.0192,0,0,0,0
TCK-007501,54,10,0,0,0.0233,0,0,0,0
TCK-007502,61,10,0,0,0.02,1,0,0,1
TCK-007503,53,9,0,0,0.0227,0,0,0,0
TCK-007504,95,16,0,0,0.039,1,0,0,1
TCK-007505,59,9,1,0,0.0204,0,0,0,0
TCK-007506,59,9,1,0,0.0204,0,0,0,0
TCK-007507,64,12,0,0,0.0192,0,0,0,0
TCK-007508,59,9,1,0,0.0204,0,0,0,0
TCK-007509,61,10,0,0,0.02,1,0,0,1
TCK-007510,55,10,0,0,0.0222,0,0,0,0
TCK-007511,61,11,0,0,0.0408,0,0,0,1
TCK-007512,55,10,0,0,0.0222,0,0,0,0
TCK-007513,161,25,2,0,0.0227,0,0,0,0
TCK-007514,61,10,0,0,0.02,1,0,1,0
TCK-007515,64,9,0,0,0.037,1,0,0,0
TCK-007516,155,27,2,0,0.0238,0,0,0,0
TCK-007517,97,16,0,0,0.0253,0,0,0,0
TCK-007518,145,23,0,0,0.025,2,0,0,1
TCK-007519,59,10,0,0,0.0204,1,0,0,1
TCK-007520,46,9,0,0,0.0303,2,0,0,1
TCK-007521,59,10,0,0,0.0204,1,0,0,1
TCK-007522,46,9,0,0,0.0303,2,0,0,1
TCK-007523,55,8,0,0,0.0638,0,0,0,0
TCK-007524,46,9,0,0,0.0303,2,0,0,1
TCK-007525,56,10,1,0,0.0217,0,0,0,0
TCK-007526,59,9,1,0,0.0204,0,0,0,0
TCK-007527,79,13,0,0,0.0308,1,0,0,0
TCK-007528,51,8,0,0,0.0233,1,0,0,1
TCK-007529,135,25,0,0,0.03,4,0,0,1
TCK-007530,53,9,0,0,0.0227,0,0,0,0
TCK-007531,135,25,0,0,0.03,4,0,0,1
TCK-007532,54,10,0,0,0.0233,0,0,0,0
TCK-007533,57,10,1,0,0.0213,0,0,0,0
TCK-007534,40,7,0,0,0.0303,0,0,0,0
TCK-007535,55,10,0,0,0.0222,0,0,0,0
TCK-007536,40,7,0,0,0.0303,0,0,0,0
TCK-007537,56,10,1,0,0.0217,0,0,0,0
TCK-007538,155,29,0,0,0.0242,0,0,0,0
TCK-007539,57,9,1,0,0.0208,0,0,0,0
TCK-007540,135,25,0,0,0.03,4,0,0,1
TCK-007541,57,9,1,0,0.0208,0,0,0,0
TCK-007542,55,10,0,0,0.0222,0,0,0,0
TCK-007543,55,8,0,0,0.0638,0,0,0,0
TCK-007544,56,11,0,0,0.0222,0,0,0,0
TCK-007545,53,9,0,0,0.0227,0,0,0,0
TCK-007546,56,11,0,0,0.0222,0,0,0,0
TCK-007547,46,9,0,0,0.0303,2,0,0,1
TCK-007548,59,9,1,0,0.0204,0,0,0,0
TCK-007549,53,9,0,0,0.0227,0,0,0,0
TCK-007550,45,8,0,0,0.027,0,0,0,0
TCK-007551,56,11,0,0,0.0222,0,0,0,0
TCK-007552,61,11,0,0,0.0408,0,0,0,1
TCK-007553,62,11,0,0,0.02,1,1,0,0
TCK-007554,51,8,0,0,0.0233,1,0,0,1
TCK-007555,109,17,0,1,0.0337,2,0,0,0
TCK-007556,53,9,0,0,0.0227,0,0,0,0
TCK-007557,56,11,0,0,0.0222,0,0,0,0
TCK-007558,55,8,0,0,0.0638,0,0,0,0
TCK-007559,95,15,0,0,0.0256,2,0,1,0
TCK-007560,54,10,0,0,0.0233,0,0,0,0
TCK-007561,61,11,0,0,0.0408,0,0,0,1
TCK-007562,55,10,0,0,0.0222,0,0,0,0
TCK-007563,56,11,0,0,0.0222,0,0,0,0
TCK-007564,165,29,0,0,0.0379,0,0,0,1
TCK-007565,56,10,1,0,0.0217,0,0,0,0
TCK-007566,55,8,0,0,0.0638,0,0,0,0
TCK-007567,64,9,0,0,0.037,1,0,0,0
TCK-007568,46,9,0,0,0.0303,2,0,0,1
TCK-007569,64,12,0,0,0.0192,0,0,0,0
TCK-007570,51,8,0,0,0.0233,1,0,0,1
TCK-007571,53,9,0,0,0.0227,0,0,0,0
TCK-007572,40,7,0,0,0.0303,0,0,0,0
TCK-007573,56,10,1,0,0.0217,0,0,0,0
TCK-007574,105,17,0,0,0.0235,1,0,1,0
TCK-007575,64,12,0,0,0.0192,0,0,0,0
TCK-007576,171,31,0,0,0.0217,0,0,0,0
TCK-007577,57,10,1,0,0.0213,0,0,0,0
TCK-007578,161,27,0,0,0.0227,2,0,0,1
TCK-007579,55,8,0,0,0.0217,1,0,1,0
TCK-007580,64,9,0,0,0.037,1,0,0,0
TCK-007581,45,8,0,0,0.027,0,0,0,0
TCK-007582,45,8,0,0,0.027,0,0,0,0
TCK-007583,106,18,0,1,0.0235,2,0,1,0
TCK-007584,59,9,1,0,0.0204,0,0,0,0
TCK-007585,54,10,0,0,0.0233,0,0,0,0
TCK-007586,56,11,0,0,0.0222,0,0,0,0
TCK-007587,89,13,0,0,0.027,2,0,1,0
TCK-007588,64,12,0,0,0.0192,0,0,0,0
TCK-007589,55,10,0,0,0.0222,0,0,0,0
TCK-007590,62,11,0,0,0.02,1,1,0,0
TCK-007591,57,9,1,0,0.0208,0,0,0,0
TCK-007592,109,17,0,1,0.0337,2,0,0,0
TCK-007593,64,9,0,0,0.037,1,0,0,0
TCK-007594,153,23,0,0,0.0547,0,0,0,0
TCK-007595,55,8,0,0,0.0217,1,0,1,0
TCK-007596,61,10,0,0,0.02,1,0,1,0
TCK-007597,98,17,0,0,0.0256,0,0,0,0
TCK-007598,61,11,0,0,0.0408,0,0,0,1
TCK-007599,61,11,0,0,0.0408,0,0,0,1
TCK-007600,46,9,0,0,0.0303,2,0,0,1
TCK-007601,45,8,0,0,0.027,0,0,0,0
TCK-007602,56,10,1,0,0.0217,0,0,0,0
TCK-007603,54,10,0,0,0.0233,0,0,0,0
TCK-007604,61,11,0,0,0.0408,0,0,0,1
TCK-007605,153,23,0,0,0.0547,0,0,0,0
TCK-007606,62,11,0,0,0.02,1,1,0,0
TCK-007607,61,11,0,0,0.0408,0,0,0,1
TCK-007608,56,10,1,0,0.0217,0,0,0,0
TCK-007609,155,29,0,0,0.0242,0,0,0,0
TCK-007610,161,27,0,0,0.0227,2,0,0,1
TCK-007611,61,11,0,0,0.0408,0,0,0,1
TCK-007612,46,9,0,0,0.0303,2,0,0,1
TCK-007613,45,8,0,0,0.027,0,0,0,0
TCK-007614,56,10,1,0,0.0217,0,0,0,0
TCK-007615,57,10,1,0,0.0213,0,0,0,0
TCK-007616,61,10,0,0,0.02,1,0,1,0
TCK-007617,56,10,1,0,0.0217,0,0,0,0
TCK-007618,59,9,1,0,0.0204,0,0,0,0
TCK-007619,57,10,1,0,0.0213,0,0,0,0
TCK-007620,61,11,0,0,0.0408,0,0,0,1
TCK-007621,59,9,1,0,0.0204,0,0,0,0
TCK-007622,64,9,0,0,0.037,1,0,0,0
TCK-007623,135,25,0,0,0.03,4,0,0,1
TCK-007624,53,9,0,0,0.0227,0,0,0,0
TCK-007625,46,9,0,0,0.0303,2,0,0,1
TCK-007626,51,8,0,0,0.0233,1,0,0,1
TCK-007627,155,29,0,0,0.0242,0,0,0,0
TCK-007628,61,11,0,0,0.0408,0,0,0,1
TCK-007629,153,27,0,0,0.0242,0,0,0,0
TCK-007630,59,9,1,0,0.0204,0,0,0,0
TCK-007631,56,10,1,0,0.0217,0,0,0,0
TCK-007632,64,12,0,0,0.0192,0,0,0,0
TCK-007633,64,12,0,0,0.0192,0,0,0,0
TCK-007634,45,8,0,0,0.027,0,0,0,0
TCK-007635,45,8,0,0,0.027,0,0,0,0
TCK-007636,45,8,0,0,0.027,0,0,0,0
TCK-007637,56,11,0,0,0.0222,0,0,0,0
TCK-007638,53,9,0,0,0.0227,0,0,0,0
TCK-007639,161,25,2,0,0.0227,0,0,0,0
TCK-007640,59,10,0,0,0.0204,1,0,0,1
TCK-007641,59,10,0,0,0.0204,1,0,0,1
TCK-007642,90,15,1,0,0.027,1,0,0,0
TCK-007643,64,12,0,0,0.0192,0,0,0,0
TCK-007644,153,23,0,0,0.0547,0,0,0,0
TCK-007645,64,12,0,0,0.0192,0,0,0,0
TCK-007646,61,11,0,0,0.0408,0,0,0,1
TCK-007647,157,25,2,0,0.0231,0,0,0,0
TCK-007648,59,9,1,0,0.0204,0,0,0,0
TCK-007649,64,9,0,0,0.037,1,0,0,0
TCK-007650,53,9,0,0,0.0227,0,0,0,0
TCK-007651,62,11,0,0,0.02,1,1,0,0
TCK-007652,91,15,1,0,0.0267,1,0,0,0
TCK-007653,171,31,0,0,0.0217,0,0,0,0
TCK-007654,46,9,0,0,0.0303,2,0,0,1
TCK-007655,55,10,0,0,0.0222,0,0,0,0
TCK-007656,57,10,1,0,0.0213,0,0,0,0
TCK-007657,57,10,1,0,0.0213,0,0,0,0
TCK-007658,53,9,0,0,0.0227,0,0,0,0
TCK-007659,100,18,0,0,0.025,0,0,0,0
TCK-007660,56,10,1,0,0.0217,0,0,0,0
TCK-007661,57,10,1,0,0.0213,0,0,0,0
TCK-007662,57,9,1,0,0.0208,0,0,0,0
TCK-007663,56,10,1,0,0.0217,0,0,0,0
TCK-007664,57,10,1,0,0.0213,0,0,0,0
TCK-007665,153,27,0,0,0.0242,0,0,0,0
TCK-007666,57,10,1,0,0.0213,0,0,0,0
TCK-007667,157,27,2,0,0.0234,0,0,0,0
TCK-007668,55,8,0,0,0.0638,0,0,0,0
TCK-007669,59,10,0,0,0.0204,1,0,0,1
TCK-007670,161,27,0,0,0.0227,2,0,0,1
TCK-007671,56,10,1,0,0.0217,0,0,0,0
TCK-007672,53,9,0,0,0.0227,0,0,0,0
TCK-007673,62,11,0,0,0.02,1,1,0,0
TCK-007674,153,27,0,0,0.0242,0,0,0,0
TCK-007675,64,9,0,0,0.037,1,0,0,0
TCK-007676,161,25,2,0,0.0227,0,0,0,0
TCK-007677,61,11,0,0,0.0408,0,0,0,1
TCK-007678,64,12,0,0,0.0192,0,0,0,0
TCK-007679,46,9,0,0,0.0303,2,0,0,1
TCK-007680,59,10,0,0,0.0204,1,0,0,1
TCK-007681,64,12,0,0,0.0192,0,0,0,0
TCK-007682,55,8,0,0,0.0217,1,0,1,0
TCK-007683,64,12,0,0,0.0192,0,0,0,0
TCK-007684,106,19,0,1,0.0357,1,0,0,1
TCK-007685,57,9,1,0,0.0208,0,0,0,0
TCK-007686,55,10,0,0,0.0222,0,0,0,0
TCK-007687,55,8,0,0,0.0638,0,0,0,0
TCK-007688,59,10,0,0,0.0204,1,0,0,1
TCK-007689,55,8,0,0,0.0638,0,0,0,0
TCK-007690,62,11,0,0,0.02,1,1,0,0
TCK-007691,56,11,0,0,0.0222,0,0,0,0
TCK-007692,64,9,0,0,0.037,1,0,0,0
TCK-007693,64,9,0,0,0.037,1,0,0,0
TCK-007694,57,9,1,0,0.0208,0,0,0,0
TCK-007695,171,31,0,0,0.0217,0,0,0,0
TCK-007696,53,9,0,0,0.0227,0,0,0,0
TCK-007697,45,8,0,0,0.027,0,0,0,0
TCK-007698,55,8,0,0,0.0638,0,0,0,0
TCK-007699,56,11,0,0,0.0222,0,0,0,0
TCK-007700,61,11,0,0,0.0408,0,0,0,1
TCK-007701,40,7,0,0,0.0303,0,0,0,0
TCK-007702,64,9,0,0,0.037,1,0,0,0
TCK-007703,55,8,0,0,0.0217,1,0,1,0
TCK-007704,161,27,0,0,0.0227,2,0,0,1
TCK-007705,62,11,0,0,0.02,1,1,0,0
TCK-007706,55,8,0,0,0.0638,0,0,0,0
TCK-007707,61,10,0,0,0.02,1,0,1,0
TCK-007708,59,9,1,0,0.0204,0,0,0,0
TCK-007709,55,10,0,0,0.0222,0,0,0,0
TCK-007710,171,31,0,0,0.0217,0,0,0,0
TCK-007711,165,27,0,0,0.0224,2,0,1,0
TCK-007712,40,7,0,0,0.0303,0,0,0,0
TCK-007713,157,27,2,0,0.0234,0,0,0,0
TCK-007714,61,10,0,0,0.02,1,0,0,1
TCK-007715,61,10,0,0,0.02,1,0,1,0
TCK-007716,108,19,0,0,0.023,0,0,0,0
TCK-007717,53,9,0,0,0.0227,0,0,0,0
TCK-007718,45,8,0,0,0.027,0,0,0,0
TCK-007719,61,11,0,0,0.0408,0,0,0,1
TCK-007720,157,27,2,0,0.0234,0,0,0,0
TCK-007721,133,23,0,0,0.0278,0,0,0,0
TCK-007722,56,11,0,0,0.0222,0,0,0,0
TCK-007723,151,27,0,0,0.025,0,0,0,0
TCK-007724,135,25,0,0,0.03,4,0,0,1
TCK-007725,59,10,0,0,0.0204,1,0,0,1
TCK-007726,57,10,1,0,0.0213,0,0,0,0
TCK-007727,64,12,0,0,0.0192,0,0,0,0
TCK-007728,64,12,0,0,0.0192,0,0,0,0
TCK-007729,55,10,0,0,0.0222,0,0,0,0
TCK-007730,109,20,0,1,0.023,1,0,0,0
TCK-007731,53,9,0,0,0.0227,0,0,0,0
TCK-007732,55,10,0,0,0.0222,0,0,0,0
TCK-007733,55,10,0,0,0.0222,0,0,0,0
TCK-007734,40,7,0,0,0.0303,0,0,0,0
TCK-007735,99,18,0,1,0.0256,1,0,0,0
TCK-007736,59,10,0,0,0.0204,1,0,0,1
TCK-007737,55,8,0,0,0.0217,1,0,1,0
TCK-007738,45,8,0,0,0.027,0,0,0,0
TCK-007739,55,8,0,0,0.0217,1,0,1,0
TCK-007740,61,11,0,0,0.0408,0,0,0,1
TCK-007741,62,11,0,0,0.02,1,1,0,0
TCK-007742,54,10,0,0,0.0233,0,0,0,0
TCK-007743,90,16,0,1,0.0278,1,0,0,0
TCK-007744,61,10,0,0,0.02,1,0,1,0
TCK-007745,40,7,0,0,0.0303,0,0,0,0
TCK-007746,64,12,0,0,0.0192,0,0,0,0
TCK-007747,161,25,2,0,0.0227,0,0,0,0
TCK-007748,55,10,0,0,0.0222,0,0,0,0
TCK-007749,64,9,0,0,0.037,1,0,0,0
TCK-007750,53,9,0,0,0.0227,0,0,0,0
TCK-007751,55,10,0,0,0.0222,0,0,0,0
TCK-007752,56,10,1,0,0.0217,0,0,0,0
TCK-007753,64,9,0,0,0.037,1,0,0,0
TCK-007754,109,20,0,1,0.023,1,0,0,0
TCK-007755,54,10,0,0,0.0233,0,0,0,0
TCK-007756,46,9,0,0,0.0303,2,0,0,1
TCK-007757,59,10,0,0,0.0204,1,0,0,1
TCK-007758,46,9,0,0,0.0303,2,0,0,1
TCK-007759,54,10,0,0,0.0233,0,0,0,0
TCK-007760,64,9,0,0,0.037,1,0,0,0
TCK-007761,84,14,0,0,0.0294,0,0,0,0
TCK-007762,55,10,0,0,0.0222,0,0,0,0
TCK-007763,61,11,0,0,0.0408,0,0,0,1
TCK-007764,149,25,0,0,0.0246,0,0,0,0
TCK-007765,61,10,0,0,0.02,1,0,0,1
TCK-007766,56,11,0,0,0.0222,0,0,0,0
TCK-007767,55,8,0,0,0.0217,1,0,1,0
TCK-007768,61,10,0,0,0.02,1,0,0,1
TCK-007769,57,9,1,0,0.0208,0,0,0,0
TCK-007770,64,9,0,0,0.037,1,0,0,0
TCK-007771,55,8,0,0,0.0217,1,0,1,0
TCK-007772,61,10,0,0,0.02,1,0,0,1
TCK-007773,61,11,0,0,0.0408,0,0,0,1
TCK-007774,64,9,0,0,0.037,1,0,0,0
TCK-007775,157,27,2,0,0.0234,0,0,0,0
TCK-007776,161,25,2,0,0.0227,0,0,0,0
TCK-007777,106,18,0,1,0.0235,2,0,0,1
TCK-007778,171,31,0,0,0.0217,0,0,0,0
TCK-007779,79,13,0,0,0.0308,1,0,0,0
TCK-007780,161,27,0,0,0.0227,2,0,0,1
TCK-007781,62,11,0,0,0.02,1,1,0,0
TCK-007782,53,9,0,0,0.0227,0,0,0,0
TCK-007783,61,11,0,0,0.0408,0,0,0,1
TCK-007784,161,25,2,0,0.0227,0,0,0,0
TCK-007785,161,25,2,0,0.0227,0,0,0,0
TCK-007786,64,12,0,0,0.0192,0,0,0,0
TCK-007787,56,10,1,0,0.0217,0,0,0,0
TCK-007788,155,29,0,0,0.0242,0,0,0,0
TCK-007789,64,9,0,0,0.037,1,0,0,0
TCK-007790,59,9,1,0,0.0204,0,0,0,0
TCK-007791,61,10,0,0,0.02,1,0,0,1
TCK-007792,55,10,0,0,0.0222,0,0,0,0
TCK-007793,57,9,1,0,0.0208,0,0,0,0
TCK-007794,40,7,0,0,0.0303,0,0,0,0
TCK-007795,57,10,1,0,0.0213,0,0,0,0
TCK-007796,155,29,0,0,0.0242,0,0,0,0
TCK-007797,55,10,0,0,0.0222,0,0,0,0
TCK-007798,61,11,0,0,0.0408,0,0,0,1
TCK-007799,62,11,0,0,0.02,1,1,0,0
TCK-007800,59,9,1,0,0.0204,0,0,0,0
TCK-007801,153,23,0,0,0.0547,0,0,0,0
TCK-007802,61,10,0,0,0.02,1,0,1,0
TCK-007803,55,10,0,0,0.0222,0,0,0,0
TCK-007804,54,10,0,0,0.0233,0,0,0,0
TCK-007805,56,11,0,0,0.0222,0,0,0,0
TCK-007806,53,9,0,0,0.0227,0,0,0,0
TCK-007807,61,10,0,0,0.02,1,0,1,0
TCK-007808,61,10,0,0,0.02,1,0,0,1
TCK-007809,55,10,0,0,0.0222,0,0,0,0
TCK-007810,45,8,0,0,0.027,0,0,0,0
TCK-007811,59,10,0,0,0.0204,1,0,0,1
TCK-007812,59,9,1,0,0.0204,0,0,0,0
TCK-007813,153,23,0,0,0.0238,2,0,1,0
TCK-007814,167,29,0,0,0.0224,2,1,0,0
TCK-007815,100,17,1,0,0.0247,0,0,0,0
TCK-007816,55,8,0,0,0.0217,1,0,1,0
TCK-007817,62,11,0,0,0.02,1,1,0,0
TCK-007818,59,10,0,0,0.0204,1,0,0,1
TCK-007819,95,16,0,0,0.039,1,0,0,1
TCK-007820,55,10,0,0,0.0222,0,0,0,0
TCK-007821,59,9,1,0,0.0204,0,0,0,0
TCK-007822,64,12,0,0,0.0192,0,0,0,0
TCK-007823,54,10,0,0,0.0233,0,0,0,0
TCK-007824,57,10,1,0,0.0213,0,0,0,0
TCK-007825,54,10,0,0,0.0233,0,0,0,0
TCK-007826,55,8,0,0,0.0217,1,0,1,0
TCK-007827,55,8,0,0,0.0217,1,0,1,0
TCK-007828,64,9,0,0,0.037,1,0,0,0
TCK-007829,157,27,2,0,0.0234,0,0,0,0
TCK-007830,51,8,0,0,0.0233,1,0,0,1
TCK-007831,99,15,0,0,0.0247,1,0,1,0
TCK-007832,55,8,0,0,0.0217,1,0,1,0
TCK-007833,45,8,0,0,0.027,0,0,0,0
TCK-007834,64,12,0,0,0.0192,0,0,0,0
TCK-007835,64,12,0,0,0.0192,0,0,0,0
TCK-007836,157,25,2,0,0.0231,0,0,0,0
TCK-007837,64,9,0,0,0.037,1,0,0,0
TCK-007838,59,10,0,0,0.0204,1,0,0,1
TCK-007839,103,17,0,0,0.0238,1,0,0,1
TCK-007840,64,9,0,0,0.037,1,0,0,0
TCK-007841,61,10,0,0,0.02,1,0,0,1
TCK-007842,167,29,0,0,0.0224,2,1,0,0
TCK-007843,102,18,1,1,0.0244,1,0,0,0
TCK-007844,40,7,0,0,0.0303,0,0,0,0
TCK-007845,53,9,0,0,0.0227,0,0,0,0
TCK-007846,64,12,0,0,0.0192,0,0,0,0
TCK-007847,106,19,0,1,0.0357,1,0,0,1
TCK-007848,53,9,0,0,0.0227,0,0,0,0
TCK-007849,151,27,0,0,0.025,0,0,0,0
TCK-007850,55,10,0,0,0.0222,0,0,0,0
TCK-007851,56,11,0,0,0.0222,0,0,0,0
TCK-007852,59,10,0,0,0.0204,1,0,0,1
TCK-007853,55,10,0,0,0.0222,0,0,0,0
TCK-007854,56,11,0,0,0.0222,0,0,0,0
TCK-007855,59,9,1,0,0.0204,0,0,0,0
TCK-007856,165,27,0,0,0.0224,2,0,0,1
TCK-007857,55,8,0,0,0.0638,0,0,0,0
TCK-007858,45,8,0,0,0.027,0,0,0,0
TCK-007859,62,11,0,0,0.02,1,1,0,0
TCK-007860,53,9,0,0,0.0227,0,0,0,0
TCK-007861,57,10,1,0,0.0213,0,0,0,0
TCK-007862,54,10,0,0,0.0233,0,0,0,0
TCK-007863,95,15,0,0,0.0256,2,0,0,1
TCK-007864,57,10,1,0,0.0213,0,0,0,0
TCK-007865,64,9,0,0,0.037,1,0,0,0
TCK-007866,51,8,0,0,0.0233,1,0,0,1
TCK-007867,55,8,0,0,0.0217,1,0,1,0
TCK-007868,167,29,0,0,0.0224,2,1,0,0
TCK-007869,55,8,0,0,0.0217,1,0,1,0
TCK-007870,59,10,0,0,0.0204,1,0,0,1
TCK-007871,85,13,0,0,0.0282,2,0,0,1
TCK-007872,59,10,0,0,0.0204,1,0,0,1
TCK-007873,56,11,0,0,0.0222,0,0,0,0
TCK-007874,57,9,1,0,0.0208,0,0,0,0
TCK-007875,51,8,0,0,0.0233,1,0,0,1
TCK-007876,57,9,1,0,0.0208,0,0,0,0
TCK-007877,149,25,0,0,0.0246,0,0,0,0
TCK-007878,55,8,0,0,0.0217,1,0,1,0
TCK-007879,104,18,0,1,0.0238,2,0,0,1
TCK-007880,61,10,0,0,0.02,1,0,0,1
TCK-007881,99,18,0,1,0.0256,1,0,0,0
TCK-007882,57,10,1,0,0.0213,0,0,0,0
TCK-007883,61,11,0,0,0.0408,0,0,0,1
TCK-007884,54,10,0,0,0.0233,0,0,0,0
TCK-007885,123,21,0,0,0.03,0,0,0,0
TCK-007886,56,11,0,0,0.0222,0,0,0,0
TCK-007887,64,9,0,0,0.037,1,0,0,0
TCK-007888,104,17,1,1,0.0238,1,0,0,0
TCK-007889,85,13,0,0,0.0282,2,0,0,1
TCK-007890,64,12,0,0,0.0192,0,0,0,0
TCK-007891,54,10,0,0,0.0233,0,0,0,0
TCK-007892,106,18,0,0,0.0235,1,1,0,0
TCK-007893,64,9,0,0,0.037,1,0,0,0
TCK-007894,40,7,0,0,0.0303,0,0,0,0
TCK-007895,61,11,0,0,0.0408,0,0,0,1
TCK-007896,64,9,0,0,0.037,1,0,0,0
TCK-007897,56,11,0,0,0.0222,0,0,0,0
TCK-007898,206,33,2,1,0.024,1,0,0,0
TCK-007899,53,9,0,0,0.0227,0,0,0,0
TCK-007900,215,32,0,0,0.0339,2,0,0,0
TCK-007901,59,9,1,0,0.0204,0,0,0,0
TCK-007902,56,10,1,0,0.0217,0,0,0,0
TCK-007903,55,10,0,0,0.0222,0,0,0,0
TCK-007904,40,7,0,0,0.0303,0,0,0,0
TCK-007905,133,23,0,0,0.0278,0,0,0,0
TCK-007906,64,12,0,0,0.0192,0,0,0,0
TCK-007907,55,8,0,0,0.0217,1,0,1,0
TCK-007908,57,10,1,0,0.0213,0,0,0,0
TCK-007909,64,9,0,0,0.037,1,0,0,0
TCK-007910,46,9,0,0,0.0303,2,0,0,1
TCK-007911,53,9,0,0,0.0227,0,0,0,0
TCK-007912,61,10,0,0,0.02,1,0,1,0
TCK-007913,54,10,0,0,0.0233,0,0,0,0
TCK-007914,57,9,1,0,0.0208,0,0,0,0
TCK-007915,56,10,1,0,0.0217,0,0,0,0
TCK-007916,45,8,0,0,0.027,0,0,0,0
TCK-007917,55,10,0,0,0.0222,0,0,0,0
TCK-007918,61,10,0,0,0.02,1,0,0,1
TCK-007919,64,12,0,0,0.0192,0,0,0,0
TCK-007920,57,9,1,0,0.0208,0,0,0,0
TCK-007921,64,9,0,0,0.037,1,0,0,0
TCK-007922,59,9,1,0,0.0204,0,0,0,0
TCK-007923,61,10,0,0,0.02,1,0,0,1
TCK-007924,54,10,0,0,0.0233,0,0,0,0
TCK-007925,46,9,0,0,0.0303,2,0,0,1
TCK-007926,100,17,1,0,0.0247,0,0,0,0
TCK-007927,98,14,0,0,0.0366,2,0,0,0
TCK-007928,46,9,0,0,0.0303,2,0,0,1
TCK-007929,153,27,0,0,0.0242,0,0,0,0
TCK-007930,57,9,1,0,0.0208,0,0,0,0
TCK-007931,62,11,0,0,0.02,1,1,0,0
TCK-007932,56,10,1,0,0.0217,0,0,0,0
TCK-007933,157,27,2,0,0.0234,0,0,0,0
TCK-007934,98,17,0,0,0.025,1,0,0,0
TCK-007935,90,16,0,0,0.0274,1,0,0,0
TCK-007936,59,9,1,0,0.0204,0,0,0,0
TCK-007937,53,9,0,0,0.0227,0,0,0,0
TCK-007938,53,9,0,0,0.0227,0,0,0,0
TCK-007939,61,10,0,0,0.02,1,0,1,0
TCK-007940,96,16,0,1,0.0256,2,0,0,1
TCK-007941,89,15,0,0,0.0274,1,0,0,0
TCK-007942,59,10,0,0,0.0204,1,0,0,1
TCK-007943,64,9,0,0,0.037,1,0,0,0
TCK-007944,64,12,0,0,0.0192,0,0,0,0
TCK-007945,46,9,0,0,0.0303,2,0,0,1
TCK-007946,59,10,0,0,0.0204,1,0,0,1
TCK-007947,62,11,0,0,0.02,1,1,0,0
TCK-007948,53,9,0,0,0.0227,0,0,0,0
TCK-007949,56,10,1,0,0.0217,0,0,0,0
TCK-007950,53,9,0,0,0.0227,0,0,0,0
TCK-007951,61,10,0,0,0.02,1,0,1,0
TCK-007952,57,10,1,0,0.0213,0,0,0,0
TCK-007953,59,10,0,0,0.0204,1,0,0,1
TCK-007954,40,7,0,0,0.0303,0,0,0,0
TCK-007955,56,10,1,0,0.0217,0,0,0,0
TCK-007956,59,10,0,0,0.0204,1,0,0,1
TCK-007957,99,17,0,0,0.025,0,0,0,0
TCK-007958,64,9,0,0,0.037,1,0,0,0
TCK-007959,55,8,0,0,0.0638,0,0,0,0
TCK-007960,56,10,1,0,0.0217,0,0,0,0
TCK-007961,56,11,0,0,0.0222,0,0,0,0
TCK-007962,54,10,0,0,0.0233,0,0,0,0
TCK-007963,57,9,1,0,0.0208,0,0,0,0
TCK-007964,45,8,0,0,0.027,0,0,0,0
TCK-007965,101,17,1,0,0.0244,0,0,0,0
TCK-007966,55,10,0,0,0.0222,0,0,0,0
TCK-007967,61,11,0,0,0.0408,0,0,0,1
TCK-007968,55,8,0,0,0.0638,0,0,0,0
TCK-007969,155,29,0,0,0.0242,0,0,0,0
TCK-007970,45,8,0,0,0.027,0,0,0,0
TCK-007971,57,10,1,0,0.0213,0,0,0,0
TCK-007972,57,10,1,0,0.0213,0,0,0,0
TCK-007973,59,10,0,0,0.0204,1,0,0,1
TCK-007974,54,10,0,0,0.0233,0,0,0,0
TCK-007975,61,10,0,0,0.02,1,0,0,1
TCK-007976,56,11,0,0,0.0222,0,0,0,0
TCK-007977,55,10,0,0,0.0222,0,0,0,0
TCK-007978,45,8,0,0,0.027,0,0,0,0
TCK-007979,56,10,1,0,0.0217,0,0,0,0
TCK-007980,56,11,0,0,0.0222,0,0,0,0
TCK-007981,46,9,0,0,0.0303,2,0,0,1
TCK-007982,57,10,1,0,0.0213,0,0,0,0
TCK-007983,53,9,0,0,0.0227,0,0,0,0
TCK-007984,106,18,0,0,0.0235,1,1,0,0
TCK-007985,53,9,0,0,0.0227,0,0,0,0
TCK-007986,46,9,0,0,0.0303,2,0,0,1
TCK-007987,59,9,1,0,0.0204,0,0,0,0
TCK-007988,55,8,0,0,0.0217,1,0,1,0
TCK-007989,51,8,0,0,0.0233,1,0,0,1
TCK-007990,46,9,0,0,0.0303,2,0,0,1
TCK-007991,40,7,0,0,0.0303,0,0,0,0
TCK-007992,171,31,0,0,0.0217,0,0,0,0
TCK-007993,55,8,0,0,0.0217,1,0,1,0
TCK-007994,54,10,0,0,0.0233,0,0,0,0
TCK-007995,106,19,0,1,0.0357,1,0,0,1
TCK-007996,93,15,0,0,0.026,2,0,0,1
TCK-007997,62,11,0,0,0.02,1,1,0,0
TCK-007998,59,10,0,0,0.0204,1,0,0,1
TCK-007999,171,25,0,0,0.0352,2,0,0,0
TCK-008000,45,8,0,0,0.027,0,0,0,0
