ticket_id,channel,product,category,priority,customer_tier,region,backlog_at_creation,first_response_minutes,reopened,created_hour,created_weekday,created_month,sla_breach,body_len,word_count,num_question,num_exclam,upper_ratio,urgency_hits,kw_refund,kw_cancel,kw_error,n_events,n_status_changes,reopened_from_log
TCK-000001,Telefone,App Mobile,Dúvida / Como Fazer,Média,Premium,Norte,46,157.4,0,13,4,9,0,56,10,1,0,0.0217,0,0,0,0,3,2,0
TCK-000002,Email,Relatórios,Bug / Defeito,Baixa,Basic,Sul,17,213.1,0,7,6,3,0,61,11,0,0,0.0408,0,0,0,1,3,2,0
TCK-000003,Email,Relatórios,Dúvida / Como Fazer,Alta,Enterprise,Nordeste,49,79.9,0,10,5,10,0,101,17,1,0,0.0244,0,0,0,0,3,2,0
TCK-000004,Email,Faturamento,Bug / Defeito,Baixa,Premium,Norte,41,200.4,0,20,5,10,0,61,11,0,0,0.0408,0,0,0,1,3,2,0
TCK-000005,Telefone,Integrações,Bug / Defeito,Média,Premium,Centro-Oeste,23,60.3,0,3,5,10,0,61,10,0,0,0.02,1,0,0,1,3,2,0
TCK-000006,Formulário Web,Relatórios,Problema Técnico,Média,Basic,Sudeste,40,164.3,0,13,0,6,0,161,27,0,0,0.0227,2,0,0,1,3,2,0
TCK-000007,Email,Faturamento,Dúvida / Como Fazer,Média,Basic,Sudeste,6,103.8,0,6,2,12,0,57,10,1,0,0.0213,0,0,0,0,3,2,0
TCK-000008,Email,API,Dúvida / Como Fazer,Média,Free,Sul,37,147.6,0,23,6,9,0,57,10,1,0,0.0213,0,0,0,0,3,2,0
TCK-000009,Chat,Faturamento,Faturamento,Média,Free,Norte,58,93.6,0,16,0,3,0,62,11,0,0,0.02,1,1,0,0,3,2,0
TCK-000010,Formulário Web,Plataforma Web,Acesso e Conta,Crítica,Basic,Norte,37,31.9,0,23,1,9,0,64,9,0,0,0.037,1,0,0,0,3,2,0
TCK-000011,Email,Integrações,Solicitação de Recurso,Baixa,Basic,Sudeste,61,170.4,0,0,0,3,0,123,21,0,0,0.03,0,0,0,0,3,2,0
TCK-000012,Redes Sociais,Integrações,Solicitação de Recurso,Alta,Free,Nordeste,40,69.8,0,12,3,11,1,57,9,1,0,0.0208,0,0,0,0,3,2,0
TCK-000013,Formulário Web,API,Solicitação de Recurso,Média,Free,Sudeste,79,298.5,0,11,3,11,1,57,9,1,0,0.0208,0,0,0,0,3,2,0
TCK-000014,Email,Relatórios,Faturamento,Alta,Free,Sudeste,27,30.0,0,5,2,7,1,177,30,0,0,0.028,0,0,0,0,3,2,0
TCK-000015,Telefone,Plataforma Web,Faturamento,Baixa,Premium,Sudeste,38,253.1,0,8,6,6,0,62,11,0,0,0.02,1,1,0,0,3,2,0
TCK-000016,Email,Faturamento,Acesso e Conta,Média,Basic,Norte,85,141.1,0,9,4,1,0,64,12,0,0,0.0192,0,0,0,0,3,2,0
TCK-000017,Telefone,Relatórios,Dúvida / Como Fazer,Baixa,Basic,Sul,14,518.8,0,19,2,4,0,53,9,0,0,0.0227,0,0,0,0,3,2,0
TCK-000018,Telefone,API,Solicitação de Recurso,Baixa,Free,Norte,25,179.6,0,8,6,4,0,57,9,1,0,0.0208,0,0,0,0,3,2,0
TCK-000019,Telefone,Faturamento,Problema Técnico,Baixa,Basic,Nordeste,30,736.8,0,7,4,12,0,153,27,0,0,0.0242,0,0,0,0,3,2,0
TCK-000020,Email,Plataforma Web,Acesso e Conta,Média,Basic,Sul,20,107.6,0,11,2,5,0,64,12,0,0,0.0192,0,0,0,0,3,2,0
TCK-000021,Chat,Relatórios,Dúvida / Como Fazer,Baixa,Basic,Sul,33,240.1,0,5,1,10,0,149,25,0,0,0.0246,0,0,0,0,3,2,0
TCK-000022,Email,Faturamento,Problema Técnico,Média,Premium,Sul,73,226.9,0,18,5,11,0,55,10,0,0,0.0222,0,0,0,0,3,2,0
TCK-000023,Telefone,Integrações,Problema Técnico,Alta,Free,Sul,65,54.6,1,15,6,12,1,55,10,0,0,0.0222,0,0,0,0,4,3,1
TCK-000024,Telefone,Plataforma Web,Dúvida / Como Fazer,Crítica,Free,Norte,50,41.8,0,5,0,3,0,91,15,1,0,0.0267,1,0,0,0,3,2,0
TCK-000025,Telefone,Faturamento,Acesso e Conta,Baixa,Free,Centro-Oeste,49,143.7,0,0,1,3,0,64,12,0,0,0.0192,0,0,0,0,3,2,0
TCK-000026,Telefone,App Mobile,Cancelamento,Média,Basic,Centro-Oeste,67,174.3,0,16,0,5,0,51,8,0,0,0.0233,1,0,0,1,3,2,0
TCK-000027,Telefone,Integrações,Dúvida / Como Fazer,Baixa,Basic,Norte,29,246.1,0,17,6,9,0,56,10,1,0,0.0217,0,0,0,0,3,2,0
TCK-000028,Email,Integrações,Solicitação de Recurso,Baixa,Premium,Sul,43,247.0,0,19,2,2,0,123,21,0,0,0.03,0,0,0,0,3,2,0
TCK-000029,Email,Faturamento,Dúvida / Como Fazer,Baixa,Free,Sudeste,9,272.6,0,13,3,12,0,57,10,1,0,0.0213,0,0,0,0,3,2,0
TCK-000030,Chat,Integrações,Acesso e Conta,Baixa,Free,Sudeste,41,304.1,0,9,5,2,0,64,12,0,0,0.0192,0,0,0,0,3,2,0
TCK-000031,Formulário Web,API,Acesso e Conta,Média,Free,Sudeste,42,125.3,0,11,4,5,0,54,10,0,0,0.0233,0,0,0,0,3,2,0
TCK-000032,Telefone,API,Problema Técnico,Média,Premium,Sul,58,130.1,0,12,2,6,0,153,27,0,0,0.0242,0,0,0,0,3,2,0
TCK-000033,Email,Relatórios,Dúvida / Como Fazer,Média,Basic,Centro-Oeste,24,158.4,0,23,1,12,0,57,10,1,0,0.0213,0,0,0,0,3,2,0
TCK-000034,Chat,App Mobile,Dúvida / Como Fazer,Média,Premium,Centro-Oeste,34,111.3,0,3,5,7,0,53,9,0,0,0.0227,0,0,0,0,3,2,0
TCK-000035,Email,Plataforma Web,Problema Técnico,Alta,Basic,Norte,24,47.0,0,23,0,10,0,90,16,0,0,0.0274,1,0,0,0,3,2,0
TCK-000036,Email,Integrações,Bug / Defeito,Baixa,Basic,Nordeste,37,230.8,0,23,1,1,0,61,11,0,0,0.0408,0,0,0,1,3,2,0
TCK-000037,Formulário Web,Relatórios,Faturamento,Baixa,Free,Sul,54,487.8,0,4,5,3,0,59,9,1,0,0.0204,0,0,0,0,3,2,0
TCK-000038,Email,Integrações,Acesso e Conta,Baixa,Enterprise,Nordeste,50,190.1,0,22,2,3,0,171,25,0,0,0.0352,2,0,0,0,3,2,0
TCK-000039,Chat,Faturamento,Dúvida / Como Fazer,Alta,Free,Centro-Oeste,40,44.4,0,23,5,12,0,56,10,1,0,0.0217,0,0,0,0,3,2,0
TCK-000040,Email,Plataforma Web,Bug / Defeito,Alta,Basic,Nordeste,40,67.9,1,14,5,4,1,95,15,0,0,0.0256,2,0,0,1,4,3,1
TCK-000041,Formulário Web,Integrações,Cancelamento,Média,Basic,Sul,24,75.5,0,22,0,4,0,145,23,0,0,0.025,2,0,0,1,3,2,0
TCK-000042,Telefone,Relatórios,Cancelamento,Crítica,Free,Sudeste,28,20.8,0,17,3,1,1,55,8,0,0,0.0217,1,0,1,0,3,2,0
TCK-000043,Redes Sociais,API,Acesso e Conta,Média,Premium,Sul,39,188.4,0,2,1,1,0,64,9,0,0,0.037,1,0,0,0,3,2,0
TCK-000044,Telefone,App Mobile,Solicitação de Recurso,Baixa,Free,Sul,40,371.9,0,9,6,12,0,40,7,0,0,0.0303,0,0,0,0,3,2,0
TCK-000045,Telefone,API,Problema Técnico,Alta,Free,Nordeste,31,96.7,0,15,6,7,1,59,10,0,0,0.0204,1,0,0,1,3,2,0
TCK-000046,Telefone,Plataforma Web,Faturamento,Crítica,Premium,Nordeste,26,21.8,1,2,5,3,1,90,16,0,1,0.0278,1,0,0,0,4,3,1
TCK-000047,Email,API,Cancelamento,Alta,Basic,Sul,60,62.9,0,13,3,7,0,55,8,0,0,0.0217,1,0,1,0,3,2,0
TCK-000048,Formulário Web,Integrações,Solicitação de Recurso,Baixa,Basic,Sudeste,52,208.2,0,6,1,11,0,40,7,0,0,0.0303,0,0,0,0,3,2,0
TCK-000049,Chat,Plataforma Web,Dúvida / Como Fazer,Crítica,Basic,Norte,15,26.8,0,19,5,9,0,57,10,1,0,0.0213,0,0,0,0,3,2,0
TCK-000050,Email,API,Acesso e Conta,Média,Free,Nordeste,42,91.1,0,7,1,2,0,151,27,0,0,0.025,0,0,0,0,3,2,0
TCK-000051,Email,Relatórios,Solicitação de Recurso,Baixa,Free,Centro-Oeste,57,336.9,0,16,4,5,1,157,25,2,0,0.0231,0,0,0,0,3,2,0
TCK-000052,Email,Plataforma Web,Cancelamento,Baixa,Free,Norte,73,429.2,1,13,0,6,0,55,8,0,0,0.0217,1,0,1,0,4,3,1
TCK-000053,Chat,Relatórios,Solicitação de Recurso,Baixa,Enterprise,Sudeste,13,357.1,0,23,2,1,0,40,7,0,0,0.0303,0,0,0,0,3,2,0
TCK-000054,Email,Integrações,Acesso e Conta,Média,Free,Sudeste,54,166.3,0,1,0,4,0,64,12,0,0,0.0192,0,0,0,0,3,2,0
TCK-000055,Redes Sociais,Integrações,Cancelamento,Baixa,Free,Centro-Oeste,30,199.8,0,0,1,7,0,51,8,0,0,0.0233,1,0,0,1,3,2,0
TCK-000056,Email,Relatórios,Solicitação de Recurso,Baixa,Basic,Sul,10,425.4,0,4,4,8,0,40,7,0,0,0.0303,0,0,0,0,3,2,0
TCK-000057,Formulário Web,API,Bug / Defeito,Média,Free,Centro-Oeste,35,83.2,1,21,1,12,1,61,10,0,0,0.02,1,0,0,1,4,3,1
TCK-000058,Chat,API,Bug / Defeito,Alta,Enterprise,Centro-Oeste,37,41.2,0,6,2,8,1,95,16,0,0,0.039,1,0,0,1,3,2,0
TCK-000059,Telefone,Relatórios,Acesso e Conta,Crítica,Basic,Sul,109,72.9,0,17,6,8,1,88,15,0,0,0.0282,1,0,0,0,3,2,0
TCK-000060,Email,Plataforma Web,Acesso e Conta,Baixa,Premium,Sul,28,140.5,0,8,4,3,0,54,10,0,0,0.0233,0,0,0,0,3,2,0
TCK-000061,Telefone,Faturamento,Acesso e Conta,Média,Enterprise,Centro-Oeste,48,170.1,0,10,3,3,0,54,10,0,0,0.0233,0,0,0,0,3,2,0
TCK-000062,Chat,API,Acesso e Conta,Baixa,Free,Norte,19,327.4,0,4,0,9,0,64,9,0,0,0.037,1,0,0,0,3,2,0
TCK-000063,Formulário Web,Plataforma Web,Problema Técnico,Média,Basic,Sudeste,67,104.4,0,5,5,8,0,161,27,0,0,0.0227,2,0,0,1,3,2,0
TCK-000064,Formulário Web,Faturamento,Problema Técnico,Alta,Premium,Nordeste,18,43.0,0,18,5,9,1,101,19,0,1,0.025,1,0,0,0,3,2,0
TCK-000065,Redes Sociais,Plataforma Web,Bug / Defeito,Baixa,Free,Centro-Oeste,62,444.2,1,13,6,2,1,61,10,0,0,0.02,1,0,0,1,4,3,1
TCK-000066,Email,Relatórios,Bug / Defeito,Média,Basic,Sul,0,84.8,0,4,6,10,1,61,11,0,0,0.0408,0,0,0,1,3,2,0
TCK-000067,Email,App Mobile,Faturamento,Alta,Premium,Sul,29,56.6,0,19,1,4,0,133,23,0,0,0.0278,0,0,0,0,3,2,0
TCK-000068,Telefone,Faturamento,Bug / Defeito,Crítica,Free,Centro-Oeste,37,33.8,0,6,4,8,1,46,9,0,0,0.0303,2,0,0,1,3,2,0
TCK-000069,Telefone,App Mobile,Dúvida / Como Fazer,Crítica,Basic,Nordeste,53,42.0,0,19,3,9,0,53,9,0,0,0.0227,0,0,0,0,3,2,0
TCK-000070,Email,Faturamento,Problema Técnico,Média,Basic,Norte,43,120.0,0,22,0,2,0,55,10,0,0,0.0222,0,0,0,0,3,2,0
TCK-000071,Email,App Mobile,Acesso e Conta,Baixa,Free,Sudeste,63,284.2,0,15,6,9,0,54,10,0,0,0.0233,0,0,0,0,3,2,0
TCK-000072,Chat,Faturamento,Bug / Defeito,Média,Free,Sul,44,159.0,0,8,1,5,0,46,9,0,0,0.0303,2,0,0,1,3,2,0
TCK-000073,Redes Sociais,Plataforma Web,Cancelamento,Crítica,Premium,Sudeste,74,59.7,0,2,3,3,1,51,8,0,0,0.0233,1,0,0,1,3,2,0
TCK-000074,Email,Plataforma Web,Solicitação de Recurso,Alta,Free,Nordeste,28,41.2,0,0,2,2,1,55,8,0,0,0.0638,0,0,0,0,3,2,0
TCK-000075,Email,Integrações,Cancelamento,Crítica,Free,Sudeste,22,23.0,0,19,0,6,1,51,8,0,0,0.0233,1,0,0,1,3,2,0
TCK-000076,Chat,Plataforma Web,Dúvida / Como Fazer,Crítica,Enterprise,Norte,52,37.1,0,3,3,2,0,199,34,2,0,0.0248,0,0,0,0,3,2,0
TCK-000077,Formulário Web,Faturamento,Solicitação de Recurso,Média,Free,Sul,31,149.8,0,0,6,3,1,153,23,0,0,0.0547,0,0,0,0,3,2,0
TCK-000078,Telefone,Faturamento,Bug / Defeito,Alta,Free,Sul,14,34.2,1,14,4,1,1,61,10,0,0,0.02,1,0,0,1,4,3,1
TCK-000079,Chat,API,Faturamento,Alta,Basic,Nordeste,64,71.0,0,18,0,8,1,93,14,1,0,0.026,1,0,0,0,3,2,0
TCK-000080,Redes Sociais,Relatórios,Bug / Defeito,Média,Enterprise,Sul,23,99.6,0,6,3,8,1,61,10,0,0,0.02,1,0,0,1,3,2,0
TCK-000081,Chat,Integrações,Acesso e Conta,Baixa,Basic,Nordeste,23,244.2,0,9,5,4,0,64,12,0,0,0.0192,0,0,0,0,3,2,0
TCK-000082,Formulário Web,Faturamento,Acesso e Conta,Baixa,Free,Sudeste,79,625.9,0,12,0,11,0,64,12,0,0,0.0192,0,0,0,0,3,2,0
TCK-000083,Chat,Integrações,Problema Técnico,Baixa,Free,Norte,17,227.2,0,19,1,8,0,161,27,0,0,0.0227,2,0,0,1,3,2,0
TCK-000084,Email,API,Cancelamento,Baixa,Free,Sudeste,51,184.8,0,16,4,3,0,51,8,0,0,0.0233,1,0,0,1,3,2,0
TCK-000085,Redes Sociais,App Mobile,Faturamento,Alta,Free,Centro-Oeste,53,89.0,0,18,2,4,1,161,25,2,0,0.0227,0,0,0,0,3,2,0
TCK-000086,Chat,Faturamento,Faturamento,Média,Basic,Sudeste,48,91.6,0,18,0,10,0,59,9,1,0,0.0204,0,0,0,0,3,2,0
TCK-000087,Email,Integrações,Problema Técnico,Média,Free,Sudeste,21,181.1,0,2,2,11,1,56,11,0,0,0.0222,0,0,0,0,3,2,0
TCK-000088,Redes Sociais,Relatórios,Acesso e Conta,Crítica,Basic,Centro-Oeste,59,40.7,0,1,3,8,1,99,18,0,1,0.0256,1,0,0,0,3,2,0
TCK-000089,Chat,Plataforma Web,Problema Técnico,Alta,Basic,Nordeste,13,24.5,0,16,6,6,0,103,17,0,0,0.0238,1,0,0,1,3,2,0
TCK-000090,Chat,App Mobile,Bug / Defeito,Baixa,Premium,Centro-Oeste,52,310.8,1,5,2,9,0,46,9,0,0,0.0303,2,0,0,1,4,3,1
TCK-000091,Chat,API,Solicitação de Recurso,Baixa,Basic,Sudeste,51,247.1,0,17,6,8,0,153,23,0,0,0.0547,0,0,0,0,3,2,0
TCK-000092,Chat,App Mobile,Problema Técnico,Baixa,Enterprise,Sul,63,269.4,0,11,0,3,0,56,11,0,0,0.0222,0,0,0,0,3,2,0
TCK-000093,Email,Integrações,Cancelamento,Baixa,Premium,Sul,28,322.3,0,12,3,4,0,145,23,0,0,0.025,2,0,0,1,3,2,0
TCK-000094,Email,App Mobile,Faturamento,Média,Basic,Sul,36,217.1,0,19,3,10,0,167,29,0,0,0.0224,2,1,0,0,3,2,0
TCK-000095,Formulário Web,App Mobile,Solicitação de Recurso,Crítica,Free,Centro-Oeste,56,38.6,0,8,4,12,1,55,8,0,0,0.0638,0,0,0,0,3,2,0
TCK-000096,Telefone,Plataforma Web,Dúvida / Como Fazer,Média,Enterprise,Norte,63,81.3,0,0,1,11,0,57,10,1,0,0.0213,0,0,0,0,3,2,0
TCK-000097,Redes Sociais,App Mobile,Acesso e Conta,Baixa,Basic,Centro-Oeste,44,549.6,0,16,5,10,0,54,10,0,0,0.0233,0,0,0,0,3,2,0
TCK-000098,Chat,API,Cancelamento,Média,Premium,Norte,35,156.7,0,17,6,3,0,61,10,0,0,0.02,1,0,1,0,3,2,0
TCK-000099,Chat,App Mobile,Bug / Defeito,Média,Basic,Sul,18,97.8,0,2,0,7,0,46,9,0,0,0.0303,2,0,0,1,3,2,0
TCK-000100,Email,Faturamento,Bug / Defeito,Alta,Basic,Sul,56,79.6,0,21,1,9,1,61,11,0,0,0.0408,0,0,0,1,3,2,0
TCK-000101,Chat,Plataforma Web,Bug / Defeito,Média,Premium,Sudeste,0,30.2,0,8,0,7,0,61,10,0,0,0.02,1,0,0,1,3,2,0
TCK-000102,Email,App Mobile,Cancelamento,Baixa,Free,Centro-Oeste,65,324.2,0,14,1,9,0,51,8,0,0,0.0233,1,0,0,1,3,2,0
TCK-000103,Chat,App Mobile,Faturamento,Alta,Free,Sudeste,30,44.8,0,18,6,2,0,59,9,1,0,0.0204,0,0,0,0,3,2,0
TCK-000104,Chat,Faturamento,Problema Técnico,Baixa,Free,Nordeste,55,104.1,0,18,1,11,0,56,11,0,0,0.0222,0,0,0,0,3,2,0
TCK-000105,Chat,Faturamento,Solicitação de Recurso,Alta,Premium,Norte,41,105.8,0,22,3,7,1,74,12,0,0,0.0328,1,0,0,0,3,2,0
TCK-000106,Formulário Web,Plataforma Web,Solicitação de Recurso,Crítica,Enterprise,Nordeste,76,60.2,0,9,2,10,1,57,9,1,0,0.0208,0,0,0,0,3,2,0
TCK-000107,Email,Faturamento,Bug / Defeito,Alta,Premium,Norte,44,54.4,1,9,2,12,1,105,17,0,0,0.0235,1,0,0,1,4,3,1
TCK-000108,Formulário Web,Integrações,Bug / Defeito,Baixa,Premium,Nordeste,30,416.8,1,23,0,11,0,61,10,0,0,0.02,1,0,0,1,4,3,1
TCK-000109,Chat,App Mobile,Acesso e Conta,Média,Premium,Norte,5,116.0,0,23,4,7,0,64,9,0,0,0.037,1,0,0,0,3,2,0
TCK-000110,Email,API,Problema Técnico,Alta,Premium,Centro-Oeste,76,90.1,0,10,2,3,1,100,18,0,0,0.025,0,0,0,0,3,2,0
TCK-000111,Formulário Web,Integrações,Cancelamento,Média,Free,Nordeste,30,211.7,0,1,5,2,0,55,8,0,0,0.0217,1,0,1,0,3,2,0
TCK-000112,Formulário Web,Integrações,Solicitação de Recurso,Média,Basic,Norte,0,52.7,0,1,4,2,1,55,8,0,0,0.0638,0,0,0,0,3,2,0
TCK-000113,Chat,Faturamento,Problema Técnico,Baixa,Free,Centro-Oeste,17,164.4,0,1,0,11,0,55,10,0,0,0.0222,0,0,0,0,3,2,0
TCK-000114,Redes Sociais,API,Cancelamento,Alta,Enterprise,Nordeste,73,73.4,0,15,4,8,0,61,10,0,0,0.02,1,0,1,0,3,2,0
TCK-000115,Email,App Mobile,Solicitação de Recurso,Média,Premium,Sudeste,24,238.0,0,5,0,12,0,55,8,0,0,0.0638,0,0,0,0,3,2,0
TCK-000116,Email,API,Acesso e Conta,Média,Enterprise,Sudeste,42,421.9,0,13,4,7,0,64,12,0,0,0.0192,0,0,0,0,3,2,0
TCK-000117,Chat,Plataforma Web,Dúvida / Como Fazer,Média,Premium,Centro-Oeste,48,157.6,0,7,3,1,0,53,9,0,0,0.0227,0,0,0,0,3,2,0
TCK-000118,Email,App Mobile,Cancelamento,Crítica,Free,Nordeste,40,34.1,0,9,0,3,1,153,23,0,0,0.0238,2,0,1,0,3,2,0
TCK-000119,Telefone,API,Solicitação de Recurso,Média,Basic,Centro-Oeste,26,199.8,0,6,0,3,1,40,7,0,0,0.0303,0,0,0,0,3,2,0
TCK-000120,Email,Faturamento,Solicitação de Recurso,Baixa,Premium,Nordeste,40,593.0,0,10,1,8,1,55,8,0,0,0.0638,0,0,0,0,3,2,0
TCK-000121,Telefone,Integrações,Acesso e Conta,Média,Premium,Norte,30,88.2,0,18,6,1,0,64,9,0,0,0.037,1,0,0,0,3,2,0
TCK-000122,Chat,Integrações,Faturamento,Crítica,Basic,Sudeste,31,36.4,0,19,3,2,0,62,11,0,0,0.02,1,1,0,0,3,2,0
TCK-000123,Formulário Web,Integrações,Acesso e Conta,Baixa,Basic,Sudeste,49,303.9,0,15,3,3,0,64,9,0,0,0.037,1,0,0,0,3,2,0
TCK-000124,Formulário Web,API,Problema Técnico,Alta,Basic,Sul,56,89.4,0,13,2,10,1,56,11,0,0,0.0222,0,0,0,0,3,2,0
TCK-000125,Chat,Faturamento,Solicitação de Recurso,Crítica,Free,Sul,80,53.8,0,14,1,12,1,40,7,0,0,0.0303,0,0,0,0,3,2,0
TCK-000126,Email,API,Dúvida / Como Fazer,Média,Premium,Nordeste,3,71.0,0,23,4,6,0,57,10,1,0,0.0213,0,0,0,0,3,2,0
TCK-000127,Email,Relatórios,Dúvida / Como Fazer,Baixa,Free,Centro-Oeste,37,512.6,0,2,3,1,0,56,10,1,0,0.0217,0,0,0,0,3,2,0
TCK-000128,Chat,Faturamento,Acesso e Conta,Baixa,Enterprise,Norte,18,280.2,0,0,3,10,0,64,9,0,0,0.037,1,0,0,0,3,2,0
TCK-000129,Email,App Mobile,Acesso e Conta,Média,Premium,Centro-Oeste,55,114.8,0,9,1,4,0,64,9,0,0,0.037,1,0,0,0,3,2,0
TCK-000130,Email,Plataforma Web,Problema Técnico,Média,Basic,Sul,40,147.0,0,3,0,6,0,56,11,0,0,0.0222,0,0,0,0,3,2,0
TCK-000131,Email,Plataforma Web,Cancelamento,Crítica,Basic,Sul,40,46.1,1,10,1,12,0,61,10,0,0,0.02,1,0,1,0,4,3,1
TCK-000132,Chat,Relatórios,Problema Técnico,Crítica,Premium,Norte,14,14.1,0,19,1,9,1,55,10,0,0,0.0222,0,0,0,0,3,2,0
TCK-000133,Redes Sociais,Integrações,Cancelamento,Baixa,Premium,Norte,13,306.3,0,21,1,9,0,51,8,0,0,0.0233,1,0,0,1,3,2,0
TCK-000134,Redes Sociais,App Mobile,Faturamento,Alta,Basic,Sudeste,18,58.1,1,20,4,5,1,103,16,1,0,0.0238,0,0,0,0,4,3,1
TCK-000135,Telefone,App Mobile,Faturamento,Baixa,Free,Nordeste,33,152.8,0,7,6,10,0,62,11,0,0,0.02,1,1,0,0,3,2,0
TCK-000136,Chat,Faturamento,Acesso e Conta,Média,Free,Norte,56,142.4,0,9,5,11,0,64,12,0,0,0.0192,0,0,0,0,3,2,0
TCK-000137,Chat,Integrações,Cancelamento,Baixa,Basic,Norte,50,129.4,0,12,0,2,0,51,8,0,0,0.0233,1,0,0,1,3,2,0
TCK-000138,Email,Integrações,Cancelamento,Baixa,Basic,Centro-Oeste,37,138.1,0,13,2,9,0,61,10,0,0,0.02,1,0,1,0,3,2,0
TCK-000139,Email,Faturamento,Bug / Defeito,Média,Enterprise,Nordeste,43,166.0,0,4,2,5,0,46,9,0,0,0.0303,2,0,0,1,3,2,0
TCK-000140,Chat,App Mobile,Bug / Defeito,Média,Premium,Nordeste,65,151.3,0,15,4,6,0,135,25,0,0,0.03,4,0,0,1,3,2,0
TCK-000141,Redes Sociais,API,Faturamento,Alta,Premium,Nordeste,24,52.5,0,19,0,2,0,167,28,0,0,0.0294,1,0,0,0,3,2,0
TCK-000142,Email,Relatórios,Problema Técnico,Baixa,Free,Nordeste,35,283.0,0,18,2,12,0,153,27,0,0,0.0242,0,0,0,0,3,2,0
TCK-000143,Formulário Web,Plataforma Web,Faturamento,Média,Free,Sudeste,44,100.0,0,19,1,6,0,59,9,1,0,0.0204,0,0,0,0,3,2,0
TCK-000144,Email,Faturamento,Dúvida / Como Fazer,Baixa,Premium,Sudeste,11,316.8,0,0,1,10,0,53,9,0,0,0.0227,0,0,0,0,3,2,0
TCK-000145,Formulário Web,Relatórios,Bug / Defeito,Alta,Free,Centro-Oeste,15,35.9,0,5,6,9,1,80,14,0,0,0.0328,3,0,0,1,3,2,0
TCK-000146,Redes Sociais,Integrações,Problema Técnico,Crítica,Premium,Sul,45,82.7,0,4,4,12,1,55,10,0,0,0.0222,0,0,0,0,3,2,0
TCK-000147,Email,Integrações,Acesso e Conta,Média,Premium,Centro-Oeste,36,164.5,0,11,6,1,0,64,9,0,0,0.037,1,0,0,0,3,2,0
TCK-000148,Redes Sociais,Faturamento,Bug / Defeito,Baixa,Free,Centro-Oeste,40,206.5,0,20,4,4,0,135,25,0,0,0.03,4,0,0,1,3,2,0
TCK-000149,Email,API,Bug / Defeito,Baixa,Enterprise,Sudeste,45,173.6,1,17,0,8,0,61,10,0,0,0.02,1,0,0,1,4,3,1
TCK-000150,Chat,API,Acesso e Conta,Média,Basic,Nordeste,30,112.2,0,3,5,6,0,64,9,0,0,0.037,1,0,0,0,3,2,0
TCK-000151,Redes Sociais,App Mobile,Dúvida / Como Fazer,Média,Basic,Centro-Oeste,40,275.8,0,19,5,11,0,56,10,1,0,0.0217,0,0,0,0,3,2,0
TCK-000152,Formulário Web,Integrações,Dúvida / Como Fazer,Média,Premium,Sudeste,15,156.0,0,21,3,6,0,155,27,2,0,0.0238,0,0,0,0,3,2,0
TCK-000153,Telefone,App Mobile,Bug / Defeito,Baixa,Free,Nordeste,50,147.6,0,14,0,6,0,61,11,0,0,0.0408,0,0,0,1,3,2,0
TCK-000154,Email,Relatórios,Acesso e Conta,Alta,Free,Sudeste,42,68.8,0,6,4,4,0,64,12,0,0,0.0192,0,0,0,0,3,2,0
TCK-000155,Email,Faturamento,Cancelamento,Baixa,Basic,Nordeste,26,155.9,1,6,4,4,0,55,8,0,0,0.0217,1,0,1,0,4,3,1
TCK-000156,Chat,API,Cancelamento,Baixa,Free,Centro-Oeste,71,307.6,0,15,2,2,0,61,10,0,0,0.02,1,0,1,0,3,2,0
TCK-000157,Email,Plataforma Web,Problema Técnico,Baixa,Premium,Sudeste,38,177.9,1,12,6,12,0,161,27,0,0,0.0227,2,0,0,1,4,3,1
TCK-000158,Redes Sociais,API,Dúvida / Como Fazer,Média,Basic,Norte,54,146.7,0,22,3,12,0,57,10,1,0,0.0213,0,0,0,0,3,2,0
TCK-000159,Email,Relatórios,Bug / Defeito,Média,Free,Nordeste,56,89.3,0,6,2,10,1,61,11,0,0,0.0408,0,0,0,1,3,2,0
TCK-000160,Formulário Web,Plataforma Web,Dúvida / Como Fazer,Crítica,Free,Norte,0,8.5,0,6,1,5,0,100,17,1,0,0.0247,0,0,0,0,3,2,0
TCK-000161,Formulário Web,App Mobile,Dúvida / Como Fazer,Alta,Enterprise,Nordeste,51,75.1,0,8,1,9,0,57,10,1,0,0.0213,0,0,0,0,3,2,0
TCK-000162,Email,Plataforma Web,Faturamento,Baixa,Enterprise,Norte,23,261.0,0,19,6,11,0,167,29,0,0,0.0224,2,1,0,0,3,2,0
TCK-000163,Telefone,App Mobile,Dúvida / Como Fazer,Média,Free,Sul,72,81.6,0,13,1,3,0,53,9,0,0,0.0227,0,0,0,0,3,2,0
TCK-000164,Telefone,API,Acesso e Conta,Média,Basic,Sudeste,17,48.8,0,1,1,3,0,64,9,0,0,0.037,1,0,0,0,3,2,0
TCK-000165,Email,Plataforma Web,Dúvida / Como Fazer,Baixa,Basic,Sudeste,38,118.2,0,16,0,5,0,53,9,0,0,0.0227,0,0,0,0,3,2,0
TCK-000166,Redes Sociais,API,Acesso e Conta,Baixa,Basic,Centro-Oeste,48,192.3,0,19,3,12,0,54,10,0,0,0.0233,0,0,0,0,3,2,0
TCK-000167,Chat,Integrações,Cancelamento,Alta,Basic,Nordeste,45,51.3,0,15,4,9,0,61,10,0,0,0.02,1,0,1,0,3,2,0
TCK-000168,Chat,Relatórios,Faturamento,Média,Basic,Norte,6,67.1,0,6,6,9,0,62,11,0,0,0.02,1,1,0,0,3,2,0
TCK-000169,Redes Sociais,Plataforma Web,Faturamento,Alta,Free,Sul,0,27.0,0,1,4,4,1,133,23,0,0,0.0278,0,0,0,0,3,2,0
TCK-000170,Email,Faturamento,Faturamento,Média,Basic,Nordeste,44,235.1,0,20,3,11,0,45,8,0,0,0.027,0,0,0,0,3,2,0
TCK-000171,Email,App Mobile,Cancelamento,Baixa,Premium,Nordeste,73,424.3,0,14,5,11,0,55,8,0,0,0.0217,1,0,1,0,3,2,0
TCK-000172,Chat,Integrações,Dúvida / Como Fazer,Crítica,Free,Sudeste,0,9.2,0,2,4,5,0,149,25,0,0,0.0246,0,0,0,0,3,2,0
TCK-000173,Email,App Mobile,Acesso e Conta,Média,Free,Centro-Oeste,32,97.7,0,23,5,11,0,171,31,0,0,0.0217,0,0,0,0,3,2,0
TCK-000174,Chat,Faturamento,Cancelamento,Média,Premium,Sudeste,66,128.2,0,4,4,2,0,55,8,0,0,0.0217,1,0,1,0,3,2,0
TCK-000175,Formulário Web,Integrações,Problema Técnico,Média,Free,Sul,53,153.5,0,2,4,5,0,59,10,0,0,0.0204,1,0,0,1,3,2,0
TCK-000176,Formulário Web,Integrações,Problema Técnico,Baixa,Basic,Sudeste,34,377.4,0,11,6,3,0,55,10,0,0,0.0222,0,0,0,0,3,2,0
TCK-000177,Formulário Web,Plataforma Web,Problema Técnico,Alta,Premium,Sudeste,60,76.4,0,11,5,1,0,59,10,0,0,0.0204,1,0,0,1,3,2,0
TCK-000178,Email,App Mobile,Solicitação de Recurso,Média,Basic,Centro-Oeste,66,129.1,0,16,4,5,1,55,8,0,0,0.0638,0,0,0,0,3,2,0
TCK-000179,Formulário Web,Plataforma Web,Faturamento,Média,Premium,Nordeste,55,262.0,0,17,4,8,0,59,9,1,0,0.0204,0,0,0,0,3,2,0
TCK-000180,Redes Sociais,API,Cancelamento,Média,Enterprise,Sul,46,204.8,0,9,0,10,0,51,8,0,0,0.0233,1,0,0,1,3,2,0
TCK-000181,Email,API,Dúvida / Como Fazer,Média,Enterprise,Norte,32,99.2,0,9,0,10,0,155,27,2,0,0.0238,0,0,0,0,3,2,0
TCK-000182,Formulário Web,App Mobile,Acesso e Conta,Média,Basic,Nordeste,4,98.4,0,8,4,6,0,151,27,0,0,0.025,0,0,0,0,3,2,0
TCK-000183,Email,Plataforma Web,Problema Técnico,Baixa,Basic,Centro-Oeste,0,398.1,0,1,1,2,0,55,10,0,0,0.0222,0,0,0,0,3,2,0
TCK-000184,Telefone,Integrações,Bug / Defeito,Baixa,Free,Sul,23,203.1,0,1,6,7,0,61,11,0,0,0.0408,0,0,0,1,3,2,0
TCK-000185,Redes Sociais,Integrações,Acesso e Conta,Média,Free,Centro-Oeste,0,187.9,0,5,1,1,0,64,12,0,0,0.0192,0,0,0,0,3,2,0
TCK-000186,Email,Faturamento,Faturamento,Baixa,Free,Norte,20,165.9,0,11,5,3,0,45,8,0,0,0.027,0,0,0,0,3,2,0
TCK-000187,Formulário Web,Plataforma Web,Acesso e Conta,Alta,Enterprise,Centro-Oeste,13,56.2,1,8,4,11,0,64,9,0,0,0.037,1,0,0,0,4,3,1
TCK-000188,Email,App Mobile,Dúvida / Como Fazer,Baixa,Free,Sul,44,159.4,0,18,0,6,0,57,10,1,0,0.0213,0,0,0,0,3,2,0
TCK-000189,Telefone,Plataforma Web,Acesso e Conta,Crítica,Enterprise,Centro-Oeste,0,12.8,0,4,4,10,0,64,12,0,0,0.0192,0,0,0,0,3,2,0
TCK-000190,Formulário Web,API,Problema Técnico,Média,Free,Centro-Oeste,18,126.1,1,21,5,10,0,56,11,0,0,0.0222,0,0,0,0,4,3,1
TCK-000191,Redes Sociais,API,Solicitação de Recurso,Média,Premium,Sudeste,19,107.1,0,22,4,3,1,55,8,0,0,0.0638,0,0,0,0,3,2,0
TCK-000192,Telefone,Relatórios,Faturamento,Crítica,Free,Centro-Oeste,19,21.0,0,3,6,6,0,107,19,0,1,0.0235,2,1,0,0,3,2,0
TCK-000193,Email,API,Problema Técnico,Média,Free,Sul,27,437.3,0,2,1,9,0,56,11,0,0,0.0222,0,0,0,0,3,2,0
TCK-000194,Chat,API,Problema Técnico,Média,Basic,Sul,31,153.4,1,1,4,6,0,59,10,0,0,0.0204,1,0,0,1,4,3,1
TCK-000195,Chat,App Mobile,Acesso e Conta,Média,Premium,Norte,34,120.0,1,3,4,4,0,64,12,0,0,0.0192,0,0,0,0,4,3,1
TCK-000196,Telefone,Integrações,Dúvida / Como Fazer,Média,Basic,Centro-Oeste,31,70.0,0,7,6,11,0,53,9,0,0,0.0227,0,0,0,0,3,2,0
TCK-000197,Email,Faturamento,Problema Técnico,Alta,Free,Centro-Oeste,72,74.8,1,14,2,7,1,59,10,0,0,0.0204,1,0,0,1,4,3,1
TCK-000198,Formulário Web,Integrações,Acesso e Conta,Baixa,Enterprise,Sul,31,127.5,0,6,0,9,0,64,9,0,0,0.037,1,0,0,0,3,2,0
TCK-000199,Formulário Web,App Mobile,Acesso e Conta,Crítica,Basic,Sudeste,51,60.6,0,13,4,3,0,171,31,0,0,0.0217,0,0,0,0,3,2,0
TCK-000200,Formulário Web,Plataforma Web,Problema Técnico,Média,Premium,Nordeste,27,214.5,0,11,3,11,0,55,10,0,0,0.0222,0,0,0,0,3,2,0
TCK-000201,Telefone,Integrações,Dúvida / Como Fazer,Baixa,Premium,Norte,46,245.0,0,17,5,10,0,56,10,1,0,0.0217,0,0,0,0,3,2,0
TCK-000202,Chat,API,Acesso e Conta,Média,Free,Sudeste,39,73.0,0,3,1,2,0,64,9,0,0,0.037,1,0,0,0,3,2,0
TCK-000203,Redes Sociais,Plataforma Web,Acesso e Conta,Baixa,Free,Sudeste,70,322.2,0,16,5,11,0,54,10,0,0,0.0233,0,0,0,0,3,2,0
TCK-000204,Redes Sociais,Faturamento,Cancelamento,Média,Basic,Nordeste,26,284.4,0,1,5,6,0,55,8,0,0,0.0217,1,0,1,0,3,2,0
TCK-000205,Formulário Web,App Mobile,Faturamento,Média,Free,Nordeste,30,223.4,1,13,6,11,0,45,8,0,0,0.027,0,0,0,0,4,3,1
TCK-000206,Telefone,Plataforma Web,Solicitação de Recurso,Alta,Free,Sudeste,72,64.3,0,3,5,3,1,57,9,1,0,0.0208,0,0,0,0,3,2,0
TCK-000207,Redes Sociais,Plataforma Web,Solicitação de Recurso,Alta,Premium,Centro-Oeste,48,56.4,0,17,0,4,1,102,17,1,1,0.0241,1,0,0,0,3,2,0
TCK-000208,Email,Plataforma Web,Dúvida / Como Fazer,Média,Basic,Sul,36,99.1,0,14,5,9,0,57,10,1,0,0.0213,0,0,0,0,3,2,0
TCK-000209,Chat,Plataforma Web,Problema Técnico,Média,Free,Norte,50,103.8,0,11,4,4,0,55,10,0,0,0.0222,0,0,0,0,3,2,0
TCK-000210,Formulário Web,Plataforma Web,Dúvida / Como Fazer,Alta,Free,Nordeste,67,91.7,0,5,2,8,0,101,17,1,0,0.0244,0,0,0,0,3,2,0
TCK-000211,Email,API,Faturamento,Média,Free,Nordeste,21,143.3,0,2,5,11,0,62,11,0,0,0.02,1,1,0,0,3,2,0
TCK-000212,Email,Faturamento,Dúvida / Como Fazer,Baixa,Free,Sudeste,66,397.2,0,8,4,8,0,56,10,1,0,0.0217,0,0,0,0,3,2,0
TCK-000213,Email,Plataforma Web,Cancelamento,Baixa,Basic,Norte,44,250.6,0,20,1,12,0,51,8,0,0,0.0233,1,0,0,1,3,2,0
TCK-000214,Email,Integrações,Dúvida / Como Fazer,Média,Basic,Norte,37,108.8,0,0,2,7,0,56,10,1,0,0.0217,0,0,0,0,3,2,0
TCK-000215,Formulário Web,Relatórios,Acesso e Conta,Média,Premium,Centro-Oeste,15,141.5,0,3,5,11,0,64,12,0,0,0.0192,0,0,0,0,3,2,0
TCK-000216,Telefone,API,Dúvida / Como Fazer,Baixa,Premium,Norte,16,133.7,0,7,2,5,0,53,9,0,0,0.0227,0,0,0,0,3,2,0
TCK-000217,Formulário Web,Relatórios,Problema Técnico,Média,Free,Centro-Oeste,8,117.0,0,3,2,10,0,56,11,0,0,0.0222,0,0,0,0,3,2,0
TCK-000218,Email,App Mobile,Faturamento,Baixa,Basic,Sul,62,205.8,0,14,3,10,0,167,29,0,0,0.0224,2,1,0,0,3,2,0
TCK-000219,Email,Relatórios,Problema Técnico,Alta,Enterprise,Sul,48,95.7,0,6,2,3,1,55,10,0,0,0.0222,0,0,0,0,3,2,0
TCK-000220,Email,Relatórios,Acesso e Conta,Baixa,Free,Sudeste,11,449.4,0,21,2,2,0,64,9,0,0,0.037,1,0,0,0,3,2,0
TCK-000221,Email,Plataforma Web,Dúvida / Como Fazer,Média,Basic,Sul,41,95.3,0,19,3,6,0,157,27,2,0,0.0234,0,0,0,0,3,2,0
TCK-000222,Email,App Mobile,Faturamento,Média,Free,Sudeste,34,99.8,0,8,2,2,0,62,11,0,0,0.02,1,1,0,0,3,2,0
TCK-000223,Email,Plataforma Web,Bug / Defeito,Alta,Basic,Sul,18,33.1,0,0,3,9,1,105,17,0,0,0.0235,1,0,0,1,3,2,0
TCK-000224,Telefone,Faturamento,Acesso e Conta,Baixa,Basic,Sudeste,26,300.2,1,2,2,11,0,171,31,0,0,0.0217,0,0,0,0,4,3,1
TCK-000225,Email,App Mobile,Bug / Defeito,Média,Premium,Nordeste,49,168.4,0,6,2,11,0,46,9,0,0,0.0303,2,0,0,1,3,2,0
TCK-000226,Chat,Faturamento,Acesso e Conta,Alta,Free,Centro-Oeste,67,78.1,0,8,4,8,0,64,12,0,0,0.0192,0,0,0,0,3,2,0
TCK-000227,Email,Relatórios,Faturamento,Crítica,Basic,Norte,27,27.5,0,19,5,3,1,161,25,2,0,0.0227,0,0,0,0,3,2,0
TCK-000228,Formulário Web,API,Faturamento,Alta,Enterprise,Centro-Oeste,18,55.5,1,12,6,11,0,45,8,0,0,0.027,0,0,0,0,4,3,1
TCK-000229,Formulário Web,API,Dúvida / Como Fazer,Baixa,Premium,Nordeste,33,291.3,0,1,0,2,0,149,25,0,0,0.0246,0,0,0,0,3,2,0
TCK-000230,Chat,Relatórios,Cancelamento,Baixa,Free,Nordeste,11,105.1,1,18,1,6,0,55,8,0,0,0.0217,1,0,1,0,4,3,1
TCK-000231,Telefone,Faturamento,Dúvida / Como Fazer,Média,Premium,Centro-Oeste,41,123.1,0,23,5,1,0,57,10,1,0,0.0213,0,0,0,0,3,2,0
TCK-000232,Formulário Web,Plataforma Web,Acesso e Conta,Baixa,Premium,Sudeste,0,297.1,0,8,3,6,0,54,10,0,0,0.0233,0,0,0,0,3,2,0
TCK-000233,Chat,API,Cancelamento,Crítica,Basic,Sudeste,42,35.2,0,21,2,11,0,61,10,0,0,0.02,1,0,1,0,3,2,0
TCK-000234,Formulário Web,API,Acesso e Conta,Alta,Premium,Nordeste,74,187.4,0,15,1,11,0,64,9,0,0,0.037,1,0,0,0,3,2,0
TCK-000235,Redes Sociais,App Mobile,Problema Técnico,Crítica,Premium,Sul,28,54.5,0,12,5,11,1,104,18,0,1,0.0238,2,0,0,1,3,2,0
TCK-000236,Formulário Web,Relatórios,Bug / Defeito,Baixa,Free,Centro-Oeste,1,457.5,0,6,2,12,0,61,10,0,0,0.02,1,0,0,1,3,2,0
TCK-000237,Email,Plataforma Web,Solicitação de Recurso,Média,Enterprise,Nordeste,67,233.5,0,22,1,6,0,40,7,0,0,0.0303,0,0,0,0,3,2,0
TCK-000238,Telefone,API,Dúvida / Como Fazer,Média,Enterprise,Centro-Oeste,43,162.1,0,12,5,8,0,53,9,0,0,0.0227,0,0,0,0,3,2,0
TCK-000239,Email,Relatórios,Problema Técnico,Alta,Free,Centro-Oeste,55,84.8,0,7,3,8,1,153,27,0,0,0.0242,0,0,0,0,3,2,0
TCK-000240,Chat,Faturamento,Cancelamento,Alta,Basic,Sudeste,33,55.4,0,14,3,6,0,145,23,0,0,0.025,2,0,0,1,3,2,0
TCK-000241,Email,Integrações,Faturamento,Baixa,Enterprise,Norte,80,276.8,0,13,1,8,0,62,11,0,0,0.02,1,1,0,0,3,2,0
TCK-000242,Redes Sociais,Integrações,Bug / Defeito,Baixa,Free,Sudeste,15,332.2,0,20,1,9,0,46,9,0,0,0.0303,2,0,0,1,3,2,0
TCK-000243,Telefone,App Mobile,Cancelamento,Média,Basic,Norte,68,158.5,1,17,0,1,0,55,8,0,0,0.0217,1,0,1,0,4,3,1
TCK-000244,Formulário Web,Faturamento,Problema Técnico,Média,Free,Nordeste,67,146.3,0,10,5,11,0,155,29,0,0,0.0242,0,0,0,0,3,2,0
TCK-000245,Chat,API,Solicitação de Recurso,Média,Free,Nordeste,35,83.7,0,22,5,12,1,40,7,0,0,0.0303,0,0,0,0,3,2,0
TCK-000246,Email,Plataforma Web,Problema Técnico,Média,Free,Sudeste,20,72.4,0,13,6,12,1,153,27,0,0,0.0242,0,0,0,0,3,2,0
TCK-000247,Formulário Web,Relatórios,Faturamento,Baixa,Basic,Centro-Oeste,21,351.1,0,7,1,8,0,62,11,0,0,0.02,1,1,0,0,3,2,0
TCK-000248,Telefone,Faturamento,Problema Técnico,Média,Basic,Sul,52,157.8,0,13,1,12,0,59,10,0,0,0.0204,1,0,0,1,3,2,0
TCK-000249,Formulário Web,Faturamento,Faturamento,Alta,Basic,Sudeste,59,106.7,0,22,6,8,0,62,11,0,0,0.02,1,1,0,0,3,2,0
TCK-000250,Chat,Integrações,Problema Técnico,Alta,Premium,Nordeste,25,51.4,0,21,4,1,0,104,18,0,1,0.0238,2,0,0,1,3,2,0
TCK-000251,Chat,API,Bug / Defeito,Alta,Basic,Nordeste,62,77.6,1,15,6,1,1,165,29,0,0,0.0379,0,0,0,1,4,3,1
TCK-000252,Redes Sociais,API,Dúvida / Como Fazer,Média,Enterprise,Sudeste,77,96.3,0,5,5,6,0,155,27,2,0,0.0238,0,0,0,0,3,2,0
TCK-000253,Redes Sociais,App Mobile,Cancelamento,Baixa,Basic,Sul,16,251.1,1,3,4,12,0,61,10,0,0,0.02,1,0,1,0,4,3,1
TCK-000254,Email,Plataforma Web,Dúvida / Como Fazer,Alta,Basic,Norte,43,80.3,0,0,2,1,0,102,18,1,1,0.0244,1,0,0,0,3,2,0
TCK-000255,Chat,Relatórios,Faturamento,Baixa,Basic,Centro-Oeste,81,195.1,0,1,6,2,0,59,9,1,0,0.0204,0,0,0,0,3,2,0
TCK-000256,Chat,API,Problema Técnico,Crítica,Basic,Sudeste,68,50.1,0,13,5,7,1,153,27,0,0,0.0242,0,0,0,0,3,2,0
TCK-000257,Chat,API,Dúvida / Como Fazer,Média,Enterprise,Sudeste,22,103.7,0,4,1,7,0,57,10,1,0,0.0213,0,0,0,0,3,2,0
TCK-000258,Chat,Faturamento,Bug / Defeito,Alta,Free,Norte,13,43.7,0,22,4,1,0,90,16,0,0,0.0294,2,0,0,1,3,2,0
TCK-000259,Email,Plataforma Web,Acesso e Conta,Crítica,Basic,Sul,57,52.2,0,20,5,10,0,64,9,0,0,0.037,1,0,0,0,3,2,0
TCK-000260,Telefone,API,Cancelamento,Baixa,Free,Centro-Oeste,4,217.7,0,12,0,11,0,51,8,0,0,0.0233,1,0,0,1,3,2,0
TCK-000261,Telefone,Plataforma Web,Dúvida / Como Fazer,Média,Basic,Sul,80,133.2,0,12,5,7,0,53,9,0,0,0.0227,0,0,0,0,3,2,0
TCK-000262,Email,Relatórios,Faturamento,Média,Basic,Sul,16,122.5,0,6,3,4,0,59,9,1,0,0.0204,0,0,0,0,3,2,0
TCK-000263,Email,API,Faturamento,Baixa,Basic,Nordeste,67,163.2,0,14,2,5,0,45,8,0,0,0.027,0,0,0,0,3,2,0
TCK-000264,Email,Plataforma Web,Problema Técnico,Baixa,Enterprise,Centro-Oeste,30,316.2,0,13,1,8,0,59,10,0,0,0.0204,1,0,0,1,3,2,0
TCK-000265,Chat,API,Acesso e Conta,Média,Free,Norte,9,78.6,0,6,6,8,0,54,10,0,0,0.0233,0,0,0,0,3,2,0
TCK-000266,Telefone,API,Acesso e Conta,Baixa,Basic,Norte,4,81.5,0,3,0,1,0,171,25,0,0,0.0352,2,0,0,0,3,2,0
TCK-000267,Email,Plataforma Web,Cancelamento,Média,Free,Nordeste,74,101.7,0,0,1,9,0,55,8,0,0,0.0217,1,0,1,0,3,2,0
TCK-000268,Email,App Mobile,Problema Técnico,Média,Free,Sudeste,57,156.0,0,10,1,12,1,56,11,0,0,0.0222,0,0,0,0,3,2,0
TCK-000269,Redes Sociais,Faturamento,Problema Técnico,Baixa,Free,Sudeste,33,573.3,0,23,6,6,0,55,10,0,0,0.0222,0,0,0,0,3,2,0
TCK-000270,Formulário Web,Relatórios,Problema Técnico,Alta,Basic,Centro-Oeste,16,67.0,0,19,3,9,0,56,11,0,0,0.0222,0,0,0,0,3,2,0
TCK-000271,Formulário Web,App Mobile,Dúvida / Como Fazer,Média,Basic,Sul,47,109.0,0,9,3,4,0,56,10,1,0,0.0217,0,0,0,0,3,2,0
TCK-000272,Email,Faturamento,Problema Técnico,Média,Enterprise,Nordeste,43,86.9,0,19,4,8,0,55,10,0,0,0.0222,0,0,0,0,3,2,0
TCK-000273,Chat,Relatórios,Problema Técnico,Alta,Free,Sul,40,39.9,0,3,3,1,1,89,15,0,0,0.0274,1,0,0,0,3,2,0
TCK-000274,Email,Integrações,Faturamento,Média,Enterprise,Sudeste,36,153.4,0,20,5,6,0,62,11,0,0,0.02,1,1,0,0,3,2,0
TCK-000275,Email,Relatórios,Dúvida / Como Fazer,Média,Premium,Centro-Oeste,34,153.9,0,9,3,12,0,57,10,1,0,0.0213,0,0,0,0,3,2,0
TCK-000276,Telefone,Faturamento,Bug / Defeito,Alta,Enterprise,Sudeste,53,57.8,0,15,4,2,1,91,17,0,1,0.0294,3,0,0,1,3,2,0
TCK-000277,Email,Plataforma Web,Bug / Defeito,Média,Free,Sudeste,45,163.8,1,6,2,1,1,46,9,0,0,0.0303,2,0,0,1,4,3,1
TCK-000278,Chat,Plataforma Web,Faturamento,Baixa,Premium,Sudeste,27,140.0,0,6,3,9,0,62,11,0,0,0.02,1,1,0,0,3,2,0
TCK-000279,Telefone,Faturamento,Faturamento,Média,Enterprise,Sul,15,283.7,0,19,3,10,0,62,11,0,0,0.02,1,1,0,0,3,2,0
TCK-000280,Formulário Web,Relatórios,Acesso e Conta,Alta,Basic,Nordeste,55,43.4,0,12,5,12,0,54,10,0,0,0.0233,0,0,0,0,3,2,0
TCK-000281,Chat,Faturamento,Dúvida / Como Fazer,Baixa,Free,Nordeste,50,165.4,0,3,5,3,0,53,9,0,0,0.0227,0,0,0,0,3,2,0
TCK-000282,Email,API,Dúvida / Como Fazer,Baixa,Free,Norte,70,185.0,0,16,5,7,0,56,10,1,0,0.0217,0,0,0,0,3,2,0
TCK-000283,Chat,Faturamento,Dúvida / Como Fazer,Baixa,Free,Sul,45,533.9,0,12,6,8,0,53,9,0,0,0.0227,0,0,0,0,3,2,0
TCK-000284,Chat,App Mobile,Acesso e Conta,Baixa,Premium,Norte,54,128.7,0,4,1,6,0,171,25,0,0,0.0352,2,0,0,0,3,2,0
TCK-000285,Telefone,Faturamento,Solicitação de Recurso,Baixa,Premium,Centro-Oeste,62,158.4,0,15,1,7,0,55,8,0,0,0.0638,0,0,0,0,3,2,0
TCK-000286,Telefone,Relatórios,Bug / Defeito,Alta,Free,Norte,29,98.3,1,19,6,2,1,46,9,0,0,0.0303,2,0,0,1,4,3,1
TCK-000287,Chat,App Mobile,Acesso e Conta,Média,Premium,Centro-Oeste,15,196.3,0,1,2,12,0,64,9,0,0,0.037,1,0,0,0,3,2,0
TCK-000288,Chat,Relatórios,Problema Técnico,Crítica,Basic,Sudeste,30,26.4,0,23,0,10,1,59,10,0,0,0.0204,1,0,0,1,3,2,0
TCK-000289,Email,Plataforma Web,Acesso e Conta,Baixa,Basic,Sudeste,50,477.5,0,3,2,3,0,171,31,0,0,0.0217,0,0,0,0,3,2,0
TCK-000290,Email,Faturamento,Faturamento,Alta,Free,Centro-Oeste,16,37.7,0,2,2,7,1,59,9,1,0,0.0204,0,0,0,0,3,2,0
TCK-000291,Redes Sociais,Integrações,Acesso e Conta,Alta,Premium,Nordeste,57,61.0,0,21,6,8,0,64,12,0,0,0.0192,0,0,0,0,3,2,0
TCK-000292,Chat,Plataforma Web,Bug / Defeito,Baixa,Free,Norte,85,216.9,1,18,1,3,0,61,10,0,0,0.02,1,0,0,1,4,3,1
TCK-000293,Email,Faturamento,Solicitação de Recurso,Alta,Free,Sudeste,27,89.3,0,8,2,7,1,101,16,1,0,0.0241,0,0,0,0,3,2,0
TCK-000294,Email,Faturamento,Dúvida / Como Fazer,Alta,Free,Centro-Oeste,30,29.7,0,22,6,7,0,56,10,1,0,0.0217,0,0,0,0,3,2,0
TCK-000295,Email,Integrações,Acesso e Conta,Baixa,Basic,Norte,39,175.2,0,14,5,3,0,54,10,0,0,0.0233,0,0,0,0,3,2,0
TCK-000296,Chat,Faturamento,Solicitação de Recurso,Média,Basic,Sul,14,90.9,0,23,2,4,0,57,9,1,0,0.0208,0,0,0,0,3,2,0
TCK-000297,Formulário Web,Integrações,Bug / Defeito,Média,Free,Sul,26,81.4,0,3,1,11,0,135,25,0,0,0.03,4,0,0,1,3,2,0
TCK-000298,Email,Integrações,Problema Técnico,Crítica,Free,Norte,69,47.5,1,16,2,12,1,59,10,0,0,0.0204,1,0,0,1,4,3,1
TCK-000299,Telefone,Relatórios,Solicitação de Recurso,Crítica,Basic,Sudeste,57,42.5,0,13,0,5,1,55,8,0,0,0.0638,0,0,0,0,3,2,0
TCK-000300,Chat,Plataforma Web,Acesso e Conta,Baixa,Basic,Centro-Oeste,31,201.1,0,1,0,2,0,64,12,0,0,0.0192,0,0,0,0,3,2,0
TCK-000301,Chat,Relatórios,Dúvida / Como Fazer,Média,Basic,Sul,49,90.0,0,18,0,8,0,57,10,1,0,0.0213,0,0,0,0,3,2,0
TCK-000302,Telefone,Relatórios,Solicitação de Recurso,Alta,Basic,Sudeste,55,45.2,0,18,0,12,1,40,7,0,0,0.0303,0,0,0,0,3,2,0
TCK-000303,Email,API,Acesso e Conta,Média,Free,Sul,57,161.5,0,16,5,2,0,64,9,0,0,0.037,1,0,0,0,3,2,0
TCK-000304,Formulário Web,Relatórios,Acesso e Conta,Média,Free,Sudeste,40,106.5,0,20,6,5,0,54,10,0,0,0.0233,0,0,0,0,3,2,0
TCK-000305,Chat,Integrações,Dúvida / Como Fazer,Baixa,Basic,Nordeste,95,513.7,0,12,2,10,0,57,10,1,0,0.0213,0,0,0,0,3,2,0
TCK-000306,Telefone,Integrações,Dúvida / Como Fazer,Alta,Enterprise,Sudeste,34,55.1,0,5,3,6,0,56,10,1,0,0.0217,0,0,0,0,3,2,0
TCK-000307,Chat,API,Bug / Defeito,Baixa,Free,Sudeste,34,117.6,0,21,5,8,0,61,11,0,0,0.0408,0,0,0,1,3,2,0
TCK-000308,Chat,Faturamento,Solicitação de Recurso,Média,Premium,Nordeste,74,184.5,0,12,4,8,0,57,9,1,0,0.0208,0,0,0,0,3,2,0
TCK-000309,Email,API,Acesso e Conta,Média,Premium,Norte,70,127.1,0,12,2,5,0,54,10,0,0,0.0233,0,0,0,0,3,2,0
TCK-000310,Email,Plataforma Web,Problema Técnico,Baixa,Free,Centro-Oeste,32,115.0,0,14,3,5,0,56,11,0,0,0.0222,0,0,0,0,3,2,0
TCK-000311,Formulário Web,API,Acesso e Conta,Baixa,Basic,Sul,39,518.8,0,15,0,12,0,64,9,0,0,0.037,1,0,0,0,3,2,0
TCK-000312,Email,API,Problema Técnico,Alta,Free,Nordeste,61,84.7,1,17,6,11,1,200,37,0,1,0.0252,1,0,0,0,4,3,1
TCK-000313,Chat,API,Cancelamento,Média,Free,Sul,0,139.6,0,21,3,1,0,61,10,0,0,0.02,1,0,1,0,3,2,0
TCK-000314,Chat,Relatórios,Dúvida / Como Fazer,Crítica,Basic,Nordeste,79,62.3,0,13,1,11,0,91,15,1,0,0.0267,1,0,0,0,3,2,0
TCK-000315,Telefone,Plataforma Web,Faturamento,Baixa,Free,Centro-Oeste,49,128.9,0,16,0,6,0,45,8,0,0,0.027,0,0,0,0,3,2,0
TCK-000316,Chat,Integrações,Bug / Defeito,Média,Enterprise,Nordeste,62,179.9,0,17,0,5,1,165,29,0,0,0.0379,0,0,0,1,3,2,0
TCK-000317,Chat,Integrações,Problema Técnico,Baixa,Free,Sudeste,8,115.8,0,3,1,12,0,56,11,0,0,0.0222,0,0,0,0,3,2,0
TCK-000318,Chat,API,Acesso e Conta,Crítica,Basic,Sul,33,28.0,0,22,4,2,0,64,9,0,0,0.037,1,0,0,0,3,2,0
TCK-000319,Email,Faturamento,Acesso e Conta,Baixa,Basic,Nordeste,75,656.2,0,5,0,7,0,54,10,0,0,0.0233,0,0,0,0,3,2,0
TCK-000320,Email,Faturamento,Acesso e Conta,Média,Basic,Nordeste,44,153.7,0,6,3,7,0,54,10,0,0,0.0233,0,0,0,0,3,2,0
TCK-000321,Chat,Faturamento,Bug / Defeito,Alta,Premium,Centro-Oeste,34,48.8,0,4,3,5,1,46,9,0,0,0.0303,2,0,0,1,3,2,0
TCK-000322,Telefone,API,Faturamento,Alta,Free,Sudeste,37,40.2,0,18,4,4,0,45,8,0,0,0.027,0,0,0,0,3,2,0
TCK-000323,Email,Faturamento,Problema Técnico,Alta,Free,Norte,45,72.3,0,14,0,1,1,59,10,0,0,0.0204,1,0,0,1,3,2,0
TCK-000324,Email,Relatórios,Problema Técnico,Alta,Premium,Norte,51,65.6,0,15,2,7,1,55,10,0,0,0.0222,0,0,0,0,3,2,0
TCK-000325,Chat,Relatórios,Acesso e Conta,Baixa,Free,Sudeste,84,164.6,0,9,6,7,0,54,10,0,0,0.0233,0,0,0,0,3,2,0
TCK-000326,Chat,Faturamento,Acesso e Conta,Média,Basic,Sul,58,113.7,0,22,3,10,0,54,10,0,0,0.0233,0,0,0,0,3,2,0
TCK-000327,Formulário Web,Faturamento,Bug / Defeito,Baixa,Basic,Sudeste,35,242.3,0,21,1,8,1,61,10,0,0,0.02,1,0,0,1,3,2,0
TCK-000328,Chat,Relatórios,Problema Técnico,Baixa,Basic,Sul,67,269.6,0,16,4,1,0,59,10,0,0,0.0204,1,0,0,1,3,2,0
TCK-000329,Chat,App Mobile,Bug / Defeito,Média,Free,Sudeste,31,120.6,0,4,6,7,0,61,11,0,0,0.0408,0,0,0,1,3,2,0
TCK-000330,Email,App Mobile,Dúvida / Como Fazer,Baixa,Premium,Centro-Oeste,43,485.6,0,20,6,12,0,53,9,0,0,0.0227,0,0,0,0,3,2,0
TCK-000331,Email,API,Problema Técnico,Crítica,Free,Sul,51,38.1,0,5,3,1,1,55,10,0,0,0.0222,0,0,0,0,3,2,0
TCK-000332,Email,App Mobile,Acesso e Conta,Média,Basic,Nordeste,25,107.9,0,7,1,12,0,64,9,0,0,0.037,1,0,0,0,3,2,0
TCK-000333,Telefone,Integrações,Problema Técnico,Média,Free,Norte,53,80.1,0,17,2,4,0,56,11,0,0,0.0222,0,0,0,0,3,2,0
TCK-000334,Telefone,App Mobile,Problema Técnico,Média,Free,Sudeste,59,116.2,0,14,1,12,0,56,11,0,0,0.0222,0,0,0,0,3,2,0
TCK-000335,Chat,Faturamento,Dúvida / Como Fazer,Baixa,Free,Centro-Oeste,21,217.5,0,0,2,12,0,53,9,0,0,0.0227,0,0,0,0,3,2,0
TCK-000336,Formulário Web,Plataforma Web,Faturamento,Baixa,Free,Norte,73,297.0,0,18,2,4,0,45,8,0,0,0.027,0,0,0,0,3,2,0
TCK-000337,Email,Faturamento,Bug / Defeito,Baixa,Enterprise,Sul,71,359.0,1,14,4,8,0,61,11,0,0,0.0408,0,0,0,1,4,3,1
TCK-000338,Email,Relatórios,Faturamento,Baixa,Free,Nordeste,27,255.2,0,21,1,3,0,59,9,1,0,0.0204,0,0,0,0,3,2,0
TCK-000339,Chat,API,Faturamento,Crítica,Free,Norte,35,28.4,0,16,6,11,1,195,30,2,0,0.025,1,0,0,0,3,2,0
TCK-000340,Chat,API,Problema Técnico,Média,Premium,Nordeste,18,76.3,0,6,3,1,0,55,10,0,0,0.0222,0,0,0,0,3,2,0
TCK-000341,Email,Integrações,Solicitação de Recurso,Média,Free,Centro-Oeste,23,163.7,0,9,3,5,1,57,9,1,0,0.0208,0,0,0,0,3,2,0
TCK-000342,Email,Plataforma Web,Acesso e Conta,Média,Basic,Centro-Oeste,34,100.9,0,22,5,10,0,64,9,0,0,0.037,1,0,0,0,3,2,0
TCK-000343,Email,App Mobile,Bug / Defeito,Alta,Basic,Norte,8,27.7,0,7,0,5,1,61,11,0,0,0.0408,0,0,0,1,3,2,0
TCK-000344,Chat,Integrações,Problema Técnico,Média,Free,Nordeste,48,69.7,0,8,5,5,0,56,11,0,0,0.0222,0,0,0,0,3,2,0
TCK-000345,Formulário Web,App Mobile,Dúvida / Como Fazer,Alta,Basic,Norte,29,41.7,0,23,4,8,0,56,10,1,0,0.0217,0,0,0,0,3,2,0
TCK-000346,Telefone,API,Dúvida / Como Fazer,Média,Free,Norte,24,77.1,0,7,3,5,0,57,10,1,0,0.0213,0,0,0,0,3,2,0
TCK-000347,Chat,Faturamento,Solicitação de Recurso,Crítica,Basic,Sudeste,67,49.3,1,10,0,12,1,101,16,1,0,0.0241,0,0,0,0,4,3,1
TCK-000348,Redes Sociais,App Mobile,Bug / Defeito,Baixa,Enterprise,Centro-Oeste,61,201.0,1,13,6,3,0,135,25,0,0,0.03,4,0,0,1,4,3,1
TCK-000349,Email,Plataforma Web,Bug / Defeito,Baixa,Free,Nordeste,62,397.4,0,18,1,1,1,61,11,0,0,0.0408,0,0,0,1,3,2,0
TCK-000350,Email,Relatórios,Acesso e Conta,Baixa,Free,Centro-Oeste,20,288.1,0,0,4,1,0,64,9,0,0,0.037,1,0,0,0,3,2,0
TCK-000351,Chat,Faturamento,Dúvida / Como Fazer,Alta,Basic,Centro-Oeste,19,62.4,0,8,6,12,0,53,9,0,0,0.0227,0,0,0,0,3,2,0
TCK-000352,Formulário Web,Relatórios,Bug / Defeito,Crítica,Enterprise,Sul,76,54.4,0,11,4,12,1,61,11,0,0,0.0408,0,0,0,1,3,2,0
TCK-000353,Email,Integrações,Acesso e Conta,Alta,Basic,Sudeste,70,149.8,0,6,2,8,0,64,9,0,0,0.037,1,0,0,0,3,2,0
TCK-000354,Email,API,Faturamento,Alta,Free,Sudeste,10,46.7,0,20,5,8,0,96,16,0,0,0.0256,2,1,0,0,3,2,0
TCK-000355,Email,Faturamento,Cancelamento,Média,Free,Sudeste,26,82.4,0,1,4,5,0,55,8,0,0,0.0217,1,0,1,0,3,2,0
TCK-000356,Chat,App Mobile,Dúvida / Como Fazer,Baixa,Free,Sudeste,22,353.3,0,21,5,9,0,53,9,0,0,0.0227,0,0,0,0,3,2,0
TCK-000357,Email,API,Dúvida / Como Fazer,Alta,Premium,Sul,58,141.8,0,13,6,7,0,53,9,0,0,0.0227,0,0,0,0,3,2,0
TCK-000358,Formulário Web,API,Acesso e Conta,Baixa,Enterprise,Sul,44,222.4,0,22,3,5,0,171,31,0,0,0.0217,0,0,0,0,3,2,0
TCK-000359,Email,Integrações,Dúvida / Como Fazer,Baixa,Premium,Sul,38,337.2,0,20,2,10,0,56,10,1,0,0.0217,0,0,0,0,3,2,0
TCK-000360,Chat,Plataforma Web,Faturamento,Média,Enterprise,Centro-Oeste,49,66.6,0,19,2,4,0,167,29,0,0,0.0224,2,1,0,0,3,2,0
TCK-000361,Email,Integrações,Dúvida / Como Fazer,Média,Free,Sul,12,161.0,0,0,0,2,0,56,10,1,0,0.0217,0,0,0,0,3,2,0
TCK-000362,Email,Relatórios,Bug / Defeito,Média,Premium,Sul,15,307.2,0,3,3,12,0,61,11,0,0,0.0408,0,0,0,1,3,2,0
TCK-000363,Redes Sociais,Faturamento,Acesso e Conta,Alta,Free,Norte,65,58.6,0,10,6,5,0,64,12,0,0,0.0192,0,0,0,0,3,2,0
TCK-000364,Redes Sociais,Integrações,Faturamento,Alta,Free,Centro-Oeste,35,86.6,0,19,1,1,1,133,23,0,0,0.0278,0,0,0,0,3,2,0
TCK-000365,Email,API,Dúvida / Como Fazer,Baixa,Basic,Sudeste,77,326.8,0,13,5,8,0,155,27,2,0,0.0238,0,0,0,0,3,2,0
TCK-000366,Chat,Plataforma Web,Acesso e Conta,Baixa,Basic,Sul,42,241.6,0,16,4,10,0,64,12,0,0,0.0192,0,0,0,0,3,2,0
TCK-000367,Email,Integrações,Problema Técnico,Crítica,Free,Nordeste,46,39.2,0,20,2,8,1,55,10,0,0,0.0222,0,0,0,0,3,2,0
TCK-000368,Email,App Mobile,Faturamento,Média,Free,Sul,25,102.9,0,4,3,6,0,62,11,0,0,0.02,1,1,0,0,3,2,0
TCK-000369,Formulário Web,Faturamento,Problema Técnico,Baixa,Enterprise,Nordeste,43,417.9,0,5,5,10,0,55,10,0,0,0.0222,0,0,0,0,3,2,0
TCK-000370,Chat,Integrações,Faturamento,Média,Basic,Nordeste,41,174.4,1,22,1,9,0,45,8,0,0,0.027,0,0,0,0,4,3,1
TCK-000371,Telefone,App Mobile,Solicitação de Recurso,Média,Free,Norte,24,69.4,0,15,5,4,0,40,7,0,0,0.0303,0,0,0,0,3,2,0
TCK-000372,Formulário Web,Relatórios,Acesso e Conta,Baixa,Basic,Nordeste,17,248.6,0,4,6,2,0,64,12,0,0,0.0192,0,0,0,0,3,2,0
TCK-000373,Email,Integrações,Dúvida / Como Fazer,Crítica,Basic,Centro-Oeste,46,35.7,0,4,5,5,0,53,9,0,0,0.0227,0,0,0,0,3,2,0
TCK-000374,Redes Sociais,Integrações,Faturamento,Baixa,Enterprise,Centro-Oeste,10,167.3,1,8,5,1,0,62,11,0,0,0.02,1,1,0,0,4,3,1
TCK-000375,Formulário Web,Relatórios,Faturamento,Baixa,Basic,Sudeste,17,177.8,1,21,1,8,0,45,8,0,0,0.027,0,0,0,0,4,3,1
TCK-000376,Email,Relatórios,Acesso e Conta,Média,Basic,Centro-Oeste,16,75.2,1,21,6,11,0,54,10,0,0,0.0233,0,0,0,0,4,3,1
TCK-000377,Email,Faturamento,Dúvida / Como Fazer,Média,Basic,Centro-Oeste,44,100.2,0,16,6,12,0,53,9,0,0,0.0227,0,0,0,0,3,2,0
TCK-000378,Chat,Integrações,Dúvida / Como Fazer,Baixa,Premium,Norte,17,233.8,0,21,5,2,0,57,10,1,0,0.0213,0,0,0,0,3,2,0
TCK-000379,Chat,Integrações,Solicitação de Recurso,Média,Basic,Sul,50,140.7,0,11,5,12,0,40,7,0,0,0.0303,0,0,0,0,3,2,0
TCK-000380,Formulário Web,App Mobile,Acesso e Conta,Baixa,Premium,Centro-Oeste,5,278.2,0,1,6,3,0,64,9,0,0,0.037,1,0,0,0,3,2,0
TCK-000381,Chat,Plataforma Web,Acesso e Conta,Baixa,Premium,Centro-Oeste,41,172.1,0,3,4,6,0,64,12,0,0,0.0192,0,0,0,0,3,2,0
TCK-000382,Email,Faturamento,Solicitação de Recurso,Crítica,Free,Sudeste,48,44.9,0,14,2,4,1,57,9,1,0,0.0208,0,0,0,0,3,2,0
TCK-000383,Redes Sociais,Relatórios,Dúvida / Como Fazer,Alta,Free,Sudeste,50,83.1,0,16,4,1,0,56,10,1,0,0.0217,0,0,0,0,3,2,0
TCK-000384,Chat,App Mobile,Cancelamento,Crítica,Free,Sudeste,75,63.9,1,6,3,3,1,55,8,0,0,0.0217,1,0,1,0,4,3,1
TCK-000385,Chat,Relatórios,Cancelamento,Média,Basic,Sudeste,46,193.8,0,23,4,10,0,51,8,0,0,0.0233,1,0,0,1,3,2,0
TCK-000386,Redes Sociais,Relatórios,Faturamento,Alta,Free,Sul,36,83.5,0,13,0,2,1,59,9,1,0,0.0204,0,0,0,0,3,2,0
TCK-000387,Telefone,Integrações,Acesso e Conta,Baixa,Premium,Centro-Oeste,47,234.5,0,9,2,7,0,64,9,0,0,0.037,1,0,0,0,3,2,0
TCK-000388,Formulário Web,Faturamento,Dúvida / Como Fazer,Alta,Free,Centro-Oeste,0,90.3,0,2,6,8,0,56,10,1,0,0.0217,0,0,0,0,3,2,0
TCK-000389,Chat,API,Solicitação de Recurso,Alta,Free,Norte,23,47.5,0,21,1,9,1,57,9,1,0,0.0208,0,0,0,0,3,2,0
TCK-000390,Chat,Relatórios,Faturamento,Média,Free,Nordeste,37,41.7,0,19,5,8,0,45,8,0,0,0.027,0,0,0,0,3,2,0
TCK-000391,Email,Integrações,Solicitação de Recurso,Baixa,Free,Sul,66,306.4,1,9,5,8,0,40,7,0,0,0.0303,0,0,0,0,4,3,1
TCK-000392,Email,App Mobile,Problema Técnico,Alta,Premium,Norte,18,67.3,0,15,2,7,1,101,19,0,1,0.025,1,0,0,0,3,2,0
TCK-000393,Chat,API,Problema Técnico,Alta,Enterprise,Norte,57,53.7,0,17,1,6,0,101,19,0,1,0.025,1,0,0,0,3,2,0
TCK-000394,Email,App Mobile,Acesso e Conta,Alta,Basic,Sul,43,77.4,0,13,6,9,0,98,17,0,0,0.0256,0,0,0,0,3,2,0
TCK-000395,Email,Integrações,Acesso e Conta,Média,Free,Centro-Oeste,2,294.2,1,3,2,11,0,64,12,0,0,0.0192,0,0,0,0,4,3,1
TCK-000396,Email,Plataforma Web,Solicitação de Recurso,Alta,Enterprise,Sul,92,74.4,0,17,5,11,1,102,17,1,1,0.0241,1,0,0,0,3,2,0
TCK-000397,Email,Integrações,Solicitação de Recurso,Baixa,Free,Sudeste,62,314.5,1,12,3,10,1,40,7,0,0,0.0303,0,0,0,0,4,3,1
TCK-000398,Email,Relatórios,Dúvida / Como Fazer,Média,Free,Centro-Oeste,75,179.3,0,20,5,12,0,56,10,1,0,0.0217,0,0,0,0,3,2,0
TCK-000399,Formulário Web,API,Cancelamento,Crítica,Free,Nordeste,29,42.1,0,20,6,1,1,105,17,0,0,0.0235,1,0,1,0,3,2,0
TCK-000400,Redes Sociais,API,Bug / Defeito,Baixa,Premium,Sul,72,200.4,0,9,0,2,0,46,9,0,0,0.0303,2,0,0,1,3,2,0
TCK-000401,Formulário Web,API,Dúvida / Como Fazer,Alta,Premium,Sudeste,30,84.4,0,21,1,12,0,57,10,1,0,0.0213,0,0,0,0,3,2,0
TCK-000402,Formulário Web,Plataforma Web,Solicitação de Recurso,Baixa,Enterprise,Sul,46,625.1,0,3,1,9,1,57,9,1,0,0.0208,0,0,0,0,3,2,0
TCK-000403,Chat,API,Cancelamento,Baixa,Free,Centro-Oeste,27,208.2,0,0,3,10,0,145,23,0,0,0.025,2,0,0,1,3,2,0
TCK-000404,Email,Integrações,Problema Técnico,Baixa,Free,Centro-Oeste,54,600.7,0,17,6,2,1,59,10,0,0,0.0204,1,0,0,1,3,2,0
TCK-000405,Email,API,Problema Técnico,Baixa,Enterprise,Norte,25,153.1,1,7,4,2,0,59,10,0,0,0.0204,1,0,0,1,4,3,1
TCK-000406,Chat,Plataforma Web,Acesso e Conta,Baixa,Premium,Nordeste,36,286.4,0,13,0,1,0,64,12,0,0,0.0192,0,0,0,0,3,2,0
TCK-000407,Formulário Web,App Mobile,Acesso e Conta,Média,Free,Sul,58,108.6,0,8,2,11,0,64,12,0,0,0.0192,0,0,0,0,3,2,0
TCK-000408,Email,Integrações,Bug / Defeito,Alta,Basic,Sul,19,46.1,0,22,1,3,1,165,27,0,0,0.0224,2,0,0,1,3,2,0
TCK-000409,Email,Relatórios,Dúvida / Como Fazer,Alta,Free,Nordeste,46,70.2,0,14,2,8,0,57,10,1,0,0.0213,0,0,0,0,3,2,0
TCK-000410,Telefone,Faturamento,Dúvida / Como Fazer,Média,Enterprise,Sul,48,157.7,0,18,4,3,0,149,25,0,0,0.0246,0,0,0,0,3,2,0
TCK-000411,Chat,App Mobile,Dúvida / Como Fazer,Média,Free,Sul,27,114.0,0,5,4,8,0,53,9,0,0,0.0227,0,0,0,0,3,2,0
TCK-000412,Chat,Plataforma Web,Dúvida / Como Fazer,Média,Basic,Norte,61,127.3,0,11,3,5,0,56,10,1,0,0.0217,0,0,0,0,3,2,0
TCK-000413,Chat,Faturamento,Solicitação de Recurso,Baixa,Free,Norte,44,284.5,0,17,6,6,0,55,8,0,0,0.0638,0,0,0,0,3,2,0
TCK-000414,Formulário Web,Integrações,Bug / Defeito,Baixa,Free,Norte,38,338.0,0,22,1,5,0,46,9,0,0,0.0303,2,0,0,1,3,2,0
TCK-000415,Chat,Integrações,Problema Técnico,Média,Free,Norte,88,164.9,0,14,2,2,0,56,11,0,0,0.0222,0,0,0,0,3,2,0
TCK-000416,Chat,Relatórios,Bug / Defeito,Média,Premium,Sudeste,42,86.5,0,14,3,6,0,165,27,0,0,0.0224,2,0,0,1,3,2,0
TCK-000417,Redes Sociais,Integrações,Problema Técnico,Média,Basic,Sul,53,173.8,0,8,2,10,0,56,11,0,0,0.0222,0,0,0,0,3,2,0
TCK-000418,Email,Faturamento,Acesso e Conta,Alta,Free,Centro-Oeste,25,88.2,0,0,3,8,0,98,14,0,0,0.0366,2,0,0,0,3,2,0
TCK-000419,Chat,App Mobile,Acesso e Conta,Alta,Basic,Sul,78,94.7,0,15,4,5,0,64,12,0,0,0.0192,0,0,0,0,3,2,0
TCK-000420,Chat,Relatórios,Problema Técnico,Crítica,Free,Centro-Oeste,30,26.5,0,14,6,5,1,59,10,0,0,0.0204,1,0,0,1,3,2,0
TCK-000421,Chat,API,Acesso e Conta,Média,Basic,Sudeste,0,37.1,0,5,5,8,0,64,9,0,0,0.037,1,0,0,0,3,2,0
TCK-000422,Chat,Plataforma Web,Faturamento,Média,Free,Sul,10,83.3,0,19,3,6,0,45,8,0,0,0.027,0,0,0,0,3,2,0
TCK-000423,Email,Relatórios,Cancelamento,Alta,Basic,Sudeste,26,42.1,0,5,1,6,0,51,8,0,0,0.0233,1,0,0,1,3,2,0
TCK-000424,Formulário Web,Relatórios,Dúvida / Como Fazer,Média,Free,Nordeste,40,225.8,0,15,3,3,0,57,10,1,0,0.0213,0,0,0,0,3,2,0
TCK-000425,Chat,Integrações,Problema Técnico,Alta,Free,Sudeste,30,64.5,1,7,2,5,1,99,17,0,0,0.025,0,0,0,0,4,3,1
TCK-000426,Formulário Web,API,Problema Técnico,Baixa,Basic,Sudeste,11,179.3,1,20,2,1,0,55,10,0,0,0.0222,0,0,0,0,4,3,1
TCK-000427,Email,API,Cancelamento,Baixa,Basic,Norte,48,164.3,0,5,5,7,0,61,10,0,0,0.02,1,0,1,0,3,2,0
TCK-000428,Formulário Web,App Mobile,Problema Técnico,Média,Premium,Norte,59,168.0,0,12,0,4,0,155,29,0,0,0.0242,0,0,0,0,3,2,0
TCK-000429,Email,Relatórios,Faturamento,Média,Basic,Sul,40,163.3,0,20,1,9,0,45,8,0,0,0.027,0,0,0,0,3,2,0
TCK-000430,Chat,API,Dúvida / Como Fazer,Baixa,Free,Nordeste,18,152.1,0,14,4,12,0,56,10,1,0,0.0217,0,0,0,0,3,2,0
TCK-000431,Email,Relatórios,Problema Técnico,Média,Premium,Sudeste,23,236.7,0,19,0,10,0,59,10,0,0,0.0204,1,0,0,1,3,2,0
TCK-000432,Formulário Web,Faturamento,Problema Técnico,Alta,Basic,Sudeste,31,46.8,0,8,4,9,1,59,10,0,0,0.0204,1,0,0,1,3,2,0
TCK-000433,Chat,App Mobile,Acesso e Conta,Média,Basic,Centro-Oeste,74,172.0,1,17,5,1,0,54,10,0,0,0.0233,0,0,0,0,4,3,1
TCK-000434,Formulário Web,App Mobile,Dúvida / Como Fazer,Baixa,Free,Norte,41,342.2,0,10,3,8,0,56,10,1,0,0.0217,0,0,0,0,3,2,0
TCK-000435,Chat,App Mobile,Cancelamento,Média,Free,Norte,33,289.7,0,18,2,6,0,51,8,0,0,0.0233,1,0,0,1,3,2,0
TCK-000436,Chat,Faturamento,Solicitação de Recurso,Baixa,Enterprise,Nordeste,43,418.8,0,22,3,12,0,57,9,1,0,0.0208,0,0,0,0,3,2,0
TCK-000437,Formulário Web,Integrações,Bug / Defeito,Alta,Free,Nordeste,7,39.6,0,8,6,6,1,46,9,0,0,0.0303,2,0,0,1,3,2,0
TCK-000438,Telefone,API,Dúvida / Como Fazer,Média,Basic,Centro-Oeste,53,84.8,0,9,4,3,0,53,9,0,0,0.0227,0,0,0,0,3,2,0
TCK-000439,Formulário Web,App Mobile,Problema Técnico,Baixa,Enterprise,Centro-Oeste,69,450.8,0,17,0,9,0,59,10,0,0,0.0204,1,0,0,1,3,2,0
TCK-000440,Email,Faturamento,Acesso e Conta,Baixa,Free,Sudeste,55,264.2,0,7,0,8,0,171,31,0,0,0.0217,0,0,0,0,3,2,0
TCK-000441,Email,Plataforma Web,Acesso e Conta,Média,Premium,Nordeste,29,117.7,0,22,6,5,0,151,27,0,0,0.025,0,0,0,0,3,2,0
TCK-000442,Chat,App Mobile,Dúvida / Como Fazer,Baixa,Enterprise,Sudeste,56,146.8,1,19,5,6,0,57,10,1,0,0.0213,0,0,0,0,4,3,1
TCK-000443,Redes Sociais,App Mobile,Acesso e Conta,Baixa,Free,Nordeste,41,204.4,0,6,4,8,0,64,12,0,0,0.0192,0,0,0,0,3,2,0
TCK-000444,Email,Faturamento,Bug / Defeito,Média,Enterprise,Sul,60,526.7,0,10,5,9,1,61,11,0,0,0.0408,0,0,0,1,3,2,0
TCK-000445,Formulário Web,Integrações,Dúvida / Como Fazer,Baixa,Basic,Norte,27,157.7,0,6,6,8,0,53,9,0,0,0.0227,0,0,0,0,3,2,0
TCK-000446,Email,App Mobile,Faturamento,Média,Basic,Sul,58,138.6,0,14,3,5,0,133,23,0,0,0.0278,0,0,0,0,3,2,0
TCK-000447,Chat,API,Cancelamento,Baixa,Basic,Norte,41,207.9,0,1,5,8,0,61,10,0,0,0.02,1,0,1,0,3,2,0
TCK-000448,Chat,Relatórios,Dúvida / Como Fazer,Alta,Basic,Nordeste,31,48.2,0,1,5,5,0,194,33,0,1,0.0255,1,0,0,0,3,2,0
TCK-000449,Email,Integrações,Faturamento,Alta,Premium,Sul,39,60.5,1,12,0,12,1,89,15,0,0,0.0278,0,0,0,0,4,3,1
TCK-000450,Email,API,Faturamento,Média,Premium,Nordeste,45,173.6,0,21,3,8,0,59,9,1,0,0.0204,0,0,0,0,3,2,0
TCK-000451,Telefone,Plataforma Web,Cancelamento,Média,Free,Sul,46,72.5,0,10,4,6,0,51,8,0,0,0.0233,1,0,0,1,3,2,0
TCK-000452,Chat,Plataforma Web,Faturamento,Média,Premium,Nordeste,31,105.8,0,0,4,4,0,62,11,0,0,0.02,1,1,0,0,3,2,0
TCK-000453,Chat,Integrações,Dúvida / Como Fazer,Média,Basic,Sudeste,36,118.8,0,20,1,2,0,53,9,0,0,0.0227,0,0,0,0,3,2,0
TCK-000454,Formulário Web,Faturamento,Faturamento,Crítica,Basic,Norte,41,29.8,0,15,2,1,1,79,13,0,0,0.0308,1,0,0,0,3,2,0
TCK-000455,Chat,API,Cancelamento,Média,Free,Centro-Oeste,0,89.1,0,19,6,8,0,51,8,0,0,0.0233,1,0,0,1,3,2,0
TCK-000456,Formulário Web,Faturamento,Acesso e Conta,Média,Enterprise,Sudeste,65,129.2,0,19,1,2,0,171,31,0,0,0.0217,0,0,0,0,3,2,0
TCK-000457,Chat,App Mobile,Cancelamento,Média,Premium,Norte,32,135.6,0,10,5,10,0,153,23,0,0,0.0238,2,0,1,0,3,2,0
TCK-000458,Telefone,Faturamento,Problema Técnico,Média,Free,Centro-Oeste,6,72.5,0,2,0,5,0,55,10,0,0,0.0222,0,0,0,0,3,2,0
TCK-000459,Chat,Plataforma Web,Acesso e Conta,Baixa,Premium,Sul,44,425.5,0,14,2,9,0,64,12,0,0,0.0192,0,0,0,0,3,2,0
TCK-000460,Email,Relatórios,Acesso e Conta,Baixa,Enterprise,Sudeste,50,369.3,0,13,4,5,0,64,9,0,0,0.037,1,0,0,0,3,2,0
TCK-000461,Telefone,Integrações,Cancelamento,Média,Premium,Sudeste,27,138.6,0,1,0,1,0,51,8,0,0,0.0233,1,0,0,1,3,2,0
TCK-000462,Email,API,Bug / Defeito,Média,Free,Nordeste,30,117.7,0,10,6,2,0,61,10,0,0,0.02,1,0,0,1,3,2,0
TCK-000463,Email,App Mobile,Cancelamento,Média,Free,Sudeste,67,248.1,0,5,5,7,0,61,10,0,0,0.02,1,0,1,0,3,2,0
TCK-000464,Telefone,API,Faturamento,Crítica,Free,Sudeste,10,19.9,0,21,0,4,0,106,18,0,0,0.0235,1,1,0,0,3,2,0
TCK-000465,Chat,Faturamento,Faturamento,Baixa,Basic,Sudeste,21,274.1,0,21,6,9,0,167,29,0,0,0.0224,2,1,0,0,3,2,0
TCK-000466,Formulário Web,Relatórios,Cancelamento,Crítica,Free,Nordeste,34,29.2,0,2,2,3,1,165,27,0,0,0.0224,2,0,1,0,3,2,0
TCK-000467,Formulário Web,Integrações,Solicitação de Recurso,Alta,Basic,Sudeste,27,58.9,0,14,6,2,1,100,16,0,1,0.0488,1,0,0,0,3,2,0
TCK-000468,Email,Faturamento,Cancelamento,Baixa,Premium,Sul,41,481.8,0,0,5,7,0,55,8,0,0,0.0217,1,0,1,0,3,2,0
TCK-000469,Formulário Web,Faturamento,Faturamento,Baixa,Basic,Norte,92,531.9,0,10,1,4,0,62,11,0,0,0.02,1,1,0,0,3,2,0
TCK-000470,Email,Plataforma Web,Dúvida / Como Fazer,Baixa,Free,Sul,50,383.8,0,5,2,2,0,53,9,0,0,0.0227,0,0,0,0,3,2,0
TCK-000471,Telefone,App Mobile,Bug / Defeito,Alta,Free,Centro-Oeste,49,52.6,0,14,3,11,1,95,15,0,0,0.0256,2,0,0,1,3,2,0
TCK-000472,Chat,App Mobile,Dúvida / Como Fazer,Baixa,Free,Sudeste,10,129.1,0,8,5,10,0,57,10,1,0,0.0213,0,0,0,0,3,2,0
TCK-000473,Email,Relatórios,Dúvida / Como Fazer,Alta,Free,Nordeste,14,86.1,0,5,3,9,0,53,9,0,0,0.0227,0,0,0,0,3,2,0
TCK-000474,Email,API,Problema Técnico,Média,Free,Norte,44,123.6,0,0,3,12,0,55,10,0,0,0.0222,0,0,0,0,3,2,0
TCK-000475,Email,App Mobile,Solicitação de Recurso,Média,Premium,Sudeste,73,221.3,0,18,5,8,1,57,9,1,0,0.0208,0,0,0,0,3,2,0
TCK-000476,Email,Relatórios,Problema Técnico,Média,Premium,Centro-Oeste,26,167.6,0,19,2,6,0,59,10,0,0,0.0204,1,0,0,1,3,2,0
TCK-000477,Email,API,Acesso e Conta,Alta,Premium,Sudeste,24,117.5,0,23,1,4,0,64,9,0,0,0.037,1,0,0,0,3,2,0
TCK-000478,Chat,App Mobile,Problema Técnico,Baixa,Basic,Centro-Oeste,40,186.8,0,17,2,1,0,59,10,0,0,0.0204,1,0,0,1,3,2,0
TCK-000479,Email,Relatórios,Dúvida / Como Fazer,Média,Free,Sul,26,70.5,0,3,6,8,0,57,10,1,0,0.0213,0,0,0,0,3,2,0
TCK-000480,Email,Faturamento,Problema Técnico,Média,Basic,Centro-Oeste,15,98.6,0,2,4,5,0,59,10,0,0,0.0204,1,0,0,1,3,2,0
TCK-000481,Email,Relatórios,Faturamento,Média,Basic,Norte,22,93.5,0,1,2,7,0,45,8,0,0,0.027,0,0,0,0,3,2,0
TCK-000482,Email,Plataforma Web,Problema Técnico,Baixa,Free,Centro-Oeste,65,622.7,0,14,6,7,0,55,10,0,0,0.0222,0,0,0,0,3,2,0
TCK-000483,Chat,Integrações,Bug / Defeito,Média,Premium,Sudeste,63,187.1,0,16,5,5,0,61,11,0,0,0.0408,0,0,0,1,3,2,0
TCK-000484,Chat,Integrações,Problema Técnico,Alta,Basic,Centro-Oeste,40,74.0,0,4,6,5,1,99,17,0,0,0.025,0,0,0,0,3,2,0
TCK-000485,Email,Relatórios,Faturamento,Baixa,Basic,Nordeste,0,449.8,1,0,2,5,0,59,9,1,0,0.0204,0,0,0,0,4,3,1
TCK-000486,Telefone,Plataforma Web,Bug / Defeito,Média,Basic,Sudeste,27,132.7,0,3,0,9,0,61,10,0,0,0.02,1,0,0,1,3,2,0
TCK-000487,Telefone,Integrações,Problema Técnico,Alta,Free,Sul,40,60.2,0,23,6,1,1,56,11,0,0,0.0222,0,0,0,0,3,2,0
TCK-000488,Chat,Integrações,Dúvida / Como Fazer,Baixa,Basic,Nordeste,38,116.6,0,17,6,9,0,53,9,0,0,0.0227,0,0,0,0,3,2,0
TCK-000489,Chat,Plataforma Web,Bug / Defeito,Crítica,Premium,Sul,63,49.1,0,12,4,2,1,106,18,0,1,0.0235,2,0,0,1,3,2,0
TCK-000490,Chat,API,Bug / Defeito,Baixa,Enterprise,Nordeste,41,198.8,0,7,5,3,0,61,10,0,0,0.02,1,0,0,1,3,2,0
TCK-000491,Chat,Faturamento,Cancelamento,Média,Basic,Sudeste,36,148.0,0,4,1,1,0,55,8,0,0,0.0217,1,0,1,0,3,2,0
TCK-000492,Email,Plataforma Web,Dúvida / Como Fazer,Alta,Enterprise,Sul,19,67.1,0,21,6,1,0,101,18,1,1,0.0247,1,0,0,0,3,2,0
TCK-000493,Chat,Faturamento,Acesso e Conta,Baixa,Premium,Norte,33,105.4,0,4,2,7,0,54,10,0,0,0.0233,0,0,0,0,3,2,0
TCK-000494,Email,App Mobile,Cancelamento,Alta,Basic,Nordeste,32,51.7,0,20,5,3,0,61,10,0,0,0.02,1,0,1,0,3,2,0
TCK-000495,Formulário Web,Faturamento,Dúvida / Como Fazer,Alta,Free,Centro-Oeste,35,39.2,0,18,1,2,0,57,10,1,0,0.0213,0,0,0,0,3,2,0
TCK-000496,Email,Relatórios,Solicitação de Recurso,Média,Premium,Norte,39,242.0,0,13,1,12,1,57,9,1,0,0.0208,0,0,0,0,3,2,0
TCK-000497,Chat,API,Dúvida / Como Fazer,Média,Basic,Centro-Oeste,40,80.2,0,22,3,8,0,57,10,1,0,0.0213,0,0,0,0,3,2,0
TCK-000498,Redes Sociais,Integrações,Bug / Defeito,Média,Free,Sul,39,246.7,1,22,5,9,1,61,10,0,0,0.02,1,0,0,1,4,3,1
TCK-000499,Chat,API,Faturamento,Média,Free,Sul,18,98.9,0,23,6,4,0,59,9,1,0,0.0204,0,0,0,0,3,2,0
TCK-000500,Email,Plataforma Web,Cancelamento,Crítica,Premium,Sul,52,43.3,0,11,4,12,0,55,8,0,0,0.0217,1,0,1,0,3,2,0
TCK-000501,Telefone,Plataforma Web,Cancelamento,Alta,Basic,Sudeste,33,94.9,0,13,2,4,0,55,8,0,0,0.0217,1,0,1,0,3,2,0
TCK-000502,Email,Integrações,Bug / Defeito,Baixa,Free,Sudeste,40,339.8,0,4,4,9,0,135,25,0,0,0.03,4,0,0,1,3,2,0
TCK-000503,Email,API,Faturamento,Alta,Free,Sul,5,74.4,1,4,2,3,1,45,8,0,0,0.027,0,0,0,0,4,3,1
TCK-000504,Telefone,Relatórios,Dúvida / Como Fazer,Baixa,Free,Sul,36,90.6,0,16,5,7,0,57,10,1,0,0.0213,0,0,0,0,3,2,0
TCK-000505,Redes Sociais,Plataforma Web,Acesso e Conta,Média,Enterprise,Sudeste,26,106.5,0,18,6,8,0,54,10,0,0,0.0233,0,0,0,0,3,2,0
TCK-000506,Chat,Plataforma Web,Problema Técnico,Alta,Basic,Norte,13,15.3,0,1,6,9,1,55,10,0,0,0.0222,0,0,0,0,3,2,0
TCK-000507,Redes Sociais,Plataforma Web,Bug / Defeito,Média,Enterprise,Centro-Oeste,7,150.1,0,6,6,6,0,165,29,0,0,0.0379,0,0,0,1,3,2,0
TCK-000508,Formulário Web,API,Dúvida / Como Fazer,Média,Basic,Nordeste,65,155.3,0,13,5,3,0,56,10,1,0,0.0217,0,0,0,0,3,2,0
TCK-000509,Chat,Integrações,Cancelamento,Baixa,Premium,Sudeste,50,303.9,0,3,6,8,0,61,10,0,0,0.02,1,0,1,0,3,2,0
TCK-000510,Email,API,Problema Técnico,Alta,Premium,Norte,15,67.6,1,0,2,12,1,56,11,0,0,0.0222,0,0,0,0,4,3,1
TCK-000511,Chat,App Mobile,Dúvida / Como Fazer,Baixa,Basic,Sul,33,195.5,0,20,3,9,0,56,10,1,0,0.0217,0,0,0,0,3,2,0
TCK-000512,Chat,Plataforma Web,Problema Técnico,Crítica,Basic,Centro-Oeste,48,37.7,0,12,3,7,1,59,10,0,0,0.0204,1,0,0,1,3,2,0
TCK-000513,Chat,Plataforma Web,Bug / Defeito,Média,Basic,Norte,16,73.1,0,7,6,7,0,46,9,0,0,0.0303,2,0,0,1,3,2,0
TCK-000514,Chat,Faturamento,Faturamento,Média,Basic,Centro-Oeste,0,71.9,0,4,6,8,0,45,8,0,0,0.027,0,0,0,0,3,2,0
TCK-000515,Chat,API,Faturamento,Alta,Premium,Norte,60,54.3,0,16,4,4,0,167,29,0,0,0.0224,2,1,0,0,3,2,0
TCK-000516,Formulário Web,Integrações,Bug / Defeito,Média,Free,Nordeste,56,193.9,0,11,2,1,1,46,9,0,0,0.0303,2,0,0,1,3,2,0
TCK-000517,Email,Integrações,Faturamento,Média,Basic,Sul,43,253.7,0,11,5,10,0,62,11,0,0,0.02,1,1,0,0,3,2,0
TCK-000518,Email,API,Problema Técnico,Crítica,Free,Sudeste,51,53.7,1,13,6,11,1,161,27,0,0,0.0227,2,0,0,1,4,3,1
TCK-000519,Email,Integrações,Bug / Defeito,Baixa,Enterprise,Sudeste,51,229.2,0,10,5,3,0,61,10,0,0,0.02,1,0,0,1,3,2,0
TCK-000520,Chat,Relatórios,Dúvida / Como Fazer,Média,Free,Sudeste,51,102.5,0,11,1,1,0,57,10,1,0,0.0213,0,0,0,0,3,2,0
TCK-000521,Redes Sociais,Relatórios,Dúvida / Como Fazer,Alta,Free,Norte,15,45.1,0,8,1,11,0,53,9,0,0,0.0227,0,0,0,0,3,2,0
TCK-000522,Redes Sociais,Integrações,Faturamento,Média,Free,Nordeste,45,192.8,0,15,1,6,0,62,11,0,0,0.02,1,1,0,0,3,2,0
TCK-000523,Formulário Web,App Mobile,Problema Técnico,Baixa,Premium,Nordeste,41,248.3,0,6,1,5,0,155,29,0,0,0.0242,0,0,0,0,3,2,0
TCK-000524,Chat,Plataforma Web,Faturamento,Alta,Basic,Nordeste,90,84.1,1,18,4,4,0,62,11,0,0,0.02,1,1,0,0,4,3,1
TCK-000525,Email,Relatórios,Faturamento,Média,Free,Nordeste,2,82.8,0,5,2,6,0,45,8,0,0,0.027,0,0,0,0,3,2,0
TCK-000526,Email,API,Dúvida / Como Fazer,Baixa,Basic,Nordeste,20,265.3,0,0,6,6,0,149,25,0,0,0.0246,0,0,0,0,3,2,0
TCK-000527,Telefone,Faturamento,Cancelamento,Média,Basic,Sul,31,62.4,0,15,2,7,0,51,8,0,0,0.0233,1,0,0,1,3,2,0
TCK-000528,Formulário Web,Integrações,Solicitação de Recurso,Alta,Enterprise,Norte,24,35.9,0,23,3,4,1,40,7,0,0,0.0303,0,0,0,0,3,2,0
TCK-000529,Email,Faturamento,Dúvida / Como Fazer,Baixa,Basic,Norte,67,211.7,0,18,6,1,0,57,10,1,0,0.0213,0,0,0,0,3,2,0
TCK-000530,Redes Sociais,Relatórios,Cancelamento,Média,Free,Sudeste,34,149.9,0,12,0,4,0,51,8,0,0,0.0233,1,0,0,1,3,2,0
TCK-000531,Telefone,API,Acesso e Conta,Baixa,Premium,Norte,10,215.3,0,8,4,9,0,171,25,0,0,0.0352,2,0,0,0,3,2,0
TCK-000532,Redes Sociais,API,Solicitação de Recurso,Alta,Enterprise,Centro-Oeste,43,48.9,0,16,6,2,1,55,8,0,0,0.0638,0,0,0,0,3,2,0
TCK-000533,Formulário Web,Integrações,Faturamento,Crítica,Free,Norte,5,15.7,0,2,1,5,1,62,11,0,0,0.02,1,1,0,0,3,2,0
TCK-000534,Formulário Web,Plataforma Web,Dúvida / Como Fazer,Média,Premium,Centro-Oeste,38,141.6,0,6,2,7,0,155,27,2,0,0.0238,0,0,0,0,3,2,0
TCK-000535,Chat,API,Problema Técnico,Baixa,Enterprise,Nordeste,61,387.1,0,13,5,9,0,55,10,0,0,0.0222,0,0,0,0,3,2,0
TCK-000536,Email,App Mobile,Solicitação de Recurso,Média,Basic,Sul,3,350.7,0,20,3,1,0,40,7,0,0,0.0303,0,0,0,0,3,2,0
TCK-000537,Telefone,Faturamento,Bug / Defeito,Alta,Enterprise,Sul,45,70.3,1,10,0,1,1,46,9,0,0,0.0303,2,0,0,1,4,3,1
TCK-000538,Email,App Mobile,Acesso e Conta,Baixa,Basic,Sul,15,258.5,0,8,4,3,0,64,9,0,0,0.037,1,0,0,0,3,2,0
TCK-000539,Email,Integrações,Cancelamento,Baixa,Basic,Centro-Oeste,45,151.9,0,15,2,7,0,51,8,0,0,0.0233,1,0,0,1,3,2,0
TCK-000540,Chat,API,Acesso e Conta,Alta,Free,Centro-Oeste,26,43.0,1,12,2,10,0,54,10,0,0,0.0233,0,0,0,0,4,3,1
TCK-000541,Redes Sociais,Plataforma Web,Faturamento,Baixa,Free,Sudeste,15,274.9,0,23,5,9,0,59,9,1,0,0.0204,0,0,0,0,3,2,0
TCK-000542,Chat,Faturamento,Problema Técnico,Crítica,Basic,Sudeste,42,38.5,0,17,0,12,1,55,10,0,0,0.0222,0,0,0,0,3,2,0
TCK-000543,Email,Faturamento,Problema Técnico,Baixa,Free,Nordeste,51,256.3,1,18,4,8,0,55,10,0,0,0.0222,0,0,0,0,4,3,1
TCK-000544,Email,Faturamento,Faturamento,Crítica,Enterprise,Nordeste,41,36.1,0,19,5,9,1,89,15,0,0,0.0278,0,0,0,0,3,2,0
TCK-000545,Chat,App Mobile,Cancelamento,Média,Basic,Norte,14,98.7,0,3,0,9,0,61,10,0,0,0.02,1,0,1,0,3,2,0
TCK-000546,Telefone,API,Cancelamento,Média,Basic,Sul,6,166.9,0,20,3,12,0,51,8,0,0,0.0233,1,0,0,1,3,2,0
TCK-000547,Email,Relatórios,Cancelamento,Baixa,Basic,Nordeste,32,343.9,0,2,2,9,0,61,10,0,0,0.02,1,0,1,0,3,2,0
TCK-000548,Formulário Web,Relatórios,Solicitação de Recurso,Média,Basic,Nordeste,68,168.8,0,14,6,5,1,157,25,2,0,0.0231,0,0,0,0,3,2,0
TCK-000549,Telefone,Relatórios,Problema Técnico,Baixa,Enterprise,Sul,32,230.4,1,23,4,12,0,59,10,0,0,0.0204,1,0,0,1,4,3,1
TCK-000550,Chat,Plataforma Web,Problema Técnico,Baixa,Free,Norte,18,163.3,0,8,0,2,0,56,11,0,0,0.0222,0,0,0,0,3,2,0
TCK-000551,Redes Sociais,Integrações,Solicitação de Recurso,Crítica,Premium,Sul,42,39.2,0,3,5,8,1,89,13,0,0,0.0533,1,0,0,0,3,2,0
TCK-000552,Telefone,API,Cancelamento,Média,Basic,Nordeste,41,683.3,0,8,3,7,0,55,8,0,0,0.0217,1,0,1,0,3,2,0
TCK-000553,Email,Plataforma Web,Bug / Defeito,Média,Free,Nordeste,8,177.6,1,21,6,2,1,46,9,0,0,0.0303,2,0,0,1,4,3,1
TCK-000554,Email,Relatórios,Solicitação de Recurso,Média,Free,Nordeste,9,197.3,1,7,0,5,1,55,8,0,0,0.0638,0,0,0,0,4,3,1
TCK-000555,Chat,Integrações,Solicitação de Recurso,Baixa,Premium,Sul,26,274.3,0,3,6,4,0,57,9,1,0,0.0208,0,0,0,0,3,2,0
TCK-000556,Telefone,Relatórios,Dúvida / Como Fazer,Baixa,Basic,Nordeste,51,244.7,0,18,1,3,0,149,25,0,0,0.0246,0,0,0,0,3,2,0
TCK-000557,Telefone,Faturamento,Problema Técnico,Média,Premium,Norte,26,140.9,0,21,3,1,0,56,11,0,0,0.0222,0,0,0,0,3,2,0
TCK-000558,Chat,App Mobile,Problema Técnico,Baixa,Basic,Nordeste,38,192.4,0,23,3,4,0,55,10,0,0,0.0222,0,0,0,0,3,2,0
TCK-000559,Redes Sociais,App Mobile,Problema Técnico,Baixa,Basic,Centro-Oeste,55,232.7,0,17,5,8,0,55,10,0,0,0.0222,0,0,0,0,3,2,0
TCK-000560,Email,Faturamento,Cancelamento,Alta,Basic,Centro-Oeste,53,104.4,0,19,0,9,0,95,15,0,0,0.0256,1,0,0,1,3,2,0
TCK-000561,Redes Sociais,Relatórios,Problema Técnico,Baixa,Premium,Sul,39,665.1,0,23,1,1,0,56,11,0,0,0.0222,0,0,0,0,3,2,0
TCK-000562,Email,App Mobile,Problema Técnico,Crítica,Basic,Norte,31,34.8,0,1,4,6,1,55,10,0,0,0.0222,0,0,0,0,3,2,0
TCK-000563,Chat,Integrações,Bug / Defeito,Alta,Free,Sudeste,31,41.5,1,18,2,4,1,61,11,0,0,0.0408,0,0,0,1,4,3,1
TCK-000564,Telefone,Integrações,Dúvida / Como Fazer,Média,Enterprise,Sudeste,29,189.1,0,21,6,3,0,53,9,0,0,0.0227,0,0,0,0,3,2,0
TCK-000565,Email,Integrações,Bug / Defeito,Baixa,Free,Sudeste,12,303.3,0,20,2,1,0,61,10,0,0,0.02,1,0,0,1,3,2,0
TCK-000566,Telefone,API,Cancelamento,Baixa,Premium,Nordeste,48,267.2,0,15,0,11,0,61,10,0,0,0.02,1,0,1,0,3,2,0
TCK-000567,Telefone,API,Dúvida / Como Fazer,Baixa,Basic,Nordeste,61,213.3,0,9,4,8,0,57,10,1,0,0.0213,0,0,0,0,3,2,0
TCK-000568,Email,API,Cancelamento,Baixa,Basic,Sudeste,64,220.8,0,17,4,9,0,51,8,0,0,0.0233,1,0,0,1,3,2,0
TCK-000569,Telefone,Integrações,Acesso e Conta,Baixa,Enterprise,Nordeste,74,125.3,1,18,1,4,0,64,12,0,0,0.0192,0,0,0,0,4,3,1
TCK-000570,Telefone,API,Dúvida / Como Fazer,Média,Premium,Sudeste,4,49.1,0,23,3,4,0,155,27,2,0,0.0238,0,0,0,0,3,2,0
TCK-000571,Email,Integrações,Problema Técnico,Baixa,Premium,Centro-Oeste,45,209.1,0,23,2,9,0,59,10,0,0,0.0204,1,0,0,1,3,2,0
TCK-000572,Telefone,Plataforma Web,Faturamento,Baixa,Free,Norte,21,180.3,0,19,6,2,0,45,8,0,0,0.027,0,0,0,0,3,2,0
TCK-000573,Chat,App Mobile,Faturamento,Baixa,Enterprise,Norte,25,148.6,0,20,3,12,0,45,8,0,0,0.027,0,0,0,0,3,2,0
TCK-000574,Formulário Web,Integrações,Dúvida / Como Fazer,Média,Free,Nordeste,65,144.3,0,14,2,4,0,157,27,2,0,0.0234,0,0,0,0,3,2,0
TCK-000575,Telefone,Plataforma Web,Problema Técnico,Alta,Enterprise,Norte,59,62.7,0,17,0,9,1,55,10,0,0,0.0222,0,0,0,0,3,2,0
TCK-000576,Chat,Plataforma Web,Acesso e Conta,Média,Free,Centro-Oeste,67,129.6,0,11,0,2,0,54,10,0,0,0.0233,0,0,0,0,3,2,0
TCK-000577,Redes Sociais,API,Dúvida / Como Fazer,Média,Enterprise,Norte,71,157.5,0,14,6,4,0,57,10,1,0,0.0213,0,0,0,0,3,2,0
TCK-000578,Chat,API,Cancelamento,Baixa,Premium,Sudeste,42,213.7,0,20,6,3,0,51,8,0,0,0.0233,1,0,0,1,3,2,0
TCK-000579,Email,API,Dúvida / Como Fazer,Alta,Premium,Sudeste,28,84.9,1,14,2,4,0,90,15,1,0,0.027,1,0,0,0,4,3,1
TCK-000580,Email,API,Acesso e Conta,Alta,Basic,Nordeste,44,84.0,0,11,2,3,0,88,15,0,0,0.0282,1,0,0,0,3,2,0
TCK-000581,Formulário Web,Plataforma Web,Problema Técnico,Alta,Free,Sudeste,30,31.5,0,12,3,9,0,200,37,0,1,0.0252,1,0,0,0,3,2,0
TCK-000582,Chat,Plataforma Web,Faturamento,Crítica,Enterprise,Norte,24,28.5,0,7,0,2,0,62,11,0,0,0.02,1,1,0,0,3,2,0
TCK-000583,Email,Faturamento,Dúvida / Como Fazer,Baixa,Premium,Sudeste,45,536.0,0,0,3,9,0,53,9,0,0,0.0227,0,0,0,0,3,2,0
TCK-000584,Email,API,Solicitação de Recurso,Baixa,Free,Norte,76,272.4,0,13,4,3,0,57,9,1,0,0.0208,0,0,0,0,3,2,0
TCK-000585,Email,App Mobile,Cancelamento,Média,Free,Sul,12,52.4,0,4,0,6,0,51,8,0,0,0.0233,1,0,0,1,3,2,0
TCK-000586,Email,App Mobile,Cancelamento,Baixa,Premium,Sudeste,8,174.0,0,7,3,6,0,55,8,0,0,0.0217,1,0,1,0,3,2,0
TCK-000587,Email,Relatórios,Faturamento,Baixa,Basic,Nordeste,32,202.5,0,21,6,12,0,167,29,0,0,0.0224,2,1,0,0,3,2,0
TCK-000588,Redes Sociais,API,Cancelamento,Média,Enterprise,Nordeste,20,135.5,0,8,6,7,0,51,8,0,0,0.0233,1,0,0,1,3,2,0
TCK-000589,Email,Faturamento,Solicitação de Recurso,Alta,Enterprise,Sul,19,92.8,0,8,5,8,1,123,21,0,0,0.03,0,0,0,0,3,2,0
TCK-000590,Telefone,App Mobile,Problema Técnico,Baixa,Free,Sudeste,83,198.9,0,10,6,9,0,59,10,0,0,0.0204,1,0,0,1,3,2,0
TCK-000591,Email,App Mobile,Problema Técnico,Alta,Enterprise,Nordeste,31,63.2,1,14,3,10,1,100,18,0,1,0.025,1,0,0,0,4,3,1
TCK-000592,Formulário Web,API,Faturamento,Alta,Free,Norte,43,58.8,0,22,1,12,0,93,14,1,0,0.026,1,0,0,0,3,2,0
TCK-000593,Email,App Mobile,Acesso e Conta,Média,Premium,Sudeste,71,143.0,0,22,6,9,0,171,31,0,0,0.0217,0,0,0,0,3,2,0
TCK-000594,Redes Sociais,Faturamento,Cancelamento,Alta,Free,Nordeste,5,34.1,0,2,3,1,0,51,8,0,0,0.0233,1,0,0,1,3,2,0
TCK-000595,Chat,Integrações,Problema Técnico,Alta,Premium,Sudeste,52,45.3,0,20,0,1,1,99,17,0,0,0.025,0,0,0,0,3,2,0
TCK-000596,Email,Relatórios,Cancelamento,Alta,Enterprise,Norte,29,74.6,0,23,6,4,0,95,15,0,0,0.0256,1,0,0,1,3,2,0
TCK-000597,Redes Sociais,Faturamento,Problema Técnico,Média,Free,Centro-Oeste,58,166.6,0,16,3,3,1,59,10,0,0,0.0204,1,0,0,1,3,2,0
TCK-000598,Redes Sociais,Faturamento,Problema Técnico,Média,Free,Centro-Oeste,71,206.7,1,13,6,11,1,55,10,0,0,0.0222,0,0,0,0,4,3,1
TCK-000599,Telefone,Relatórios,Faturamento,Média,Basic,Sul,41,109.8,0,5,1,12,0,161,25,2,0,0.0227,0,0,0,0,3,2,0
TCK-000600,Chat,Plataforma Web,Bug / Defeito,Crítica,Premium,Sul,57,52.9,0,8,1,9,1,199,34,0,0,0.0375,1,0,0,1,3,2,0
TCK-000601,Formulário Web,Plataforma Web,Acesso e Conta,Média,Premium,Nordeste,16,94.3,0,21,1,2,0,64,12,0,0,0.0192,0,0,0,0,3,2,0
TCK-000602,Formulário Web,Plataforma Web,Bug / Defeito,Alta,Basic,Sul,43,45.6,0,2,1,8,1,61,10,0,0,0.02,1,0,0,1,3,2,0
TCK-000603,Chat,Faturamento,Acesso e Conta,Baixa,Free,Sudeste,54,101.5,0,11,3,1,0,54,10,0,0,0.0233,0,0,0,0,3,2,0
TCK-000604,Telefone,App Mobile,Dúvida / Como Fazer,Alta,Enterprise,Sul,74,58.2,0,12,1,6,0,56,10,1,0,0.0217,0,0,0,0,3,2,0
TCK-000605,Telefone,Plataforma Web,Problema Técnico,Baixa,Free,Sudeste,77,408.9,0,18,5,7,0,155,29,0,0,0.0242,0,0,0,0,3,2,0
TCK-000606,Formulário Web,Plataforma Web,Acesso e Conta,Baixa,Free,Centro-Oeste,50,569.6,0,15,3,12,0,64,9,0,0,0.037,1,0,0,0,3,2,0
TCK-000607,Telefone,Integrações,Problema Técnico,Média,Basic,Sudeste,46,280.3,0,7,0,5,0,56,11,0,0,0.0222,0,0,0,0,3,2,0
TCK-000608,Telefone,Faturamento,Solicitação de Recurso,Baixa,Basic,Sul,24,177.0,0,17,6,3,0,55,8,0,0,0.0638,0,0,0,0,3,2,0
TCK-000609,Telefone,Plataforma Web,Acesso e Conta,Alta,Basic,Norte,29,31.2,0,0,0,2,0,64,9,0,0,0.037,1,0,0,0,3,2,0
TCK-000610,Email,Plataforma Web,Problema Técnico,Média,Basic,Nordeste,50,69.7,0,20,1,9,0,55,10,0,0,0.0222,0,0,0,0,3,2,0
TCK-000611,Chat,App Mobile,Solicitação de Recurso,Média,Basic,Nordeste,19,95.7,0,6,5,6,1,57,9,1,0,0.0208,0,0,0,0,3,2,0
TCK-000612,Formulário Web,API,Cancelamento,Média,Basic,Norte,35,83.9,0,20,5,8,0,55,8,0,0,0.0217,1,0,1,0,3,2,0
TCK-000613,Chat,Integrações,Dúvida / Como Fazer,Média,Free,Nordeste,36,78.4,0,20,4,3,0,57,10,1,0,0.0213,0,0,0,0,3,2,0
TCK-000614,Chat,App Mobile,Acesso e Conta,Alta,Basic,Nordeste,53,85.7,0,15,5,1,1,205,36,0,0,0.0241,1,0,0,0,3,2,0
TCK-000615,Email,Plataforma Web,Problema Técnico,Crítica,Free,Sudeste,78,56.7,1,14,2,12,1,59,10,0,0,0.0204,1,0,0,1,4,3,1
TCK-000616,Telefone,Plataforma Web,Acesso e Conta,Média,Basic,Sudeste,64,218.1,0,9,4,1,0,54,10,0,0,0.0233,0,0,0,0,3,2,0
TCK-000617,Telefone,Relatórios,Solicitação de Recurso,Baixa,Free,Sudeste,20,992.9,0,0,3,3,1,57,9,1,0,0.0208,0,0,0,0,3,2,0
TCK-000618,Chat,Faturamento,Solicitação de Recurso,Baixa,Premium,Sul,38,377.0,0,10,0,4,0,55,8,0,0,0.0638,0,0,0,0,3,2,0
TCK-000619,Redes Sociais,App Mobile,Acesso e Conta,Média,Enterprise,Sul,4,108.9,0,10,6,1,0,54,10,0,0,0.0233,0,0,0,0,3,2,0
TCK-000620,Chat,Faturamento,Dúvida / Como Fazer,Baixa,Free,Norte,41,126.9,0,15,0,2,0,53,9,0,0,0.0227,0,0,0,0,3,2,0
TCK-000621,Email,Faturamento,Cancelamento,Média,Basic,Centro-Oeste,60,185.3,0,18,5,11,0,61,10,0,0,0.02,1,0,1,0,3,2,0
TCK-000622,Chat,Faturamento,Problema Técnico,Baixa,Premium,Centro-Oeste,14,189.0,1,20,1,12,0,56,11,0,0,0.0222,0,0,0,0,4,3,1
TCK-000623,Chat,Integrações,Solicitação de Recurso,Média,Basic,Nordeste,40,98.4,0,21,2,11,1,57,9,1,0,0.0208,0,0,0,0,3,2,0
TCK-000624,Chat,Faturamento,Acesso e Conta,Alta,Basic,Sudeste,0,18.6,0,19,0,3,0,151,27,0,0,0.025,0,0,0,0,3,2,0
TCK-000625,Formulário Web,Plataforma Web,Problema Técnico,Alta,Premium,Sudeste,18,41.0,0,4,2,12,1,56,11,0,0,0.0222,0,0,0,0,3,2,0
TCK-000626,Chat,Faturamento,Bug / Defeito,Média,Enterprise,Centro-Oeste,94,134.3,0,17,5,5,0,61,11,0,0,0.0408,0,0,0,1,3,2,0
TCK-000627,Formulário Web,Relatórios,Dúvida / Como Fazer,Média,Premium,Sudeste,25,72.4,0,4,3,8,0,53,9,0,0,0.0227,0,0,0,0,3,2,0
TCK-000628,Email,Integrações,Dúvida / Como Fazer,Média,Basic,Sul,34,116.2,0,23,5,10,0,53,9,0,0,0.0227,0,0,0,0,3,2,0
TCK-000629,Chat,App Mobile,Faturamento,Alta,Free,Sudeste,67,64.4,0,4,2,4,0,45,8,0,0,0.027,0,0,0,0,3,2,0
TCK-000630,Email,API,Faturamento,Crítica,Premium,Sudeste,54,52.2,0,13,5,2,1,79,13,0,0,0.0308,1,0,0,0,3,2,0
TCK-000631,Redes Sociais,API,Problema Técnico,Baixa,Basic,Sul,27,215.2,0,5,0,2,0,56,11,0,0,0.0222,0,0,0,0,3,2,0
TCK-000632,Chat,App Mobile,Acesso e Conta,Baixa,Free,Sul,77,114.0,0,11,4,11,0,64,12,0,0,0.0192,0,0,0,0,3,2,0
TCK-000633,Redes Sociais,Faturamento,Problema Técnico,Média,Basic,Sul,26,85.6,0,8,4,6,0,161,27,0,0,0.0227,2,0,0,1,3,2,0
TCK-000634,Telefone,App Mobile,Problema Técnico,Média,Basic,Nordeste,17,60.5,1,7,1,11,0,55,10,0,0,0.0222,0,0,0,0,4,3,1
TCK-000635,Chat,App Mobile,Problema Técnico,Crítica,Enterprise,Nordeste,52,41.8,0,18,4,11,1,161,27,0,0,0.0227,2,0,0,1,3,2,0
TCK-000636,Redes Sociais,App Mobile,Problema Técnico,Média,Basic,Centro-Oeste,44,417.1,1,8,5,11,1,55,10,0,0,0.0222,0,0,0,0,4,3,1
TCK-000637,Telefone,API,Faturamento,Baixa,Premium,Centro-Oeste,17,215.2,0,10,1,12,0,161,25,2,0,0.0227,0,0,0,0,3,2,0
TCK-000638,Email,Integrações,Faturamento,Média,Premium,Norte,40,154.2,0,15,0,10,0,45,8,0,0,0.027,0,0,0,0,3,2,0
TCK-000639,Chat,Integrações,Bug / Defeito,Alta,Free,Norte,18,32.0,0,23,6,6,1,61,10,0,0,0.02,1,0,0,1,3,2,0
TCK-000640,Email,Plataforma Web,Dúvida / Como Fazer,Baixa,Premium,Sul,34,275.9,0,3,4,12,0,53,9,0,0,0.0227,0,0,0,0,3,2,0
TCK-000641,Chat,Plataforma Web,Bug / Defeito,Baixa,Enterprise,Centro-Oeste,47,143.8,0,8,5,3,0,46,9,0,0,0.0303,2,0,0,1,3,2,0
TCK-000642,Telefone,API,Faturamento,Alta,Free,Sul,1,21.5,0,2,2,10,0,104,17,1,1,0.0238,1,0,0,0,3,2,0
TCK-000643,Formulário Web,Integrações,Dúvida / Como Fazer,Baixa,Basic,Sudeste,46,631.1,0,9,3,10,0,155,27,2,0,0.0238,0,0,0,0,3,2,0
TCK-000644,Email,Integrações,Bug / Defeito,Alta,Premium,Sudeste,42,68.1,0,1,1,6,1,61,11,0,0,0.0408,0,0,0,1,3,2,0
TCK-000645,Redes Sociais,API,Acesso e Conta,Alta,Enterprise,Sul,37,100.7,0,16,5,7,0,54,10,0,0,0.0233,0,0,0,0,3,2,0
TCK-000646,Email,Integrações,Faturamento,Baixa,Enterprise,Norte,4,168.5,0,19,5,6,0,59,9,1,0,0.0204,0,0,0,0,3,2,0
TCK-000647,Email,App Mobile,Bug / Defeito,Média,Basic,Nordeste,66,168.7,1,16,0,8,1,61,10,0,0,0.02,1,0,0,1,4,3,1
TCK-000648,Formulário Web,API,Faturamento,Alta,Basic,Sudeste,53,91.6,0,17,1,8,0,133,23,0,0,0.0278,0,0,0,0,3,2,0
TCK-000649,Telefone,Faturamento,Solicitação de Recurso,Baixa,Free,Sul,49,181.4,0,4,6,3,0,123,21,0,0,0.03,0,0,0,0,3,2,0
TCK-000650,Chat,Relatórios,Dúvida / Como Fazer,Média,Basic,Sudeste,41,97.3,0,22,1,1,0,56,10,1,0,0.0217,0,0,0,0,3,2,0
TCK-000651,Chat,Relatórios,Faturamento,Média,Premium,Norte,41,92.9,0,21,4,7,0,59,9,1,0,0.0204,0,0,0,0,3,2,0
TCK-000652,Formulário Web,Plataforma Web,Dúvida / Como Fazer,Baixa,Basic,Sudeste,50,325.3,0,20,0,6,0,56,10,1,0,0.0217,0,0,0,0,3,2,0
TCK-000653,Email,Integrações,Problema Técnico,Média,Basic,Nordeste,14,200.3,1,18,3,9,0,161,27,0,0,0.0227,2,0,0,1,4,3,1
TCK-000654,Telefone,App Mobile,Acesso e Conta,Média,Free,Sudeste,32,111.8,0,14,5,4,0,151,27,0,0,0.025,0,0,0,0,3,2,0
TCK-000655,Email,Faturamento,Acesso e Conta,Crítica,Free,Norte,80,66.3,0,13,1,2,1,64,12,0,0,0.0192,0,0,0,0,3,2,0
TCK-000656,Telefone,Relatórios,Faturamento,Alta,Free,Sudeste,6,77.7,0,1,6,6,0,107,19,0,1,0.0235,2,1,0,0,3,2,0
TCK-000657,Chat,API,Problema Técnico,Média,Premium,Nordeste,46,265.8,1,6,3,10,0,56,11,0,0,0.0222,0,0,0,0,4,3,1
TCK-000658,Chat,App Mobile,Faturamento,Média,Free,Norte,61,107.3,0,10,1,9,0,62,11,0,0,0.02,1,1,0,0,3,2,0
TCK-000659,Chat,Plataforma Web,Dúvida / Como Fazer,Baixa,Free,Sul,59,305.8,0,5,4,7,0,157,27,2,0,0.0234,0,0,0,0,3,2,0
TCK-000660,Redes Sociais,Plataforma Web,Dúvida / Como Fazer,Alta,Free,Centro-Oeste,25,82.6,0,5,4,1,0,57,10,1,0,0.0213,0,0,0,0,3,2,0
TCK-000661,Telefone,Plataforma Web,Dúvida / Como Fazer,Média,Basic,Centro-Oeste,5,92.1,0,20,4,7,0,57,10,1,0,0.0213,0,0,0,0,3,2,0
TCK-000662,Email,Integrações,Bug / Defeito,Baixa,Enterprise,Centro-Oeste,73,434.3,1,0,5,9,0,61,10,0,0,0.02,1,0,0,1,4,3,1
TCK-000663,Email,Plataforma Web,Bug / Defeito,Baixa,Enterprise,Nordeste,17,140.7,0,3,0,9,0,61,11,0,0,0.0408,0,0,0,1,3,2,0
TCK-000664,Email,Integrações,Problema Técnico,Média,Basic,Sul,44,250.3,0,6,3,10,0,55,10,0,0,0.0222,0,0,0,0,3,2,0
TCK-000665,Email,Plataforma Web,Acesso e Conta,Crítica,Free,Nordeste,43,40.5,0,17,3,10,0,54,10,0,0,0.0233,0,0,0,0,3,2,0
TCK-000666,Email,Faturamento,Solicitação de Recurso,Baixa,Free,Norte,63,614.7,0,15,3,5,1,40,7,0,0,0.0303,0,0,0,0,3,2,0
TCK-000667,Chat,Plataforma Web,Bug / Defeito,Baixa,Basic,Nordeste,59,182.9,1,11,5,3,0,46,9,0,0,0.0303,2,0,0,1,4,3,1
TCK-000668,Telefone,Plataforma Web,Cancelamento,Baixa,Free,Centro-Oeste,40,218.2,0,18,0,2,0,55,8,0,0,0.0217,1,0,1,0,3,2,0
TCK-000669,Email,App Mobile,Problema Técnico,Crítica,Free,Sul,40,29.2,1,19,6,11,1,103,17,0,0,0.0238,1,0,0,1,4,3,1
TCK-000670,Chat,API,Faturamento,Média,Free,Sudeste,0,126.4,0,19,5,2,0,62,11,0,0,0.02,1,1,0,0,3,2,0
TCK-000671,Email,Relatórios,Bug / Defeito,Alta,Free,Nordeste,49,60.1,0,14,6,6,1,165,29,0,0,0.0379,0,0,0,1,3,2,0
TCK-000672,Redes Sociais,API,Problema Técnico,Baixa,Basic,Nordeste,0,509.9,0,20,5,7,0,56,11,0,0,0.0222,0,0,0,0,3,2,0
TCK-000673,Telefone,Relatórios,Cancelamento,Média,Premium,Sul,38,57.0,0,20,0,3,0,165,27,0,0,0.0224,2,0,1,0,3,2,0
TCK-000674,Formulário Web,API,Acesso e Conta,Baixa,Enterprise,Sul,42,155.8,0,6,5,10,0,64,9,0,0,0.037,1,0,0,0,3,2,0
TCK-000675,Redes Sociais,Plataforma Web,Solicitação de Recurso,Baixa,Basic,Centro-Oeste,77,350.3,0,13,2,6,0,157,25,2,0,0.0231,0,0,0,0,3,2,0
TCK-000676,Email,API,Acesso e Conta,Média,Enterprise,Centro-Oeste,49,88.1,0,3,0,4,0,64,9,0,0,0.037,1,0,0,0,3,2,0
TCK-000677,Redes Sociais,Faturamento,Problema Técnico,Baixa,Basic,Norte,34,682.3,1,14,6,6,1,55,10,0,0,0.0222,0,0,0,0,4,3,1
TCK-000678,Email,Plataforma Web,Dúvida / Como Fazer,Média,Premium,Centro-Oeste,2,137.3,0,22,5,7,0,53,9,0,0,0.0227,0,0,0,0,3,2,0
TCK-000679,Telefone,API,Solicitação de Recurso,Baixa,Free,Norte,28,157.2,0,3,0,6,0,57,9,1,0,0.0208,0,0,0,0,3,2,0
TCK-000680,Redes Sociais,Faturamento,Problema Técnico,Baixa,Free,Norte,52,283.9,0,17,4,3,0,153,27,0,0,0.0242,0,0,0,0,3,2,0
TCK-000681,Telefone,Plataforma Web,Dúvida / Como Fazer,Média,Basic,Centro-Oeste,27,103.3,0,2,2,6,0,157,27,2,0,0.0234,0,0,0,0,3,2,0
TCK-000682,Email,Plataforma Web,Faturamento,Média,Free,Sudeste,43,118.7,0,2,5,4,0,59,9,1,0,0.0204,0,0,0,0,3,2,0
TCK-000683,Email,Relatórios,Faturamento,Alta,Free,Sudeste,46,107.8,1,22,4,8,0,59,9,1,0,0.0204,0,0,0,0,4,3,1
TCK-000684,Redes Sociais,Plataforma Web,Acesso e Conta,Média,Free,Sudeste,68,203.5,0,16,0,9,0,64,12,0,0,0.0192,0,0,0,0,3,2,0
TCK-000685,Email,Relatórios,Solicitação de Recurso,Crítica,Free,Nordeste,40,31.8,0,22,4,2,1,40,7,0,0,0.0303,0,0,0,0,3,2,0
TCK-000686,Redes Sociais,Integrações,Dúvida / Como Fazer,Média,Free,Sudeste,0,120.0,0,6,1,10,0,53,9,0,0,0.0227,0,0,0,0,3,2,0
TCK-000687,Email,API,Dúvida / Como Fazer,Alta,Free,Sudeste,37,76.5,0,9,0,11,0,53,9,0,0,0.0227,0,0,0,0,3,2,0
TCK-000688,Email,Plataforma Web,Faturamento,Baixa,Premium,Norte,0,258.9,0,21,5,8,0,45,8,0,0,0.027,0,0,0,0,3,2,0
TCK-000689,Email,Integrações,Faturamento,Baixa,Basic,Norte,7,361.1,0,1,4,5,0,62,11,0,0,0.02,1,1,0,0,3,2,0
TCK-000690,Telefone,API,Faturamento,Crítica,Free,Sudeste,0,30.4,0,22,1,10,0,62,11,0,0,0.02,1,1,0,0,3,2,0
TCK-000691,Telefone,Faturamento,Faturamento,Alta,Basic,Centro-Oeste,23,34.6,0,21,5,2,0,161,25,2,0,0.0227,0,0,0,0,3,2,0
TCK-000692,Email,App Mobile,Problema Técnico,Baixa,Free,Sudeste,28,383.7,0,1,6,9,0,153,27,0,0,0.0242,0,0,0,0,3,2,0
TCK-000693,Telefone,Faturamento,Dúvida / Como Fazer,Média,Basic,Norte,48,176.4,0,2,5,7,0,56,10,1,0,0.0217,0,0,0,0,3,2,0
TCK-000694,Chat,Relatórios,Solicitação de Recurso,Crítica,Free,Centro-Oeste,21,21.2,0,6,0,2,1,57,9,1,0,0.0208,0,0,0,0,3,2,0
TCK-000695,Email,API,Cancelamento,Média,Free,Sudeste,21,79.6,0,6,5,8,0,55,8,0,0,0.0217,1,0,1,0,3,2,0
TCK-000696,Chat,Faturamento,Acesso e Conta,Média,Free,Nordeste,16,100.6,0,1,5,3,0,54,10,0,0,0.0233,0,0,0,0,3,2,0
TCK-000697,Email,App Mobile,Faturamento,Baixa,Premium,Norte,27,238.9,0,23,6,7,0,45,8,0,0,0.027,0,0,0,0,3,2,0
TCK-000698,Email,Integrações,Faturamento,Crítica,Premium,Sudeste,51,36.4,0,16,3,7,1,103,16,1,0,0.0238,0,0,0,0,3,2,0
TCK-000699,Chat,Faturamento,Bug / Defeito,Baixa,Basic,Norte,61,212.8,0,11,4,3,0,61,11,0,0,0.0408,0,0,0,1,3,2,0
TCK-000700,Redes Sociais,Integrações,Dúvida / Como Fazer,Baixa,Basic,Centro-Oeste,48,746.2,0,5,0,10,0,56,10,1,0,0.0217,0,0,0,0,3,2,0
TCK-000701,Email,API,Dúvida / Como Fazer,Alta,Basic,Norte,19,79.2,0,1,2,1,0,98,17,0,1,0.0253,1,0,0,0,3,2,0
TCK-000702,Chat,App Mobile,Cancelamento,Alta,Free,Sul,22,38.7,1,7,0,9,0,51,8,0,0,0.0233,1,0,0,1,4,3,1
TCK-000703,Redes Sociais,Integrações,Dúvida / Como Fazer,Alta,Basic,Sul,25,50.1,0,1,5,10,0,57,10,1,0,0.0213,0,0,0,0,3,2,0
TCK-000704,Formulário Web,Integrações,Problema Técnico,Crítica,Free,Sul,33,34.5,0,17,1,7,1,56,11,0,0,0.0222,0,0,0,0,3,2,0
TCK-000705,Chat,Integrações,Solicitação de Recurso,Média,Enterprise,Centro-Oeste,44,126.7,0,2,5,5,0,40,7,0,0,0.0303,0,0,0,0,3,2,0
TCK-000706,Chat,App Mobile,Bug / Defeito,Média,Basic,Sudeste,48,255.4,0,9,0,2,0,165,29,0,0,0.0379,0,0,0,1,3,2,0
TCK-000707,Email,App Mobile,Bug / Defeito,Baixa,Basic,Sul,70,199.9,0,12,3,6,0,61,11,0,0,0.0408,0,0,0,1,3,2,0
TCK-000708,Chat,App Mobile,Solicitação de Recurso,Baixa,Basic,Nordeste,41,139.4,0,15,6,6,0,55,8,0,0,0.0638,0,0,0,0,3,2,0
TCK-000709,Telefone,Integrações,Problema Técnico,Baixa,Premium,Norte,31,178.1,0,1,2,10,0,161,27,0,0,0.0227,2,0,0,1,3,2,0
TCK-000710,Telefone,App Mobile,Solicitação de Recurso,Alta,Enterprise,Nordeste,47,58.3,0,14,6,7,1,55,8,0,0,0.0638,0,0,0,0,3,2,0
TCK-000711,Email,API,Dúvida / Como Fazer,Média,Basic,Sudeste,0,69.5,0,2,4,3,0,56,10,1,0,0.0217,0,0,0,0,3,2,0
TCK-000712,Chat,Plataforma Web,Problema Técnico,Alta,Enterprise,Centro-Oeste,39,41.8,0,18,5,8,0,90,16,0,0,0.0274,1,0,0,0,3,2,0
TCK-000713,Formulário Web,Integrações,Solicitação de Recurso,Média,Enterprise,Centro-Oeste,26,124.6,0,23,0,9,0,57,9,1,0,0.0208,0,0,0,0,3,2,0
TCK-000714,Email,Plataforma Web,Bug / Defeito,Baixa,Premium,Centro-Oeste,38,912.3,0,21,6,10,0,46,9,0,0,0.0303,2,0,0,1,3,2,0
TCK-000715,Email,API,Problema Técnico,Média,Premium,Centro-Oeste,21,104.9,0,21,0,6,0,56,11,0,0,0.0222,0,0,0,0,3,2,0
TCK-000716,Telefone,Relatórios,Solicitação de Recurso,Média,Free,Sul,54,81.7,0,7,1,6,1,40,7,0,0,0.0303,0,0,0,0,3,2,0
TCK-000717,Formulário Web,Faturamento,Dúvida / Como Fazer,Média,Basic,Centro-Oeste,46,217.6,0,18,3,1,0,57,10,1,0,0.0213,0,0,0,0,3,2,0
TCK-000718,Email,Relatórios,Cancelamento,Baixa,Premium,Sul,8,296.1,0,20,1,2,0,55,8,0,0,0.0217,1,0,1,0,3,2,0
TCK-000719,Chat,API,Acesso e Conta,Média,Enterprise,Sudeste,0,191.1,0,4,4,11,0,64,9,0,0,0.037,1,0,0,0,3,2,0
TCK-000720,Chat,Relatórios,Problema Técnico,Crítica,Premium,Sul,48,42.2,1,0,4,5,1,99,17,0,0,0.025,0,0,0,0,4,3,1
TCK-000721,Chat,API,Problema Técnico,Baixa,Enterprise,Centro-Oeste,17,181.8,0,0,2,1,0,59,10,0,0,0.0204,1,0,0,1,3,2,0
TCK-000722,Email,App Mobile,Acesso e Conta,Baixa,Basic,Sudeste,52,354.8,1,21,3,4,0,64,9,0,0,0.037,1,0,0,0,4,3,1
TCK-000723,Telefone,App Mobile,Problema Técnico,Alta,Free,Sudeste,38,55.3,1,7,6,2,1,56,11,0,0,0.0222,0,0,0,0,4,3,1
TCK-000724,Email,App Mobile,Faturamento,Alta,Enterprise,Sudeste,55,108.2,0,22,6,10,0,93,14,1,0,0.026,1,0,0,0,3,2,0
TCK-000725,Email,Integrações,Dúvida / Como Fazer,Crítica,Basic,Sul,68,48.1,0,14,4,8,0,56,10,1,0,0.0217,0,0,0,0,3,2,0
TCK-000726,Chat,Faturamento,Problema Técnico,Média,Premium,Norte,45,88.2,0,4,3,1,0,56,11,0,0,0.0222,0,0,0,0,3,2,0
TCK-000727,Chat,Relatórios,Problema Técnico,Média,Basic,Nordeste,47,273.4,0,14,5,9,0,59,10,0,0,0.0204,1,0,0,1,3,2,0
TCK-000728,Telefone,Faturamento,Cancelamento,Crítica,Basic,Sul,21,17.7,0,23,0,3,0,61,10,0,0,0.02,1,0,1,0,3,2,0
TCK-000729,Telefone,Plataforma Web,Problema Técnico,Baixa,Premium,Centro-Oeste,23,148.2,0,2,1,11,0,56,11,0,0,0.0222,0,0,0,0,3,2,0
TCK-000730,Formulário Web,API,Cancelamento,Crítica,Enterprise,Centro-Oeste,69,50.1,0,18,1,1,0,61,10,0,0,0.02,1,0,1,0,3,2,0
TCK-000731,Telefone,Faturamento,Problema Técnico,Baixa,Enterprise,Centro-Oeste,20,202.6,0,8,1,7,0,55,10,0,0,0.0222,0,0,0,0,3,2,0
TCK-000732,Chat,Relatórios,Problema Técnico,Média,Free,Centro-Oeste,55,65.7,0,10,3,11,0,56,11,0,0,0.0222,0,0,0,0,3,2,0
TCK-000733,Email,API,Faturamento,Alta,Basic,Sul,47,67.4,1,13,5,7,0,90,16,0,1,0.0278,1,0,0,0,4,3,1
TCK-000734,Email,Plataforma Web,Acesso e Conta,Alta,Basic,Sul,19,62.2,0,5,1,7,0,64,12,0,0,0.0192,0,0,0,0,3,2,0
TCK-000735,Formulário Web,Integrações,Bug / Defeito,Crítica,Enterprise,Nordeste,63,56.9,1,12,3,7,1,106,18,0,1,0.0235,2,0,0,1,4,3,1
TCK-000736,Chat,API,Cancelamento,Média,Basic,Sul,0,97.8,0,6,5,4,0,55,8,0,0,0.0217,1,0,1,0,3,2,0
TCK-000737,Chat,API,Acesso e Conta,Média,Enterprise,Nordeste,30,91.8,0,23,3,2,0,151,27,0,0,0.025,0,0,0,0,3,2,0
TCK-000738,Chat,Integrações,Problema Técnico,Alta,Basic,Nordeste,11,40.1,1,5,2,5,1,56,11,0,0,0.0222,0,0,0,0,4,3,1
TCK-000739,Telefone,Plataforma Web,Dúvida / Como Fazer,Média,Free,Nordeste,21,38.7,0,5,2,3,0,56,10,1,0,0.0217,0,0,0,0,3,2,0
TCK-000740,Email,Relatórios,Solicitação de Recurso,Baixa,Premium,Centro-Oeste,17,278.0,0,3,6,7,1,57,9,1,0,0.0208,0,0,0,0,3,2,0
TCK-000741,Chat,App Mobile,Bug / Defeito,Média,Free,Sudeste,9,71.8,0,2,2,6,1,61,10,0,0,0.02,1,0,0,1,3,2,0
TCK-000742,Email,Relatórios,Problema Técnico,Média,Free,Sudeste,45,293.8,0,6,2,4,1,56,11,0,0,0.0222,0,0,0,0,3,2,0
TCK-000743,Email,Faturamento,Problema Técnico,Baixa,Premium,Norte,39,283.0,0,16,0,7,0,56,11,0,0,0.0222,0,0,0,0,3,2,0
TCK-000744,Formulário Web,Integrações,Problema Técnico,Baixa,Enterprise,Norte,37,402.6,0,17,0,10,0,56,11,0,0,0.0222,0,0,0,0,3,2,0
TCK-000745,Telefone,Relatórios,Dúvida / Como Fazer,Alta,Free,Sul,49,61.5,0,9,6,11,0,53,9,0,0,0.0227,0,0,0,0,3,2,0
TCK-000746,Redes Sociais,API,Solicitação de Recurso,Baixa,Basic,Centro-Oeste,37,297.6,0,6,6,7,0,40,7,0,0,0.0303,0,0,0,0,3,2,0
TCK-000747,Email,Relatórios,Problema Técnico,Baixa,Premium,Sudeste,47,279.3,0,22,6,5,0,56,11,0,0,0.0222,0,0,0,0,3,2,0
TCK-000748,Email,API,Problema Técnico,Baixa,Free,Sul,31,564.3,1,21,3,6,1,55,10,0,0,0.0222,0,0,0,0,4,3,1
TCK-000749,Email,App Mobile,Dúvida / Como Fazer,Média,Premium,Sul,59,78.2,0,0,1,12,0,56,10,1,0,0.0217,0,0,0,0,3,2,0
TCK-000750,Formulário Web,Plataforma Web,Acesso e Conta,Média,Basic,Centro-Oeste,51,295.8,0,17,5,11,0,64,9,0,0,0.037,1,0,0,0,3,2,0
TCK-000751,Email,Faturamento,Problema Técnico,Média,Basic,Centro-Oeste,34,116.4,0,19,4,6,0,153,27,0,0,0.0242,0,0,0,0,3,2,0
TCK-000752,Email,Relatórios,Problema Técnico,Crítica,Free,Nordeste,48,37.3,0,9,3,7,1,56,11,0,0,0.0222,0,0,0,0,3,2,0
TCK-000753,Formulário Web,App Mobile,Cancelamento,Média,Free,Nordeste,77,105.3,0,5,6,8,0,61,10,0,0,0.02,1,0,1,0,3,2,0
TCK-000754,Chat,API,Cancelamento,Alta,Premium,Nordeste,71,94.8,0,14,1,7,0,100,16,0,1,0.0247,2,0,1,0,3,2,0
TCK-000755,Email,Relatórios,Dúvida / Como Fazer,Baixa,Basic,Centro-Oeste,14,701.0,0,21,3,8,0,157,27,2,0,0.0234,0,0,0,0,3,2,0
TCK-000756,Email,Plataforma Web,Bug / Defeito,Média,Free,Nordeste,58,132.7,0,14,6,7,0,46,9,0,0,0.0303,2,0,0,1,3,2,0
TCK-000757,Email,Integrações,Acesso e Conta,Média,Enterprise,Centro-Oeste,1,216.5,0,1,1,6,0,54,10,0,0,0.0233,0,0,0,0,3,2,0
TCK-000758,Telefone,Faturamento,Bug / Defeito,Alta,Free,Sul,27,34.7,1,7,1,3,1,61,11,0,0,0.0408,0,0,0,1,4,3,1
TCK-000759,Telefone,API,Problema Técnico,Média,Free,Norte,16,87.5,0,2,5,5,0,153,27,0,0,0.0242,0,0,0,0,3,2,0
TCK-000760,Telefone,Relatórios,Dúvida / Como Fazer,Média,Enterprise,Sul,90,163.1,0,18,3,6,0,57,10,1,0,0.0213,0,0,0,0,3,2,0
TCK-000761,Email,App Mobile,Bug / Defeito,Média,Free,Norte,59,101.7,0,16,5,3,0,46,9,0,0,0.0303,2,0,0,1,3,2,0
TCK-000762,Email,API,Acesso e Conta,Média,Free,Sudeste,27,225.1,1,15,5,12,0,151,27,0,0,0.025,0,0,0,0,4,3,1
TCK-000763,Formulário Web,App Mobile,Problema Técnico,Baixa,Premium,Nordeste,36,231.5,0,17,5,8,0,155,29,0,0,0.0242,0,0,0,0,3,2,0
TCK-000764,Formulário Web,API,Cancelamento,Média,Free,Norte,41,140.1,0,12,4,8,0,55,8,0,0,0.0217,1,0,1,0,3,2,0
TCK-000765,Formulário Web,App Mobile,Dúvida / Como Fazer,Média,Basic,Sudeste,43,177.1,1,1,0,9,0,149,25,0,0,0.0246,0,0,0,0,4,3,1
TCK-000766,Email,Relatórios,Solicitação de Recurso,Média,Basic,Sudeste,52,172.7,0,8,3,10,1,40,7,0,0,0.0303,0,0,0,0,3,2,0
TCK-000767,Redes Sociais,App Mobile,Dúvida / Como Fazer,Média,Free,Centro-Oeste,20,125.6,0,5,2,10,0,53,9,0,0,0.0227,0,0,0,0,3,2,0
TCK-000768,Email,Relatórios,Problema Técnico,Crítica,Basic,Nordeste,50,35.4,1,6,1,7,1,59,10,0,0,0.0204,1,0,0,1,4,3,1
TCK-000769,Formulário Web,Integrações,Dúvida / Como Fazer,Baixa,Premium,Sudeste,44,352.3,0,5,3,10,0,157,27,2,0,0.0234,0,0,0,0,3,2,0
TCK-000770,Formulário Web,Integrações,Solicitação de Recurso,Baixa,Basic,Nordeste,54,167.3,0,6,6,10,0,40,7,0,0,0.0303,0,0,0,0,3,2,0
TCK-000771,Telefone,Relatórios,Bug / Defeito,Baixa,Enterprise,Centro-Oeste,75,133.5,0,13,2,10,0,46,9,0,0,0.0303,2,0,0,1,3,2,0
TCK-000772,Redes Sociais,Integrações,Solicitação de Recurso,Crítica,Free,Sul,69,48.8,0,13,6,9,1,40,7,0,0,0.0303,0,0,0,0,3,2,0
TCK-000773,Email,Faturamento,Cancelamento,Alta,Free,Nordeste,33,47.5,0,7,4,3,1,55,8,0,0,0.0217,1,0,1,0,3,2,0
TCK-000774,Email,Faturamento,Acesso e Conta,Baixa,Enterprise,Norte,36,312.9,0,16,5,1,0,171,25,0,0,0.0352,2,0,0,0,3,2,0
TCK-000775,Email,Integrações,Acesso e Conta,Média,Free,Nordeste,31,84.4,0,14,3,7,0,64,9,0,0,0.037,1,0,0,0,3,2,0
TCK-000776,Email,Plataforma Web,Dúvida / Como Fazer,Média,Free,Centro-Oeste,8,212.7,0,21,4,2,0,56,10,1,0,0.0217,0,0,0,0,3,2,0
TCK-000777,Chat,API,Faturamento,Baixa,Basic,Nordeste,38,147.9,0,23,2,7,0,45,8,0,0,0.027,0,0,0,0,3,2,0
TCK-000778,Chat,Plataforma Web,Acesso e Conta,Crítica,Premium,Nordeste,43,35.4,0,11,0,3,0,64,12,0,0,0.0192,0,0,0,0,3,2,0
TCK-000779,Redes Sociais,App Mobile,Acesso e Conta,Baixa,Free,Centro-Oeste,19,110.2,0,2,1,12,0,64,9,0,0,0.037,1,0,0,0,3,2,0
TCK-000780,Email,Integrações,Dúvida / Como Fazer,Baixa,Premium,Nordeste,64,324.5,0,18,3,7,0,56,10,1,0,0.0217,0,0,0,0,3,2,0
TCK-000781,Email,API,Acesso e Conta,Média,Basic,Centro-Oeste,34,192.7,0,18,5,2,0,64,9,0,0,0.037,1,0,0,0,3,2,0
TCK-000782,Chat,Integrações,Faturamento,Crítica,Free,Centro-Oeste,18,29.0,0,3,0,6,1,62,11,0,0,0.02,1,1,0,0,3,2,0
TCK-000783,Formulário Web,Plataforma Web,Acesso e Conta,Alta,Enterprise,Sul,35,66.1,0,16,2,3,0,64,12,0,0,0.0192,0,0,0,0,3,2,0
TCK-000784,Telefone,Relatórios,Dúvida / Como Fazer,Alta,Free,Centro-Oeste,5,45.9,0,3,0,10,0,100,17,1,0,0.0247,0,0,0,0,3,2,0
TCK-000785,Email,Integrações,Acesso e Conta,Média,Premium,Nordeste,60,154.7,1,18,5,3,0,64,9,0,0,0.037,1,0,0,0,4,3,1
TCK-000786,Telefone,API,Acesso e Conta,Média,Basic,Sudeste,36,109.2,0,16,1,1,0,64,9,0,0,0.037,1,0,0,0,3,2,0
TCK-000787,Email,API,Dúvida / Como Fazer,Média,Free,Nordeste,19,321.6,0,23,2,11,0,53,9,0,0,0.0227,0,0,0,0,3,2,0
TCK-000788,Redes Sociais,Plataforma Web,Cancelamento,Média,Enterprise,Centro-Oeste,39,297.1,0,8,1,4,0,61,10,0,0,0.02,1,0,1,0,3,2,0
TCK-000789,Email,Relatórios,Dúvida / Como Fazer,Baixa,Basic,Nordeste,19,145.6,0,7,4,1,0,57,10,1,0,0.0213,0,0,0,0,3,2,0
TCK-000790,Formulário Web,Relatórios,Dúvida / Como Fazer,Baixa,Enterprise,Sudeste,75,224.2,0,7,4,5,0,53,9,0,0,0.0227,0,0,0,0,3,2,0
TCK-000791,Email,API,Solicitação de Recurso,Baixa,Free,Centro-Oeste,55,472.8,0,19,6,10,1,40,7,0,0,0.0303,0,0,0,0,3,2,0
TCK-000792,Telefone,Integrações,Problema Técnico,Baixa,Free,Sudeste,51,117.8,1,10,3,8,0,153,27,0,0,0.0242,0,0,0,0,4,3,1
TCK-000793,Chat,Faturamento,Faturamento,Crítica,Free,Sul,31,26.8,0,1,0,3,1,104,17,1,1,0.0238,1,0,0,0,3,2,0
TCK-000794,Chat,App Mobile,Cancelamento,Baixa,Basic,Nordeste,18,215.1,0,9,1,6,0,51,8,0,0,0.0233,1,0,0,1,3,2,0
TCK-000795,Formulário Web,Integrações,Problema Técnico,Crítica,Premium,Sudeste,0,5.9,0,4,2,7,1,55,10,0,0,0.0222,0,0,0,0,3,2,0
TCK-000796,Telefone,Integrações,Dúvida / Como Fazer,Alta,Premium,Norte,33,39.2,0,4,6,11,0,56,10,1,0,0.0217,0,0,0,0,3,2,0
TCK-000797,Chat,Integrações,Problema Técnico,Média,Free,Centro-Oeste,62,124.5,0,19,4,10,0,59,10,0,0,0.0204,1,0,0,1,3,2,0
TCK-000798,Formulário Web,Faturamento,Problema Técnico,Média,Free,Nordeste,19,157.8,0,5,4,5,1,56,11,0,0,0.0222,0,0,0,0,3,2,0
TCK-000799,Email,Relatórios,Problema Técnico,Baixa,Free,Centro-Oeste,25,356.1,0,22,4,8,0,59,10,0,0,0.0204,1,0,0,1,3,2,0
TCK-000800,Email,Integrações,Cancelamento,Média,Enterprise,Sul,60,82.4,0,11,0,3,0,55,8,0,0,0.0217,1,0,1,0,3,2,0
TCK-000801,Email,API,Cancelamento,Baixa,Free,Sul,79,279.7,0,12,2,1,0,61,10,0,0,0.02,1,0,1,0,3,2,0
TCK-000802,Email,API,Cancelamento,Média,Free,Centro-Oeste,58,88.5,0,11,4,10,0,55,8,0,0,0.0217,1,0,1,0,3,2,0
TCK-000803,Formulário Web,API,Dúvida / Como Fazer,Baixa,Free,Centro-Oeste,26,183.1,0,20,0,9,0,56,10,1,0,0.0217,0,0,0,0,3,2,0
TCK-000804,Telefone,API,Faturamento,Média,Basic,Centro-Oeste,18,125.5,0,5,2,3,0,62,11,0,0,0.02,1,1,0,0,3,2,0
TCK-000805,Email,App Mobile,Dúvida / Como Fazer,Alta,Premium,Centro-Oeste,78,79.7,0,10,0,9,0,56,10,1,0,0.0217,0,0,0,0,3,2,0
TCK-000806,Chat,API,Bug / Defeito,Crítica,Free,Sul,18,15.6,1,7,2,3,1,61,10,0,0,0.02,1,0,0,1,4,3,1
TCK-000807,Chat,Integrações,Problema Técnico,Média,Basic,Nordeste,9,51.3,0,5,3,2,0,59,10,0,0,0.0204,1,0,0,1,3,2,0
TCK-000808,Email,Faturamento,Dúvida / Como Fazer,Baixa,Free,Centro-Oeste,42,133.4,0,22,2,9,0,56,10,1,0,0.0217,0,0,0,0,3,2,0
TCK-000809,Redes Sociais,App Mobile,Dúvida / Como Fazer,Baixa,Enterprise,Sul,10,486.9,0,23,6,2,0,53,9,0,0,0.0227,0,0,0,0,3,2,0
TCK-000810,Formulário Web,Faturamento,Faturamento,Média,Premium,Sudeste,21,161.5,1,18,0,7,0,45,8,0,0,0.027,0,0,0,0,4,3,1
TCK-000811,Chat,Integrações,Acesso e Conta,Alta,Premium,Sudeste,57,61.1,0,19,4,4,0,216,39,0,1,0.0231,1,0,0,0,3,2,0
TCK-000812,Telefone,App Mobile,Bug / Defeito,Crítica,Free,Centro-Oeste,43,33.3,0,14,2,1,1,61,10,0,0,0.02,1,0,0,1,3,2,0
TCK-000813,Chat,Plataforma Web,Cancelamento,Média,Basic,Norte,19,101.5,0,12,4,2,0,153,23,0,0,0.0238,2,0,1,0,3,2,0
TCK-000814,Formulário Web,App Mobile,Problema Técnico,Média,Premium,Sudeste,56,136.1,0,13,6,6,0,59,10,0,0,0.0204,1,0,0,1,3,2,0
TCK-000815,Chat,API,Solicitação de Recurso,Média,Free,Nordeste,45,148.5,0,22,5,10,1,55,8,0,0,0.0638,0,0,0,0,3,2,0
TCK-000816,Redes Sociais,Integrações,Solicitação de Recurso,Média,Basic,Norte,37,165.4,0,5,4,4,1,55,8,0,0,0.0638,0,0,0,0,3,2,0
TCK-000817,Chat,Integrações,Solicitação de Recurso,Alta,Basic,Sudeste,63,74.6,1,17,1,8,1,123,21,0,0,0.03,0,0,0,0,4,3,1
TCK-000818,Chat,API,Dúvida / Como Fazer,Média,Basic,Nordeste,53,80.8,0,15,4,11,0,157,27,2,0,0.0234,0,0,0,0,3,2,0
TCK-000819,Telefone,API,Dúvida / Como Fazer,Média,Enterprise,Centro-Oeste,13,55.1,0,0,5,10,0,57,10,1,0,0.0213,0,0,0,0,3,2,0
TCK-000820,Telefone,Integrações,Cancelamento,Média,Premium,Nordeste,48,111.4,0,17,5,3,0,165,27,0,0,0.0224,2,0,1,0,3,2,0
TCK-000821,Email,Plataforma Web,Bug / Defeito,Média,Basic,Sul,45,119.9,0,18,2,8,1,46,9,0,0,0.0303,2,0,0,1,3,2,0
TCK-000822,Chat,API,Faturamento,Média,Premium,Centro-Oeste,34,132.7,0,0,5,10,0,45,8,0,0,0.027,0,0,0,0,3,2,0
TCK-000823,Chat,Plataforma Web,Dúvida / Como Fazer,Média,Free,Norte,59,131.9,0,4,4,9,0,56,10,1,0,0.0217,0,0,0,0,3,2,0
TCK-000824,Formulário Web,Relatórios,Acesso e Conta,Crítica,Free,Centro-Oeste,2,5.3,0,5,5,10,0,98,14,0,0,0.0366,2,0,0,0,3,2,0
TCK-000825,Redes Sociais,Faturamento,Faturamento,Crítica,Enterprise,Nordeste,44,38.3,0,12,3,7,0,167,29,0,0,0.0224,2,1,0,0,3,2,0
TCK-000826,Chat,Plataforma Web,Dúvida / Como Fazer,Baixa,Premium,Sudeste,53,215.3,0,11,4,4,0,53,9,0,0,0.0227,0,0,0,0,3,2,0
TCK-000827,Email,Integrações,Acesso e Conta,Baixa,Basic,Nordeste,30,182.5,0,16,5,9,0,64,9,0,0,0.037,1,0,0,0,3,2,0
TCK-000828,Formulário Web,Faturamento,Dúvida / Como Fazer,Média,Premium,Sul,83,148.4,0,14,3,1,0,149,25,0,0,0.0246,0,0,0,0,3,2,0
TCK-000829,Telefone,App Mobile,Acesso e Conta,Baixa,Free,Sul,32,316.0,0,19,3,8,0,171,25,0,0,0.0352,2,0,0,0,3,2,0
TCK-000830,Telefone,API,Faturamento,Média,Premium,Centro-Oeste,47,74.2,0,16,3,2,0,45,8,0,0,0.027,0,0,0,0,3,2,0
TCK-000831,Formulário Web,Plataforma Web,Dúvida / Como Fazer,Alta,Basic,Nordeste,28,37.5,0,7,3,4,0,155,27,2,0,0.0238,0,0,0,0,3,2,0
TCK-000832,Email,Faturamento,Problema Técnico,Baixa,Premium,Nordeste,63,165.7,0,9,0,8,0,55,10,0,0,0.0222,0,0,0,0,3,2,0
TCK-000833,Telefone,Relatórios,Acesso e Conta,Alta,Basic,Norte,2,25.5,0,22,3,11,0,64,12,0,0,0.0192,0,0,0,0,3,2,0
TCK-000834,Email,Plataforma Web,Problema Técnico,Baixa,Premium,Nordeste,43,168.1,0,15,3,2,0,55,10,0,0,0.0222,0,0,0,0,3,2,0
TCK-000835,Chat,Plataforma Web,Dúvida / Como Fazer,Média,Premium,Nordeste,44,98.6,0,14,1,3,0,57,10,1,0,0.0213,0,0,0,0,3,2,0
TCK-000836,Email,Integrações,Acesso e Conta,Média,Free,Centro-Oeste,25,103.5,0,1,0,1,0,64,9,0,0,0.037,1,0,0,0,3,2,0
TCK-000837,Formulário Web,API,Acesso e Conta,Média,Basic,Sul,23,115.1,0,8,2,5,0,54,10,0,0,0.0233,0,0,0,0,3,2,0
TCK-000838,Email,API,Problema Técnico,Média,Free,Nordeste,14,241.8,0,23,2,3,1,59,10,0,0,0.0204,1,0,0,1,3,2,0
TCK-000839,Telefone,API,Cancelamento,Média,Free,Centro-Oeste,45,187.2,0,11,2,2,0,51,8,0,0,0.0233,1,0,0,1,3,2,0
TCK-000840,Chat,Faturamento,Problema Técnico,Baixa,Basic,Sudeste,22,114.6,0,23,2,11,0,59,10,0,0,0.0204,1,0,0,1,3,2,0
TCK-000841,Redes Sociais,Faturamento,Bug / Defeito,Alta,Enterprise,Norte,29,103.1,0,5,5,12,1,61,11,0,0,0.0408,0,0,0,1,3,2,0
TCK-000842,Chat,API,Acesso e Conta,Alta,Basic,Nordeste,57,67.9,0,17,6,8,0,64,12,0,0,0.0192,0,0,0,0,3,2,0
TCK-000843,Chat,App Mobile,Problema Técnico,Alta,Enterprise,Norte,38,38.5,0,4,2,9,1,101,19,0,1,0.025,1,0,0,0,3,2,0
TCK-000844,Chat,App Mobile,Acesso e Conta,Média,Free,Norte,41,104.4,0,21,4,5,0,54,10,0,0,0.0233,0,0,0,0,3,2,0
TCK-000845,Email,Faturamento,Problema Técnico,Média,Premium,Centro-Oeste,67,171.8,0,16,1,8,0,59,10,0,0,0.0204,1,0,0,1,3,2,0
TCK-000846,Chat,Faturamento,Acesso e Conta,Média,Free,Sul,25,90.2,0,3,1,12,0,54,10,0,0,0.0233,0,0,0,0,3,2,0
TCK-000847,Email,Faturamento,Problema Técnico,Média,Enterprise,Centro-Oeste,29,236.1,0,6,1,3,0,59,10,0,0,0.0204,1,0,0,1,3,2,0
TCK-000848,Email,Relatórios,Bug / Defeito,Alta,Free,Nordeste,0,41.9,1,23,1,3,1,46,9,0,0,0.0303,2,0,0,1,4,3,1
TCK-000849,Redes Sociais,Plataforma Web,Problema Técnico,Baixa,Free,Norte,62,236.0,0,18,3,5,0,59,10,0,0,0.0204,1,0,0,1,3,2,0
TCK-000850,Redes Sociais,API,Dúvida / Como Fazer,Crítica,Free,Nordeste,56,72.4,0,9,3,10,0,56,10,1,0,0.0217,0,0,0,0,3,2,0
TCK-000851,Email,API,Cancelamento,Baixa,Basic,Sul,39,372.6,0,21,5,2,0,55,8,0,0,0.0217,1,0,1,0,3,2,0
TCK-000852,Email,App Mobile,Bug / Defeito,Baixa,Free,Sudeste,49,170.2,0,11,2,7,0,135,25,0,0,0.03,4,0,0,1,3,2,0
TCK-000853,Telefone,Integrações,Dúvida / Como Fazer,Baixa,Premium,Centro-Oeste,38,163.5,0,22,2,8,0,53,9,0,0,0.0227,0,0,0,0,3,2,0
TCK-000854,Email,API,Problema Técnico,Média,Enterprise,Centro-Oeste,21,297.9,0,19,0,4,0,161,27,0,0,0.0227,2,0,0,1,3,2,0
TCK-000855,Telefone,API,Cancelamento,Baixa,Premium,Norte,1,154.2,0,1,6,11,0,55,8,0,0,0.0217,1,0,1,0,3,2,0
TCK-000856,Email,API,Dúvida / Como Fazer,Alta,Enterprise,Sudeste,59,82.7,0,11,6,6,0,97,16,0,0,0.0253,0,0,0,0,3,2,0
TCK-000857,Email,Integrações,Faturamento,Média,Enterprise,Norte,17,222.3,0,1,6,7,0,45,8,0,0,0.027,0,0,0,0,3,2,0
TCK-000858,Formulário Web,App Mobile,Dúvida / Como Fazer,Baixa,Free,Centro-Oeste,8,254.8,0,0,0,11,0,56,10,1,0,0.0217,0,0,0,0,3,2,0
TCK-000859,Formulário Web,API,Cancelamento,Baixa,Free,Nordeste,67,478.9,0,10,0,11,0,51,8,0,0,0.0233,1,0,0,1,3,2,0
TCK-000860,Email,Relatórios,Cancelamento,Alta,Free,Sul,10,41.2,0,1,0,10,0,96,16,0,1,0.0256,2,0,0,1,3,2,0
TCK-000861,Formulário Web,Integrações,Problema Técnico,Baixa,Premium,Sul,56,264.8,1,13,2,2,0,59,10,0,0,0.0204,1,0,0,1,4,3,1
TCK-000862,Email,Integrações,Cancelamento,Média,Premium,Sudeste,37,148.8,0,11,4,2,0,51,8,0,0,0.0233,1,0,0,1,3,2,0
TCK-000863,Formulário Web,Plataforma Web,Faturamento,Média,Basic,Sul,35,117.4,0,14,2,5,0,62,11,0,0,0.02,1,1,0,0,3,2,0
TCK-000864,Chat,App Mobile,Faturamento,Média,Free,Nordeste,29,141.9,0,21,2,12,0,45,8,0,0,0.027,0,0,0,0,3,2,0
TCK-000865,Formulário Web,App Mobile,Solicitação de Recurso,Baixa,Basic,Sudeste,76,248.0,0,13,3,8,0,153,23,0,0,0.0547,0,0,0,0,3,2,0
TCK-000866,Telefone,Faturamento,Solicitação de Recurso,Baixa,Free,Centro-Oeste,48,184.3,0,8,3,2,1,55,8,0,0,0.0638,0,0,0,0,3,2,0
TCK-000867,Chat,Faturamento,Acesso e Conta,Média,Free,Centro-Oeste,15,58.3,0,6,3,2,0,54,10,0,0,0.0233,0,0,0,0,3,2,0
TCK-000868,Chat,API,Dúvida / Como Fazer,Média,Basic,Centro-Oeste,34,121.9,0,2,1,4,0,56,10,1,0,0.0217,0,0,0,0,3,2,0
TCK-000869,Formulário Web,Faturamento,Bug / Defeito,Média,Free,Centro-Oeste,69,301.5,0,15,3,8,1,61,10,0,0,0.02,1,0,0,1,3,2,0
TCK-000870,Telefone,Relatórios,Acesso e Conta,Baixa,Free,Sul,0,122.2,0,0,0,11,0,54,10,0,0,0.0233,0,0,0,0,3,2,0
TCK-000871,Email,Plataforma Web,Faturamento,Média,Enterprise,Norte,31,190.6,1,5,3,3,0,62,11,0,0,0.02,1,1,0,0,4,3,1
TCK-000872,Chat,Plataforma Web,Cancelamento,Média,Enterprise,Norte,23,131.3,0,1,6,9,0,51,8,0,0,0.0233,1,0,0,1,3,2,0
TCK-000873,Redes Sociais,Relatórios,Bug / Defeito,Alta,Premium,Centro-Oeste,30,163.4,1,0,6,12,1,105,17,0,0,0.0235,1,0,0,1,4,3,1
TCK-000874,Chat,Plataforma Web,Bug / Defeito,Alta,Basic,Norte,28,30.5,0,1,0,7,1,61,11,0,0,0.0408,0,0,0,1,3,2,0
TCK-000875,Chat,API,Problema Técnico,Alta,Free,Norte,67,71.2,0,18,1,12,1,56,11,0,0,0.0222,0,0,0,0,3,2,0
TCK-000876,Telefone,Relatórios,Cancelamento,Crítica,Free,Sudeste,56,46.3,0,13,6,10,0,55,8,0,0,0.0217,1,0,1,0,3,2,0
TCK-000877,Email,Faturamento,Solicitação de Recurso,Alta,Free,Sudeste,30,53.3,0,17,4,8,1,57,9,1,0,0.0208,0,0,0,0,3,2,0
TCK-000878,Chat,API,Cancelamento,Alta,Basic,Sul,52,51.5,0,6,2,1,0,55,8,0,0,0.0217,1,0,1,0,3,2,0
TCK-000879,Chat,Integrações,Cancelamento,Baixa,Premium,Norte,86,167.5,0,12,1,1,0,61,10,0,0,0.02,1,0,1,0,3,2,0
TCK-000880,Email,Faturamento,Problema Técnico,Baixa,Free,Sudeste,18,502.2,0,6,4,3,1,59,10,0,0,0.0204,1,0,0,1,3,2,0
TCK-000881,Email,Faturamento,Solicitação de Recurso,Baixa,Basic,Centro-Oeste,48,128.6,0,17,3,12,1,40,7,0,0,0.0303,0,0,0,0,3,2,0
TCK-000882,Telefone,Integrações,Problema Técnico,Crítica,Basic,Centro-Oeste,40,30.3,0,22,0,11,1,59,10,0,0,0.0204,1,0,0,1,3,2,0
TCK-000883,Telefone,App Mobile,Bug / Defeito,Média,Premium,Sudeste,63,86.2,1,11,0,9,0,165,27,0,0,0.0224,2,0,0,1,4,3,1
TCK-000884,Formulário Web,Integrações,Cancelamento,Crítica,Free,Norte,18,26.0,0,23,3,7,0,153,23,0,0,0.0238,2,0,1,0,3,2,0
TCK-000885,Email,Faturamento,Bug / Defeito,Baixa,Free,Norte,42,137.2,0,19,2,11,0,46,9,0,0,0.0303,2,0,0,1,3,2,0
TCK-000886,Email,API,Cancelamento,Média,Enterprise,Centro-Oeste,0,101.4,0,21,3,1,0,55,8,0,0,0.0217,1,0,1,0,3,2,0
TCK-000887,Email,Faturamento,Dúvida / Como Fazer,Baixa,Free,Centro-Oeste,45,287.2,0,13,0,10,0,53,9,0,0,0.0227,0,0,0,0,3,2,0
TCK-000888,Chat,API,Problema Técnico,Baixa,Free,Sudeste,41,224.6,0,12,2,8,0,59,10,0,0,0.0204,1,0,0,1,3,2,0
TCK-000889,Telefone,Plataforma Web,Dúvida / Como Fazer,Crítica,Premium,Sul,31,48.7,0,8,4,12,0,57,10,1,0,0.0213,0,0,0,0,3,2,0
TCK-000890,Email,Plataforma Web,Dúvida / Como Fazer,Baixa,Free,Norte,41,126.8,0,2,6,10,0,57,10,1,0,0.0213,0,0,0,0,3,2,0
TCK-000891,Chat,API,Dúvida / Como Fazer,Alta,Premium,Nordeste,78,77.3,0,11,1,6,0,53,9,0,0,0.0227,0,0,0,0,3,2,0
TCK-000892,Chat,Faturamento,Dúvida / Como Fazer,Média,Free,Norte,48,267.0,0,11,3,5,0,56,10,1,0,0.0217,0,0,0,0,3,2,0
TCK-000893,Email,Relatórios,Acesso e Conta,Média,Basic,Sul,24,120.2,0,8,1,5,0,64,12,0,0,0.0192,0,0,0,0,3,2,0
TCK-000894,Chat,Plataforma Web,Problema Técnico,Baixa,Basic,Sudeste,40,248.3,0,22,3,1,0,153,27,0,0,0.0242,0,0,0,0,3,2,0
TCK-000895,Formulário Web,Relatórios,Problema Técnico,Baixa,Free,Nordeste,30,157.6,0,21,2,4,0,55,10,0,0,0.0222,0,0,0,0,3,2,0
TCK-000896,Redes Sociais,Faturamento,Bug / Defeito,Baixa,Enterprise,Centro-Oeste,0,324.6,0,0,3,7,0,61,11,0,0,0.0408,0,0,0,1,3,2,0
TCK-000897,Chat,App Mobile,Acesso e Conta,Média,Premium,Nordeste,30,179.6,0,3,1,12,0,54,10,0,0,0.0233,0,0,0,0,3,2,0
TCK-000898,Chat,App Mobile,Acesso e Conta,Alta,Basic,Norte,24,36.3,0,19,3,6,0,64,9,0,0,0.037,1,0,0,0,3,2,0
TCK-000899,Chat,App Mobile,Dúvida / Como Fazer,Baixa,Free,Centro-Oeste,53,199.4,0,13,3,5,0,53,9,0,0,0.0227,0,0,0,0,3,2,0
TCK-000900,Redes Sociais,Relatórios,Problema Técnico,Baixa,Basic,Norte,15,325.2,0,1,3,7,0,59,10,0,0,0.0204,1,0,0,1,3,2,0
TCK-000901,Email,Plataforma Web,Solicitação de Recurso,Média,Basic,Norte,64,255.7,0,12,6,2,1,57,9,1,0,0.0208,0,0,0,0,3,2,0
TCK-000902,Chat,Relatórios,Solicitação de Recurso,Média,Free,Centro-Oeste,23,188.4,0,5,1,11,1,55,8,0,0,0.0638,0,0,0,0,3,2,0
TCK-000903,Email,Relatórios,Faturamento,Alta,Free,Sul,71,123.0,0,13,4,1,1,45,8,0,0,0.027,0,0,0,0,3,2,0
TCK-000904,Email,App Mobile,Solicitação de Recurso,Crítica,Free,Nordeste,67,46.4,0,17,5,4,1,153,23,0,0,0.0547,0,0,0,0,3,2,0
TCK-000905,Chat,App Mobile,Acesso e Conta,Baixa,Premium,Sudeste,21,118.4,0,0,0,5,0,64,9,0,0,0.037,1,0,0,0,3,2,0
TCK-000906,Redes Sociais,Relatórios,Faturamento,Alta,Basic,Sul,42,46.1,0,17,2,3,1,45,8,0,0,0.027,0,0,0,0,3,2,0
TCK-000907,Telefone,Relatórios,Faturamento,Baixa,Premium,Norte,51,330.9,0,0,1,10,0,45,8,0,0,0.027,0,0,0,0,3,2,0
TCK-000908,Redes Sociais,Relatórios,Problema Técnico,Média,Free,Nordeste,44,157.7,0,8,4,11,1,59,10,0,0,0.0204,1,0,0,1,3,2,0
TCK-000909,Chat,Relatórios,Acesso e Conta,Alta,Basic,Sudeste,67,66.8,0,7,3,12,0,54,10,0,0,0.0233,0,0,0,0,3,2,0
TCK-000910,Email,App Mobile,Acesso e Conta,Alta,Free,Nordeste,50,73.0,0,15,5,7,0,151,27,0,0,0.025,0,0,0,0,3,2,0
TCK-000911,Email,Plataforma Web,Acesso e Conta,Média,Premium,Norte,46,94.2,0,7,6,10,0,64,9,0,0,0.037,1,0,0,0,3,2,0
TCK-000912,Chat,Integrações,Bug / Defeito,Alta,Free,Sul,29,34.2,0,21,3,1,0,61,11,0,0,0.0408,0,0,0,1,3,2,0
TCK-000913,Email,API,Acesso e Conta,Baixa,Free,Sudeste,33,273.8,0,5,0,12,0,54,10,0,0,0.0233,0,0,0,0,3,2,0
TCK-000914,Chat,Integrações,Problema Técnico,Média,Free,Nordeste,18,123.9,0,6,0,1,0,59,10,0,0,0.0204,1,0,0,1,3,2,0
TCK-000915,Redes Sociais,Integrações,Acesso e Conta,Baixa,Basic,Nordeste,45,324.5,0,12,2,4,0,54,10,0,0,0.0233,0,0,0,0,3,2,0
TCK-000916,Chat,Faturamento,Dúvida / Como Fazer,Alta,Enterprise,Sudeste,28,65.0,0,14,4,1,0,90,15,1,0,0.027,1,0,0,0,3,2,0
TCK-000917,Telefone,Relatórios,Dúvida / Como Fazer,Média,Basic,Sudeste,6,177.3,0,6,4,10,0,56,10,1,0,0.0217,0,0,0,0,3,2,0
TCK-000918,Redes Sociais,API,Acesso e Conta,Baixa,Premium,Centro-Oeste,0,352.0,0,19,0,1,0,64,9,0,0,0.037,1,0,0,0,3,2,0
TCK-000919,Redes Sociais,Relatórios,Bug / Defeito,Média,Basic,Nordeste,30,141.9,0,2,6,10,0,46,9,0,0,0.0303,2,0,0,1,3,2,0
TCK-000920,Telefone,Faturamento,Dúvida / Como Fazer,Baixa,Premium,Centro-Oeste,29,178.6,0,23,1,4,0,57,10,1,0,0.0213,0,0,0,0,3,2,0
TCK-000921,Telefone,Plataforma Web,Acesso e Conta,Média,Free,Nordeste,15,112.3,1,19,4,5,0,151,27,0,0,0.025,0,0,0,0,4,3,1
TCK-000922,Telefone,Faturamento,Acesso e Conta,Alta,Premium,Centro-Oeste,61,59.8,0,11,4,10,0,109,17,0,1,0.0337,2,0,0,0,3,2,0
TCK-000923,Email,Relatórios,Problema Técnico,Média,Basic,Nordeste,7,97.6,0,6,6,12,0,55,10,0,0,0.0222,0,0,0,0,3,2,0
TCK-000924,Email,API,Dúvida / Como Fazer,Média,Premium,Sudeste,58,319.0,0,6,4,5,0,56,10,1,0,0.0217,0,0,0,0,3,2,0
TCK-000925,Chat,App Mobile,Problema Técnico,Média,Premium,Sul,22,113.7,0,6,5,11,0,55,10,0,0,0.0222,0,0,0,0,3,2,0
TCK-000926,Email,Integrações,Solicitação de Recurso,Alta,Basic,Norte,69,80.5,0,22,4,2,1,55,8,0,0,0.0638,0,0,0,0,3,2,0
TCK-000927,Redes Sociais,Integrações,Solicitação de Recurso,Média,Free,Sul,57,178.1,0,12,0,8,1,40,7,0,0,0.0303,0,0,0,0,3,2,0
TCK-000928,Redes Sociais,Relatórios,Dúvida / Como Fazer,Média,Free,Centro-Oeste,54,95.6,0,22,1,12,0,149,25,0,0,0.0246,0,0,0,0,3,2,0
TCK-000929,Chat,Faturamento,Cancelamento,Alta,Basic,Sul,44,78.0,0,9,6,1,0,105,17,0,0,0.0235,1,0,1,0,3,2,0
TCK-000930,Telefone,Relatórios,Bug / Defeito,Alta,Free,Sul,0,21.8,0,0,5,6,1,91,17,0,1,0.0294,3,0,0,1,3,2,0
TCK-000931,Redes Sociais,API,Dúvida / Como Fazer,Alta,Premium,Sudeste,29,43.9,0,7,0,3,0,97,16,0,0,0.0253,0,0,0,0,3,2,0
TCK-000932,Formulário Web,Faturamento,Bug / Defeito,Média,Free,Sul,21,204.5,0,22,3,4,0,61,10,0,0,0.02,1,0,0,1,3,2,0
TCK-000933,Telefone,App Mobile,Faturamento,Baixa,Premium,Sul,0,175.0,0,0,1,6,0,62,11,0,0,0.02,1,1,0,0,3,2,0
TCK-000934,Email,API,Problema Técnico,Baixa,Basic,Centro-Oeste,61,558.1,0,16,3,12,0,161,27,0,0,0.0227,2,0,0,1,3,2,0
TCK-000935,Formulário Web,Faturamento,Dúvida / Como Fazer,Alta,Basic,Sul,30,52.0,0,22,0,7,0,87,14,0,0,0.0278,1,0,0,0,3,2,0
TCK-000936,Chat,API,Dúvida / Como Fazer,Alta,Premium,Sudeste,27,36.8,0,18,2,11,0,53,9,0,0,0.0227,0,0,0,0,3,2,0
TCK-000937,Email,Plataforma Web,Dúvida / Como Fazer,Alta,Premium,Sul,59,78.3,0,11,2,10,0,87,14,0,0,0.0278,1,0,0,0,3,2,0
TCK-000938,Email,API,Acesso e Conta,Baixa,Free,Sudeste,13,137.4,0,17,4,7,0,64,9,0,0,0.037,1,0,0,0,3,2,0
TCK-000939,Chat,Relatórios,Bug / Defeito,Média,Basic,Nordeste,52,123.9,0,0,3,9,1,135,25,0,0,0.03,4,0,0,1,3,2,0
TCK-000940,Chat,App Mobile,Acesso e Conta,Média,Free,Centro-Oeste,33,151.0,0,4,0,12,0,64,9,0,0,0.037,1,0,0,0,3,2,0
TCK-000941,Email,App Mobile,Cancelamento,Crítica,Premium,Sudeste,64,56.6,0,1,2,3,1,61,10,0,0,0.02,1,0,1,0,3,2,0
TCK-000942,Chat,Plataforma Web,Acesso e Conta,Média,Free,Nordeste,34,129.6,0,5,2,5,0,64,9,0,0,0.037,1,0,0,0,3,2,0
TCK-000943,Telefone,Integrações,Cancelamento,Alta,Basic,Centro-Oeste,29,37.2,0,4,6,6,0,51,8,0,0,0.0233,1,0,0,1,3,2,0
TCK-000944,Formulário Web,Integrações,Bug / Defeito,Alta,Basic,Nordeste,9,97.0,0,1,5,4,1,61,11,0,0,0.0408,0,0,0,1,3,2,0
TCK-000945,Chat,Integrações,Dúvida / Como Fazer,Baixa,Basic,Sudeste,62,431.5,0,3,4,10,0,56,10,1,0,0.0217,0,0,0,0,3,2,0
TCK-000946,Formulário Web,API,Bug / Defeito,Baixa,Basic,Centro-Oeste,24,162.1,0,20,3,2,0,61,11,0,0,0.0408,0,0,0,1,3,2,0
TCK-000947,Formulário Web,Integrações,Dúvida / Como Fazer,Alta,Enterprise,Norte,70,75.1,0,12,2,2,0,56,10,1,0,0.0217,0,0,0,0,3,2,0
TCK-000948,Formulário Web,Integrações,Cancelamento,Baixa,Free,Centro-Oeste,17,439.7,0,21,3,12,0,55,8,0,0,0.0217,1,0,1,0,3,2,0
TCK-000949,Redes Sociais,Faturamento,Solicitação de Recurso,Crítica,Basic,Norte,0,19.7,0,20,0,11,1,55,8,0,0,0.0638,0,0,0,0,3,2,0
TCK-000950,Email,App Mobile,Faturamento,Média,Free,Norte,43,144.7,0,4,2,12,0,62,11,0,0,0.02,1,1,0,0,3,2,0
TCK-000951,Redes Sociais,Faturamento,Problema Técnico,Alta,Free,Sul,13,39.8,0,0,2,10,1,55,10,0,0,0.0222,0,0,0,0,3,2,0
TCK-000952,Chat,Faturamento,Solicitação de Recurso,Alta,Basic,Sul,8,32.7,0,22,2,7,1,55,8,0,0,0.0638,0,0,0,0,3,2,0
TCK-000953,Email,API,Dúvida / Como Fazer,Média,Basic,Centro-Oeste,6,134.0,0,6,1,6,0,53,9,0,0,0.0227,0,0,0,0,3,2,0
TCK-000954,Telefone,Integrações,Faturamento,Crítica,Premium,Nordeste,26,27.5,1,8,2,7,0,45,8,0,0,0.027,0,0,0,0,4,3,1
TCK-000955,Telefone,Integrações,Acesso e Conta,Média,Premium,Centro-Oeste,0,36.3,0,3,6,12,0,64,12,0,0,0.0192,0,0,0,0,3,2,0
TCK-000956,Email,Integrações,Problema Técnico,Baixa,Basic,Norte,21,158.6,0,23,6,6,0,56,11,0,0,0.0222,0,0,0,0,3,2,0
TCK-000957,Formulário Web,Relatórios,Problema Técnico,Média,Free,Sul,51,167.7,0,16,1,4,0,155,29,0,0,0.0242,0,0,0,0,3,2,0
TCK-000958,Email,App Mobile,Acesso e Conta,Média,Free,Sul,43,166.5,0,18,6,6,0,54,10,0,0,0.0233,0,0,0,0,3,2,0
TCK-000959,Email,Plataforma Web,Acesso e Conta,Baixa,Basic,Sudeste,33,336.3,0,15,3,1,0,64,9,0,0,0.037,1,0,0,0,3,2,0
TCK-000960,Chat,Faturamento,Problema Técnico,Baixa,Premium,Centro-Oeste,16,120.9,0,10,2,9,0,161,27,0,0,0.0227,2,0,0,1,3,2,0
TCK-000961,Email,Faturamento,Dúvida / Como Fazer,Crítica,Enterprise,Sudeste,35,26.6,0,10,3,3,0,101,18,1,1,0.0247,1,0,0,0,3,2,0
TCK-000962,Chat,Faturamento,Bug / Defeito,Baixa,Enterprise,Centro-Oeste,0,311.6,0,4,6,12,0,165,27,0,0,0.0224,2,0,0,1,3,2,0
TCK-000963,Formulário Web,Faturamento,Solicitação de Recurso,Alta,Free,Norte,78,61.6,0,11,2,11,1,123,21,0,0,0.03,0,0,0,0,3,2,0
TCK-000964,Formulário Web,Plataforma Web,Dúvida / Como Fazer,Média,Premium,Sul,0,84.8,0,1,1,7,0,53,9,0,0,0.0227,0,0,0,0,3,2,0
TCK-000965,Formulário Web,Relatórios,Faturamento,Média,Free,Sudeste,37,121.6,1,1,6,8,0,62,11,0,0,0.02,1,1,0,0,4,3,1
TCK-000966,Chat,Faturamento,Bug / Defeito,Alta,Free,Sudeste,35,42.5,0,8,2,3,1,95,16,0,0,0.039,1,0,0,1,3,2,0
TCK-000967,Email,API,Dúvida / Como Fazer,Alta,Enterprise,Sudeste,34,54.5,0,16,1,3,0,57,10,1,0,0.0213,0,0,0,0,3,2,0
TCK-000968,Redes Sociais,API,Dúvida / Como Fazer,Baixa,Basic,Sul,27,227.0,0,2,3,2,0,53,9,0,0,0.0227,0,0,0,0,3,2,0
TCK-000969,Formulário Web,Plataforma Web,Problema Técnico,Média,Free,Sul,27,80.7,0,7,3,8,0,59,10,0,0,0.0204,1,0,0,1,3,2,0
TCK-000970,Redes Sociais,Faturamento,Faturamento,Média,Enterprise,Sudeste,47,164.1,0,4,4,4,0,161,25,2,0,0.0227,0,0,0,0,3,2,0
TCK-000971,Formulário Web,Integrações,Problema Técnico,Baixa,Basic,Sudeste,27,144.3,0,12,6,9,0,56,11,0,0,0.0222,0,0,0,0,3,2,0
TCK-000972,Email,Plataforma Web,Dúvida / Como Fazer,Média,Premium,Nordeste,45,436.1,0,8,3,1,0,56,10,1,0,0.0217,0,0,0,0,3,2,0
TCK-000973,Chat,API,Problema Técnico,Alta,Free,Sudeste,13,71.9,0,6,4,6,1,100,18,0,0,0.025,0,0,0,0,3,2,0
TCK-000974,Email,Integrações,Acesso e Conta,Média,Free,Centro-Oeste,78,106.1,0,11,4,12,0,64,12,0,0,0.0192,0,0,0,0,3,2,0
TCK-000975,Chat,Relatórios,Cancelamento,Baixa,Free,Nordeste,7,322.2,0,0,3,5,0,55,8,0,0,0.0217,1,0,1,0,3,2,0
TCK-000976,Formulário Web,Relatórios,Dúvida / Como Fazer,Crítica,Free,Centro-Oeste,61,46.8,0,22,0,9,1,53,9,0,0,0.0227,0,0,0,0,3,2,0
TCK-000977,Telefone,API,Solicitação de Recurso,Média,Premium,Sudeste,20,68.2,0,6,5,3,1,55,8,0,0,0.0638,0,0,0,0,3,2,0
TCK-000978,Email,App Mobile,Acesso e Conta,Baixa,Enterprise,Nordeste,7,547.7,1,19,5,7,0,64,9,0,0,0.037,1,0,0,0,4,3,1
TCK-000979,Email,API,Acesso e Conta,Baixa,Basic,Centro-Oeste,67,268.6,0,10,0,8,0,64,12,0,0,0.0192,0,0,0,0,3,2,0
TCK-000980,Telefone,Plataforma Web,Bug / Defeito,Crítica,Free,Sudeste,56,41.3,0,21,6,6,1,61,11,0,0,0.0408,0,0,0,1,3,2,0
TCK-000981,Email,Integrações,Cancelamento,Média,Basic,Norte,72,403.1,0,11,0,10,0,55,8,0,0,0.0217,1,0,1,0,3,2,0
TCK-000982,Email,Faturamento,Acesso e Conta,Média,Premium,Nordeste,24,166.8,0,12,4,11,0,54,10,0,0,0.0233,0,0,0,0,3,2,0
TCK-000983,Email,Faturamento,Bug / Defeito,Alta,Free,Sudeste,14,44.3,0,16,2,4,1,61,10,0,0,0.02,1,0,0,1,3,2,0
TCK-000984,Redes Sociais,Relatórios,Solicitação de Recurso,Média,Basic,Sul,78,167.6,0,11,5,2,1,57,9,1,0,0.0208,0,0,0,0,3,2,0
TCK-000985,Email,Faturamento,Bug / Defeito,Média,Basic,Nordeste,60,126.7,0,10,0,10,0,61,10,0,0,0.02,1,0,0,1,3,2,0
TCK-000986,Redes Sociais,Relatórios,Acesso e Conta,Alta,Free,Norte,4,41.8,0,5,2,11,0,64,9,0,0,0.037,1,0,0,0,3,2,0
TCK-000987,Chat,Integrações,Dúvida / Como Fazer,Alta,Premium,Sudeste,49,49.0,0,20,2,6,0,57,10,1,0,0.0213,0,0,0,0,3,2,0
TCK-000988,Email,Faturamento,Faturamento,Baixa,Basic,Sul,28,182.2,0,5,4,8,0,59,9,1,0,0.0204,0,0,0,0,3,2,0
TCK-000989,Chat,API,Faturamento,Média,Enterprise,Sudeste,55,180.0,0,0,5,2,0,62,11,0,0,0.02,1,1,0,0,3,2,0
TCK-000990,Chat,Plataforma Web,Bug / Defeito,Média,Free,Norte,35,225.4,1,11,4,6,0,135,25,0,0,0.03,4,0,0,1,4,3,1
TCK-000991,Email,API,Faturamento,Alta,Premium,Sul,13,71.1,0,23,1,10,0,45,8,0,0,0.027,0,0,0,0,3,2,0
TCK-000992,Email,Faturamento,Bug / Defeito,Baixa,Basic,Centro-Oeste,43,736.7,0,19,2,5,0,61,11,0,0,0.0408,0,0,0,1,3,2,0
TCK-000993,Email,Faturamento,Acesso e Conta,Alta,Free,Sudeste,68,68.3,0,15,2,1,0,64,9,0,0,0.037,1,0,0,0,3,2,0
TCK-000994,Formulário Web,Relatórios,Acesso e Conta,Baixa,Basic,Centro-Oeste,44,208.1,0,8,5,11,0,64,9,0,0,0.037,1,0,0,0,3,2,0
TCK-000995,Email,Faturamento,Faturamento,Média,Free,Sudeste,29,235.7,0,12,5,5,0,59,9,1,0,0.0204,0,0,0,0,3,2,0
TCK-000996,Chat,API,Bug / Defeito,Alta,Basic,Nordeste,62,62.0,1,4,3,8,1,61,11,0,0,0.0408,0,0,0,1,4,3,1
TCK-000997,Chat,App Mobile,Dúvida / Como Fazer,Baixa,Premium,Norte,67,166.2,0,17,2,5,0,56,10,1,0,0.0217,0,0,0,0,3,2,0
TCK-000998,Email,API,Problema Técnico,Alta,Free,Norte,34,84.4,0,8,3,7,1,59,10,0,0,0.0204,1,0,0,1,3,2,0
TCK-000999,Formulário Web,Relatórios,Bug / Defeito,Alta,Free,Nordeste,40,81.2,0,12,5,3,1,95,16,0,0,0.039,1,0,0,1,3,2,0
TCK-001000,Redes Sociais,Plataforma Web,Problema Técnico,Média,Premium,Norte,35,219.7,1,1,3,7,1,55,10,0,0,0.0222,0,0,0,0,4,3,1
TCK-001001,Email,Relatórios,Problema Técnico,Alta,Basic,Nordeste,65,65.2,0,18,6,8,1,99,17,0,0,0.025,0,0,0,0,3,2,0
TCK-001002,Redes Sociais,Relatórios,Acesso e Conta,Média,Premium,Sudeste,64,279.7,0,19,3,11,0,64,12,0,0,0.0192,0,0,0,0,3,2,0
TCK-001003,Formulário Web,Faturamento,Problema Técnico,Alta,Free,Norte,11,46.2,0,4,0,12,1,59,10,0,0,0.0204,1,0,0,1,3,2,0
TCK-001004,Chat,Integrações,Cancelamento,Alta,Premium,Centro-Oeste,15,24.8,0,5,5,9,0,145,23,0,0,0.025,2,0,0,1,3,2,0
TCK-001005,Email,Relatórios,Dúvida / Como Fazer,Alta,Premium,Centro-Oeste,19,87.0,0,8,4,11,0,56,10,1,0,0.0217,0,0,0,0,3,2,0
TCK-001006,Email,API,Faturamento,Média,Premium,Sul,22,266.4,0,23,0,5,0,59,9,1,0,0.0204,0,0,0,0,3,2,0
TCK-001007,Email,App Mobile,Dúvida / Como Fazer,Média,Premium,Sudeste,35,318.3,0,5,0,6,0,56,10,1,0,0.0217,0,0,0,0,3,2,0
TCK-001008,Redes Sociais,Integrações,Problema Técnico,Média,Enterprise,Norte,13,244.0,0,1,4,1,0,56,11,0,0,0.0222,0,0,0,0,3,2,0
TCK-001009,Email,Faturamento,Bug / Defeito,Média,Premium,Norte,38,114.4,0,9,5,5,0,61,11,0,0,0.0408,0,0,0,1,3,2,0
TCK-001010,Email,App Mobile,Bug / Defeito,Média,Enterprise,Centro-Oeste,13,204.4,0,7,6,3,1,61,10,0,0,0.02,1,0,0,1,3,2,0
TCK-001011,Email,Relatórios,Problema Técnico,Média,Premium,Nordeste,18,81.5,0,6,3,3,0,56,11,0,0,0.0222,0,0,0,0,3,2,0
TCK-001012,Formulário Web,Relatórios,Bug / Defeito,Média,Basic,Norte,39,178.6,0,0,3,12,0,61,10,0,0,0.02,1,0,0,1,3,2,0
TCK-001013,Formulário Web,Faturamento,Cancelamento,Média,Free,Nordeste,16,119.0,0,4,6,3,0,55,8,0,0,0.0217,1,0,1,0,3,2,0
TCK-001014,Telefone,Integrações,Faturamento,Baixa,Basic,Sudeste,22,191.0,0,19,1,12,0,59,9,1,0,0.0204,0,0,0,0,3,2,0
TCK-001015,Chat,App Mobile,Dúvida / Como Fazer,Baixa,Basic,Sudeste,66,249.5,0,18,1,8,0,53,9,0,0,0.0227,0,0,0,0,3,2,0
TCK-001016,Email,API,Dúvida / Como Fazer,Média,Enterprise,Centro-Oeste,66,86.2,0,12,0,3,0,56,10,1,0,0.0217,0,0,0,0,3,2,0
TCK-001017,Email,App Mobile,Solicitação de Recurso,Crítica,Premium,Centro-Oeste,45,32.3,1,11,4,3,1,55,8,0,0,0.0638,0,0,0,0,4,3,1
TCK-001018,Email,API,Problema Técnico,Crítica,Basic,Norte,56,54.6,0,5,1,6,1,100,18,0,1,0.025,1,0,0,0,3,2,0
TCK-001019,Formulário Web,Integrações,Solicitação de Recurso,Baixa,Premium,Sul,33,279.4,0,3,1,10,0,57,9,1,0,0.0208,0,0,0,0,3,2,0
TCK-001020,Telefone,Plataforma Web,Bug / Defeito,Alta,Free,Centro-Oeste,87,91.1,1,13,5,9,1,61,10,0,0,0.02,1,0,0,1,4,3,1
TCK-001021,Telefone,Plataforma Web,Dúvida / Como Fazer,Média,Premium,Nordeste,0,96.6,0,8,2,10,0,56,10,1,0,0.0217,0,0,0,0,3,2,0
TCK-001022,Redes Sociais,Relatórios,Faturamento,Média,Free,Nordeste,44,155.2,0,22,1,10,0,62,11,0,0,0.02,1,1,0,0,3,2,0
TCK-001023,Chat,Plataforma Web,Faturamento,Baixa,Enterprise,Nordeste,22,253.5,0,22,2,10,0,45,8,0,0,0.027,0,0,0,0,3,2,0
TCK-001024,Email,Faturamento,Faturamento,Alta,Premium,Centro-Oeste,46,64.0,0,10,3,7,1,62,11,0,0,0.02,1,1,0,0,3,2,0
TCK-001025,Email,Plataforma Web,Solicitação de Recurso,Média,Free,Sul,18,161.6,0,4,2,10,1,55,8,0,0,0.0638,0,0,0,0,3,2,0
TCK-001026,Email,API,Solicitação de Recurso,Baixa,Basic,Nordeste,58,532.1,0,22,0,3,1,57,9,1,0,0.0208,0,0,0,0,3,2,0
TCK-001027,Email,App Mobile,Problema Técnico,Crítica,Free,Nordeste,22,22.9,0,8,2,8,1,59,10,0,0,0.0204,1,0,0,1,3,2,0
TCK-001028,Email,Faturamento,Dúvida / Como Fazer,Alta,Free,Centro-Oeste,30,59.7,1,22,6,3,0,57,10,1,0,0.0213,0,0,0,0,4,3,1
TCK-001029,Formulário Web,Relatórios,Dúvida / Como Fazer,Baixa,Premium,Sudeste,33,159.6,0,18,6,9,0,56,10,1,0,0.0217,0,0,0,0,3,2,0
TCK-001030,Chat,API,Dúvida / Como Fazer,Baixa,Enterprise,Centro-Oeste,54,151.2,0,12,6,5,0,56,10,1,0,0.0217,0,0,0,0,3,2,0
TCK-001031,Chat,API,Dúvida / Como Fazer,Média,Basic,Sudeste,40,172.0,0,4,4,10,0,155,27,2,0,0.0238,0,0,0,0,3,2,0
TCK-001032,Chat,API,Bug / Defeito,Média,Enterprise,Centro-Oeste,87,94.2,1,11,2,12,0,165,29,0,0,0.0379,0,0,0,1,4,3,1
TCK-001033,Formulário Web,API,Acesso e Conta,Média,Basic,Sudeste,58,137.2,0,16,1,4,0,64,12,0,0,0.0192,0,0,0,0,3,2,0
TCK-001034,Email,Relatórios,Cancelamento,Média,Enterprise,Sudeste,49,281.2,0,1,3,7,0,145,23,0,0,0.025,2,0,0,1,3,2,0
TCK-001035,Email,Integrações,Faturamento,Baixa,Premium,Sudeste,50,289.8,0,15,1,2,0,62,11,0,0,0.02,1,1,0,0,3,2,0
TCK-001036,Formulário Web,API,Cancelamento,Baixa,Enterprise,Norte,71,213.4,0,12,4,9,0,55,8,0,0,0.0217,1,0,1,0,3,2,0
TCK-001037,Formulário Web,Integrações,Problema Técnico,Média,Basic,Sudeste,67,73.6,0,11,2,9,0,55,10,0,0,0.0222,0,0,0,0,3,2,0
TCK-001038,Redes Sociais,Integrações,Acesso e Conta,Alta,Basic,Centro-Oeste,25,62.1,0,4,1,7,0,98,17,0,0,0.025,1,0,0,0,3,2,0
TCK-001039,Chat,Relatórios,Cancelamento,Baixa,Basic,Norte,19,242.8,0,19,0,6,0,51,8,0,0,0.0233,1,0,0,1,3,2,0
TCK-001040,Chat,Faturamento,Faturamento,Baixa,Basic,Sudeste,83,141.6,0,9,2,10,0,62,11,0,0,0.02,1,1,0,0,3,2,0
TCK-001041,Email,App Mobile,Bug / Defeito,Baixa,Basic,Centro-Oeste,54,168.4,0,18,1,8,0,46,9,0,0,0.0303,2,0,0,1,3,2,0
TCK-001042,Formulário Web,App Mobile,Solicitação de Recurso,Média,Free,Norte,38,139.3,0,13,4,8,1,40,7,0,0,0.0303,0,0,0,0,3,2,0
TCK-001043,Chat,Plataforma Web,Dúvida / Como Fazer,Baixa,Basic,Norte,30,248.5,0,5,0,6,0,149,25,0,0,0.0246,0,0,0,0,3,2,0
TCK-001044,Email,API,Dúvida / Como Fazer,Alta,Free,Sudeste,40,57.1,0,19,4,3,0,56,10,1,0,0.0217,0,0,0,0,3,2,0
TCK-001045,Email,App Mobile,Dúvida / Como Fazer,Crítica,Free,Sul,55,37.4,1,11,6,11,1,98,17,0,1,0.0253,1,0,0,0,4,3,1
TCK-001046,Email,Integrações,Bug / Defeito,Baixa,Premium,Nordeste,50,199.1,1,17,1,10,0,165,27,0,0,0.0224,2,0,0,1,4,3,1
TCK-001047,Telefone,Plataforma Web,Dúvida / Como Fazer,Crítica,Free,Norte,45,43.2,0,9,0,4,0,155,27,2,0,0.0238,0,0,0,0,3,2,0
TCK-001048,Telefone,Faturamento,Bug / Defeito,Média,Premium,Nordeste,0,43.1,1,21,6,2,0,61,11,0,0,0.0408,0,0,0,1,4,3,1
TCK-001049,Redes Sociais,Plataforma Web,Problema Técnico,Média,Premium,Sul,46,333.1,0,10,3,4,0,55,10,0,0,0.0222,0,0,0,0,3,2,0
TCK-001050,Telefone,Integrações,Faturamento,Média,Premium,Norte,62,169.8,1,14,3,5,0,45,8,0,0,0.027,0,0,0,0,4,3,1
TCK-001051,Email,App Mobile,Acesso e Conta,Alta,Free,Sul,54,82.6,0,14,2,6,0,98,14,0,0,0.0366,2,0,0,0,3,2,0
TCK-001052,Email,App Mobile,Acesso e Conta,Média,Premium,Sul,26,88.0,0,19,5,3,0,64,9,0,0,0.037,1,0,0,0,3,2,0
TCK-001053,Telefone,API,Problema Técnico,Média,Premium,Sul,33,108.8,0,23,6,2,0,155,29,0,0,0.0242,0,0,0,0,3,2,0
TCK-001054,Telefone,Faturamento,Faturamento,Média,Enterprise,Sul,41,70.3,0,18,0,1,0,62,11,0,0,0.02,1,1,0,0,3,2,0
TCK-001055,Telefone,Plataforma Web,Bug / Defeito,Média,Free,Sudeste,45,112.6,0,5,0,6,0,46,9,0,0,0.0303,2,0,0,1,3,2,0
TCK-001056,Email,Faturamento,Problema Técnico,Crítica,Basic,Sudeste,53,38.5,0,4,6,2,1,59,10,0,0,0.0204,1,0,0,1,3,2,0
TCK-001057,Chat,Relatórios,Problema Técnico,Crítica,Enterprise,Nordeste,61,42.1,0,23,0,7,1,153,27,0,0,0.0242,0,0,0,0,3,2,0
TCK-001058,Email,API,Bug / Defeito,Crítica,Premium,Centro-Oeste,65,49.1,0,12,3,9,1,169,30,0,0,0.0312,5,0,0,1,3,2,0
TCK-001059,Email,Relatórios,Cancelamento,Média,Premium,Centro-Oeste,71,229.6,0,15,0,5,0,51,8,0,0,0.0233,1,0,0,1,3,2,0
TCK-001060,Formulário Web,Plataforma Web,Problema Técnico,Média,Premium,Norte,0,80.0,0,23,1,1,0,56,11,0,0,0.0222,0,0,0,0,3,2,0
TCK-001061,Redes Sociais,Faturamento,Problema Técnico,Média,Basic,Sudeste,60,153.4,0,17,2,7,0,55,10,0,0,0.0222,0,0,0,0,3,2,0
TCK-001062,Formulário Web,Plataforma Web,Acesso e Conta,Média,Basic,Sul,35,71.3,0,18,4,6,0,64,9,0,0,0.037,1,0,0,0,3,2,0
TCK-001063,Chat,Relatórios,Faturamento,Alta,Free,Sudeste,33,50.6,0,17,0,9,0,59,9,1,0,0.0204,0,0,0,0,3,2,0
TCK-001064,Telefone,Plataforma Web,Problema Técnico,Média,Enterprise,Sudeste,51,231.9,0,9,5,5,0,56,11,0,0,0.0222,0,0,0,0,3,2,0
TCK-001065,Telefone,Plataforma Web,Acesso e Conta,Média,Free,Sudeste,51,79.4,0,14,0,6,0,64,9,0,0,0.037,1,0,0,0,3,2,0
TCK-001066,Telefone,App Mobile,Acesso e Conta,Baixa,Free,Centro-Oeste,14,147.6,0,6,0,10,0,171,25,0,0,0.0352,2,0,0,0,3,2,0
TCK-001067,Telefone,Relatórios,Problema Técnico,Alta,Basic,Nordeste,67,87.0,0,0,1,12,0,56,11,0,0,0.0222,0,0,0,0,3,2,0
TCK-001068,Email,Relatórios,Problema Técnico,Média,Free,Sudeste,8,57.3,0,21,6,5,0,59,10,0,0,0.0204,1,0,0,1,3,2,0
TCK-001069,Redes Sociais,API,Cancelamento,Média,Basic,Sul,28,133.8,0,3,6,10,0,55,8,0,0,0.0217,1,0,1,0,3,2,0
TCK-001070,Formulário Web,Faturamento,Bug / Defeito,Baixa,Free,Sudeste,57,333.6,0,17,5,3,1,61,10,0,0,0.02,1,0,0,1,3,2,0
TCK-001071,Chat,Faturamento,Solicitação de Recurso,Alta,Premium,Centro-Oeste,52,54.2,0,2,2,9,1,85,15,0,1,0.0294,1,0,0,0,3,2,0
TCK-001072,Chat,Plataforma Web,Bug / Defeito,Média,Premium,Norte,51,283.7,0,1,5,4,0,61,10,0,0,0.02,1,0,0,1,3,2,0
TCK-001073,Email,Relatórios,Acesso e Conta,Média,Free,Sul,17,118.7,0,5,4,11,0,54,10,0,0,0.0233,0,0,0,0,3,2,0
TCK-001074,Telefone,API,Bug / Defeito,Média,Basic,Nordeste,74,158.7,0,18,5,2,0,61,11,0,0,0.0408,0,0,0,1,3,2,0
TCK-001075,Formulário Web,Integrações,Problema Técnico,Crítica,Enterprise,Nordeste,25,25.9,0,2,2,6,1,56,11,0,0,0.0222,0,0,0,0,3,2,0
TCK-001076,Telefone,Plataforma Web,Problema Técnico,Baixa,Basic,Sul,39,107.8,0,3,0,4,0,56,11,0,0,0.0222,0,0,0,0,3,2,0
TCK-001077,Email,Integrações,Problema Técnico,Baixa,Free,Norte,65,252.5,0,17,5,8,0,55,10,0,0,0.0222,0,0,0,0,3,2,0
TCK-001078,Email,API,Faturamento,Baixa,Free,Sudeste,40,428.3,0,10,4,7,0,167,29,0,0,0.0224,2,1,0,0,3,2,0
TCK-001079,Redes Sociais,Integrações,Dúvida / Como Fazer,Média,Free,Sul,17,93.5,0,3,2,6,0,149,25,0,0,0.0246,0,0,0,0,3,2,0
TCK-001080,Chat,Faturamento,Acesso e Conta,Crítica,Premium,Centro-Oeste,20,37.7,0,13,2,2,0,88,15,0,0,0.0282,1,0,0,0,3,2,0
TCK-001081,Telefone,Relatórios,Problema Técnico,Média,Free,Centro-Oeste,74,135.4,0,18,1,6,0,56,11,0,0,0.0222,0,0,0,0,3,2,0
TCK-001082,Chat,Plataforma Web,Faturamento,Alta,Basic,Sul,61,109.7,0,15,1,7,1,62,11,0,0,0.02,1,1,0,0,3,2,0
TCK-001083,Chat,Faturamento,Bug / Defeito,Baixa,Enterprise,Sul,33,195.5,1,3,4,2,0,61,10,0,0,0.02,1,0,0,1,4,3,1
TCK-001084,Email,Faturamento,Bug / Defeito,Baixa,Free,Sudeste,21,201.4,0,20,1,7,0,61,11,0,0,0.0408,0,0,0,1,3,2,0
TCK-001085,Redes Sociais,App Mobile,Problema Técnico,Alta,Premium,Sul,44,102.3,0,9,4,6,0,99,17,0,0,0.025,0,0,0,0,3,2,0
TCK-001086,Telefone,Faturamento,Problema Técnico,Média,Premium,Centro-Oeste,52,113.9,0,11,1,4,0,56,11,0,0,0.0222,0,0,0,0,3,2,0
TCK-001087,Email,API,Cancelamento,Baixa,Basic,Sudeste,51,377.3,0,10,1,1,0,61,10,0,0,0.02,1,0,1,0,3,2,0
TCK-001088,Email,API,Dúvida / Como Fazer,Alta,Enterprise,Sul,16,147.0,0,5,6,8,0,53,9,0,0,0.0227,0,0,0,0,3,2,0
TCK-001089,Email,Faturamento,Dúvida / Como Fazer,Baixa,Free,Sudeste,70,283.3,0,18,6,10,0,155,27,2,0,0.0238,0,0,0,0,3,2,0
TCK-001090,Email,App Mobile,Problema Técnico,Baixa,Basic,Centro-Oeste,41,259.7,0,6,3,8,0,59,10,0,0,0.0204,1,0,0,1,3,2,0
TCK-001091,Email,Relatórios,Problema Técnico,Média,Enterprise,Nordeste,19,154.3,0,2,0,4,0,55,10,0,0,0.0222,0,0,0,0,3,2,0
TCK-001092,Formulário Web,Integrações,Solicitação de Recurso,Média,Basic,Norte,32,55.6,0,14,3,5,1,57,9,1,0,0.0208,0,0,0,0,3,2,0
TCK-001093,Formulário Web,Plataforma Web,Bug / Defeito,Média,Basic,Sul,55,159.8,0,2,2,11,0,61,11,0,0,0.0408,0,0,0,1,3,2,0
TCK-001094,Chat,Plataforma Web,Problema Técnico,Alta,Basic,Nordeste,52,79.2,0,16,5,1,1,99,17,0,0,0.025,0,0,0,0,3,2,0
TCK-001095,Email,API,Bug / Defeito,Média,Basic,Sul,20,344.4,0,1,2,11,0,135,25,0,0,0.03,4,0,0,1,3,2,0
TCK-001096,Email,Plataforma Web,Problema Técnico,Alta,Enterprise,Sudeste,43,84.3,0,22,4,5,0,59,10,0,0,0.0204,1,0,0,1,3,2,0
TCK-001097,Email,App Mobile,Bug / Defeito,Baixa,Free,Sudeste,23,289.4,0,19,3,7,0,61,10,0,0,0.02,1,0,0,1,3,2,0
TCK-001098,Email,Faturamento,Solicitação de Recurso,Baixa,Free,Sudeste,53,129.8,0,1,1,10,0,55,8,0,0,0.0638,0,0,0,0,3,2,0
TCK-001099,Chat,Faturamento,Solicitação de Recurso,Média,Premium,Sul,52,210.0,0,21,3,4,0,40,7,0,0,0.0303,0,0,0,0,3,2,0
TCK-001100,Email,API,Acesso e Conta,Média,Premium,Nordeste,35,135.2,0,12,1,6,0,64,12,0,0,0.0192,0,0,0,0,3,2,0
TCK-001101,Email,Relatórios,Problema Técnico,Baixa,Basic,Nordeste,26,320.5,0,23,3,12,0,56,11,0,0,0.0222,0,0,0,0,3,2,0
TCK-001102,Email,Faturamento,Solicitação de Recurso,Baixa,Premium,Centro-Oeste,26,294.4,0,13,0,12,1,157,25,2,0,0.0231,0,0,0,0,3,2,0
TCK-001103,Formulário Web,Faturamento,Problema Técnico,Baixa,Basic,Nordeste,0,129.8,0,19,3,10,0,59,10,0,0,0.0204,1,0,0,1,3,2,0
TCK-001104,Redes Sociais,App Mobile,Problema Técnico,Média,Premium,Sul,59,110.8,0,9,0,9,0,155,29,0,0,0.0242,0,0,0,0,3,2,0
TCK-001105,Redes Sociais,Integrações,Dúvida / Como Fazer,Baixa,Basic,Norte,35,215.0,0,22,2,8,0,56,10,1,0,0.0217,0,0,0,0,3,2,0
TCK-001106,Formulário Web,API,Dúvida / Como Fazer,Alta,Free,Sul,74,71.3,0,1,4,4,0,56,10,1,0,0.0217,0,0,0,0,3,2,0
TCK-001107,Telefone,Integrações,Problema Técnico,Baixa,Premium,Nordeste,80,189.0,0,16,2,10,0,155,29,0,0,0.0242,0,0,0,0,3,2,0
TCK-001108,Telefone,Relatórios,Bug / Defeito,Média,Free,Nordeste,28,62.8,0,21,3,5,0,46,9,0,0,0.0303,2,0,0,1,3,2,0
TCK-001109,Chat,App Mobile,Acesso e Conta,Média,Free,Norte,45,141.4,0,9,4,9,0,151,27,0,0,0.025,0,0,0,0,3,2,0
TCK-001110,Chat,App Mobile,Acesso e Conta,Média,Basic,Centro-Oeste,8,75.2,0,20,3,2,0,64,9,0,0,0.037,1,0,0,0,3,2,0
TCK-001111,Formulário Web,Plataforma Web,Solicitação de Recurso,Média,Free,Centro-Oeste,10,105.2,0,23,0,11,1,40,7,0,0,0.0303,0,0,0,0,3,2,0
TCK-001112,Redes Sociais,Plataforma Web,Dúvida / Como Fazer,Média,Basic,Sul,33,143.1,0,3,4,4,0,53,9,0,0,0.0227,0,0,0,0,3,2,0
TCK-001113,Formulário Web,Relatórios,Problema Técnico,Média,Basic,Sul,33,106.5,0,16,1,6,0,55,10,0,0,0.0222,0,0,0,0,3,2,0
TCK-001114,Chat,API,Problema Técnico,Alta,Enterprise,Norte,17,59.6,0,16,2,12,0,89,15,0,0,0.0274,1,0,0,0,3,2,0
TCK-001115,Chat,Relatórios,Faturamento,Baixa,Free,Nordeste,52,270.6,0,4,6,2,0,45,8,0,0,0.027,0,0,0,0,3,2,0
TCK-001116,Email,Integrações,Problema Técnico,Alta,Premium,Centro-Oeste,33,46.2,0,21,4,2,1,55,10,0,0,0.0222,0,0,0,0,3,2,0
TCK-001117,Telefone,Relatórios,Solicitação de Recurso,Média,Free,Norte,17,68.1,0,21,2,9,0,40,7,0,0,0.0303,0,0,0,0,3,2,0
TCK-001118,Formulário Web,API,Faturamento,Média,Premium,Sudeste,19,156.3,0,19,5,7,0,167,29,0,0,0.0224,2,1,0,0,3,2,0
TCK-001119,Chat,Plataforma Web,Cancelamento,Crítica,Free,Sul,36,29.7,1,19,1,12,1,95,15,0,0,0.0256,2,0,1,0,4,3,1
TCK-001120,Telefone,Integrações,Acesso e Conta,Alta,Free,Centro-Oeste,46,77.8,0,17,3,10,0,64,9,0,0,0.037,1,0,0,0,3,2,0
TCK-001121,Telefone,Integrações,Dúvida / Como Fazer,Baixa,Enterprise,Norte,13,314.8,0,20,6,3,0,53,9,0,0,0.0227,0,0,0,0,3,2,0
TCK-001122,Email,Faturamento,Problema Técnico,Alta,Premium,Sul,52,56.7,0,11,0,5,1,161,27,0,0,0.0227,2,0,0,1,3,2,0
TCK-001123,Chat,Relatórios,Acesso e Conta,Alta,Premium,Centro-Oeste,72,79.9,0,9,0,8,0,109,17,0,1,0.0337,2,0,0,0,3,2,0
TCK-001124,Chat,App Mobile,Problema Técnico,Média,Premium,Norte,26,71.2,1,22,1,9,0,59,10,0,0,0.0204,1,0,0,1,4,3,1
TCK-001125,Chat,App Mobile,Acesso e Conta,Baixa,Enterprise,Nordeste,48,313.6,0,17,1,6,0,54,10,0,0,0.0233,0,0,0,0,3,2,0
TCK-001126,Email,Relatórios,Acesso e Conta,Média,Basic,Norte,46,78.6,0,16,1,4,0,54,10,0,0,0.0233,0,0,0,0,3,2,0
TCK-001127,Formulário Web,API,Problema Técnico,Baixa,Free,Sudeste,48,135.7,0,5,3,2,0,161,27,0,0,0.0227,2,0,0,1,3,2,0
TCK-001128,Chat,Integrações,Solicitação de Recurso,Média,Premium,Nordeste,29,111.8,0,7,3,1,0,55,8,0,0,0.0638,0,0,0,0,3,2,0
TCK-001129,Redes Sociais,Integrações,Solicitação de Recurso,Alta,Premium,Sul,59,98.1,0,9,0,12,1,57,9,1,0,0.0208,0,0,0,0,3,2,0
TCK-001130,Formulário Web,Plataforma Web,Faturamento,Alta,Free,Centro-Oeste,34,68.4,0,14,1,5,1,59,9,1,0,0.0204,0,0,0,0,3,2,0
TCK-001131,Email,Plataforma Web,Cancelamento,Alta,Basic,Norte,39,186.2,0,4,6,4,0,51,8,0,0,0.0233,1,0,0,1,3,2,0
TCK-001132,Redes Sociais,App Mobile,Acesso e Conta,Média,Premium,Sul,25,109.5,0,21,2,1,0,64,12,0,0,0.0192,0,0,0,0,3,2,0
TCK-001133,Email,Relatórios,Acesso e Conta,Média,Basic,Centro-Oeste,39,171.5,0,15,3,5,0,64,12,0,0,0.0192,0,0,0,0,3,2,0
TCK-001134,Telefone,Plataforma Web,Dúvida / Como Fazer,Baixa,Basic,Norte,27,174.6,0,22,3,1,0,56,10,1,0,0.0217,0,0,0,0,3,2,0
TCK-001135,Email,Faturamento,Cancelamento,Média,Premium,Sudeste,10,102.6,1,12,6,12,0,165,27,0,0,0.0224,2,0,1,0,4,3,1
TCK-001136,Formulário Web,API,Problema Técnico,Média,Premium,Norte,25,140.3,0,9,4,3,0,55,10,0,0,0.0222,0,0,0,0,3,2,0
TCK-001137,Redes Sociais,Relatórios,Acesso e Conta,Baixa,Premium,Norte,46,219.9,0,17,5,2,0,64,9,0,0,0.037,1,0,0,0,3,2,0
TCK-001138,Redes Sociais,Faturamento,Cancelamento,Média,Basic,Norte,29,167.0,0,6,3,11,0,61,10,0,0,0.02,1,0,1,0,3,2,0
TCK-001139,Chat,Faturamento,Problema Técnico,Baixa,Free,Centro-Oeste,30,175.2,0,18,3,12,0,59,10,0,0,0.0204,1,0,0,1,3,2,0
TCK-001140,Chat,Integrações,Bug / Defeito,Média,Free,Sudeste,57,241.2,0,17,1,6,1,61,11,0,0,0.0408,0,0,0,1,3,2,0
TCK-001141,Formulário Web,Faturamento,Cancelamento,Baixa,Premium,Sul,0,177.8,0,21,1,9,0,61,10,0,0,0.02,1,0,1,0,3,2,0
TCK-001142,Email,Faturamento,Problema Técnico,Alta,Basic,Sul,36,101.5,0,4,4,9,1,55,10,0,0,0.0222,0,0,0,0,3,2,0
TCK-001143,Email,Relatórios,Cancelamento,Baixa,Enterprise,Nordeste,72,445.4,0,16,1,4,0,61,10,0,0,0.02,1,0,1,0,3,2,0
TCK-001144,Email,Faturamento,Cancelamento,Alta,Basic,Norte,29,46.6,0,23,6,8,0,89,13,0,0,0.027,2,0,1,0,3,2,0
TCK-001145,Telefone,Relatórios,Dúvida / Como Fazer,Média,Free,Sudeste,42,152.4,0,6,1,10,0,57,10,1,0,0.0213,0,0,0,0,3,2,0
TCK-001146,Email,Faturamento,Faturamento,Alta,Premium,Sudeste,76,120.3,0,9,0,1,1,103,16,1,0,0.0238,0,0,0,0,3,2,0
TCK-001147,Email,App Mobile,Faturamento,Baixa,Free,Sul,55,314.8,1,9,6,7,0,62,11,0,0,0.02,1,1,0,0,4,3,1
TCK-001148,Telefone,API,Solicitação de Recurso,Baixa,Enterprise,Sudeste,67,133.2,0,14,2,7,0,40,7,0,0,0.0303,0,0,0,0,3,2,0
TCK-001149,Telefone,Faturamento,Problema Técnico,Baixa,Free,Nordeste,14,90.4,0,1,3,1,0,55,10,0,0,0.0222,0,0,0,0,3,2,0
TCK-001150,Email,App Mobile,Dúvida / Como Fazer,Média,Free,Nordeste,56,136.6,0,17,1,6,0,57,10,1,0,0.0213,0,0,0,0,3,2,0
TCK-001151,Email,App Mobile,Dúvida / Como Fazer,Alta,Enterprise,Sudeste,54,113.7,0,22,2,1,0,97,16,0,0,0.0253,0,0,0,0,3,2,0
TCK-001152,Formulário Web,API,Faturamento,Baixa,Free,Sudeste,55,196.0,0,23,2,2,0,133,23,0,0,0.0278,0,0,0,0,3,2,0
TCK-001153,Email,Plataforma Web,Acesso e Conta,Crítica,Enterprise,Sul,45,43.0,0,3,0,12,0,109,17,0,1,0.0337,2,0,0,0,3,2,0
TCK-001154,Email,Plataforma Web,Bug / Defeito,Média,Free,Nordeste,72,237.1,0,17,0,1,0,46,9,0,0,0.0303,2,0,0,1,3,2,0
TCK-001155,Redes Sociais,Plataforma Web,Dúvida / Como Fazer,Baixa,Free,Centro-Oeste,50,161.5,1,21,6,4,0,56,10,1,0,0.0217,0,0,0,0,4,3,1
TCK-001156,Email,App Mobile,Faturamento,Alta,Basic,Norte,77,84.3,0,10,5,6,0,62,11,0,0,0.02,1,1,0,0,3,2,0
TCK-001157,Email,Relatórios,Bug / Defeito,Baixa,Basic,Nordeste,54,328.3,0,12,2,6,0,46,9,0,0,0.0303,2,0,0,1,3,2,0
TCK-001158,Telefone,Relatórios,Cancelamento,Média,Basic,Sul,55,143.3,1,2,4,3,0,55,8,0,0,0.0217,1,0,1,0,4,3,1
TCK-001159,Formulário Web,Relatórios,Problema Técnico,Média,Basic,Centro-Oeste,39,172.7,0,8,3,8,0,59,10,0,0,0.0204,1,0,0,1,3,2,0
TCK-001160,Formulário Web,API,Solicitação de Recurso,Baixa,Free,Sudeste,39,171.0,1,22,0,9,1,55,8,0,0,0.0638,0,0,0,0,4,3,1
TCK-001161,Formulário Web,Plataforma Web,Solicitação de Recurso,Baixa,Premium,Centro-Oeste,7,164.4,0,3,6,1,1,57,9,1,0,0.0208,0,0,0,0,3,2,0
TCK-001162,Chat,Plataforma Web,Acesso e Conta,Baixa,Premium,Norte,38,191.9,0,19,5,5,0,54,10,0,0,0.0233,0,0,0,0,3,2,0
TCK-001163,Email,API,Bug / Defeito,Baixa,Basic,Norte,43,483.7,0,6,1,11,0,61,10,0,0,0.02,1,0,0,1,3,2,0
TCK-001164,Telefone,Faturamento,Acesso e Conta,Baixa,Basic,Sul,41,187.6,0,0,6,5,0,64,9,0,0,0.037,1,0,0,0,3,2,0
TCK-001165,Telefone,Integrações,Cancelamento,Alta,Basic,Norte,23,88.3,0,3,2,5,0,55,8,0,0,0.0217,1,0,1,0,3,2,0
TCK-001166,Chat,Faturamento,Problema Técnico,Média,Basic,Sudeste,15,87.6,1,2,1,1,0,55,10,0,0,0.0222,0,0,0,0,4,3,1
TCK-001167,Chat,Faturamento,Acesso e Conta,Média,Free,Sudeste,42,85.4,0,18,3,12,0,64,12,0,0,0.0192,0,0,0,0,3,2,0
TCK-001168,Chat,Integrações,Bug / Defeito,Crítica,Free,Nordeste,3,20.8,1,1,5,4,1,46,9,0,0,0.0303,2,0,0,1,4,3,1
TCK-001169,Chat,Relatórios,Problema Técnico,Média,Free,Sul,0,74.4,0,7,2,4,0,55,10,0,0,0.0222,0,0,0,0,3,2,0
TCK-001170,Email,Relatórios,Dúvida / Como Fazer,Alta,Free,Norte,42,51.5,0,14,1,4,0,101,18,1,1,0.0247,1,0,0,0,3,2,0
TCK-001171,Chat,Plataforma Web,Acesso e Conta,Baixa,Premium,Norte,72,224.4,0,20,5,6,0,151,27,0,0,0.025,0,0,0,0,3,2,0
TCK-001172,Telefone,Plataforma Web,Acesso e Conta,Alta,Enterprise,Sudeste,56,78.1,0,19,6,10,0,54,10,0,0,0.0233,0,0,0,0,3,2,0
TCK-001173,Chat,Plataforma Web,Solicitação de Recurso,Baixa,Basic,Norte,34,166.9,0,19,0,11,1,40,7,0,0,0.0303,0,0,0,0,3,2,0
TCK-001174,Redes Sociais,App Mobile,Bug / Defeito,Baixa,Basic,Nordeste,25,211.5,0,7,3,10,0,61,11,0,0,0.0408,0,0,0,1,3,2,0
TCK-001175,Chat,API,Solicitação de Recurso,Baixa,Premium,Norte,24,305.8,0,17,1,5,0,57,9,1,0,0.0208,0,0,0,0,3,2,0
TCK-001176,Redes Sociais,Plataforma Web,Problema Técnico,Alta,Premium,Sudeste,12,58.5,0,21,6,11,1,59,10,0,0,0.0204,1,0,0,1,3,2,0
TCK-001177,Redes Sociais,App Mobile,Cancelamento,Alta,Premium,Centro-Oeste,41,76.6,0,3,0,9,0,55,8,0,0,0.0217,1,0,1,0,3,2,0
TCK-001178,Chat,Plataforma Web,Problema Técnico,Alta,Basic,Nordeste,48,87.0,0,22,0,9,0,55,10,0,0,0.0222,0,0,0,0,3,2,0
TCK-001179,Email,Faturamento,Faturamento,Média,Basic,Sudeste,33,126.0,0,14,3,6,0,59,9,1,0,0.0204,0,0,0,0,3,2,0
TCK-001180,Email,API,Faturamento,Média,Free,Sul,48,195.6,0,17,0,3,0,62,11,0,0,0.02,1,1,0,0,3,2,0
TCK-001181,Redes Sociais,API,Dúvida / Como Fazer,Média,Premium,Nordeste,26,105.6,0,23,2,1,0,56,10,1,0,0.0217,0,0,0,0,3,2,0
TCK-001182,Chat,Plataforma Web,Faturamento,Média,Premium,Centro-Oeste,53,131.9,0,4,2,12,0,45,8,0,0,0.027,0,0,0,0,3,2,0
TCK-001183,Email,Plataforma Web,Cancelamento,Média,Basic,Sudeste,0,109.6,0,20,2,5,0,51,8,0,0,0.0233,1,0,0,1,3,2,0
TCK-001184,Telefone,Integrações,Problema Técnico,Alta,Basic,Sul,35,40.4,0,21,5,7,0,55,10,0,0,0.0222,0,0,0,0,3,2,0
TCK-001185,Chat,API,Problema Técnico,Baixa,Basic,Sul,8,269.0,0,3,6,8,0,56,11,0,0,0.0222,0,0,0,0,3,2,0
TCK-001186,Chat,App Mobile,Problema Técnico,Alta,Free,Nordeste,65,99.7,0,15,1,6,1,56,11,0,0,0.0222,0,0,0,0,3,2,0
TCK-001187,Email,Integrações,Acesso e Conta,Alta,Free,Norte,37,66.6,0,12,6,8,0,64,9,0,0,0.037,1,0,0,0,3,2,0
TCK-001188,Formulário Web,Plataforma Web,Problema Técnico,Crítica,Free,Nordeste,30,47.8,0,21,3,9,1,59,10,0,0,0.0204,1,0,0,1,3,2,0
TCK-001189,Formulário Web,Plataforma Web,Dúvida / Como Fazer,Baixa,Basic,Centro-Oeste,12,178.6,0,23,3,3,0,57,10,1,0,0.0213,0,0,0,0,3,2,0
TCK-001190,Chat,Integrações,Solicitação de Recurso,Baixa,Basic,Sudeste,46,279.9,0,18,6,1,1,40,7,0,0,0.0303,0,0,0,0,3,2,0
TCK-001191,Email,Faturamento,Bug / Defeito,Média,Free,Sudeste,57,101.3,0,14,5,3,1,61,11,0,0,0.0408,0,0,0,1,3,2,0
TCK-001192,Telefone,Integrações,Faturamento,Baixa,Free,Sudeste,64,234.3,0,15,5,9,0,161,25,2,0,0.0227,0,0,0,0,3,2,0
TCK-001193,Email,Faturamento,Bug / Defeito,Média,Basic,Nordeste,40,125.0,1,1,4,6,1,61,11,0,0,0.0408,0,0,0,1,4,3,1
TCK-001194,Formulário Web,App Mobile,Cancelamento,Crítica,Free,Centro-Oeste,37,35.8,0,7,2,12,1,165,27,0,0,0.0224,2,0,1,0,3,2,0
TCK-001195,Redes Sociais,Plataforma Web,Dúvida / Como Fazer,Alta,Free,Centro-Oeste,47,96.3,0,15,0,10,0,98,17,0,1,0.0253,1,0,0,0,3,2,0
TCK-001196,Telefone,Faturamento,Bug / Defeito,Média,Enterprise,Sudeste,8,55.5,0,20,0,5,0,46,9,0,0,0.0303,2,0,0,1,3,2,0
TCK-001197,Email,App Mobile,Faturamento,Baixa,Free,Sudeste,39,267.8,0,0,3,2,0,45,8,0,0,0.027,0,0,0,0,3,2,0
TCK-001198,Formulário Web,API,Problema Técnico,Média,Enterprise,Sudeste,25,149.6,0,19,3,4,0,59,10,0,0,0.0204,1,0,0,1,3,2,0
TCK-001199,Formulário Web,Relatórios,Solicitação de Recurso,Média,Free,Sul,73,105.3,0,10,0,5,1,123,21,0,0,0.03,0,0,0,0,3,2,0
TCK-001200,Email,Faturamento,Dúvida / Como Fazer,Média,Free,Sudeste,70,227.7,0,18,3,11,0,57,10,1,0,0.0213,0,0,0,0,3,2,0
TCK-001201,Redes Sociais,Faturamento,Problema Técnico,Baixa,Premium,Nordeste,42,326.6,1,6,1,8,1,161,27,0,0,0.0227,2,0,0,1,4,3,1
TCK-001202,Chat,API,Acesso e Conta,Média,Enterprise,Sudeste,28,125.6,0,14,6,4,0,64,12,0,0,0.0192,0,0,0,0,3,2,0
TCK-001203,Email,Relatórios,Dúvida / Como Fazer,Baixa,Enterprise,Sul,61,435.5,0,9,5,11,0,57,10,1,0,0.0213,0,0,0,0,3,2,0
TCK-001204,Chat,App Mobile,Solicitação de Recurso,Baixa,Free,Sudeste,33,279.6,0,1,1,8,1,153,23,0,0,0.0547,0,0,0,0,3,2,0
TCK-001205,Formulário Web,Relatórios,Solicitação de Recurso,Alta,Free,Nordeste,63,80.8,0,9,5,8,1,55,8,0,0,0.0638,0,0,0,0,3,2,0
TCK-001206,Email,Relatórios,Solicitação de Recurso,Média,Basic,Sul,41,252.6,0,3,6,9,1,40,7,0,0,0.0303,0,0,0,0,3,2,0
TCK-001207,Chat,Plataforma Web,Dúvida / Como Fazer,Média,Free,Centro-Oeste,25,91.1,0,2,0,9,0,57,10,1,0,0.0213,0,0,0,0,3,2,0
TCK-001208,Telefone,Integrações,Dúvida / Como Fazer,Baixa,Basic,Sul,41,269.1,0,1,0,5,0,56,10,1,0,0.0217,0,0,0,0,3,2,0
TCK-001209,Email,Faturamento,Dúvida / Como Fazer,Média,Basic,Centro-Oeste,27,131.6,0,2,4,7,0,57,10,1,0,0.0213,0,0,0,0,3,2,0
TCK-001210,Chat,API,Problema Técnico,Média,Enterprise,Nordeste,37,90.5,0,19,4,12,0,55,10,0,0,0.0222,0,0,0,0,3,2,0
TCK-001211,Email,Integrações,Solicitação de Recurso,Alta,Free,Nordeste,19,79.0,0,6,0,10,1,57,9,1,0,0.0208,0,0,0,0,3,2,0
TCK-001212,Telefone,API,Problema Técnico,Baixa,Enterprise,Sul,29,219.5,0,8,1,3,0,59,10,0,0,0.0204,1,0,0,1,3,2,0
TCK-001213,Chat,Plataforma Web,Solicitação de Recurso,Média,Free,Sul,57,99.9,0,7,1,6,1,57,9,1,0,0.0208,0,0,0,0,3,2,0
TCK-001214,Email,Relatórios,Problema Técnico,Média,Free,Sul,63,107.6,1,17,3,6,0,161,27,0,0,0.0227,2,0,0,1,4,3,1
TCK-001215,Formulário Web,Integrações,Acesso e Conta,Baixa,Free,Nordeste,39,181.5,0,7,2,6,0,64,12,0,0,0.0192,0,0,0,0,3,2,0
TCK-001216,Chat,Relatórios,Bug / Defeito,Alta,Free,Norte,5,37.3,0,2,6,10,1,61,10,0,0,0.02,1,0,0,1,3,2,0
TCK-001217,Chat,Integrações,Bug / Defeito,Baixa,Basic,Norte,39,304.7,0,16,3,1,0,61,11,0,0,0.0408,0,0,0,1,3,2,0
TCK-001218,Email,App Mobile,Problema Técnico,Média,Basic,Sudeste,56,156.3,0,22,6,8,0,59,10,0,0,0.0204,1,0,0,1,3,2,0
TCK-001219,Chat,Relatórios,Acesso e Conta,Crítica,Free,Nordeste,55,39.0,0,5,2,4,0,185,32,0,0,0.027,1,0,0,0,3,2,0
TCK-001220,Email,Relatórios,Bug / Defeito,Média,Premium,Sul,25,126.1,0,6,4,2,0,46,9,0,0,0.0303,2,0,0,1,3,2,0
TCK-001221,Email,Integrações,Problema Técnico,Alta,Free,Centro-Oeste,0,49.6,0,23,5,10,1,59,10,0,0,0.0204,1,0,0,1,3,2,0
TCK-001222,Chat,Relatórios,Dúvida / Como Fazer,Baixa,Enterprise,Norte,53,269.6,0,2,3,9,0,53,9,0,0,0.0227,0,0,0,0,3,2,0
TCK-001223,Redes Sociais,API,Acesso e Conta,Alta,Free,Nordeste,41,48.3,0,8,0,3,0,54,10,0,0,0.0233,0,0,0,0,3,2,0
TCK-001224,Email,Plataforma Web,Problema Técnico,Média,Premium,Nordeste,64,186.2,1,11,2,6,0,59,10,0,0,0.0204,1,0,0,1,4,3,1
TCK-001225,Telefone,Integrações,Faturamento,Média,Free,Norte,62,187.3,0,17,1,8,0,59,9,1,0,0.0204,0,0,0,0,3,2,0
TCK-001226,Redes Sociais,API,Faturamento,Média,Basic,Sul,60,125.6,0,15,3,2,0,62,11,0,0,0.02,1,1,0,0,3,2,0
TCK-001227,Email,App Mobile,Solicitação de Recurso,Baixa,Free,Sul,81,152.2,0,16,1,12,0,55,8,0,0,0.0638,0,0,0,0,3,2,0
TCK-001228,Chat,Relatórios,Problema Técnico,Alta,Basic,Norte,56,57.2,0,17,0,9,0,103,17,0,0,0.0238,1,0,0,1,3,2,0
TCK-001229,Telefone,App Mobile,Acesso e Conta,Média,Basic,Norte,33,124.0,0,20,0,8,0,64,12,0,0,0.0192,0,0,0,0,3,2,0
TCK-001230,Email,Faturamento,Faturamento,Baixa,Enterprise,Norte,17,153.4,1,2,2,2,0,62,11,0,0,0.02,1,1,0,0,4,3,1
TCK-001231,Formulário Web,Faturamento,Acesso e Conta,Crítica,Basic,Sul,39,39.6,0,14,4,12,0,64,12,0,0,0.0192,0,0,0,0,3,2,0
TCK-001232,Formulário Web,API,Bug / Defeito,Baixa,Free,Centro-Oeste,70,301.5,0,12,0,5,0,61,11,0,0,0.0408,0,0,0,1,3,2,0
TCK-001233,Chat,API,Acesso e Conta,Média,Basic,Sudeste,4,111.4,0,23,4,1,0,64,9,0,0,0.037,1,0,0,0,3,2,0
TCK-001234,Telefone,Integrações,Problema Técnico,Média,Free,Sul,64,137.1,0,16,1,4,0,153,27,0,0,0.0242,0,0,0,0,3,2,0
TCK-001235,Redes Sociais,Integrações,Cancelamento,Média,Basic,Nordeste,40,191.6,0,23,0,10,0,51,8,0,0,0.0233,1,0,0,1,3,2,0
TCK-001236,Email,App Mobile,Acesso e Conta,Média,Basic,Nordeste,69,213.4,0,10,3,4,0,151,27,0,0,0.025,0,0,0,0,3,2,0
TCK-001237,Telefone,Faturamento,Dúvida / Como Fazer,Baixa,Premium,Sudeste,25,267.4,0,19,2,1,0,56,10,1,0,0.0217,0,0,0,0,3,2,0
TCK-001238,Telefone,API,Dúvida / Como Fazer,Alta,Premium,Nordeste,18,74.7,0,4,3,4,0,155,27,2,0,0.0238,0,0,0,0,3,2,0
TCK-001239,Chat,Faturamento,Bug / Defeito,Alta,Basic,Sudeste,33,45.5,1,3,0,8,1,46,9,0,0,0.0303,2,0,0,1,4,3,1
TCK-001240,Email,Integrações,Bug / Defeito,Baixa,Free,Norte,14,366.3,1,4,0,5,1,61,10,0,0,0.02,1,0,0,1,4,3,1
TCK-001241,Email,Faturamento,Bug / Defeito,Crítica,Free,Sudeste,56,52.9,0,11,4,7,1,61,10,0,0,0.02,1,0,0,1,3,2,0
TCK-001242,Telefone,Relatórios,Faturamento,Média,Free,Centro-Oeste,31,203.2,0,12,0,3,0,62,11,0,0,0.02,1,1,0,0,3,2,0
TCK-001243,Telefone,Plataforma Web,Solicitação de Recurso,Baixa,Premium,Norte,56,178.7,0,12,5,9,0,55,8,0,0,0.0638,0,0,0,0,3,2,0
TCK-001244,Email,Faturamento,Problema Técnico,Média,Basic,Sul,39,142.2,0,8,0,1,0,56,11,0,0,0.0222,0,0,0,0,3,2,0
TCK-001245,Chat,Faturamento,Acesso e Conta,Média,Basic,Norte,11,159.9,0,4,5,1,0,64,9,0,0,0.037,1,0,0,0,3,2,0
TCK-001246,Redes Sociais,Faturamento,Dúvida / Como Fazer,Baixa,Basic,Norte,20,293.2,0,0,0,11,0,57,10,1,0,0.0213,0,0,0,0,3,2,0
TCK-001247,Chat,Plataforma Web,Problema Técnico,Baixa,Premium,Norte,22,214.8,0,8,4,8,0,56,11,0,0,0.0222,0,0,0,0,3,2,0
TCK-001248,Email,API,Faturamento,Média,Enterprise,Norte,70,203.5,0,11,4,2,0,45,8,0,0,0.027,0,0,0,0,3,2,0
TCK-001249,Email,App Mobile,Solicitação de Recurso,Média,Free,Norte,61,177.8,0,15,0,5,1,153,23,0,0,0.0547,0,0,0,0,3,2,0
TCK-001250,Redes Sociais,Faturamento,Solicitação de Recurso,Baixa,Enterprise,Sul,6,288.3,0,21,0,6,1,157,25,2,0,0.0231,0,0,0,0,3,2,0
TCK-001251,Chat,App Mobile,Bug / Defeito,Alta,Basic,Norte,77,92.1,0,16,6,11,1,135,25,0,0,0.03,4,0,0,1,3,2,0
TCK-001252,Email,Relatórios,Faturamento,Baixa,Premium,Centro-Oeste,28,372.4,0,22,4,5,0,62,11,0,0,0.02,1,1,0,0,3,2,0
TCK-001253,Email,Integrações,Bug / Defeito,Baixa,Free,Nordeste,64,508.2,1,11,2,8,1,61,11,0,0,0.0408,0,0,0,1,4,3,1
TCK-001254,Telefone,App Mobile,Solicitação de Recurso,Média,Enterprise,Sul,37,181.8,0,3,0,9,0,55,8,0,0,0.0638,0,0,0,0,3,2,0
TCK-001255,Email,Faturamento,Bug / Defeito,Média,Premium,Sul,27,96.9,0,20,6,6,0,165,29,0,0,0.0379,0,0,0,1,3,2,0
TCK-001256,Formulário Web,Plataforma Web,Dúvida / Como Fazer,Baixa,Basic,Centro-Oeste,49,248.1,0,20,0,9,0,53,9,0,0,0.0227,0,0,0,0,3,2,0
TCK-001257,Email,Plataforma Web,Faturamento,Baixa,Premium,Centro-Oeste,62,218.7,0,16,4,10,0,45,8,0,0,0.027,0,0,0,0,3,2,0
TCK-001258,Email,Relatórios,Solicitação de Recurso,Crítica,Free,Centro-Oeste,64,58.9,0,10,5,7,1,55,8,0,0,0.0638,0,0,0,0,3,2,0
TCK-001259,Email,Integrações,Solicitação de Recurso,Alta,Free,Sudeste,37,74.7,1,20,1,6,1,57,9,1,0,0.0208,0,0,0,0,4,3,1
TCK-001260,Chat,Relatórios,Bug / Defeito,Média,Basic,Centro-Oeste,17,72.5,0,16,5,12,0,61,11,0,0,0.0408,0,0,0,1,3,2,0
TCK-001261,Telefone,Integrações,Acesso e Conta,Alta,Basic,Sul,15,24.2,0,2,3,5,0,64,9,0,0,0.037,1,0,0,0,3,2,0
TCK-001262,Redes Sociais,Plataforma Web,Faturamento,Baixa,Free,Sudeste,23,339.4,0,16,1,4,0,167,29,0,0,0.0224,2,1,0,0,3,2,0
TCK-001263,Redes Sociais,Plataforma Web,Problema Técnico,Baixa,Free,Sudeste,53,330.7,0,20,3,2,0,55,10,0,0,0.0222,0,0,0,0,3,2,0
TCK-001264,Email,App Mobile,Problema Técnico,Crítica,Basic,Nordeste,41,38.8,0,21,5,3,1,55,10,0,0,0.0222,0,0,0,0,3,2,0
TCK-001265,Chat,Plataforma Web,Acesso e Conta,Média,Premium,Norte,40,65.9,0,2,2,6,0,64,9,0,0,0.037,1,0,0,0,3,2,0
TCK-001266,Chat,Faturamento,Faturamento,Média,Free,Norte,43,152.1,0,13,5,3,0,167,29,0,0,0.0224,2,1,0,0,3,2,0
TCK-001267,Email,Faturamento,Acesso e Conta,Alta,Basic,Nordeste,20,48.4,0,21,0,11,0,98,17,0,0,0.0256,0,0,0,0,3,2,0
TCK-001268,Redes Sociais,Relatórios,Faturamento,Baixa,Enterprise,Nordeste,45,396.2,0,10,4,8,0,161,25,2,0,0.0227,0,0,0,0,3,2,0
TCK-001269,Email,Plataforma Web,Problema Técnico,Média,Basic,Norte,5,118.3,0,0,2,4,0,59,10,0,0,0.0204,1,0,0,1,3,2,0
TCK-001270,Telefone,API,Solicitação de Recurso,Média,Premium,Sul,52,97.0,0,10,0,11,0,40,7,0,0,0.0303,0,0,0,0,3,2,0
TCK-001271,Chat,Plataforma Web,Bug / Defeito,Baixa,Premium,Nordeste,46,214.5,0,4,1,11,0,46,9,0,0,0.0303,2,0,0,1,3,2,0
TCK-001272,Formulário Web,Plataforma Web,Problema Técnico,Média,Basic,Centro-Oeste,43,141.3,0,0,2,3,0,55,10,0,0,0.0222,0,0,0,0,3,2,0
TCK-001273,Email,Integrações,Cancelamento,Crítica,Free,Centro-Oeste,77,74.9,0,9,0,10,1,89,13,0,0,0.027,2,0,1,0,3,2,0
TCK-001274,Chat,Relatórios,Problema Técnico,Média,Premium,Norte,37,131.9,1,11,6,2,0,56,11,0,0,0.0222,0,0,0,0,4,3,1
TCK-001275,Telefone,Relatórios,Dúvida / Como Fazer,Baixa,Free,Centro-Oeste,0,122.9,0,21,3,3,0,57,10,1,0,0.0213,0,0,0,0,3,2,0
TCK-001276,Email,Integrações,Problema Técnico,Média,Free,Nordeste,29,125.8,0,0,4,5,1,155,29,0,0,0.0242,0,0,0,0,3,2,0
TCK-001277,Formulário Web,API,Dúvida / Como Fazer,Média,Free,Sul,16,91.5,0,4,6,8,0,57,10,1,0,0.0213,0,0,0,0,3,2,0
TCK-001278,Email,Faturamento,Dúvida / Como Fazer,Alta,Basic,Nordeste,27,31.4,0,19,0,8,0,57,10,1,0,0.0213,0,0,0,0,3,2,0
TCK-001279,Chat,Plataforma Web,Problema Técnico,Baixa,Premium,Sul,55,171.2,0,14,2,3,0,59,10,0,0,0.0204,1,0,0,1,3,2,0
TCK-001280,Telefone,Faturamento,Acesso e Conta,Alta,Free,Centro-Oeste,30,56.2,0,22,0,5,0,64,9,0,0,0.037,1,0,0,0,3,2,0
TCK-001281,Email,Relatórios,Solicitação de Recurso,Crítica,Basic,Sudeste,90,63.7,0,14,0,11,1,40,7,0,0,0.0303,0,0,0,0,3,2,0
TCK-001282,Email,Plataforma Web,Problema Técnico,Crítica,Premium,Sul,19,17.7,0,7,0,7,1,55,10,0,0,0.0222,0,0,0,0,3,2,0
TCK-001283,Chat,Integrações,Problema Técnico,Média,Free,Sudeste,49,150.3,0,15,1,12,0,59,10,0,0,0.0204,1,0,0,1,3,2,0
TCK-001284,Telefone,Integrações,Faturamento,Alta,Premium,Sudeste,53,60.6,0,16,0,4,0,167,29,0,0,0.0224,2,1,0,0,3,2,0
TCK-001285,Redes Sociais,Integrações,Acesso e Conta,Média,Basic,Nordeste,58,129.3,0,14,2,11,0,171,25,0,0,0.0352,2,0,0,0,3,2,0
TCK-001286,Email,Integrações,Acesso e Conta,Baixa,Premium,Norte,25,614.2,0,0,5,10,0,54,10,0,0,0.0233,0,0,0,0,3,2,0
TCK-001287,Email,App Mobile,Solicitação de Recurso,Média,Basic,Norte,12,137.6,0,17,5,10,1,55,8,0,0,0.0638,0,0,0,0,3,2,0
TCK-001288,Redes Sociais,Faturamento,Dúvida / Como Fazer,Alta,Premium,Sul,44,58.0,0,7,3,2,0,157,27,2,0,0.0234,0,0,0,0,3,2,0
TCK-001289,Email,Faturamento,Faturamento,Baixa,Basic,Nordeste,52,271.9,0,0,2,6,0,133,23,0,0,0.0278,0,0,0,0,3,2,0
TCK-001290,Chat,App Mobile,Dúvida / Como Fazer,Média,Premium,Sudeste,45,144.5,0,17,3,5,0,56,10,1,0,0.0217,0,0,0,0,3,2,0
TCK-001291,Email,Integrações,Dúvida / Como Fazer,Média,Premium,Sul,59,147.4,0,14,5,5,0,57,10,1,0,0.0213,0,0,0,0,3,2,0
TCK-001292,Telefone,Faturamento,Faturamento,Alta,Enterprise,Nordeste,48,47.8,0,19,4,12,0,59,9,1,0,0.0204,0,0,0,0,3,2,0
TCK-001293,Redes Sociais,Integrações,Bug / Defeito,Média,Basic,Sudeste,74,165.5,1,18,3,8,1,61,10,0,0,0.02,1,0,0,1,4,3,1
TCK-001294,Chat,App Mobile,Problema Técnico,Média,Free,Centro-Oeste,35,130.8,0,21,2,1,0,59,10,0,0,0.0204,1,0,0,1,3,2,0
TCK-001295,Formulário Web,Faturamento,Faturamento,Média,Premium,Norte,15,122.4,0,1,2,8,0,59,9,1,0,0.0204,0,0,0,0,3,2,0
TCK-001296,Formulário Web,Faturamento,Problema Técnico,Alta,Premium,Sul,24,113.5,0,19,2,1,1,55,10,0,0,0.0222,0,0,0,0,3,2,0
TCK-001297,Telefone,Plataforma Web,Solicitação de Recurso,Alta,Basic,Nordeste,26,45.8,0,19,4,11,1,157,25,2,0,0.0231,0,0,0,0,3,2,0
TCK-001298,Telefone,Relatórios,Cancelamento,Alta,Free,Norte,50,40.8,0,12,2,6,0,51,8,0,0,0.0233,1,0,0,1,3,2,0
TCK-001299,Telefone,Plataforma Web,Cancelamento,Baixa,Enterprise,Nordeste,17,371.9,0,4,4,3,0,51,8,0,0,0.0233,1,0,0,1,3,2,0
TCK-001300,Formulário Web,Integrações,Dúvida / Como Fazer,Baixa,Enterprise,Nordeste,18,152.6,0,1,5,2,0,56,10,1,0,0.0217,0,0,0,0,3,2,0
TCK-001301,Email,Integrações,Bug / Defeito,Baixa,Premium,Sul,44,189.8,0,21,2,2,1,61,10,0,0,0.02,1,0,0,1,3,2,0
TCK-001302,Formulário Web,Faturamento,Problema Técnico,Média,Basic,Nordeste,36,172.1,0,21,6,11,0,56,11,0,0,0.0222,0,0,0,0,3,2,0
TCK-001303,Telefone,Plataforma Web,Dúvida / Como Fazer,Baixa,Premium,Sudeste,36,162.7,0,18,6,5,0,56,10,1,0,0.0217,0,0,0,0,3,2,0
TCK-001304,Chat,Plataforma Web,Acesso e Conta,Alta,Premium,Norte,24,35.9,1,4,6,6,0,109,17,0,1,0.0337,2,0,0,0,4,3,1
TCK-001305,Email,App Mobile,Acesso e Conta,Alta,Premium,Norte,3,28.4,0,6,3,8,0,98,17,0,0,0.0256,0,0,0,0,3,2,0
TCK-001306,Formulário Web,Plataforma Web,Dúvida / Como Fazer,Alta,Basic,Norte,59,64.7,0,17,5,5,0,98,17,0,1,0.0253,1,0,0,0,3,2,0
TCK-001307,Email,API,Problema Técnico,Média,Basic,Sul,62,194.5,0,14,0,7,0,56,11,0,0,0.0222,0,0,0,0,3,2,0
TCK-001308,Chat,Integrações,Cancelamento,Média,Free,Sul,34,147.1,0,5,6,7,0,55,8,0,0,0.0217,1,0,1,0,3,2,0
TCK-001309,Telefone,Integrações,Bug / Defeito,Baixa,Premium,Sudeste,30,534.8,0,0,2,4,0,61,10,0,0,0.02,1,0,0,1,3,2,0
TCK-001310,Formulário Web,App Mobile,Cancelamento,Média,Free,Sul,2,18.5,0,18,6,3,0,51,8,0,0,0.0233,1,0,0,1,3,2,0
TCK-001311,Chat,Relatórios,Problema Técnico,Média,Free,Nordeste,50,193.2,0,18,4,3,0,59,10,0,0,0.0204,1,0,0,1,3,2,0
TCK-001312,Email,API,Bug / Defeito,Média,Free,Sul,61,124.6,0,16,1,9,0,61,11,0,0,0.0408,0,0,0,1,3,2,0
TCK-001313,Email,Relatórios,Faturamento,Média,Free,Sul,41,148.9,0,10,3,4,0,62,11,0,0,0.02,1,1,0,0,3,2,0
TCK-001314,Formulário Web,API,Cancelamento,Alta,Basic,Nordeste,49,90.3,0,21,2,11,0,55,8,0,0,0.0217,1,0,1,0,3,2,0
TCK-001315,Formulário Web,Plataforma Web,Dúvida / Como Fazer,Alta,Free,Nordeste,53,120.5,0,23,6,3,0,53,9,0,0,0.0227,0,0,0,0,3,2,0
TCK-001316,Chat,Faturamento,Problema Técnico,Média,Free,Sudeste,24,131.1,0,13,3,12,0,56,11,0,0,0.0222,0,0,0,0,3,2,0
TCK-001317,Chat,Faturamento,Cancelamento,Média,Free,Sul,2,130.4,0,19,2,9,0,55,8,0,0,0.0217,1,0,1,0,3,2,0
TCK-001318,Telefone,App Mobile,Problema Técnico,Alta,Basic,Norte,62,72.2,0,14,0,1,1,59,10,0,0,0.0204,1,0,0,1,3,2,0
TCK-001319,Email,Integrações,Dúvida / Como Fazer,Baixa,Free,Centro-Oeste,60,207.7,0,18,5,2,0,57,10,1,0,0.0213,0,0,0,0,3,2,0
TCK-001320,Chat,Relatórios,Problema Técnico,Baixa,Free,Nordeste,56,191.1,0,5,0,11,0,59,10,0,0,0.0204,1,0,0,1,3,2,0
TCK-001321,Chat,API,Problema Técnico,Média,Free,Sudeste,62,351.4,0,19,3,12,1,59,10,0,0,0.0204,1,0,0,1,3,2,0
TCK-001322,Email,Integrações,Dúvida / Como Fazer,Baixa,Premium,Nordeste,26,401.8,0,10,4,6,0,56,10,1,0,0.0217,0,0,0,0,3,2,0
TCK-001323,Telefone,App Mobile,Problema Técnico,Média,Premium,Sul,11,95.6,0,19,0,10,0,56,11,0,0,0.0222,0,0,0,0,3,2,0
TCK-001324,Chat,Faturamento,Cancelamento,Média,Enterprise,Sul,28,334.6,0,9,6,4,0,51,8,0,0,0.0233,1,0,0,1,3,2,0
TCK-001325,Email,App Mobile,Dúvida / Como Fazer,Alta,Free,Centro-Oeste,40,105.2,0,19,1,8,0,56,10,1,0,0.0217,0,0,0,0,3,2,0
TCK-001326,Redes Sociais,App Mobile,Problema Técnico,Baixa,Premium,Sudeste,14,432.4,0,4,4,7,0,153,27,0,0,0.0242,0,0,0,0,3,2,0
TCK-001327,Formulário Web,Relatórios,Problema Técnico,Baixa,Basic,Sul,17,164.6,1,13,0,12,0,59,10,0,0,0.0204,1,0,0,1,4,3,1
TCK-001328,Telefone,Relatórios,Problema Técnico,Média,Enterprise,Nordeste,23,226.6,0,19,5,6,0,55,10,0,0,0.0222,0,0,0,0,3,2,0
TCK-001329,Formulário Web,Faturamento,Acesso e Conta,Crítica,Free,Sul,60,39.6,0,5,2,3,0,54,10,0,0,0.0233,0,0,0,0,3,2,0
TCK-001330,Email,Plataforma Web,Dúvida / Como Fazer,Crítica,Basic,Nordeste,14,17.1,0,22,1,5,0,155,27,2,0,0.0238,0,0,0,0,3,2,0
TCK-001331,Redes Sociais,API,Solicitação de Recurso,Média,Basic,Sudeste,7,212.5,0,6,4,7,1,57,9,1,0,0.0208,0,0,0,0,3,2,0
TCK-001332,Email,Relatórios,Problema Técnico,Média,Premium,Sudeste,4,184.8,0,20,5,2,0,59,10,0,0,0.0204,1,0,0,1,3,2,0
TCK-001333,Telefone,Integrações,Problema Técnico,Baixa,Basic,Centro-Oeste,35,252.8,0,5,5,9,0,55,10,0,0,0.0222,0,0,0,0,3,2,0
TCK-001334,Chat,Faturamento,Problema Técnico,Alta,Premium,Sul,19,44.5,0,11,2,1,1,56,11,0,0,0.0222,0,0,0,0,3,2,0
TCK-001335,Chat,Faturamento,Acesso e Conta,Média,Premium,Centro-Oeste,29,107.4,0,11,3,1,0,54,10,0,0,0.0233,0,0,0,0,3,2,0
TCK-001336,Email,Relatórios,Solicitação de Recurso,Média,Free,Sudeste,51,87.3,0,10,6,11,1,57,9,1,0,0.0208,0,0,0,0,3,2,0
TCK-001337,Redes Sociais,Relatórios,Problema Técnico,Alta,Free,Norte,1,35.6,0,5,6,11,1,55,10,0,0,0.0222,0,0,0,0,3,2,0
TCK-001338,Telefone,Integrações,Acesso e Conta,Alta,Enterprise,Sul,30,36.5,0,1,6,2,0,54,10,0,0,0.0233,0,0,0,0,3,2,0
TCK-001339,Email,Relatórios,Cancelamento,Média,Free,Sul,38,123.2,0,19,2,7,0,61,10,0,0,0.02,1,0,1,0,3,2,0
TCK-001340,Chat,Faturamento,Faturamento,Crítica,Free,Nordeste,38,31.5,0,17,0,6,0,206,33,2,1,0.024,1,0,0,0,3,2,0
TCK-001341,Telefone,Plataforma Web,Cancelamento,Média,Enterprise,Centro-Oeste,26,63.1,0,3,5,8,0,51,8,0,0,0.0233,1,0,0,1,3,2,0
TCK-001342,Chat,API,Bug / Defeito,Média,Free,Norte,41,202.2,0,21,2,6,0,46,9,0,0,0.0303,2,0,0,1,3,2,0
TCK-001343,Email,Faturamento,Bug / Defeito,Média,Premium,Sudeste,11,121.7,0,21,0,3,0,61,10,0,0,0.02,1,0,0,1,3,2,0
TCK-001344,Chat,Integrações,Acesso e Conta,Alta,Basic,Norte,56,90.8,0,17,1,3,0,64,9,0,0,0.037,1,0,0,0,3,2,0
TCK-001345,Formulário Web,API,Bug / Defeito,Baixa,Basic,Centro-Oeste,50,203.7,0,0,4,6,0,61,10,0,0,0.02,1,0,0,1,3,2,0
TCK-001346,Email,API,Cancelamento,Média,Premium,Sudeste,49,94.0,0,12,6,10,0,145,23,0,0,0.025,2,0,0,1,3,2,0
TCK-001347,Telefone,Plataforma Web,Bug / Defeito,Média,Premium,Centro-Oeste,46,158.9,0,15,2,3,0,61,11,0,0,0.0408,0,0,0,1,3,2,0
TCK-001348,Redes Sociais,App Mobile,Solicitação de Recurso,Média,Premium,Centro-Oeste,45,156.2,0,1,1,8,1,123,21,0,0,0.03,0,0,0,0,3,2,0
TCK-001349,Email,Integrações,Dúvida / Como Fazer,Alta,Enterprise,Sudeste,50,60.0,0,10,1,3,0,56,10,1,0,0.0217,0,0,0,0,3,2,0
TCK-001350,Telefone,Relatórios,Dúvida / Como Fazer,Média,Free,Centro-Oeste,37,107.4,0,5,5,8,0,56,10,1,0,0.0217,0,0,0,0,3,2,0
TCK-001351,Chat,Faturamento,Faturamento,Baixa,Basic,Sul,50,527.8,0,10,2,4,0,62,11,0,0,0.02,1,1,0,0,3,2,0
TCK-001352,Telefone,Plataforma Web,Acesso e Conta,Baixa,Premium,Sul,9,183.4,0,8,3,5,0,64,12,0,0,0.0192,0,0,0,0,3,2,0
TCK-001353,Email,Plataforma Web,Acesso e Conta,Média,Free,Sul,13,318.6,0,8,6,1,0,64,9,0,0,0.037,1,0,0,0,3,2,0
TCK-001354,Chat,API,Bug / Defeito,Alta,Basic,Norte,56,89.1,0,22,0,1,0,165,27,0,0,0.0224,2,0,0,1,3,2,0
TCK-001355,Email,Integrações,Dúvida / Como Fazer,Média,Free,Sul,48,196.2,0,18,0,11,0,57,10,1,0,0.0213,0,0,0,0,3,2,0
TCK-001356,Formulário Web,Faturamento,Problema Técnico,Baixa,Premium,Centro-Oeste,3,193.6,0,6,6,5,0,59,10,0,0,0.0204,1,0,0,1,3,2,0
TCK-001357,Email,Relatórios,Acesso e Conta,Média,Basic,Centro-Oeste,35,162.1,0,11,5,8,0,64,9,0,0,0.037,1,0,0,0,3,2,0
TCK-001358,Chat,App Mobile,Problema Técnico,Baixa,Premium,Nordeste,19,128.2,0,23,1,1,0,56,11,0,0,0.0222,0,0,0,0,3,2,0
TCK-001359,Email,Plataforma Web,Problema Técnico,Baixa,Premium,Norte,39,194.1,0,21,2,4,0,55,10,0,0,0.0222,0,0,0,0,3,2,0
TCK-001360,Telefone,Integrações,Dúvida / Como Fazer,Média,Basic,Sudeste,80,133.3,0,19,6,6,0,56,10,1,0,0.0217,0,0,0,0,3,2,0
TCK-001361,Redes Sociais,Faturamento,Acesso e Conta,Média,Enterprise,Norte,36,72.5,1,6,3,7,0,54,10,0,0,0.0233,0,0,0,0,4,3,1
TCK-001362,Chat,Relatórios,Faturamento,Alta,Premium,Norte,35,64.5,0,1,5,8,0,45,8,0,0,0.027,0,0,0,0,3,2,0
TCK-001363,Formulário Web,App Mobile,Faturamento,Alta,Free,Sudeste,93,85.2,0,13,4,3,1,59,9,1,0,0.0204,0,0,0,0,3,2,0
TCK-001364,Formulário Web,Integrações,Dúvida / Como Fazer,Média,Free,Sudeste,77,87.1,0,15,1,1,0,53,9,0,0,0.0227,0,0,0,0,3,2,0
TCK-001365,Email,Plataforma Web,Bug / Defeito,Baixa,Basic,Sudeste,18,132.4,0,21,6,3,0,61,11,0,0,0.0408,0,0,0,1,3,2,0
TCK-001366,Email,Integrações,Dúvida / Como Fazer,Baixa,Enterprise,Sudeste,23,337.2,0,6,2,10,0,57,10,1,0,0.0213,0,0,0,0,3,2,0
TCK-001367,Redes Sociais,Integrações,Bug / Defeito,Alta,Enterprise,Nordeste,39,54.5,1,1,2,12,1,80,14,0,0,0.0328,3,0,0,1,4,3,1
TCK-001368,Email,App Mobile,Problema Técnico,Baixa,Enterprise,Norte,100,191.0,0,14,4,8,0,59,10,0,0,0.0204,1,0,0,1,3,2,0
TCK-001369,Email,Integrações,Problema Técnico,Alta,Free,Sul,14,40.5,0,20,4,10,1,59,10,0,0,0.0204,1,0,0,1,3,2,0
TCK-001370,Chat,Faturamento,Cancelamento,Média,Free,Nordeste,51,185.7,1,14,1,10,0,61,10,0,0,0.02,1,0,1,0,4,3,1
TCK-001371,Telefone,Plataforma Web,Dúvida / Como Fazer,Baixa,Basic,Centro-Oeste,23,210.4,0,13,2,7,0,56,10,1,0,0.0217,0,0,0,0,3,2,0
TCK-001372,Formulário Web,Integrações,Dúvida / Como Fazer,Média,Enterprise,Centro-Oeste,32,105.2,0,22,5,7,0,56,10,1,0,0.0217,0,0,0,0,3,2,0
TCK-001373,Email,API,Dúvida / Como Fazer,Média,Free,Sudeste,27,229.9,0,0,2,10,0,149,25,0,0,0.0246,0,0,0,0,3,2,0
TCK-001374,Chat,Plataforma Web,Acesso e Conta,Baixa,Basic,Centro-Oeste,16,150.5,0,4,3,10,0,64,9,0,0,0.037,1,0,0,0,3,2,0
TCK-001375,Telefone,Relatórios,Acesso e Conta,Alta,Basic,Centro-Oeste,49,43.6,0,8,5,11,0,54,10,0,0,0.0233,0,0,0,0,3,2,0
TCK-001376,Telefone,Plataforma Web,Solicitação de Recurso,Média,Free,Sudeste,37,166.5,0,5,6,9,1,40,7,0,0,0.0303,0,0,0,0,3,2,0
TCK-001377,Email,App Mobile,Cancelamento,Baixa,Premium,Norte,16,295.0,0,3,4,10,0,61,10,0,0,0.02,1,0,1,0,3,2,0
TCK-001378,Email,API,Dúvida / Como Fazer,Média,Free,Nordeste,49,328.8,0,13,5,10,0,53,9,0,0,0.0227,0,0,0,0,3,2,0
TCK-001379,Formulário Web,Relatórios,Bug / Defeito,Baixa,Enterprise,Sul,52,244.0,0,18,0,9,0,165,27,0,0,0.0224,2,0,0,1,3,2,0
TCK-001380,Email,Relatórios,Cancelamento,Média,Basic,Centro-Oeste,22,173.3,0,19,5,3,0,61,10,0,0,0.02,1,0,1,0,3,2,0
TCK-001381,Telefone,App Mobile,Problema Técnico,Baixa,Premium,Centro-Oeste,67,192.1,0,13,5,3,0,55,10,0,0,0.0222,0,0,0,0,3,2,0
TCK-001382,Redes Sociais,API,Solicitação de Recurso,Média,Free,Sudeste,10,85.6,1,6,6,7,1,40,7,0,0,0.0303,0,0,0,0,4,3,1
TCK-001383,Email,API,Acesso e Conta,Baixa,Basic,Norte,37,187.3,0,0,6,11,0,64,9,0,0,0.037,1,0,0,0,3,2,0
TCK-001384,Telefone,Integrações,Solicitação de Recurso,Baixa,Premium,Centro-Oeste,53,170.6,0,21,3,6,0,57,9,1,0,0.0208,0,0,0,0,3,2,0
TCK-001385,Email,App Mobile,Dúvida / Como Fazer,Média,Enterprise,Sudeste,37,57.8,0,1,3,5,0,57,10,1,0,0.0213,0,0,0,0,3,2,0
TCK-001386,Email,App Mobile,Acesso e Conta,Crítica,Premium,Norte,52,38.8,0,11,4,5,0,54,10,0,0,0.0233,0,0,0,0,3,2,0
TCK-001387,Chat,Integrações,Dúvida / Como Fazer,Média,Enterprise,Sudeste,36,143.7,0,7,4,9,0,57,10,1,0,0.0213,0,0,0,0,3,2,0
TCK-001388,Email,App Mobile,Acesso e Conta,Média,Premium,Centro-Oeste,0,375.5,0,21,5,3,0,54,10,0,0,0.0233,0,0,0,0,3,2,0
TCK-001389,Redes Sociais,Plataforma Web,Acesso e Conta,Baixa,Premium,Norte,39,109.9,0,10,2,1,0,64,9,0,0,0.037,1,0,0,0,3,2,0
TCK-001390,Formulário Web,Integrações,Bug / Defeito,Baixa,Premium,Nordeste,84,368.5,1,11,6,4,0,46,9,0,0,0.0303,2,0,0,1,4,3,1
TCK-001391,Email,Plataforma Web,Cancelamento,Média,Free,Sudeste,35,138.5,0,19,1,4,0,51,8,0,0,0.0233,1,0,0,1,3,2,0
TCK-001392,Email,API,Dúvida / Como Fazer,Média,Basic,Nordeste,71,255.9,0,18,5,8,0,157,27,2,0,0.0234,0,0,0,0,3,2,0
TCK-001393,Chat,Faturamento,Cancelamento,Média,Free,Nordeste,59,211.7,0,14,6,3,0,61,10,0,0,0.02,1,0,1,0,3,2,0
TCK-001394,Chat,API,Acesso e Conta,Média,Free,Nordeste,71,257.0,0,17,5,4,0,171,31,0,0,0.0217,0,0,0,0,3,2,0
TCK-001395,Chat,Relatórios,Faturamento,Baixa,Basic,Norte,57,272.6,0,16,6,8,0,62,11,0,0,0.02,1,1,0,0,3,2,0
TCK-001396,Chat,Faturamento,Bug / Defeito,Alta,Basic,Sul,46,58.4,0,12,0,8,1,61,10,0,0,0.02,1,0,0,1,3,2,0
TCK-001397,Formulário Web,API,Bug / Defeito,Baixa,Premium,Sul,46,266.9,0,12,0,7,0,46,9,0,0,0.0303,2,0,0,1,3,2,0
TCK-001398,Chat,App Mobile,Dúvida / Como Fazer,Alta,Basic,Sudeste,4,37.6,0,1,5,5,0,157,27,2,0,0.0234,0,0,0,0,3,2,0
TCK-001399,Chat,Integrações,Solicitação de Recurso,Média,Free,Norte,8,127.6,1,6,4,4,1,40,7,0,0,0.0303,0,0,0,0,4,3,1
TCK-001400,Telefone,API,Cancelamento,Alta,Free,Centro-Oeste,30,83.8,0,15,6,12,1,51,8,0,0,0.0233,1,0,0,1,3,2,0
TCK-001401,Formulário Web,Relatórios,Problema Técnico,Alta,Free,Nordeste,32,48.3,0,0,5,11,1,59,10,0,0,0.0204,1,0,0,1,3,2,0
TCK-001402,Chat,Relatórios,Problema Técnico,Baixa,Enterprise,Sudeste,12,101.1,0,0,2,4,0,59,10,0,0,0.0204,1,0,0,1,3,2,0
TCK-001403,Telefone,Integrações,Dúvida / Como Fazer,Crítica,Free,Centro-Oeste,52,37.8,0,7,2,8,0,56,10,1,0,0.0217,0,0,0,0,3,2,0
TCK-001404,Email,Faturamento,Acesso e Conta,Média,Premium,Centro-Oeste,30,85.3,0,6,5,8,0,64,9,0,0,0.037,1,0,0,0,3,2,0
TCK-001405,Telefone,API,Faturamento,Baixa,Premium,Norte,43,150.1,0,16,0,4,0,161,25,2,0,0.0227,0,0,0,0,3,2,0
TCK-001406,Email,Faturamento,Dúvida / Como Fazer,Baixa,Free,Sudeste,21,111.1,0,16,3,5,0,157,27,2,0,0.0234,0,0,0,0,3,2,0
TCK-001407,Email,API,Faturamento,Média,Premium,Sul,46,163.4,0,10,5,2,0,45,8,0,0,0.027,0,0,0,0,3,2,0
TCK-001408,Chat,App Mobile,Faturamento,Baixa,Enterprise,Sul,39,173.4,0,10,3,10,0,62,11,0,0,0.02,1,1,0,0,3,2,0
TCK-001409,Telefone,Integrações,Acesso e Conta,Média,Free,Centro-Oeste,41,103.4,1,23,3,10,0,64,9,0,0,0.037,1,0,0,0,4,3,1
TCK-001410,Chat,Plataforma Web,Solicitação de Recurso,Alta,Basic,Norte,38,69.7,0,15,0,5,0,40,7,0,0,0.0303,0,0,0,0,3,2,0
TCK-001411,Chat,Faturamento,Bug / Defeito,Crítica,Enterprise,Sul,68,55.6,0,0,0,10,1,61,10,0,0,0.02,1,0,0,1,3,2,0
TCK-001412,Email,Plataforma Web,Problema Técnico,Crítica,Enterprise,Nordeste,81,61.6,0,11,3,9,1,100,18,0,1,0.025,1,0,0,0,3,2,0
TCK-001413,Redes Sociais,App Mobile,Problema Técnico,Alta,Free,Norte,44,62.7,1,8,2,7,1,100,18,0,0,0.025,0,0,0,0,4,3,1
TCK-001414,Redes Sociais,Relatórios,Solicitação de Recurso,Média,Premium,Sudeste,19,99.2,0,17,0,7,1,40,7,0,0,0.0303,0,0,0,0,3,2,0
TCK-001415,Chat,Plataforma Web,Dúvida / Como Fazer,Média,Enterprise,Nordeste,22,112.6,0,0,1,7,0,56,10,1,0,0.0217,0,0,0,0,3,2,0
TCK-001416,Chat,API,Problema Técnico,Alta,Premium,Norte,44,63.2,0,6,0,6,1,56,11,0,0,0.0222,0,0,0,0,3,2,0
TCK-001417,Chat,Faturamento,Problema Técnico,Média,Basic,Nordeste,40,117.9,0,8,3,7,0,55,10,0,0,0.0222,0,0,0,0,3,2,0
TCK-001418,Formulário Web,Faturamento,Cancelamento,Média,Free,Nordeste,42,59.3,1,21,2,7,0,145,23,0,0,0.025,2,0,0,1,4,3,1
TCK-001419,Chat,Integrações,Bug / Defeito,Baixa,Free,Centro-Oeste,68,152.3,0,16,1,9,0,61,10,0,0,0.02,1,0,0,1,3,2,0
TCK-001420,Formulário Web,Faturamento,Acesso e Conta,Baixa,Basic,Centro-Oeste,71,331.6,0,10,3,4,0,171,31,0,0,0.0217,0,0,0,0,3,2,0
TCK-001421,Telefone,API,Bug / Defeito,Baixa,Free,Sudeste,31,149.9,0,10,6,11,0,165,27,0,0,0.0224,2,0,0,1,3,2,0
TCK-001422,Email,Faturamento,Solicitação de Recurso,Baixa,Enterprise,Sul,24,115.2,0,2,1,9,0,55,8,0,0,0.0638,0,0,0,0,3,2,0
TCK-001423,Email,Plataforma Web,Dúvida / Como Fazer,Média,Basic,Centro-Oeste,32,311.5,0,0,4,11,0,53,9,0,0,0.0227,0,0,0,0,3,2,0
TCK-001424,Chat,Integrações,Solicitação de Recurso,Alta,Basic,Sul,66,63.0,0,11,5,12,1,55,8,0,0,0.0638,0,0,0,0,3,2,0
TCK-001425,Telefone,App Mobile,Acesso e Conta,Média,Basic,Norte,47,150.4,0,7,4,5,0,171,31,0,0,0.0217,0,0,0,0,3,2,0
TCK-001426,Email,App Mobile,Dúvida / Como Fazer,Alta,Free,Centro-Oeste,40,84.6,0,21,3,1,0,53,9,0,0,0.0227,0,0,0,0,3,2,0
TCK-001427,Email,API,Dúvida / Como Fazer,Média,Free,Nordeste,72,190.3,0,9,0,3,0,56,10,1,0,0.0217,0,0,0,0,3,2,0
TCK-001428,Formulário Web,Integrações,Problema Técnico,Baixa,Free,Norte,47,275.3,1,9,6,12,0,153,27,0,0,0.0242,0,0,0,0,4,3,1
TCK-001429,Chat,Plataforma Web,Cancelamento,Alta,Premium,Sul,63,99.9,0,9,0,2,0,95,15,0,0,0.0256,2,0,1,0,3,2,0
TCK-001430,Email,API,Acesso e Conta,Alta,Enterprise,Sudeste,0,38.8,0,20,2,2,0,98,17,0,0,0.0256,0,0,0,0,3,2,0
TCK-001431,Formulário Web,Integrações,Acesso e Conta,Alta,Premium,Norte,33,47.0,0,8,6,10,0,98,17,0,0,0.025,1,0,0,0,3,2,0
TCK-001432,Email,Integrações,Cancelamento,Média,Free,Sul,91,116.2,0,12,5,7,0,51,8,0,0,0.0233,1,0,0,1,3,2,0
TCK-001433,Email,Integrações,Cancelamento,Baixa,Basic,Sudeste,77,292.9,0,17,5,6,0,51,8,0,0,0.0233,1,0,0,1,3,2,0
TCK-001434,Redes Sociais,Faturamento,Dúvida / Como Fazer,Média,Free,Norte,21,312.3,0,5,5,1,0,56,10,1,0,0.0217,0,0,0,0,3,2,0
TCK-001435,Chat,Plataforma Web,Bug / Defeito,Média,Premium,Norte,33,117.7,0,3,5,9,0,46,9,0,0,0.0303,2,0,0,1,3,2,0
TCK-001436,Formulário Web,Plataforma Web,Dúvida / Como Fazer,Alta,Free,Sul,18,43.4,0,13,1,10,0,53,9,0,0,0.0227,0,0,0,0,3,2,0
TCK-001437,Chat,API,Problema Técnico,Média,Free,Nordeste,54,114.8,0,3,2,3,0,55,10,0,0,0.0222,0,0,0,0,3,2,0
TCK-001438,Chat,Integrações,Cancelamento,Média,Basic,Norte,32,112.3,0,4,6,3,0,51,8,0,0,0.0233,1,0,0,1,3,2,0
TCK-001439,Email,App Mobile,Problema Técnico,Alta,Free,Sudeste,27,63.3,0,23,0,1,1,55,10,0,0,0.0222,0,0,0,0,3,2,0
TCK-001440,Telefone,App Mobile,Problema Técnico,Média,Premium,Norte,62,67.8,0,20,3,2,0,161,27,0,0,0.0227,2,0,0,1,3,2,0
TCK-001441,Email,Integrações,Faturamento,Média,Basic,Centro-Oeste,39,258.8,0,23,3,2,0,45,8,0,0,0.027,0,0,0,0,3,2,0
TCK-001442,Telefone,Integrações,Problema Técnico,Média,Premium,Sul,42,64.9,0,6,6,11,0,55,10,0,0,0.0222,0,0,0,0,3,2,0
TCK-001443,Email,Plataforma Web,Dúvida / Como Fazer,Média,Premium,Norte,38,83.6,0,5,5,7,0,56,10,1,0,0.0217,0,0,0,0,3,2,0
TCK-001444,Email,Relatórios,Faturamento,Baixa,Free,Sudeste,25,510.8,0,8,2,5,0,45,8,0,0,0.027,0,0,0,0,3,2,0
TCK-001445,Formulário Web,Relatórios,Acesso e Conta,Média,Enterprise,Centro-Oeste,36,130.3,0,0,5,11,0,171,31,0,0,0.0217,0,0,0,0,3,2,0
TCK-001446,Email,Faturamento,Faturamento,Média,Free,Centro-Oeste,36,150.6,0,17,5,9,0,62,11,0,0,0.02,1,1,0,0,3,2,0
TCK-001447,Chat,Faturamento,Solicitação de Recurso,Baixa,Free,Nordeste,0,243.4,0,20,6,3,1,40,7,0,0,0.0303,0,0,0,0,3,2,0
TCK-001448,Chat,API,Bug / Defeito,Alta,Premium,Sudeste,18,39.3,0,5,2,3,1,95,15,0,0,0.0256,2,0,0,1,3,2,0
TCK-001449,Formulário Web,Relatórios,Solicitação de Recurso,Baixa,Premium,Sul,38,376.4,0,22,2,8,0,40,7,0,0,0.0303,0,0,0,0,3,2,0
TCK-001450,Email,App Mobile,Bug / Defeito,Baixa,Enterprise,Norte,43,252.2,0,23,3,4,0,61,11,0,0,0.0408,0,0,0,1,3,2,0
TCK-001451,Email,Integrações,Faturamento,Baixa,Free,Sul,29,286.6,0,22,2,1,0,59,9,1,0,0.0204,0,0,0,0,3,2,0
TCK-001452,Formulário Web,Integrações,Faturamento,Crítica,Basic,Norte,25,23.4,0,2,4,10,1,93,14,1,0,0.026,1,0,0,0,3,2,0
TCK-001453,Redes Sociais,Relatórios,Bug / Defeito,Média,Free,Centro-Oeste,23,145.3,1,20,2,6,1,46,9,0,0,0.0303,2,0,0,1,4,3,1
TCK-001454,Chat,Faturamento,Bug / Defeito,Média,Basic,Sudeste,45,99.6,0,14,6,11,0,61,11,0,0,0.0408,0,0,0,1,3,2,0
TCK-001455,Formulário Web,Faturamento,Cancelamento,Média,Free,Sudeste,44,61.0,0,6,2,6,0,55,8,0,0,0.0217,1,0,1,0,3,2,0
TCK-001456,Email,Integrações,Faturamento,Média,Premium,Sudeste,48,63.5,0,21,6,6,0,45,8,0,0,0.027,0,0,0,0,3,2,0
TCK-001457,Email,App Mobile,Bug / Defeito,Baixa,Free,Norte,44,164.6,0,14,1,3,0,46,9,0,0,0.0303,2,0,0,1,3,2,0
TCK-001458,Redes Sociais,Plataforma Web,Faturamento,Crítica,Premium,Centro-Oeste,52,51.1,0,16,0,10,1,59,9,1,0,0.0204,0,0,0,0,3,2,0
TCK-001459,Email,Plataforma Web,Problema Técnico,Alta,Enterprise,Centro-Oeste,55,45.4,1,3,4,11,1,55,10,0,0,0.0222,0,0,0,0,4,3,1
TCK-001460,Formulário Web,API,Dúvida / Como Fazer,Crítica,Basic,Norte,23,46.9,0,7,1,9,0,56,10,1,0,0.0217,0,0,0,0,3,2,0
TCK-001461,Formulário Web,App Mobile,Solicitação de Recurso,Média,Basic,Norte,43,115.7,0,10,3,2,1,40,7,0,0,0.0303,0,0,0,0,3,2,0
TCK-001462,Redes Sociais,App Mobile,Acesso e Conta,Baixa,Premium,Nordeste,0,244.0,0,21,6,6,0,151,27,0,0,0.025,0,0,0,0,3,2,0
TCK-001463,Chat,Plataforma Web,Acesso e Conta,Baixa,Basic,Nordeste,49,196.4,0,16,4,10,0,54,10,0,0,0.0233,0,0,0,0,3,2,0
TCK-001464,Formulário Web,API,Dúvida / Como Fazer,Média,Basic,Nordeste,41,75.3,0,4,3,2,0,155,27,2,0,0.0238,0,0,0,0,3,2,0
TCK-001465,Chat,Plataforma Web,Problema Técnico,Alta,Enterprise,Nordeste,69,90.0,0,11,0,10,0,155,29,0,0,0.0242,0,0,0,0,3,2,0
TCK-001466,Email,API,Problema Técnico,Crítica,Free,Centro-Oeste,17,18.7,1,21,5,12,1,55,10,0,0,0.0222,0,0,0,0,4,3,1
TCK-001467,Email,App Mobile,Dúvida / Como Fazer,Baixa,Free,Nordeste,5,204.0,0,8,3,10,0,149,25,0,0,0.0246,0,0,0,0,3,2,0
TCK-001468,Email,Faturamento,Acesso e Conta,Baixa,Premium,Sul,82,129.2,0,23,1,11,0,64,9,0,0,0.037,1,0,0,0,3,2,0
TCK-001469,Chat,Relatórios,Faturamento,Média,Enterprise,Sul,27,223.1,0,6,2,1,0,45,8,0,0,0.027,0,0,0,0,3,2,0
TCK-001470,Redes Sociais,Plataforma Web,Bug / Defeito,Baixa,Free,Sul,73,333.9,0,19,6,9,0,61,10,0,0,0.02,1,0,0,1,3,2,0
TCK-001471,Telefone,App Mobile,Bug / Defeito,Média,Basic,Sul,25,53.4,1,8,4,8,1,61,11,0,0,0.0408,0,0,0,1,4,3,1
TCK-001472,Email,API,Dúvida / Como Fazer,Crítica,Premium,Centro-Oeste,44,47.5,0,3,0,11,0,56,10,1,0,0.0217,0,0,0,0,3,2,0
TCK-001473,Formulário Web,API,Dúvida / Como Fazer,Média,Enterprise,Norte,64,111.9,0,8,3,8,0,53,9,0,0,0.0227,0,0,0,0,3,2,0
TCK-001474,Email,App Mobile,Cancelamento,Alta,Premium,Sul,9,48.4,0,2,2,3,0,105,17,0,0,0.0235,1,0,1,0,3,2,0
TCK-001475,Email,API,Bug / Defeito,Alta,Basic,Sul,65,101.1,1,15,5,9,1,106,18,0,1,0.0235,2,0,0,1,4,3,1
TCK-001476,Email,Relatórios,Dúvida / Como Fazer,Média,Premium,Nordeste,73,276.0,0,14,0,5,0,57,10,1,0,0.0213,0,0,0,0,3,2,0
TCK-001477,Email,App Mobile,Acesso e Conta,Média,Free,Nordeste,22,250.5,0,0,0,12,0,64,12,0,0,0.0192,0,0,0,0,3,2,0
TCK-001478,Chat,Relatórios,Acesso e Conta,Alta,Free,Sul,17,58.3,0,7,1,1,0,195,34,0,0,0.0258,0,0,0,0,3,2,0
TCK-001479,Email,App Mobile,Problema Técnico,Alta,Free,Norte,60,85.5,0,13,3,10,1,199,36,0,0,0.0252,0,0,0,0,3,2,0
TCK-001480,Redes Sociais,Relatórios,Cancelamento,Crítica,Basic,Sudeste,22,63.4,0,0,1,6,1,187,28,0,0,0.026,3,0,1,0,3,2,0
TCK-001481,Email,Plataforma Web,Problema Técnico,Alta,Free,Centro-Oeste,37,68.5,1,6,3,12,1,197,34,0,0,0.0252,0,0,0,0,4,3,1
TCK-001482,Email,API,Solicitação de Recurso,Alta,Enterprise,Centro-Oeste,44,44.4,0,8,0,2,1,55,8,0,0,0.0638,0,0,0,0,3,2,0
TCK-001483,Chat,Plataforma Web,Acesso e Conta,Média,Premium,Nordeste,54,116.1,0,11,6,8,0,151,27,0,0,0.025,0,0,0,0,3,2,0
TCK-001484,Chat,Plataforma Web,Acesso e Conta,Crítica,Premium,Sul,24,28.8,0,22,6,4,0,64,9,0,0,0.037,1,0,0,0,3,2,0
TCK-001485,Email,Faturamento,Solicitação de Recurso,Baixa,Free,Sul,58,149.6,0,8,6,6,0,40,7,0,0,0.0303,0,0,0,0,3,2,0
TCK-001486,Formulário Web,API,Acesso e Conta,Média,Enterprise,Sudeste,8,157.2,0,0,5,1,0,64,12,0,0,0.0192,0,0,0,0,3,2,0
TCK-001487,Formulário Web,Plataforma Web,Problema Técnico,Alta,Free,Norte,24,49.6,0,19,6,2,1,59,10,0,0,0.0204,1,0,0,1,3,2,0
TCK-001488,Chat,Faturamento,Problema Técnico,Média,Free,Sul,41,95.5,1,17,3,12,0,155,29,0,0,0.0242,0,0,0,0,4,3,1
TCK-001489,Telefone,API,Cancelamento,Crítica,Premium,Sul,84,53.4,0,14,4,8,0,51,8,0,0,0.0233,1,0,0,1,3,2,0
TCK-001490,Formulário Web,Plataforma Web,Acesso e Conta,Média,Enterprise,Sul,67,210.3,0,12,0,5,0,64,9,0,0,0.037,1,0,0,0,3,2,0
TCK-001491,Redes Sociais,Faturamento,Problema Técnico,Média,Free,Norte,0,83.4,0,0,3,2,0,56,11,0,0,0.0222,0,0,0,0,3,2,0
TCK-001492,Telefone,Relatórios,Solicitação de Recurso,Alta,Free,Nordeste,53,69.1,0,18,1,8,1,40,7,0,0,0.0303,0,0,0,0,3,2,0
TCK-001493,Chat,Integrações,Solicitação de Recurso,Baixa,Free,Nordeste,64,256.4,0,17,3,12,0,40,7,0,0,0.0303,0,0,0,0,3,2,0
TCK-001494,Telefone,Relatórios,Cancelamento,Baixa,Basic,Norte,34,147.0,0,6,3,7,0,55,8,0,0,0.0217,1,0,1,0,3,2,0
TCK-001495,Chat,App Mobile,Faturamento,Média,Basic,Sudeste,53,200.3,0,18,0,3,0,59,9,1,0,0.0204,0,0,0,0,3,2,0
TCK-001496,Email,Faturamento,Solicitação de Recurso,Baixa,Free,Sudeste,24,242.9,0,7,0,2,1,57,9,1,0,0.0208,0,0,0,0,3,2,0
TCK-001497,Telefone,Integrações,Bug / Defeito,Alta,Enterprise,Centro-Oeste,53,65.5,0,17,4,8,1,165,27,0,0,0.0224,2,0,0,1,3,2,0
TCK-001498,Telefone,Relatórios,Problema Técnico,Alta,Free,Nordeste,85,77.2,0,14,3,5,0,199,36,0,0,0.0252,0,0,0,0,3,2,0
TCK-001499,Email,Plataforma Web,Dúvida / Como Fazer,Média,Premium,Sudeste,28,167.9,0,8,3,12,0,157,27,2,0,0.0234,0,0,0,0,3,2,0
TCK-001500,Chat,Integrações,Bug / Defeito,Média,Basic,Centro-Oeste,54,312.3,0,11,3,6,0,46,9,0,0,0.0303,2,0,0,1,3,2,0
TCK-001501,Formulário Web,Integrações,Dúvida / Como Fazer,Média,Free,Sudeste,46,174.9,0,20,4,12,0,56,10,1,0,0.0217,0,0,0,0,3,2,0
TCK-001502,Formulário Web,Relatórios,Bug / Defeito,Alta,Basic,Sudeste,48,62.8,1,0,6,11,1,46,9,0,0,0.0303,2,0,0,1,4,3,1
TCK-001503,Email,Faturamento,Acesso e Conta,Crítica,Basic,Sudeste,10,19.0,0,3,1,9,0,64,12,0,0,0.0192,0,0,0,0,3,2,0
TCK-001504,Formulário Web,API,Bug / Defeito,Média,Free,Sul,18,94.8,0,15,1,3,1,61,11,0,0,0.0408,0,0,0,1,3,2,0
TCK-001505,Chat,Faturamento,Faturamento,Alta,Basic,Sudeste,29,36.2,0,7,6,11,0,62,11,0,0,0.02,1,1,0,0,3,2,0
TCK-001506,Redes Sociais,Plataforma Web,Acesso e Conta,Média,Free,Nordeste,53,181.7,0,9,3,12,0,64,9,0,0,0.037,1,0,0,0,3,2,0
TCK-001507,Formulário Web,Faturamento,Acesso e Conta,Alta,Enterprise,Norte,36,50.5,0,7,3,6,0,215,38,0,0,0.0231,0,0,0,0,3,2,0
TCK-001508,Telefone,Faturamento,Acesso e Conta,Crítica,Basic,Sudeste,30,28.2,0,7,1,10,0,64,9,0,0,0.037,1,0,0,0,3,2,0
TCK-001509,Formulário Web,API,Acesso e Conta,Média,Premium,Sudeste,48,154.3,1,10,0,8,0,64,9,0,0,0.037,1,0,0,0,4,3,1
TCK-001510,Email,Faturamento,Bug / Defeito,Média,Basic,Centro-Oeste,37,97.7,0,19,6,4,0,61,10,0,0,0.02,1,0,0,1,3,2,0
TCK-001511,Redes Sociais,Faturamento,Solicitação de Recurso,Média,Basic,Centro-Oeste,27,93.8,0,21,6,12,1,55,8,0,0,0.0638,0,0,0,0,3,2,0
TCK-001512,Chat,Relatórios,Dúvida / Como Fazer,Baixa,Free,Sul,10,149.2,0,0,6,6,0,149,25,0,0,0.0246,0,0,0,0,3,2,0
TCK-001513,Formulário Web,Relatórios,Problema Técnico,Média,Free,Nordeste,19,111.9,0,8,3,10,1,55,10,0,0,0.0222,0,0,0,0,3,2,0
TCK-001514,Email,Plataforma Web,Solicitação de Recurso,Média,Enterprise,Sudeste,17,115.0,0,19,2,11,0,55,8,0,0,0.0638,0,0,0,0,3,2,0
TCK-001515,Telefone,Faturamento,Problema Técnico,Média,Free,Sudeste,22,84.5,0,2,5,7,1,55,10,0,0,0.0222,0,0,0,0,3,2,0
TCK-001516,Email,Relatórios,Faturamento,Média,Basic,Centro-Oeste,39,290.2,0,23,3,8,0,59,9,1,0,0.0204,0,0,0,0,3,2,0
TCK-001517,Chat,API,Acesso e Conta,Alta,Free,Sul,52,53.8,0,11,1,1,0,54,10,0,0,0.0233,0,0,0,0,3,2,0
TCK-001518,Chat,Relatórios,Faturamento,Média,Basic,Nordeste,18,140.2,0,23,2,4,0,59,9,1,0,0.0204,0,0,0,0,3,2,0
TCK-001519,Chat,API,Dúvida / Como Fazer,Alta,Premium,Nordeste,19,41.7,0,19,2,12,0,101,18,1,1,0.0247,1,0,0,0,3,2,0
TCK-001520,Telefone,Plataforma Web,Dúvida / Como Fazer,Média,Free,Norte,21,103.0,0,23,1,3,0,56,10,1,0,0.0217,0,0,0,0,3,2,0
TCK-001521,Chat,Faturamento,Faturamento,Alta,Free,Nordeste,35,80.8,0,11,1,7,0,59,9,1,0,0.0204,0,0,0,0,3,2,0
TCK-001522,Chat,App Mobile,Cancelamento,Alta,Free,Sul,35,64.6,0,2,3,9,1,61,10,0,0,0.02,1,0,1,0,3,2,0
TCK-001523,Telefone,Integrações,Bug / Defeito,Crítica,Basic,Centro-Oeste,37,29.3,0,6,3,8,1,135,25,0,0,0.03,4,0,0,1,3,2,0
TCK-001524,Email,Faturamento,Acesso e Conta,Baixa,Basic,Sul,42,209.1,0,21,4,7,0,64,12,0,0,0.0192,0,0,0,0,3,2,0
TCK-001525,Chat,Relatórios,Bug / Defeito,Média,Basic,Norte,37,128.3,0,14,6,3,0,61,11,0,0,0.0408,0,0,0,1,3,2,0
TCK-001526,Redes Sociais,Faturamento,Dúvida / Como Fazer,Média,Premium,Centro-Oeste,24,73.7,0,9,1,7,0,155,27,2,0,0.0238,0,0,0,0,3,2,0
TCK-001527,Chat,Faturamento,Bug / Defeito,Baixa,Free,Norte,9,200.4,0,8,6,9,0,165,29,0,0,0.0379,0,0,0,1,3,2,0
TCK-001528,Email,Integrações,Acesso e Conta,Baixa,Basic,Nordeste,11,384.3,0,20,2,6,0,64,12,0,0,0.0192,0,0,0,0,3,2,0
TCK-001529,Email,Relatórios,Acesso e Conta,Alta,Premium,Sul,56,68.6,0,16,5,12,0,54,10,0,0,0.0233,0,0,0,0,3,2,0
TCK-001530,Formulário Web,Faturamento,Bug / Defeito,Média,Free,Sudeste,52,103.8,0,22,5,8,1,135,25,0,0,0.03,4,0,0,1,3,2,0
TCK-001531,Chat,App Mobile,Faturamento,Média,Basic,Centro-Oeste,67,86.0,0,17,6,1,0,59,9,1,0,0.0204,0,0,0,0,3,2,0
TCK-001532,Chat,App Mobile,Problema Técnico,Média,Enterprise,Norte,50,131.4,0,23,6,6,0,56,11,0,0,0.0222,0,0,0,0,3,2,0
TCK-001533,Telefone,Integrações,Dúvida / Como Fazer,Baixa,Enterprise,Nordeste,40,416.0,0,8,5,8,0,57,10,1,0,0.0213,0,0,0,0,3,2,0
TCK-001534,Chat,Relatórios,Acesso e Conta,Baixa,Basic,Centro-Oeste,27,362.9,1,2,3,7,0,64,12,0,0,0.0192,0,0,0,0,4,3,1
TCK-001535,Email,Integrações,Solicitação de Recurso,Baixa,Free,Norte,27,318.2,0,17,5,8,0,55,8,0,0,0.0638,0,0,0,0,3,2,0
TCK-001536,Telefone,Plataforma Web,Problema Técnico,Média,Free,Sudeste,55,95.3,0,6,1,8,0,59,10,0,0,0.0204,1,0,0,1,3,2,0
TCK-001537,Formulário Web,Faturamento,Dúvida / Como Fazer,Baixa,Enterprise,Norte,38,163.5,0,16,4,2,0,53,9,0,0,0.0227,0,0,0,0,3,2,0
TCK-001538,Email,Integrações,Solicitação de Recurso,Alta,Enterprise,Nordeste,50,84.4,0,14,1,7,1,40,7,0,0,0.0303,0,0,0,0,3,2,0
TCK-001539,Formulário Web,Relatórios,Solicitação de Recurso,Média,Basic,Sudeste,5,154.1,0,6,4,6,1,123,21,0,0,0.03,0,0,0,0,3,2,0
TCK-001540,Redes Sociais,API,Problema Técnico,Crítica,Premium,Centro-Oeste,50,42.2,0,23,1,11,1,197,34,0,0,0.0252,0,0,0,0,3,2,0
TCK-001541,Email,Integrações,Problema Técnico,Alta,Basic,Nordeste,73,80.1,1,17,2,11,1,104,18,0,1,0.0238,2,0,0,1,4,3,1
TCK-001542,Email,Faturamento,Acesso e Conta,Média,Free,Norte,5,157.7,0,20,0,8,0,64,9,0,0,0.037,1,0,0,0,3,2,0
TCK-001543,Email,App Mobile,Problema Técnico,Crítica,Basic,Sudeste,44,39.3,0,23,3,7,1,56,11,0,0,0.0222,0,0,0,0,3,2,0
TCK-001544,Email,App Mobile,Faturamento,Média,Premium,Norte,82,76.9,0,14,0,6,0,59,9,1,0,0.0204,0,0,0,0,3,2,0
TCK-001545,Redes Sociais,Relatórios,Dúvida / Como Fazer,Média,Free,Centro-Oeste,55,135.5,0,20,1,7,0,56,10,1,0,0.0217,0,0,0,0,3,2,0
TCK-001546,Chat,API,Dúvida / Como Fazer,Média,Free,Sudeste,54,115.7,0,6,5,10,0,56,10,1,0,0.0217,0,0,0,0,3,2,0
TCK-001547,Email,Plataforma Web,Cancelamento,Alta,Basic,Nordeste,38,56.1,0,1,5,10,1,51,8,0,0,0.0233,1,0,0,1,3,2,0
TCK-001548,Email,Integrações,Problema Técnico,Baixa,Free,Sul,58,190.4,0,12,0,8,0,55,10,0,0,0.0222,0,0,0,0,3,2,0
TCK-001549,Telefone,Relatórios,Cancelamento,Alta,Basic,Centro-Oeste,16,15.9,0,3,1,3,0,105,17,0,0,0.0235,1,0,1,0,3,2,0
TCK-001550,Email,Relatórios,Acesso e Conta,Baixa,Free,Sul,12,213.0,0,5,0,1,0,54,10,0,0,0.0233,0,0,0,0,3,2,0
TCK-001551,Chat,API,Solicitação de Recurso,Média,Enterprise,Sudeste,42,83.5,0,23,6,2,0,57,9,1,0,0.0208,0,0,0,0,3,2,0
TCK-001552,Telefone,App Mobile,Acesso e Conta,Média,Free,Nordeste,90,192.6,0,14,0,6,0,64,12,0,0,0.0192,0,0,0,0,3,2,0
TCK-001553,Email,Faturamento,Faturamento,Média,Enterprise,Sul,36,69.1,0,4,4,1,0,59,9,1,0,0.0204,0,0,0,0,3,2,0
TCK-001554,Email,Plataforma Web,Dúvida / Como Fazer,Alta,Free,Norte,33,82.5,0,10,2,8,0,91,15,1,0,0.0267,1,0,0,0,3,2,0
TCK-001555,Redes Sociais,App Mobile,Bug / Defeito,Crítica,Basic,Nordeste,57,54.4,0,16,2,7,1,105,17,0,0,0.0235,1,0,0,1,3,2,0
TCK-001556,Chat,App Mobile,Solicitação de Recurso,Média,Free,Norte,30,117.5,0,1,3,1,0,40,7,0,0,0.0303,0,0,0,0,3,2,0
TCK-001557,Telefone,Integrações,Solicitação de Recurso,Baixa,Enterprise,Centro-Oeste,12,325.6,0,14,4,4,0,40,7,0,0,0.0303,0,0,0,0,3,2,0
TCK-001558,Email,API,Dúvida / Como Fazer,Baixa,Enterprise,Sul,12,485.0,1,5,2,10,0,57,10,1,0,0.0213,0,0,0,0,4,3,1
TCK-001559,Email,Relatórios,Faturamento,Média,Basic,Sul,77,203.1,0,10,6,3,0,59,9,1,0,0.0204,0,0,0,0,3,2,0
TCK-001560,Chat,Plataforma Web,Bug / Defeito,Média,Basic,Sul,3,99.3,0,6,0,5,0,61,10,0,0,0.02,1,0,0,1,3,2,0
TCK-001561,Chat,Faturamento,Problema Técnico,Média,Premium,Norte,35,111.8,0,0,5,10,0,56,11,0,0,0.0222,0,0,0,0,3,2,0
TCK-001562,Chat,Faturamento,Acesso e Conta,Crítica,Basic,Sudeste,36,31.5,0,23,1,3,0,64,9,0,0,0.037,1,0,0,0,3,2,0
TCK-001563,Email,Relatórios,Problema Técnico,Alta,Free,Sudeste,34,67.1,1,16,5,8,1,103,17,0,0,0.0238,1,0,0,1,4,3,1
TCK-001564,Email,App Mobile,Faturamento,Média,Free,Nordeste,42,152.5,0,21,0,9,0,45,8,0,0,0.027,0,0,0,0,3,2,0
TCK-001565,Email,Faturamento,Faturamento,Média,Premium,Norte,42,128.7,0,12,5,5,0,62,11,0,0,0.02,1,1,0,0,3,2,0
TCK-001566,Formulário Web,Relatórios,Problema Técnico,Alta,Basic,Centro-Oeste,36,54.8,0,12,0,4,1,59,10,0,0,0.0204,1,0,0,1,3,2,0
TCK-001567,Formulário Web,API,Problema Técnico,Alta,Free,Sul,61,69.0,1,13,3,10,1,100,18,0,1,0.025,1,0,0,0,4,3,1
TCK-001568,Email,Plataforma Web,Acesso e Conta,Baixa,Free,Centro-Oeste,36,294.7,0,13,1,12,0,64,9,0,0,0.037,1,0,0,0,3,2,0
TCK-001569,Chat,Integrações,Solicitação de Recurso,Alta,Premium,Norte,55,71.2,0,6,4,8,1,101,16,1,0,0.0241,0,0,0,0,3,2,0
TCK-001570,Telefone,Faturamento,Bug / Defeito,Alta,Basic,Centro-Oeste,61,64.6,1,12,4,4,1,61,11,0,0,0.0408,0,0,0,1,4,3,1
TCK-001571,Formulário Web,API,Cancelamento,Baixa,Premium,Sul,63,249.1,0,18,0,3,0,55,8,0,0,0.0217,1,0,1,0,3,2,0
TCK-001572,Email,API,Cancelamento,Média,Free,Nordeste,30,137.7,1,8,3,3,1,51,8,0,0,0.0233,1,0,0,1,4,3,1
TCK-001573,Telefone,Faturamento,Cancelamento,Alta,Premium,Norte,7,60.2,0,5,2,3,0,210,35,0,1,0.0237,3,0,1,0,3,2,0
TCK-001574,Chat,Integrações,Problema Técnico,Média,Free,Sudeste,22,69.1,0,6,1,5,0,56,11,0,0,0.0222,0,0,0,0,3,2,0
TCK-001575,Telefone,App Mobile,Dúvida / Como Fazer,Média,Free,Norte,13,91.6,0,2,3,3,0,57,10,1,0,0.0213,0,0,0,0,3,2,0
TCK-001576,Telefone,Plataforma Web,Dúvida / Como Fazer,Baixa,Enterprise,Sudeste,41,218.5,0,16,2,1,0,57,10,1,0,0.0213,0,0,0,0,3,2,0
TCK-001577,Email,Plataforma Web,Bug / Defeito,Alta,Enterprise,Nordeste,65,104.3,0,11,6,9,1,210,35,0,1,0.0237,3,0,0,1,3,2,0
TCK-001578,Email,Faturamento,Problema Técnico,Crítica,Free,Norte,14,29.4,0,20,4,8,1,59,10,0,0,0.0204,1,0,0,1,3,2,0
TCK-001579,Telefone,Plataforma Web,Bug / Defeito,Baixa,Basic,Sudeste,75,188.0,0,14,0,8,0,61,10,0,0,0.02,1,0,0,1,3,2,0
TCK-001580,Redes Sociais,Integrações,Problema Técnico,Baixa,Free,Norte,58,407.7,0,16,5,10,0,55,10,0,0,0.0222,0,0,0,0,3,2,0
TCK-001581,Chat,Integrações,Faturamento,Baixa,Premium,Centro-Oeste,71,180.4,0,5,3,4,0,45,8,0,0,0.027,0,0,0,0,3,2,0
TCK-001582,Telefone,App Mobile,Problema Técnico,Baixa,Premium,Sudeste,41,214.5,0,10,0,7,0,153,27,0,0,0.0242,0,0,0,0,3,2,0
TCK-001583,Redes Sociais,API,Cancelamento,Média,Basic,Nordeste,27,200.3,0,8,2,12,0,55,8,0,0,0.0217,1,0,1,0,3,2,0
TCK-001584,Email,Relatórios,Cancelamento,Média,Free,Sul,57,236.0,0,12,1,5,0,61,10,0,0,0.02,1,0,1,0,3,2,0
TCK-001585,Chat,Relatórios,Cancelamento,Baixa,Enterprise,Sudeste,18,268.3,0,8,2,12,0,61,10,0,0,0.02,1,0,1,0,3,2,0
TCK-001586,Chat,API,Solicitação de Recurso,Média,Free,Sul,0,89.1,1,3,5,4,1,157,25,2,0,0.0231,0,0,0,0,4,3,1
TCK-001587,Redes Sociais,App Mobile,Dúvida / Como Fazer,Baixa,Free,Centro-Oeste,86,303.8,0,13,5,7,0,149,25,0,0,0.0246,0,0,0,0,3,2,0
TCK-001588,Email,Integrações,Dúvida / Como Fazer,Média,Basic,Nordeste,49,212.4,0,2,5,1,0,57,10,1,0,0.0213,0,0,0,0,3,2,0
TCK-001589,Chat,API,Acesso e Conta,Alta,Free,Centro-Oeste,25,33.3,0,4,6,2,0,64,12,0,0,0.0192,0,0,0,0,3,2,0
TCK-001590,Chat,Relatórios,Faturamento,Média,Basic,Norte,65,152.5,0,23,6,3,0,45,8,0,0,0.027,0,0,0,0,3,2,0
TCK-001591,Formulário Web,API,Dúvida / Como Fazer,Média,Basic,Norte,36,60.3,1,21,4,10,0,57,10,1,0,0.0213,0,0,0,0,4,3,1
TCK-001592,Telefone,Faturamento,Bug / Defeito,Média,Basic,Sul,30,71.5,0,15,5,8,0,46,9,0,0,0.0303,2,0,0,1,3,2,0
TCK-001593,Email,Integrações,Faturamento,Alta,Enterprise,Centro-Oeste,37,62.6,0,6,1,4,0,59,9,1,0,0.0204,0,0,0,0,3,2,0
TCK-001594,Telefone,Integrações,Bug / Defeito,Média,Basic,Norte,0,121.7,0,5,0,2,0,61,10,0,0,0.02,1,0,0,1,3,2,0
TCK-001595,Formulário Web,Relatórios,Acesso e Conta,Baixa,Free,Sul,43,395.0,0,23,5,10,0,64,12,0,0,0.0192,0,0,0,0,3,2,0
TCK-001596,Email,Integrações,Cancelamento,Baixa,Basic,Centro-Oeste,52,292.7,0,11,3,8,0,51,8,0,0,0.0233,1,0,0,1,3,2,0
TCK-001597,Telefone,Relatórios,Bug / Defeito,Alta,Basic,Sudeste,35,37.1,0,10,6,1,1,46,9,0,0,0.0303,2,0,0,1,3,2,0
TCK-001598,Email,App Mobile,Acesso e Conta,Baixa,Premium,Sudeste,56,351.2,0,13,5,5,0,54,10,0,0,0.0233,0,0,0,0,3,2,0
TCK-001599,Telefone,Plataforma Web,Problema Técnico,Baixa,Basic,Sul,31,146.4,0,17,1,9,0,59,10,0,0,0.0204,1,0,0,1,3,2,0
TCK-001600,Formulário Web,Relatórios,Faturamento,Alta,Free,Norte,54,53.3,0,14,3,5,0,59,9,1,0,0.0204,0,0,0,0,3,2,0
TCK-001601,Formulário Web,Relatórios,Dúvida / Como Fazer,Alta,Premium,Centro-Oeste,63,76.6,0,7,1,5,0,57,10,1,0,0.0213,0,0,0,0,3,2,0
TCK-001602,Email,Relatórios,Problema Técnico,Baixa,Premium,Sul,21,186.5,0,9,0,3,0,56,11,0,0,0.0222,0,0,0,0,3,2,0
TCK-001603,Chat,Plataforma Web,Cancelamento,Baixa,Basic,Nordeste,82,319.1,0,13,2,1,0,61,10,0,0,0.02,1,0,1,0,3,2,0
TCK-001604,Formulário Web,Relatórios,Problema Técnico,Baixa,Premium,Nordeste,48,631.1,1,18,5,5,0,55,10,0,0,0.0222,0,0,0,0,4,3,1
TCK-001605,Email,Plataforma Web,Problema Técnico,Crítica,Basic,Sul,17,22.4,0,6,3,5,1,199,36,0,0,0.0252,0,0,0,0,3,2,0
TCK-001606,Email,Relatórios,Dúvida / Como Fazer,Média,Free,Sudeste,25,90.8,0,12,1,9,0,149,25,0,0,0.0246,0,0,0,0,3,2,0
TCK-001607,Email,Faturamento,Faturamento,Alta,Basic,Nordeste,33,107.0,0,23,5,3,0,62,11,0,0,0.02,1,1,0,0,3,2,0
TCK-001608,Redes Sociais,API,Solicitação de Recurso,Média,Premium,Nordeste,20,515.9,0,8,4,5,1,40,7,0,0,0.0303,0,0,0,0,3,2,0
TCK-001609,Email,Relatórios,Acesso e Conta,Alta,Free,Sudeste,29,52.5,0,19,5,12,1,171,31,0,0,0.0217,0,0,0,0,3,2,0
TCK-001610,Formulário Web,Faturamento,Acesso e Conta,Baixa,Free,Norte,5,213.4,0,4,1,7,0,151,27,0,0,0.025,0,0,0,0,3,2,0
TCK-001611,Chat,API,Cancelamento,Alta,Free,Sudeste,68,59.3,0,4,6,3,0,165,27,0,0,0.0224,2,0,1,0,3,2,0
TCK-001612,Email,Plataforma Web,Problema Técnico,Média,Premium,Nordeste,45,209.8,0,13,2,4,0,56,11,0,0,0.0222,0,0,0,0,3,2,0
TCK-001613,Email,Relatórios,Faturamento,Baixa,Free,Norte,49,724.2,0,11,1,5,0,59,9,1,0,0.0204,0,0,0,0,3,2,0
TCK-001614,Formulário Web,Plataforma Web,Dúvida / Como Fazer,Crítica,Free,Nordeste,33,30.9,1,1,2,3,0,56,10,1,0,0.0217,0,0,0,0,4,3,1
TCK-001615,Formulário Web,Integrações,Acesso e Conta,Crítica,Basic,Nordeste,51,42.3,1,15,3,7,0,109,17,0,1,0.0337,2,0,0,0,4,3,1
TCK-001616,Formulário Web,App Mobile,Acesso e Conta,Alta,Premium,Sudeste,18,45.5,0,6,6,2,0,151,27,0,0,0.025,0,0,0,0,3,2,0
TCK-001617,Email,Integrações,Faturamento,Crítica,Premium,Sul,55,39.4,0,19,0,12,1,106,18,0,0,0.0235,1,1,0,0,3,2,0
TCK-001618,Chat,Integrações,Faturamento,Média,Basic,Nordeste,56,112.2,0,13,1,5,0,62,11,0,0,0.02,1,1,0,0,3,2,0
TCK-001619,Redes Sociais,Plataforma Web,Faturamento,Média,Basic,Nordeste,31,63.0,0,19,0,8,0,45,8,0,0,0.027,0,0,0,0,3,2,0
TCK-001620,Chat,API,Dúvida / Como Fazer,Baixa,Free,Nordeste,33,139.5,0,5,4,1,0,155,27,2,0,0.0238,0,0,0,0,3,2,0
TCK-001621,Telefone,Plataforma Web,Solicitação de Recurso,Baixa,Premium,Norte,17,167.4,0,1,6,7,0,57,9,1,0,0.0208,0,0,0,0,3,2,0
TCK-001622,Telefone,API,Cancelamento,Média,Basic,Sul,10,62.4,0,1,0,8,0,55,8,0,0,0.0217,1,0,1,0,3,2,0
TCK-001623,Telefone,Faturamento,Acesso e Conta,Alta,Basic,Norte,47,39.8,0,22,6,3,0,171,31,0,0,0.0217,0,0,0,0,3,2,0
TCK-001624,Email,Integrações,Acesso e Conta,Alta,Enterprise,Centro-Oeste,17,59.0,0,8,4,9,0,64,12,0,0,0.0192,0,0,0,0,3,2,0
TCK-001625,Telefone,Plataforma Web,Faturamento,Alta,Free,Sul,29,47.0,0,12,6,4,0,62,11,0,0,0.02,1,1,0,0,3,2,0
TCK-001626,Email,Plataforma Web,Acesso e Conta,Alta,Free,Sudeste,54,114.1,0,17,6,6,0,64,9,0,0,0.037,1,0,0,0,3,2,0
TCK-001627,Email,Plataforma Web,Acesso e Conta,Baixa,Free,Norte,39,449.9,0,19,5,4,0,171,25,0,0,0.0352,2,0,0,0,3,2,0
TCK-001628,Email,App Mobile,Dúvida / Como Fazer,Média,Free,Norte,27,115.9,0,21,5,3,0,56,10,1,0,0.0217,0,0,0,0,3,2,0
TCK-001629,Formulário Web,Integrações,Problema Técnico,Média,Premium,Sul,61,119.5,0,14,3,6,0,59,10,0,0,0.0204,1,0,0,1,3,2,0
TCK-001630,Redes Sociais,Integrações,Bug / Defeito,Baixa,Free,Centro-Oeste,39,204.2,1,13,0,2,0,61,11,0,0,0.0408,0,0,0,1,4,3,1
TCK-001631,Redes Sociais,Plataforma Web,Cancelamento,Alta,Enterprise,Sul,64,118.2,0,12,3,9,0,55,8,0,0,0.0217,1,0,1,0,3,2,0
TCK-001632,Email,Faturamento,Acesso e Conta,Baixa,Basic,Sul,34,304.2,0,8,5,10,0,64,12,0,0,0.0192,0,0,0,0,3,2,0
TCK-001633,Chat,API,Solicitação de Recurso,Média,Enterprise,Nordeste,58,184.5,0,20,3,2,0,40,7,0,0,0.0303,0,0,0,0,3,2,0
TCK-001634,Email,API,Bug / Defeito,Média,Premium,Norte,45,150.4,0,2,1,9,0,61,10,0,0,0.02,1,0,0,1,3,2,0
TCK-001635,Telefone,API,Acesso e Conta,Alta,Basic,Sudeste,42,88.9,0,4,0,3,0,64,12,0,0,0.0192,0,0,0,0,3,2,0
TCK-001636,Email,Faturamento,Cancelamento,Alta,Basic,Centro-Oeste,47,84.0,0,4,3,5,0,95,15,0,0,0.0256,1,0,0,1,3,2,0
TCK-001637,Chat,Integrações,Dúvida / Como Fazer,Baixa,Basic,Centro-Oeste,48,245.9,0,17,5,3,0,56,10,1,0,0.0217,0,0,0,0,3,2,0
TCK-001638,Email,Integrações,Acesso e Conta,Crítica,Premium,Norte,22,23.9,0,7,5,11,0,88,15,0,0,0.0282,1,0,0,0,3,2,0
TCK-001639,Email,Faturamento,Problema Técnico,Alta,Basic,Sul,80,83.3,0,14,1,12,1,56,11,0,0,0.0222,0,0,0,0,3,2,0
TCK-001640,Email,Faturamento,Dúvida / Como Fazer,Média,Enterprise,Norte,66,108.2,0,15,5,7,0,57,10,1,0,0.0213,0,0,0,0,3,2,0
TCK-001641,Email,Relatórios,Dúvida / Como Fazer,Média,Basic,Norte,48,181.7,0,5,6,4,0,53,9,0,0,0.0227,0,0,0,0,3,2,0
TCK-001642,Chat,API,Acesso e Conta,Baixa,Enterprise,Sudeste,53,119.5,0,5,3,2,0,54,10,0,0,0.0233,0,0,0,0,3,2,0
TCK-001643,Telefone,Relatórios,Bug / Defeito,Média,Free,Sul,38,79.7,0,2,3,10,0,61,11,0,0,0.0408,0,0,0,1,3,2,0
TCK-001644,Redes Sociais,Plataforma Web,Problema Técnico,Média,Free,Norte,13,98.3,1,4,2,1,0,55,10,0,0,0.0222,0,0,0,0,4,3,1
TCK-001645,Email,Integrações,Solicitação de Recurso,Alta,Free,Nordeste,42,63.3,0,9,0,10,1,40,7,0,0,0.0303,0,0,0,0,3,2,0
TCK-001646,Email,Faturamento,Solicitação de Recurso,Média,Enterprise,Norte,23,229.8,0,20,0,3,1,55,8,0,0,0.0638,0,0,0,0,3,2,0
TCK-001647,Telefone,App Mobile,Dúvida / Como Fazer,Baixa,Enterprise,Sudeste,33,229.5,0,3,3,12,0,57,10,1,0,0.0213,0,0,0,0,3,2,0
TCK-001648,Formulário Web,Relatórios,Problema Técnico,Média,Free,Sul,82,214.7,0,16,2,10,1,155,29,0,0,0.0242,0,0,0,0,3,2,0
TCK-001649,Chat,Relatórios,Dúvida / Como Fazer,Média,Premium,Centro-Oeste,59,233.5,0,18,2,9,0,56,10,1,0,0.0217,0,0,0,0,3,2,0
TCK-001650,Formulário Web,Relatórios,Faturamento,Média,Premium,Norte,23,134.0,0,7,4,8,0,167,29,0,0,0.0224,2,1,0,0,3,2,0
TCK-001651,Email,Faturamento,Faturamento,Baixa,Premium,Centro-Oeste,0,93.0,0,20,6,12,0,62,11,0,0,0.02,1,1,0,0,3,2,0
TCK-001652,Email,Integrações,Dúvida / Como Fazer,Baixa,Enterprise,Sul,29,149.1,0,22,5,6,0,57,10,1,0,0.0213,0,0,0,0,3,2,0
TCK-001653,Redes Sociais,API,Solicitação de Recurso,Baixa,Free,Sudeste,33,295.3,0,18,0,5,1,40,7,0,0,0.0303,0,0,0,0,3,2,0
TCK-001654,Redes Sociais,API,Dúvida / Como Fazer,Alta,Premium,Sul,79,120.2,0,16,0,4,0,149,25,0,0,0.0246,0,0,0,0,3,2,0
TCK-001655,Email,App Mobile,Cancelamento,Média,Free,Norte,16,317.4,1,7,6,11,0,55,8,0,0,0.0217,1,0,1,0,4,3,1
TCK-001656,Email,Relatórios,Dúvida / Como Fazer,Baixa,Premium,Sul,59,258.4,0,11,1,6,0,57,10,1,0,0.0213,0,0,0,0,3,2,0
TCK-001657,Chat,Faturamento,Dúvida / Como Fazer,Baixa,Premium,Nordeste,58,166.1,0,11,2,9,0,57,10,1,0,0.0213,0,0,0,0,3,2,0
TCK-001658,Email,Integrações,Problema Técnico,Alta,Basic,Nordeste,69,79.0,0,5,1,12,1,103,17,0,0,0.0238,1,0,0,1,3,2,0
TCK-001659,Email,Integrações,Bug / Defeito,Média,Free,Nordeste,14,136.7,0,5,0,6,1,61,10,0,0,0.02,1,0,0,1,3,2,0
TCK-001660,Formulário Web,App Mobile,Problema Técnico,Média,Enterprise,Sul,42,240.6,1,17,2,11,1,56,11,0,0,0.0222,0,0,0,0,4,3,1
TCK-001661,Email,Relatórios,Solicitação de Recurso,Média,Basic,Sul,33,114.5,0,0,1,3,1,153,23,0,0,0.0547,0,0,0,0,3,2,0
TCK-001662,Chat,API,Problema Técnico,Baixa,Basic,Centro-Oeste,16,301.6,0,1,6,3,0,155,29,0,0,0.0242,0,0,0,0,3,2,0
TCK-001663,Email,API,Acesso e Conta,Alta,Premium,Centro-Oeste,16,63.6,0,9,2,3,0,88,15,0,0,0.0282,1,0,0,0,3,2,0
TCK-001664,Chat,Faturamento,Dúvida / Como Fazer,Média,Premium,Nordeste,0,60.2,0,23,3,4,0,53,9,0,0,0.0227,0,0,0,0,3,2,0
TCK-001665,Telefone,App Mobile,Bug / Defeito,Alta,Basic,Norte,33,64.0,0,8,2,12,1,46,9,0,0,0.0303,2,0,0,1,3,2,0
TCK-001666,Email,Faturamento,Solicitação de Recurso,Baixa,Basic,Sul,15,182.0,0,20,4,10,0,123,21,0,0,0.03,0,0,0,0,3,2,0
TCK-001667,Telefone,API,Faturamento,Crítica,Basic,Sudeste,6,13.8,0,8,3,4,0,167,29,0,0,0.0224,2,1,0,0,3,2,0
TCK-001668,Formulário Web,App Mobile,Dúvida / Como Fazer,Crítica,Enterprise,Centro-Oeste,43,41.7,0,12,6,3,0,53,9,0,0,0.0227,0,0,0,0,3,2,0
TCK-001669,Email,Plataforma Web,Faturamento,Alta,Free,Sudeste,57,85.0,0,15,3,8,0,45,8,0,0,0.027,0,0,0,0,3,2,0
TCK-001670,Email,Integrações,Acesso e Conta,Média,Basic,Sudeste,66,149.4,0,15,6,8,0,171,31,0,0,0.0217,0,0,0,0,3,2,0
TCK-001671,Telefone,Faturamento,Acesso e Conta,Média,Enterprise,Nordeste,31,168.1,0,23,1,10,0,64,9,0,0,0.037,1,0,0,0,3,2,0
TCK-001672,Telefone,API,Cancelamento,Baixa,Free,Centro-Oeste,10,203.8,0,21,3,8,0,55,8,0,0,0.0217,1,0,1,0,3,2,0
TCK-001673,Chat,Faturamento,Bug / Defeito,Baixa,Enterprise,Nordeste,49,463.6,1,12,6,6,0,46,9,0,0,0.0303,2,0,0,1,4,3,1
TCK-001674,Formulário Web,API,Acesso e Conta,Média,Free,Sudeste,24,75.8,0,1,1,3,0,64,9,0,0,0.037,1,0,0,0,3,2,0
TCK-001675,Chat,Relatórios,Solicitação de Recurso,Crítica,Basic,Sudeste,28,29.0,0,11,1,11,1,40,7,0,0,0.0303,0,0,0,0,3,2,0
TCK-001676,Email,Plataforma Web,Solicitação de Recurso,Alta,Premium,Norte,55,139.9,0,0,4,8,1,84,14,0,0,0.0294,0,0,0,0,3,2,0
TCK-001677,Chat,API,Dúvida / Como Fazer,Alta,Premium,Nordeste,13,39.9,0,23,2,5,0,87,14,0,0,0.0278,1,0,0,0,3,2,0
TCK-001678,Email,Faturamento,Problema Técnico,Média,Free,Norte,39,162.4,1,1,1,8,1,59,10,0,0,0.0204,1,0,0,1,4,3,1
TCK-001679,Email,Integrações,Faturamento,Média,Free,Centro-Oeste,45,293.6,1,7,3,12,0,59,9,1,0,0.0204,0,0,0,0,4,3,1
TCK-001680,Formulário Web,App Mobile,Acesso e Conta,Baixa,Premium,Norte,57,362.9,0,13,1,9,0,171,31,0,0,0.0217,0,0,0,0,3,2,0
TCK-001681,Email,Integrações,Solicitação de Recurso,Baixa,Free,Sul,59,345.0,0,19,2,7,0,40,7,0,0,0.0303,0,0,0,0,3,2,0
TCK-001682,Email,Plataforma Web,Bug / Defeito,Média,Free,Sudeste,61,343.3,0,16,3,8,1,61,10,0,0,0.02,1,0,0,1,3,2,0
TCK-001683,Email,API,Problema Técnico,Média,Premium,Sul,33,78.9,0,14,2,7,0,55,10,0,0,0.0222,0,0,0,0,3,2,0
TCK-001684,Chat,Plataforma Web,Solicitação de Recurso,Média,Free,Norte,46,140.7,0,13,6,8,1,55,8,0,0,0.0638,0,0,0,0,3,2,0
TCK-001685,Telefone,Plataforma Web,Acesso e Conta,Baixa,Free,Nordeste,42,91.9,0,23,0,3,0,54,10,0,0,0.0233,0,0,0,0,3,2,0
TCK-001686,Formulário Web,API,Faturamento,Crítica,Free,Centro-Oeste,36,36.5,0,16,1,1,1,59,9,1,0,0.0204,0,0,0,0,3,2,0
TCK-001687,Email,Integrações,Faturamento,Média,Premium,Sul,38,192.4,0,3,4,3,0,59,9,1,0,0.0204,0,0,0,0,3,2,0
TCK-001688,Email,Plataforma Web,Dúvida / Como Fazer,Média,Premium,Norte,55,142.0,0,8,1,10,0,56,10,1,0,0.0217,0,0,0,0,3,2,0
TCK-001689,Redes Sociais,API,Bug / Defeito,Baixa,Free,Norte,75,259.7,0,15,1,8,0,61,11,0,0,0.0408,0,0,0,1,3,2,0
TCK-001690,Chat,Integrações,Cancelamento,Média,Enterprise,Sul,62,71.6,0,12,5,2,0,55,8,0,0,0.0217,1,0,1,0,3,2,0
TCK-001691,Chat,Faturamento,Acesso e Conta,Baixa,Enterprise,Sul,21,128.4,0,4,4,10,0,54,10,0,0,0.0233,0,0,0,0,3,2,0
TCK-001692,Email,Relatórios,Acesso e Conta,Alta,Basic,Centro-Oeste,39,52.5,0,18,6,7,0,64,9,0,0,0.037,1,0,0,0,3,2,0
TCK-001693,Chat,Plataforma Web,Bug / Defeito,Média,Enterprise,Nordeste,20,48.9,0,8,3,3,0,46,9,0,0,0.0303,2,0,0,1,3,2,0
TCK-001694,Email,Relatórios,Solicitação de Recurso,Alta,Premium,Centro-Oeste,47,59.5,0,9,1,1,1,40,7,0,0,0.0303,0,0,0,0,3,2,0
TCK-001695,Redes Sociais,Faturamento,Faturamento,Média,Premium,Sudeste,63,105.0,0,12,5,8,0,45,8,0,0,0.027,0,0,0,0,3,2,0
TCK-001696,Chat,Integrações,Dúvida / Como Fazer,Média,Premium,Nordeste,55,107.5,0,15,3,6,0,157,27,2,0,0.0234,0,0,0,0,3,2,0
TCK-001697,Email,API,Dúvida / Como Fazer,Crítica,Free,Norte,66,66.7,0,15,5,10,0,101,17,1,0,0.0244,0,0,0,0,3,2,0
TCK-001698,Email,Integrações,Acesso e Conta,Baixa,Basic,Norte,57,427.5,0,9,3,10,0,64,12,0,0,0.0192,0,0,0,0,3,2,0
TCK-001699,Telefone,App Mobile,Acesso e Conta,Baixa,Enterprise,Nordeste,21,172.0,0,14,5,3,0,64,12,0,0,0.0192,0,0,0,0,3,2,0
TCK-001700,Email,Faturamento,Faturamento,Média,Free,Norte,16,50.2,0,17,3,3,0,62,11,0,0,0.02,1,1,0,0,3,2,0
TCK-001701,Email,App Mobile,Problema Técnico,Baixa,Free,Sul,17,196.3,0,9,1,8,0,59,10,0,0,0.0204,1,0,0,1,3,2,0
TCK-001702,Chat,Faturamento,Dúvida / Como Fazer,Média,Premium,Sudeste,41,161.0,0,3,1,2,0,57,10,1,0,0.0213,0,0,0,0,3,2,0
TCK-001703,Email,Faturamento,Faturamento,Média,Free,Sul,16,104.8,1,23,3,12,0,167,29,0,0,0.0224,2,1,0,0,4,3,1
TCK-001704,Email,Faturamento,Problema Técnico,Média,Premium,Sudeste,24,137.6,0,17,1,9,0,56,11,0,0,0.0222,0,0,0,0,3,2,0
TCK-001705,Chat,App Mobile,Faturamento,Baixa,Basic,Sudeste,1,107.6,0,20,1,7,0,62,11,0,0,0.02,1,1,0,0,3,2,0
TCK-001706,Formulário Web,App Mobile,Problema Técnico,Baixa,Free,Nordeste,31,460.0,0,21,5,3,0,59,10,0,0,0.0204,1,0,0,1,3,2,0
TCK-001707,Chat,Integrações,Problema Técnico,Média,Free,Sul,58,88.1,0,14,2,10,0,59,10,0,0,0.0204,1,0,0,1,3,2,0
TCK-001708,Formulário Web,Integrações,Solicitação de Recurso,Média,Premium,Norte,21,210.4,0,10,5,11,0,55,8,0,0,0.0638,0,0,0,0,3,2,0
TCK-001709,Redes Sociais,App Mobile,Bug / Defeito,Alta,Basic,Sul,17,36.6,1,21,3,5,1,106,19,0,1,0.0357,1,0,0,1,4,3,1
TCK-001710,Email,Faturamento,Dúvida / Como Fazer,Baixa,Basic,Sul,64,331.5,0,18,2,6,0,56,10,1,0,0.0217,0,0,0,0,3,2,0
TCK-001711,Telefone,App Mobile,Acesso e Conta,Média,Basic,Sudeste,33,105.8,0,5,3,2,0,64,9,0,0,0.037,1,0,0,0,3,2,0
TCK-001712,Formulário Web,Relatórios,Acesso e Conta,Média,Free,Norte,43,105.4,0,1,6,3,0,64,9,0,0,0.037,1,0,0,0,3,2,0
TCK-001713,Email,Integrações,Cancelamento,Baixa,Enterprise,Centro-Oeste,73,161.3,1,18,6,5,0,51,8,0,0,0.0233,1,0,0,1,4,3,1
TCK-001714,Redes Sociais,Faturamento,Cancelamento,Alta,Basic,Centro-Oeste,20,160.1,0,12,0,6,1,95,15,0,0,0.0256,2,0,1,0,3,2,0
TCK-001715,Email,App Mobile,Problema Técnico,Baixa,Enterprise,Norte,48,289.8,0,6,4,10,0,59,10,0,0,0.0204,1,0,0,1,3,2,0
TCK-001716,Formulário Web,Relatórios,Acesso e Conta,Alta,Free,Sudeste,49,65.7,0,2,4,9,0,64,12,0,0,0.0192,0,0,0,0,3,2,0
TCK-001717,Chat,App Mobile,Problema Técnico,Alta,Basic,Sudeste,51,44.6,0,23,6,10,1,56,11,0,0,0.0222,0,0,0,0,3,2,0
TCK-001718,Chat,Relatórios,Acesso e Conta,Baixa,Basic,Sudeste,50,162.3,0,22,4,8,0,54,10,0,0,0.0233,0,0,0,0,3,2,0
TCK-001719,Redes Sociais,API,Problema Técnico,Alta,Free,Nordeste,64,83.8,0,4,2,12,1,93,15,0,0,0.026,2,0,0,1,3,2,0
TCK-001720,Redes Sociais,Plataforma Web,Dúvida / Como Fazer,Baixa,Free,Sudeste,36,327.1,0,20,1,9,0,56,10,1,0,0.0217,0,0,0,0,3,2,0
TCK-001721,Email,Relatórios,Dúvida / Como Fazer,Média,Enterprise,Nordeste,31,119.6,0,2,5,1,0,56,10,1,0,0.0217,0,0,0,0,3,2,0
TCK-001722,Formulário Web,Relatórios,Acesso e Conta,Baixa,Basic,Centro-Oeste,33,182.7,0,6,5,1,0,64,9,0,0,0.037,1,0,0,0,3,2,0
TCK-001723,Telefone,API,Problema Técnico,Baixa,Free,Sul,54,160.9,0,22,5,1,0,59,10,0,0,0.0204,1,0,0,1,3,2,0
TCK-001724,Formulário Web,Faturamento,Problema Técnico,Média,Premium,Nordeste,10,258.5,0,0,0,3,0,56,11,0,0,0.0222,0,0,0,0,3,2,0
TCK-001725,Chat,Relatórios,Solicitação de Recurso,Média,Free,Norte,27,63.0,0,23,1,5,0,40,7,0,0,0.0303,0,0,0,0,3,2,0
TCK-001726,Email,App Mobile,Bug / Defeito,Média,Enterprise,Nordeste,43,132.9,0,14,3,3,0,135,25,0,0,0.03,4,0,0,1,3,2,0
TCK-001727,Chat,App Mobile,Solicitação de Recurso,Alta,Free,Centro-Oeste,43,76.0,0,17,0,2,1,100,16,0,1,0.0488,1,0,0,0,3,2,0
TCK-001728,Email,Integrações,Acesso e Conta,Média,Basic,Sudeste,35,121.6,0,19,3,9,0,64,9,0,0,0.037,1,0,0,0,3,2,0
TCK-001729,Chat,Plataforma Web,Dúvida / Como Fazer,Baixa,Free,Nordeste,54,163.8,0,4,6,12,0,57,10,1,0,0.0213,0,0,0,0,3,2,0
TCK-001730,Email,API,Acesso e Conta,Baixa,Premium,Norte,60,457.3,0,11,3,7,0,64,9,0,0,0.037,1,0,0,0,3,2,0
TCK-001731,Telefone,Faturamento,Faturamento,Média,Free,Nordeste,59,132.7,0,16,3,11,0,45,8,0,0,0.027,0,0,0,0,3,2,0
TCK-001732,Email,Integrações,Dúvida / Como Fazer,Média,Free,Nordeste,49,268.0,0,11,6,3,0,56,10,1,0,0.0217,0,0,0,0,3,2,0
TCK-001733,Chat,Faturamento,Problema Técnico,Baixa,Free,Norte,53,118.0,0,14,0,12,0,59,10,0,0,0.0204,1,0,0,1,3,2,0
TCK-001734,Chat,Plataforma Web,Cancelamento,Média,Enterprise,Nordeste,40,100.0,1,8,4,6,0,61,10,0,0,0.02,1,0,1,0,4,3,1
TCK-001735,Formulário Web,Plataforma Web,Problema Técnico,Crítica,Free,Sudeste,2,5.8,0,5,3,10,1,59,10,0,0,0.0204,1,0,0,1,3,2,0
TCK-001736,Email,Faturamento,Bug / Defeito,Média,Basic,Sudeste,62,169.5,0,14,3,8,0,61,10,0,0,0.02,1,0,0,1,3,2,0
TCK-001737,Chat,App Mobile,Problema Técnico,Alta,Basic,Norte,46,65.4,0,5,2,10,0,56,11,0,0,0.0222,0,0,0,0,3,2,0
TCK-001738,Email,Faturamento,Solicitação de Recurso,Média,Basic,Centro-Oeste,28,112.0,0,22,5,5,0,57,9,1,0,0.0208,0,0,0,0,3,2,0
TCK-001739,Email,Faturamento,Faturamento,Média,Basic,Nordeste,54,131.3,1,19,2,10,0,62,11,0,0,0.02,1,1,0,0,4,3,1
TCK-001740,Email,Plataforma Web,Problema Técnico,Média,Free,Sudeste,76,115.1,0,12,6,12,0,155,29,0,0,0.0242,0,0,0,0,3,2,0
TCK-001741,Telefone,Relatórios,Solicitação de Recurso,Média,Premium,Sul,13,240.3,0,21,4,8,0,40,7,0,0,0.0303,0,0,0,0,3,2,0
TCK-001742,Email,Faturamento,Bug / Defeito,Baixa,Basic,Nordeste,51,324.6,0,10,1,9,0,61,11,0,0,0.0408,0,0,0,1,3,2,0
TCK-001743,Telefone,API,Problema Técnico,Crítica,Basic,Norte,54,38.7,0,18,1,2,1,56,11,0,0,0.0222,0,0,0,0,3,2,0
TCK-001744,Email,Plataforma Web,Problema Técnico,Média,Premium,Norte,21,90.4,1,8,1,1,1,153,27,0,0,0.0242,0,0,0,0,4,3,1
TCK-001745,Chat,App Mobile,Dúvida / Como Fazer,Média,Basic,Sul,53,97.2,0,15,3,12,0,157,27,2,0,0.0234,0,0,0,0,3,2,0
TCK-001746,Chat,Faturamento,Faturamento,Alta,Premium,Sudeste,46,43.6,0,7,4,4,0,103,16,1,0,0.0238,0,0,0,0,3,2,0
TCK-001747,Telefone,API,Problema Técnico,Baixa,Free,Norte,69,236.3,0,9,5,5,0,59,10,0,0,0.0204,1,0,0,1,3,2,0
TCK-001748,Formulário Web,API,Problema Técnico,Alta,Basic,Norte,39,55.9,0,4,0,12,1,100,18,0,0,0.025,0,0,0,0,3,2,0
TCK-001749,Chat,App Mobile,Bug / Defeito,Média,Free,Sul,38,168.3,1,11,2,1,1,61,11,0,0,0.0408,0,0,0,1,4,3,1
TCK-001750,Email,API,Problema Técnico,Baixa,Premium,Norte,49,210.5,0,15,3,4,0,59,10,0,0,0.0204,1,0,0,1,3,2,0
TCK-001751,Email,Integrações,Dúvida / Como Fazer,Média,Basic,Nordeste,31,110.6,0,2,3,12,0,157,27,2,0,0.0234,0,0,0,0,3,2,0
TCK-001752,Chat,Integrações,Acesso e Conta,Crítica,Basic,Sudeste,60,49.0,0,7,5,6,0,64,9,0,0,0.037,1,0,0,0,3,2,0
TCK-001753,Telefone,Faturamento,Cancelamento,Alta,Enterprise,Nordeste,28,40.4,0,16,6,11,0,100,16,0,1,0.0247,2,0,1,0,3,2,0
TCK-001754,Email,API,Problema Técnico,Média,Free,Nordeste,68,94.7,1,11,2,10,0,59,10,0,0,0.0204,1,0,0,1,4,3,1
TCK-001755,Telefone,Integrações,Problema Técnico,Média,Basic,Nordeste,71,279.3,0,9,1,12,0,153,27,0,0,0.0242,0,0,0,0,3,2,0
TCK-001756,Chat,API,Problema Técnico,Crítica,Free,Norte,6,23.1,0,5,0,1,1,89,15,0,0,0.0274,1,0,0,0,3,2,0
TCK-001757,Chat,Faturamento,Solicitação de Recurso,Média,Premium,Centro-Oeste,44,132.5,0,16,6,7,0,55,8,0,0,0.0638,0,0,0,0,3,2,0
TCK-001758,Email,Faturamento,Acesso e Conta,Baixa,Free,Sul,32,391.7,0,6,0,1,0,64,9,0,0,0.037,1,0,0,0,3,2,0
TCK-001759,Chat,API,Faturamento,Média,Basic,Norte,30,167.2,0,23,4,10,0,45,8,0,0,0.027,0,0,0,0,3,2,0
TCK-001760,Email,Faturamento,Dúvida / Como Fazer,Crítica,Basic,Nordeste,66,52.0,0,13,5,11,1,53,9,0,0,0.0227,0,0,0,0,3,2,0
TCK-001761,Formulário Web,App Mobile,Faturamento,Alta,Basic,Sudeste,42,52.8,0,10,6,11,0,45,8,0,0,0.027,0,0,0,0,3,2,0
TCK-001762,Formulário Web,API,Dúvida / Como Fazer,Média,Free,Sul,34,482.1,0,4,2,10,0,56,10,1,0,0.0217,0,0,0,0,3,2,0
TCK-001763,Chat,Relatórios,Bug / Defeito,Média,Basic,Nordeste,24,163.3,0,20,6,12,0,46,9,0,0,0.0303,2,0,0,1,3,2,0
TCK-001764,Telefone,Faturamento,Cancelamento,Baixa,Free,Sul,62,130.4,0,4,2,5,0,61,10,0,0,0.02,1,0,1,0,3,2,0
TCK-001765,Email,Integrações,Problema Técnico,Baixa,Basic,Sul,25,169.9,0,1,0,3,0,56,11,0,0,0.0222,0,0,0,0,3,2,0
TCK-001766,Telefone,Integrações,Dúvida / Como Fazer,Média,Free,Norte,73,146.0,0,8,5,10,0,57,10,1,0,0.0213,0,0,0,0,3,2,0
TCK-001767,Email,API,Bug / Defeito,Média,Enterprise,Nordeste,67,90.5,1,11,4,10,0,165,29,0,0,0.0379,0,0,0,1,4,3,1
TCK-001768,Redes Sociais,Faturamento,Cancelamento,Alta,Premium,Sudeste,65,72.4,0,9,5,9,0,85,13,0,0,0.0282,2,0,0,1,3,2,0
TCK-001769,Chat,Relatórios,Solicitação de Recurso,Alta,Basic,Nordeste,0,57.0,0,2,0,6,1,57,9,1,0,0.0208,0,0,0,0,3,2,0
TCK-001770,Telefone,Plataforma Web,Acesso e Conta,Baixa,Free,Sudeste,19,194.5,0,19,0,12,0,64,12,0,0,0.0192,0,0,0,0,3,2,0
TCK-001771,Formulário Web,App Mobile,Faturamento,Baixa,Premium,Centro-Oeste,36,359.0,0,19,6,6,0,45,8,0,0,0.027,0,0,0,0,3,2,0
TCK-001772,Chat,App Mobile,Cancelamento,Média,Free,Centro-Oeste,0,118.2,0,7,5,11,0,51,8,0,0,0.0233,1,0,0,1,3,2,0
TCK-001773,Chat,App Mobile,Cancelamento,Média,Free,Norte,56,80.5,0,2,0,6,0,55,8,0,0,0.0217,1,0,1,0,3,2,0
TCK-001774,Email,Faturamento,Bug / Defeito,Baixa,Free,Sul,53,259.7,1,13,4,11,0,61,10,0,0,0.02,1,0,0,1,4,3,1
TCK-001775,Formulário Web,Integrações,Dúvida / Como Fazer,Média,Enterprise,Sudeste,30,94.0,0,22,4,3,0,56,10,1,0,0.0217,0,0,0,0,3,2,0
TCK-001776,Chat,Relatórios,Dúvida / Como Fazer,Baixa,Free,Norte,73,241.3,0,18,0,10,0,56,10,1,0,0.0217,0,0,0,0,3,2,0
TCK-001777,Formulário Web,Faturamento,Problema Técnico,Baixa,Free,Norte,30,136.5,0,18,4,8,0,59,10,0,0,0.0204,1,0,0,1,3,2,0
TCK-001778,Formulário Web,Plataforma Web,Dúvida / Como Fazer,Baixa,Basic,Sudeste,23,394.9,0,3,0,3,0,56,10,1,0,0.0217,0,0,0,0,3,2,0
TCK-001779,Redes Sociais,API,Faturamento,Alta,Enterprise,Sul,36,58.2,1,0,1,11,1,62,11,0,0,0.02,1,1,0,0,4,3,1
TCK-001780,Formulário Web,Faturamento,Faturamento,Alta,Premium,Nordeste,34,45.5,0,20,4,4,0,59,9,1,0,0.0204,0,0,0,0,3,2,0
TCK-001781,Email,Relatórios,Cancelamento,Média,Premium,Nordeste,93,148.5,0,16,3,1,0,145,23,0,0,0.025,2,0,0,1,3,2,0
TCK-001782,Redes Sociais,Faturamento,Dúvida / Como Fazer,Média,Premium,Centro-Oeste,27,229.9,0,16,1,5,0,56,10,1,0,0.0217,0,0,0,0,3,2,0
TCK-001783,Redes Sociais,Plataforma Web,Acesso e Conta,Alta,Premium,Norte,3,56.6,0,6,3,4,0,98,17,0,0,0.0256,0,0,0,0,3,2,0
TCK-001784,Telefone,Faturamento,Problema Técnico,Alta,Premium,Sudeste,59,67.6,0,9,6,7,0,195,32,0,0,0.025,3,0,0,1,3,2,0
TCK-001785,Formulário Web,Faturamento,Acesso e Conta,Baixa,Premium,Centro-Oeste,63,132.3,0,10,5,11,0,54,10,0,0,0.0233,0,0,0,0,3,2,0
TCK-001786,Telefone,API,Solicitação de Recurso,Média,Free,Sudeste,37,90.2,0,7,0,5,0,57,9,1,0,0.0208,0,0,0,0,3,2,0
TCK-001787,Chat,Faturamento,Problema Técnico,Baixa,Free,Centro-Oeste,78,165.7,0,21,6,11,0,161,27,0,0,0.0227,2,0,0,1,3,2,0
TCK-001788,Email,Integrações,Dúvida / Como Fazer,Média,Basic,Sul,29,136.7,0,7,4,12,0,57,10,1,0,0.0213,0,0,0,0,3,2,0
TCK-001789,Telefone,Relatórios,Bug / Defeito,Média,Basic,Sudeste,24,338.5,0,22,3,8,0,61,10,0,0,0.02,1,0,0,1,3,2,0
TCK-001790,Telefone,Relatórios,Dúvida / Como Fazer,Média,Premium,Nordeste,0,71.7,0,8,2,11,0,56,10,1,0,0.0217,0,0,0,0,3,2,0
TCK-001791,Chat,Relatórios,Bug / Defeito,Alta,Basic,Nordeste,67,65.5,0,12,4,1,1,61,11,0,0,0.0408,0,0,0,1,3,2,0
TCK-001792,Email,API,Problema Técnico,Crítica,Free,Nordeste,18,23.6,0,20,3,6,1,59,10,0,0,0.0204,1,0,0,1,3,2,0
TCK-001793,Email,Faturamento,Faturamento,Média,Premium,Centro-Oeste,54,106.9,0,9,2,1,0,45,8,0,0,0.027,0,0,0,0,3,2,0
TCK-001794,Formulário Web,App Mobile,Dúvida / Como Fazer,Alta,Free,Nordeste,83,94.5,0,18,6,2,0,87,14,0,0,0.0278,1,0,0,0,3,2,0
TCK-001795,Chat,App Mobile,Acesso e Conta,Alta,Premium,Centro-Oeste,73,119.6,0,13,1,8,0,151,27,0,0,0.025,0,0,0,0,3,2,0
TCK-001796,Chat,Plataforma Web,Solicitação de Recurso,Baixa,Enterprise,Norte,13,304.7,0,8,6,9,0,55,8,0,0,0.0638,0,0,0,0,3,2,0
TCK-001797,Chat,Plataforma Web,Acesso e Conta,Crítica,Enterprise,Sudeste,47,32.6,0,8,0,2,0,54,10,0,0,0.0233,0,0,0,0,3,2,0
TCK-001798,Chat,API,Bug / Defeito,Alta,Premium,Sudeste,36,43.5,0,14,6,1,1,180,33,0,1,0.0296,5,0,0,1,3,2,0
TCK-001799,Chat,Integrações,Solicitação de Recurso,Média,Free,Sudeste,59,86.6,0,16,6,1,1,123,21,0,0,0.03,0,0,0,0,3,2,0
TCK-001800,Formulário Web,App Mobile,Dúvida / Como Fazer,Baixa,Premium,Sudeste,60,241.0,0,18,2,5,0,53,9,0,0,0.0227,0,0,0,0,3,2,0
TCK-001801,Chat,Relatórios,Solicitação de Recurso,Média,Basic,Sudeste,37,93.0,1,5,6,1,1,57,9,1,0,0.0208,0,0,0,0,4,3,1
TCK-001802,Email,Faturamento,Problema Técnico,Baixa,Free,Centro-Oeste,78,464.5,0,16,2,7,0,59,10,0,0,0.0204,1,0,0,1,3,2,0
TCK-001803,Chat,Integrações,Dúvida / Como Fazer,Alta,Premium,Sul,36,93.5,0,8,3,5,0,56,10,1,0,0.0217,0,0,0,0,3,2,0
TCK-001804,Telefone,App Mobile,Cancelamento,Média,Free,Nordeste,14,218.3,0,0,3,11,0,61,10,0,0,0.02,1,0,1,0,3,2,0
TCK-001805,Formulário Web,App Mobile,Cancelamento,Média,Basic,Nordeste,25,96.2,0,10,4,11,0,165,27,0,0,0.0224,2,0,1,0,3,2,0
TCK-001806,Chat,Plataforma Web,Bug / Defeito,Crítica,Enterprise,Sudeste,56,48.5,0,6,3,4,1,46,9,0,0,0.0303,2,0,0,1,3,2,0
TCK-001807,Email,Faturamento,Faturamento,Alta,Free,Nordeste,11,23.7,1,6,6,9,1,167,29,0,0,0.0224,2,1,0,0,4,3,1
TCK-001808,Redes Sociais,Faturamento,Cancelamento,Baixa,Basic,Sudeste,0,91.5,0,5,1,5,0,145,23,0,0,0.025,2,0,0,1,3,2,0
TCK-001809,Formulário Web,Integrações,Acesso e Conta,Alta,Basic,Sudeste,49,114.8,0,5,1,4,0,108,19,0,0,0.023,0,0,0,0,3,2,0
TCK-001810,Chat,App Mobile,Dúvida / Como Fazer,Média,Free,Sudeste,31,182.5,0,4,4,1,0,56,10,1,0,0.0217,0,0,0,0,3,2,0
TCK-001811,Chat,Relatórios,Acesso e Conta,Baixa,Free,Sul,66,368.2,0,17,5,9,0,64,12,0,0,0.0192,0,0,0,0,3,2,0
TCK-001812,Email,Integrações,Problema Técnico,Alta,Basic,Centro-Oeste,46,85.8,1,7,0,10,1,161,27,0,0,0.0227,2,0,0,1,4,3,1
TCK-001813,Chat,App Mobile,Bug / Defeito,Alta,Basic,Sudeste,40,64.2,1,0,3,5,1,165,29,0,0,0.0379,0,0,0,1,4,3,1
TCK-001814,Formulário Web,Plataforma Web,Dúvida / Como Fazer,Alta,Free,Sudeste,16,45.1,0,8,4,10,0,57,10,1,0,0.0213,0,0,0,0,3,2,0
TCK-001815,Formulário Web,Plataforma Web,Cancelamento,Baixa,Basic,Nordeste,40,169.1,0,12,2,12,0,51,8,0,0,0.0233,1,0,0,1,3,2,0
TCK-001816,Telefone,Plataforma Web,Dúvida / Como Fazer,Alta,Free,Sudeste,49,72.9,0,11,0,2,0,53,9,0,0,0.0227,0,0,0,0,3,2,0
TCK-001817,Redes Sociais,API,Problema Técnico,Baixa,Free,Centro-Oeste,85,755.9,0,11,4,2,0,59,10,0,0,0.0204,1,0,0,1,3,2,0
TCK-001818,Chat,Integrações,Problema Técnico,Média,Free,Norte,35,68.2,0,18,4,11,0,55,10,0,0,0.0222,0,0,0,0,3,2,0
TCK-001819,Chat,Relatórios,Cancelamento,Alta,Free,Nordeste,5,29.7,0,4,3,7,0,210,35,0,1,0.0237,3,0,1,0,3,2,0
TCK-001820,Email,API,Problema Técnico,Baixa,Free,Sudeste,18,257.1,0,22,5,12,0,59,10,0,0,0.0204,1,0,0,1,3,2,0
TCK-001821,Email,App Mobile,Acesso e Conta,Média,Basic,Centro-Oeste,37,83.1,0,6,2,3,0,64,9,0,0,0.037,1,0,0,0,3,2,0
TCK-001822,Email,Relatórios,Acesso e Conta,Média,Basic,Nordeste,26,226.0,0,4,4,4,0,64,9,0,0,0.037,1,0,0,0,3,2,0
TCK-001823,Chat,Plataforma Web,Dúvida / Como Fazer,Baixa,Premium,Sudeste,50,187.2,0,9,3,7,0,56,10,1,0,0.0217,0,0,0,0,3,2,0
TCK-001824,Chat,Integrações,Cancelamento,Alta,Basic,Centro-Oeste,26,81.3,0,16,0,10,0,55,8,0,0,0.0217,1,0,1,0,3,2,0
TCK-001825,Email,Plataforma Web,Cancelamento,Média,Free,Centro-Oeste,46,290.1,0,18,3,4,0,61,10,0,0,0.02,1,0,1,0,3,2,0
TCK-001826,Formulário Web,API,Solicitação de Recurso,Média,Basic,Sul,57,70.7,0,9,5,9,0,55,8,0,0,0.0638,0,0,0,0,3,2,0
TCK-001827,Formulário Web,API,Solicitação de Recurso,Alta,Free,Sudeste,28,47.2,0,2,5,8,1,55,8,0,0,0.0638,0,0,0,0,3,2,0
TCK-001828,Chat,Relatórios,Problema Técnico,Baixa,Premium,Centro-Oeste,17,259.8,0,1,4,7,0,55,10,0,0,0.0222,0,0,0,0,3,2,0
TCK-001829,Redes Sociais,Plataforma Web,Cancelamento,Média,Free,Nordeste,9,60.7,0,5,5,12,0,145,23,0,0,0.025,2,0,0,1,3,2,0
TCK-001830,Email,Plataforma Web,Problema Técnico,Média,Free,Sudeste,70,122.2,0,17,2,1,1,55,10,0,0,0.0222,0,0,0,0,3,2,0
TCK-001831,Email,Relatórios,Acesso e Conta,Média,Basic,Sul,74,166.9,0,16,5,3,0,171,31,0,0,0.0217,0,0,0,0,3,2,0
TCK-001832,Formulário Web,API,Dúvida / Como Fazer,Alta,Basic,Sudeste,68,62.8,0,2,2,6,0,97,16,0,0,0.0253,0,0,0,0,3,2,0
TCK-001833,Email,Plataforma Web,Acesso e Conta,Baixa,Premium,Centro-Oeste,38,299.6,0,22,5,5,0,54,10,0,0,0.0233,0,0,0,0,3,2,0
TCK-001834,Email,API,Solicitação de Recurso,Alta,Basic,Sul,32,53.2,0,0,3,6,1,57,9,1,0,0.0208,0,0,0,0,3,2,0
TCK-001835,Telefone,Relatórios,Acesso e Conta,Média,Premium,Sul,46,97.7,0,10,5,8,0,64,12,0,0,0.0192,0,0,0,0,3,2,0
TCK-001836,Formulário Web,Relatórios,Bug / Defeito,Média,Enterprise,Centro-Oeste,39,250.2,0,15,0,9,0,61,10,0,0,0.02,1,0,0,1,3,2,0
TCK-001837,Email,API,Dúvida / Como Fazer,Baixa,Premium,Sudeste,51,293.1,0,13,1,9,0,157,27,2,0,0.0234,0,0,0,0,3,2,0
TCK-001838,Email,API,Acesso e Conta,Crítica,Basic,Centro-Oeste,56,62.7,0,17,2,3,1,99,18,0,1,0.0256,1,0,0,0,3,2,0
TCK-001839,Telefone,Plataforma Web,Problema Técnico,Baixa,Free,Centro-Oeste,31,143.0,0,8,5,9,0,55,10,0,0,0.0222,0,0,0,0,3,2,0
TCK-001840,Email,API,Faturamento,Alta,Basic,Sudeste,63,90.1,0,0,4,1,1,104,17,1,1,0.0238,1,0,0,0,3,2,0
TCK-001841,Redes Sociais,App Mobile,Dúvida / Como Fazer,Média,Free,Sul,26,94.9,0,2,4,1,0,53,9,0,0,0.0227,0,0,0,0,3,2,0
TCK-001842,Email,Relatórios,Acesso e Conta,Baixa,Free,Norte,28,355.9,0,7,3,3,0,54,10,0,0,0.0233,0,0,0,0,3,2,0
TCK-001843,Email,API,Bug / Defeito,Média,Premium,Norte,44,361.9,0,7,3,2,1,61,10,0,0,0.02,1,0,0,1,3,2,0
TCK-001844,Email,API,Problema Técnico,Crítica,Free,Centro-Oeste,65,42.5,0,13,6,10,1,55,10,0,0,0.0222,0,0,0,0,3,2,0
TCK-001845,Telefone,App Mobile,Faturamento,Média,Enterprise,Centro-Oeste,44,229.9,0,10,5,4,0,45,8,0,0,0.027,0,0,0,0,3,2,0
TCK-001846,Telefone,App Mobile,Problema Técnico,Média,Enterprise,Sul,24,123.0,0,8,1,8,0,56,11,0,0,0.0222,0,0,0,0,3,2,0
TCK-001847,Email,API,Cancelamento,Média,Free,Norte,62,131.8,0,14,0,9,0,61,10,0,0,0.02,1,0,1,0,3,2,0
TCK-001848,Redes Sociais,App Mobile,Acesso e Conta,Crítica,Basic,Norte,73,60.9,0,16,3,11,1,64,12,0,0,0.0192,0,0,0,0,3,2,0
TCK-001849,Redes Sociais,Relatórios,Faturamento,Baixa,Premium,Nordeste,28,304.8,0,5,3,1,0,59,9,1,0,0.0204,0,0,0,0,3,2,0
TCK-001850,Formulário Web,Relatórios,Faturamento,Baixa,Free,Centro-Oeste,50,136.5,0,23,1,4,0,45,8,0,0,0.027,0,0,0,0,3,2,0
TCK-001851,Redes Sociais,App Mobile,Dúvida / Como Fazer,Média,Basic,Sudeste,39,240.4,0,21,0,8,0,53,9,0,0,0.0227,0,0,0,0,3,2,0
TCK-001852,Email,App Mobile,Dúvida / Como Fazer,Média,Free,Sudeste,7,188.4,0,1,1,7,0,53,9,0,0,0.0227,0,0,0,0,3,2,0
TCK-001853,Telefone,Relatórios,Dúvida / Como Fazer,Média,Free,Norte,30,201.5,0,19,2,11,0,53,9,0,0,0.0227,0,0,0,0,3,2,0
TCK-001854,Email,Integrações,Solicitação de Recurso,Baixa,Premium,Sudeste,34,141.3,0,22,1,1,1,55,8,0,0,0.0638,0,0,0,0,3,2,0
TCK-001855,Email,Relatórios,Problema Técnico,Alta,Premium,Centro-Oeste,30,86.1,0,5,3,1,1,56,11,0,0,0.0222,0,0,0,0,3,2,0
TCK-001856,Chat,Integrações,Bug / Defeito,Média,Free,Centro-Oeste,28,117.7,0,2,1,12,1,61,10,0,0,0.02,1,0,0,1,3,2,0
TCK-001857,Email,API,Cancelamento,Crítica,Free,Nordeste,49,45.8,0,9,2,2,1,51,8,0,0,0.0233,1,0,0,1,3,2,0
TCK-001858,Formulário Web,Relatórios,Problema Técnico,Baixa,Premium,Centro-Oeste,53,513.0,0,6,5,11,0,55,10,0,0,0.0222,0,0,0,0,3,2,0
TCK-001859,Chat,Integrações,Faturamento,Baixa,Premium,Centro-Oeste,39,153.0,0,21,6,3,0,62,11,0,0,0.02,1,1,0,0,3,2,0
TCK-001860,Email,Integrações,Solicitação de Recurso,Crítica,Basic,Sudeste,54,41.3,0,4,2,10,1,40,7,0,0,0.0303,0,0,0,0,3,2,0
TCK-001861,Chat,Integrações,Acesso e Conta,Alta,Basic,Norte,13,92.6,0,1,3,7,0,98,14,0,0,0.0366,2,0,0,0,3,2,0
TCK-001862,Telefone,API,Acesso e Conta,Alta,Basic,Sul,35,53.6,0,2,0,5,0,98,17,0,0,0.0256,0,0,0,0,3,2,0
TCK-001863,Email,API,Faturamento,Alta,Premium,Centro-Oeste,50,67.9,1,16,1,4,1,62,11,0,0,0.02,1,1,0,0,4,3,1
TCK-001864,Email,Relatórios,Dúvida / Como Fazer,Baixa,Free,Sudeste,15,347.9,0,1,3,2,0,57,10,1,0,0.0213,0,0,0,0,3,2,0
TCK-001865,Chat,Faturamento,Cancelamento,Média,Basic,Nordeste,68,270.8,0,12,3,6,0,55,8,0,0,0.0217,1,0,1,0,3,2,0
TCK-001866,Chat,App Mobile,Problema Técnico,Alta,Free,Norte,49,75.6,0,13,6,6,1,56,11,0,0,0.0222,0,0,0,0,3,2,0
TCK-001867,Chat,Plataforma Web,Dúvida / Como Fazer,Média,Premium,Sul,43,108.6,0,9,5,11,0,53,9,0,0,0.0227,0,0,0,0,3,2,0
TCK-001868,Email,Plataforma Web,Dúvida / Como Fazer,Média,Premium,Sul,20,216.7,0,2,1,3,0,53,9,0,0,0.0227,0,0,0,0,3,2,0
TCK-001869,Telefone,App Mobile,Bug / Defeito,Crítica,Premium,Nordeste,60,54.7,0,11,4,6,1,46,9,0,0,0.0303,2,0,0,1,3,2,0
TCK-001870,Email,API,Dúvida / Como Fazer,Alta,Basic,Norte,52,68.1,0,1,3,3,0,53,9,0,0,0.0227,0,0,0,0,3,2,0
TCK-001871,Email,Relatórios,Acesso e Conta,Baixa,Basic,Sul,11,300.4,0,7,0,3,0,54,10,0,0,0.0233,0,0,0,0,3,2,0
TCK-001872,Email,Relatórios,Cancelamento,Média,Free,Sudeste,34,212.6,0,15,4,4,0,55,8,0,0,0.0217,1,0,1,0,3,2,0
TCK-001873,Formulário Web,API,Cancelamento,Alta,Free,Sudeste,5,33.1,0,5,5,8,1,95,15,0,0,0.0256,1,0,0,1,3,2,0
TCK-001874,Formulário Web,Plataforma Web,Cancelamento,Baixa,Basic,Centro-Oeste,44,299.2,0,14,4,6,0,61,10,0,0,0.02,1,0,1,0,3,2,0
TCK-001875,Email,Plataforma Web,Bug / Defeito,Média,Basic,Sul,26,222.9,1,22,5,7,0,46,9,0,0,0.0303,2,0,0,1,4,3,1
TCK-001876,Email,API,Bug / Defeito,Baixa,Basic,Centro-Oeste,28,336.1,0,11,2,2,1,61,10,0,0,0.02,1,0,0,1,3,2,0
TCK-001877,Telefone,API,Dúvida / Como Fazer,Média,Free,Centro-Oeste,61,127.9,0,21,4,7,0,56,10,1,0,0.0217,0,0,0,0,3,2,0
TCK-001878,Email,Faturamento,Acesso e Conta,Média,Premium,Norte,25,94.5,0,20,3,3,0,64,9,0,0,0.037,1,0,0,0,3,2,0
TCK-001879,Chat,Faturamento,Solicitação de Recurso,Baixa,Enterprise,Norte,14,90.8,0,0,6,3,0,57,9,1,0,0.0208,0,0,0,0,3,2,0
TCK-001880,Chat,API,Bug / Defeito,Média,Premium,Norte,38,130.5,0,21,6,12,0,61,11,0,0,0.0408,0,0,0,1,3,2,0
TCK-001881,Email,App Mobile,Bug / Defeito,Baixa,Basic,Sudeste,5,286.9,0,4,5,9,0,61,11,0,0,0.0408,0,0,0,1,3,2,0
TCK-001882,Email,Integrações,Cancelamento,Média,Basic,Sudeste,44,106.3,0,11,6,1,0,55,8,0,0,0.0217,1,0,1,0,3,2,0
TCK-001883,Formulário Web,API,Problema Técnico,Média,Basic,Nordeste,31,40.2,0,15,0,4,0,59,10,0,0,0.0204,1,0,0,1,3,2,0
TCK-001884,Chat,Integrações,Problema Técnico,Média,Free,Sul,20,255.5,0,19,5,3,0,59,10,0,0,0.0204,1,0,0,1,3,2,0
TCK-001885,Telefone,Integrações,Problema Técnico,Média,Basic,Sudeste,25,70.8,0,2,2,6,0,59,10,0,0,0.0204,1,0,0,1,3,2,0
TCK-001886,Email,Plataforma Web,Solicitação de Recurso,Baixa,Free,Norte,75,423.9,1,17,1,6,1,57,9,1,0,0.0208,0,0,0,0,4,3,1
TCK-001887,Telefone,Relatórios,Dúvida / Como Fazer,Média,Free,Sudeste,33,93.9,0,10,0,11,0,56,10,1,0,0.0217,0,0,0,0,3,2,0
TCK-001888,Telefone,Plataforma Web,Bug / Defeito,Média,Basic,Sul,36,94.4,0,23,1,3,0,61,10,0,0,0.02,1,0,0,1,3,2,0
TCK-001889,Chat,Plataforma Web,Bug / Defeito,Média,Free,Norte,34,142.0,0,6,4,7,0,135,25,0,0,0.03,4,0,0,1,3,2,0
TCK-001890,Chat,Integrações,Cancelamento,Baixa,Basic,Nordeste,18,197.3,0,0,0,6,0,51,8,0,0,0.0233,1,0,0,1,3,2,0
TCK-001891,Email,Faturamento,Cancelamento,Média,Free,Sul,24,114.8,1,7,1,2,0,51,8,0,0,0.0233,1,0,0,1,4,3,1
TCK-001892,Email,App Mobile,Bug / Defeito,Alta,Free,Norte,1,34.6,0,6,0,7,1,91,17,0,1,0.0294,3,0,0,1,3,2,0
TCK-001893,Chat,App Mobile,Faturamento,Alta,Free,Nordeste,78,68.3,0,10,2,9,1,59,9,1,0,0.0204,0,0,0,0,3,2,0
TCK-001894,Email,API,Bug / Defeito,Média,Premium,Nordeste,59,289.7,0,21,3,11,1,46,9,0,0,0.0303,2,0,0,1,3,2,0
TCK-001895,Telefone,Relatórios,Problema Técnico,Alta,Basic,Centro-Oeste,5,33.2,0,0,6,10,1,55,10,0,0,0.0222,0,0,0,0,3,2,0
TCK-001896,Redes Sociais,App Mobile,Problema Técnico,Alta,Enterprise,Sudeste,23,65.3,0,9,0,6,1,187,32,0,0,0.0263,1,0,0,0,3,2,0
TCK-001897,Chat,Faturamento,Problema Técnico,Baixa,Basic,Norte,29,134.9,0,16,0,1,0,59,10,0,0,0.0204,1,0,0,1,3,2,0
TCK-001898,Chat,Plataforma Web,Cancelamento,Baixa,Enterprise,Sudeste,62,261.6,1,12,1,8,0,51,8,0,0,0.0233,1,0,0,1,4,3,1
TCK-001899,Email,Integrações,Bug / Defeito,Baixa,Free,Norte,42,331.0,0,13,6,2,0,61,11,0,0,0.0408,0,0,0,1,3,2,0
TCK-001900,Formulário Web,API,Problema Técnico,Média,Basic,Nordeste,61,80.0,0,18,5,6,0,155,29,0,0,0.0242,0,0,0,0,3,2,0
TCK-001901,Chat,Faturamento,Dúvida / Como Fazer,Média,Premium,Norte,64,122.7,0,12,2,2,0,57,10,1,0,0.0213,0,0,0,0,3,2,0
TCK-001902,Formulário Web,App Mobile,Acesso e Conta,Média,Premium,Norte,31,93.5,0,4,4,9,0,54,10,0,0,0.0233,0,0,0,0,3,2,0
TCK-001903,Chat,Plataforma Web,Acesso e Conta,Média,Free,Centro-Oeste,2,51.3,0,8,3,9,0,64,9,0,0,0.037,1,0,0,0,3,2,0
TCK-001904,Chat,Plataforma Web,Problema Técnico,Alta,Free,Nordeste,32,39.2,0,8,6,12,1,59,10,0,0,0.0204,1,0,0,1,3,2,0
TCK-001905,Redes Sociais,Relatórios,Acesso e Conta,Baixa,Enterprise,Centro-Oeste,32,272.2,0,11,4,7,0,64,12,0,0,0.0192,0,0,0,0,3,2,0
TCK-001906,Chat,API,Problema Técnico,Média,Premium,Sul,42,98.7,0,15,6,1,0,153,27,0,0,0.0242,0,0,0,0,3,2,0
TCK-001907,Email,Integrações,Acesso e Conta,Alta,Basic,Nordeste,2,33.8,0,4,5,2,0,64,9,0,0,0.037,1,0,0,0,3,2,0
TCK-001908,Email,Relatórios,Dúvida / Como Fazer,Média,Premium,Centro-Oeste,31,137.0,0,3,2,6,0,53,9,0,0,0.0227,0,0,0,0,3,2,0
TCK-001909,Telefone,Integrações,Bug / Defeito,Baixa,Premium,Norte,27,150.9,0,0,1,10,0,46,9,0,0,0.0303,2,0,0,1,3,2,0
TCK-001910,Email,Faturamento,Cancelamento,Alta,Free,Sul,59,64.5,0,15,0,3,0,51,8,0,0,0.0233,1,0,0,1,3,2,0
TCK-001911,Telefone,API,Problema Técnico,Média,Free,Sudeste,63,99.0,0,16,6,8,0,161,27,0,0,0.0227,2,0,0,1,3,2,0
TCK-001912,Chat,Plataforma Web,Acesso e Conta,Baixa,Basic,Centro-Oeste,16,172.7,0,3,5,10,0,171,31,0,0,0.0217,0,0,0,0,3,2,0
TCK-001913,Chat,Faturamento,Dúvida / Como Fazer,Alta,Premium,Norte,30,53.7,0,9,4,5,0,53,9,0,0,0.0227,0,0,0,0,3,2,0
TCK-001914,Email,Plataforma Web,Faturamento,Alta,Enterprise,Centro-Oeste,98,97.7,1,16,4,12,1,59,9,1,0,0.0204,0,0,0,0,4,3,1
TCK-001915,Email,API,Dúvida / Como Fazer,Média,Free,Sul,9,114.2,0,22,3,8,0,149,25,0,0,0.0246,0,0,0,0,3,2,0
TCK-001916,Chat,Faturamento,Problema Técnico,Alta,Premium,Nordeste,26,101.2,0,2,5,4,1,56,11,0,0,0.0222,0,0,0,0,3,2,0
TCK-001917,Chat,Relatórios,Bug / Defeito,Média,Free,Sul,32,95.7,0,5,5,3,0,46,9,0,0,0.0303,2,0,0,1,3,2,0
TCK-001918,Chat,Faturamento,Dúvida / Como Fazer,Baixa,Basic,Sul,49,197.9,0,16,2,9,0,53,9,0,0,0.0227,0,0,0,0,3,2,0
TCK-001919,Chat,Faturamento,Problema Técnico,Média,Premium,Centro-Oeste,2,42.1,0,21,1,8,0,55,10,0,0,0.0222,0,0,0,0,3,2,0
TCK-001920,Email,Relatórios,Solicitação de Recurso,Baixa,Free,Norte,73,221.3,0,22,2,11,1,40,7,0,0,0.0303,0,0,0,0,3,2,0
TCK-001921,Email,Integrações,Acesso e Conta,Alta,Basic,Sudeste,23,46.7,1,13,1,9,0,88,15,0,0,0.0282,1,0,0,0,4,3,1
TCK-001922,Email,App Mobile,Bug / Defeito,Baixa,Basic,Centro-Oeste,8,211.0,1,3,0,1,1,46,9,0,0,0.0303,2,0,0,1,4,3,1
TCK-001923,Email,Relatórios,Problema Técnico,Baixa,Free,Norte,40,457.9,0,14,3,5,0,55,10,0,0,0.0222,0,0,0,0,3,2,0
TCK-001924,Telefone,Relatórios,Cancelamento,Crítica,Basic,Sul,46,42.8,0,4,2,5,1,153,23,0,0,0.0238,2,0,1,0,3,2,0
TCK-001925,Email,Plataforma Web,Dúvida / Como Fazer,Crítica,Basic,Nordeste,38,33.5,1,20,0,2,0,56,10,1,0,0.0217,0,0,0,0,4,3,1
TCK-001926,Chat,Faturamento,Bug / Defeito,Média,Basic,Sudeste,45,237.1,0,12,4,5,0,61,10,0,0,0.02,1,0,0,1,3,2,0
TCK-001927,Formulário Web,Plataforma Web,Acesso e Conta,Alta,Basic,Centro-Oeste,44,41.7,0,2,5,1,0,64,9,0,0,0.037,1,0,0,0,3,2,0
TCK-001928,Email,API,Problema Técnico,Média,Basic,Sudeste,57,191.1,0,17,1,7,1,55,10,0,0,0.0222,0,0,0,0,3,2,0
TCK-001929,Chat,Integrações,Dúvida / Como Fazer,Alta,Basic,Centro-Oeste,20,33.3,0,18,6,12,0,155,27,2,0,0.0238,0,0,0,0,3,2,0
TCK-001930,Formulário Web,App Mobile,Acesso e Conta,Baixa,Free,Centro-Oeste,68,663.4,0,16,0,12,0,64,9,0,0,0.037,1,0,0,0,3,2,0
TCK-001931,Telefone,App Mobile,Acesso e Conta,Alta,Premium,Sul,39,46.9,1,12,4,6,0,99,18,0,1,0.0256,1,0,0,0,4,3,1
TCK-001932,Formulário Web,API,Acesso e Conta,Média,Premium,Sudeste,87,113.1,0,9,0,9,0,171,25,0,0,0.0352,2,0,0,0,3,2,0
TCK-001933,Telefone,Integrações,Bug / Defeito,Média,Premium,Sul,53,128.7,0,11,0,5,0,46,9,0,0,0.0303,2,0,0,1,3,2,0
TCK-001934,Email,Relatórios,Solicitação de Recurso,Baixa,Free,Centro-Oeste,42,143.0,0,15,2,11,1,40,7,0,0,0.0303,0,0,0,0,3,2,0
TCK-001935,Telefone,Relatórios,Bug / Defeito,Baixa,Basic,Norte,8,99.7,0,10,5,2,0,61,10,0,0,0.02,1,0,0,1,3,2,0
TCK-001936,Telefone,App Mobile,Solicitação de Recurso,Alta,Enterprise,Centro-Oeste,62,59.1,0,14,0,5,1,57,9,1,0,0.0208,0,0,0,0,3,2,0
TCK-001937,Email,Integrações,Solicitação de Recurso,Média,Basic,Centro-Oeste,30,161.1,0,3,1,1,1,40,7,0,0,0.0303,0,0,0,0,3,2,0
TCK-001938,Email,API,Bug / Defeito,Alta,Free,Centro-Oeste,0,78.4,0,4,0,9,1,106,19,0,1,0.0357,1,0,0,1,3,2,0
TCK-001939,Redes Sociais,Relatórios,Problema Técnico,Baixa,Free,Sul,22,219.9,0,6,6,2,0,161,27,0,0,0.0227,2,0,0,1,3,2,0
TCK-001940,Redes Sociais,API,Bug / Defeito,Baixa,Premium,Nordeste,27,328.4,0,7,3,10,0,61,11,0,0,0.0408,0,0,0,1,3,2,0
TCK-001941,Formulário Web,API,Faturamento,Média,Free,Norte,45,124.7,0,15,6,2,0,59,9,1,0,0.0204,0,0,0,0,3,2,0
TCK-001942,Redes Sociais,API,Problema Técnico,Baixa,Basic,Nordeste,8,148.5,0,5,6,5,0,56,11,0,0,0.0222,0,0,0,0,3,2,0
TCK-001943,Email,Integrações,Cancelamento,Média,Premium,Sul,0,208.8,0,2,1,12,0,61,10,0,0,0.02,1,0,1,0,3,2,0
TCK-001944,Formulário Web,App Mobile,Problema Técnico,Média,Enterprise,Norte,13,66.4,0,8,5,12,0,55,10,0,0,0.0222,0,0,0,0,3,2,0
TCK-001945,Email,Faturamento,Cancelamento,Alta,Premium,Sudeste,37,109.4,0,3,6,9,0,61,10,0,0,0.02,1,0,1,0,3,2,0
TCK-001946,Redes Sociais,Plataforma Web,Acesso e Conta,Crítica,Enterprise,Centro-Oeste,25,25.4,0,4,5,5,0,98,17,0,0,0.025,1,0,0,0,3,2,0
TCK-001947,Chat,API,Cancelamento,Baixa,Free,Sul,12,362.3,0,14,4,4,0,55,8,0,0,0.0217,1,0,1,0,3,2,0
TCK-001948,Telefone,Faturamento,Faturamento,Baixa,Free,Sudeste,49,118.0,0,1,0,3,0,59,9,1,0,0.0204,0,0,0,0,3,2,0
TCK-001949,Redes Sociais,Integrações,Problema Técnico,Alta,Free,Nordeste,71,115.8,1,13,4,7,1,55,10,0,0,0.0222,0,0,0,0,4,3,1
TCK-001950,Email,Faturamento,Solicitação de Recurso,Baixa,Enterprise,Sul,9,148.9,0,21,0,9,0,55,8,0,0,0.0638,0,0,0,0,3,2,0
TCK-001951,Email,Relatórios,Acesso e Conta,Baixa,Free,Sul,0,171.1,0,21,2,12,0,171,25,0,0,0.0352,2,0,0,0,3,2,0
TCK-001952,Chat,App Mobile,Problema Técnico,Alta,Free,Centro-Oeste,92,78.4,0,10,0,4,1,59,10,0,0,0.0204,1,0,0,1,3,2,0
TCK-001953,Formulário Web,Faturamento,Solicitação de Recurso,Média,Basic,Nordeste,50,114.0,1,17,2,3,1,55,8,0,0,0.0638,0,0,0,0,4,3,1
TCK-001954,Email,App Mobile,Problema Técnico,Média,Basic,Nordeste,38,78.6,0,18,6,11,0,59,10,0,0,0.0204,1,0,0,1,3,2,0
TCK-001955,Telefone,Integrações,Acesso e Conta,Crítica,Free,Nordeste,46,34.3,1,13,1,11,0,171,31,0,0,0.0217,0,0,0,0,4,3,1
TCK-001956,Chat,Faturamento,Acesso e Conta,Alta,Free,Nordeste,47,47.5,0,1,6,3,0,54,10,0,0,0.0233,0,0,0,0,3,2,0
TCK-001957,Email,App Mobile,Bug / Defeito,Alta,Premium,Norte,26,36.1,1,13,0,9,1,46,9,0,0,0.0303,2,0,0,1,4,3,1
TCK-001958,Telefone,API,Cancelamento,Média,Free,Sudeste,16,83.5,0,8,3,4,0,55,8,0,0,0.0217,1,0,1,0,3,2,0
TCK-001959,Formulário Web,Integrações,Solicitação de Recurso,Média,Premium,Sudeste,29,48.7,0,11,1,6,0,123,21,0,0,0.03,0,0,0,0,3,2,0
TCK-001960,Email,Faturamento,Bug / Defeito,Média,Basic,Nordeste,66,95.8,0,17,5,1,0,46,9,0,0,0.0303,2,0,0,1,3,2,0
TCK-001961,Email,Plataforma Web,Bug / Defeito,Baixa,Basic,Centro-Oeste,0,598.3,0,20,4,8,0,61,11,0,0,0.0408,0,0,0,1,3,2,0
TCK-001962,Redes Sociais,Integrações,Acesso e Conta,Média,Enterprise,Sul,11,110.3,0,21,4,5,0,171,25,0,0,0.0352,2,0,0,0,3,2,0
TCK-001963,Email,Plataforma Web,Solicitação de Recurso,Baixa,Premium,Nordeste,24,481.6,0,7,0,11,0,55,8,0,0,0.0638,0,0,0,0,3,2,0
TCK-001964,Telefone,Relatórios,Faturamento,Crítica,Basic,Sul,34,31.8,0,6,3,9,0,62,11,0,0,0.02,1,1,0,0,3,2,0
TCK-001965,Email,Faturamento,Cancelamento,Alta,Basic,Centro-Oeste,58,88.5,0,10,4,8,0,105,17,0,0,0.0235,1,0,1,0,3,2,0
TCK-001966,Email,App Mobile,Dúvida / Como Fazer,Média,Premium,Sul,4,192.8,0,3,3,7,0,57,10,1,0,0.0213,0,0,0,0,3,2,0
TCK-001967,Formulário Web,Plataforma Web,Problema Técnico,Crítica,Premium,Sul,18,26.9,1,4,1,3,0,55,10,0,0,0.0222,0,0,0,0,4,3,1
TCK-001968,Email,Plataforma Web,Problema Técnico,Baixa,Basic,Centro-Oeste,72,269.6,0,13,0,1,0,55,10,0,0,0.0222,0,0,0,0,3,2,0
TCK-001969,Email,Plataforma Web,Bug / Defeito,Baixa,Basic,Sudeste,69,228.3,0,11,3,11,0,165,29,0,0,0.0379,0,0,0,1,3,2,0
TCK-001970,Formulário Web,Relatórios,Problema Técnico,Média,Premium,Centro-Oeste,48,190.0,0,5,2,9,0,55,10,0,0,0.0222,0,0,0,0,3,2,0
TCK-001971,Formulário Web,Faturamento,Acesso e Conta,Baixa,Free,Nordeste,13,429.0,0,18,6,12,0,64,12,0,0,0.0192,0,0,0,0,3,2,0
TCK-001972,Formulário Web,App Mobile,Acesso e Conta,Baixa,Basic,Nordeste,22,439.3,0,20,1,4,0,64,9,0,0,0.037,1,0,0,0,3,2,0
TCK-001973,Telefone,API,Faturamento,Crítica,Premium,Centro-Oeste,2,11.6,0,8,1,11,0,62,11,0,0,0.02,1,1,0,0,3,2,0
TCK-001974,Chat,Integrações,Cancelamento,Alta,Premium,Centro-Oeste,55,66.1,0,15,1,12,1,61,10,0,0,0.02,1,0,1,0,3,2,0
TCK-001975,Chat,Plataforma Web,Cancelamento,Baixa,Premium,Nordeste,24,181.5,1,14,0,3,0,61,10,0,0,0.02,1,0,1,0,4,3,1
TCK-001976,Telefone,Relatórios,Problema Técnico,Média,Premium,Norte,27,76.2,0,12,1,3,0,59,10,0,0,0.0204,1,0,0,1,3,2,0
TCK-001977,Email,Integrações,Acesso e Conta,Média,Premium,Nordeste,70,115.6,0,17,0,4,0,64,12,0,0,0.0192,0,0,0,0,3,2,0
TCK-001978,Redes Sociais,API,Bug / Defeito,Média,Basic,Sudeste,25,93.1,0,22,2,7,0,61,10,0,0,0.02,1,0,0,1,3,2,0
TCK-001979,Formulário Web,API,Dúvida / Como Fazer,Média,Basic,Norte,30,300.9,0,20,4,6,0,57,10,1,0,0.0213,0,0,0,0,3,2,0
TCK-001980,Formulário Web,App Mobile,Faturamento,Média,Premium,Sudeste,56,83.1,0,15,2,12,0,45,8,0,0,0.027,0,0,0,0,3,2,0
TCK-001981,Chat,API,Acesso e Conta,Baixa,Premium,Sudeste,55,107.1,0,15,6,4,0,151,27,0,0,0.025,0,0,0,0,3,2,0
TCK-001982,Chat,Faturamento,Solicitação de Recurso,Média,Basic,Sudeste,60,160.9,0,6,3,11,0,55,8,0,0,0.0638,0,0,0,0,3,2,0
TCK-001983,Email,Faturamento,Bug / Defeito,Baixa,Basic,Sudeste,71,454.3,0,17,1,1,0,61,11,0,0,0.0408,0,0,0,1,3,2,0
TCK-001984,Chat,Relatórios,Problema Técnico,Média,Free,Sul,28,172.0,0,1,2,4,0,56,11,0,0,0.0222,0,0,0,0,3,2,0
TCK-001985,Email,Relatórios,Bug / Defeito,Média,Enterprise,Sul,17,215.6,0,8,6,12,0,61,11,0,0,0.0408,0,0,0,1,3,2,0
TCK-001986,Telefone,Plataforma Web,Cancelamento,Baixa,Free,Norte,64,295.2,0,16,2,5,0,145,23,0,0,0.025,2,0,0,1,3,2,0
TCK-001987,Email,Plataforma Web,Problema Técnico,Média,Premium,Centro-Oeste,13,210.2,0,4,0,12,0,161,27,0,0,0.0227,2,0,0,1,3,2,0
TCK-001988,Email,Relatórios,Problema Técnico,Média,Basic,Centro-Oeste,21,225.4,0,13,4,8,0,55,10,0,0,0.0222,0,0,0,0,3,2,0
TCK-001989,Email,Integrações,Dúvida / Como Fazer,Média,Free,Nordeste,56,143.6,0,9,5,3,0,56,10,1,0,0.0217,0,0,0,0,3,2,0
TCK-001990,Email,Relatórios,Faturamento,Baixa,Premium,Centro-Oeste,51,539.4,0,18,0,4,0,59,9,1,0,0.0204,0,0,0,0,3,2,0
TCK-001991,Chat,Integrações,Problema Técnico,Média,Premium,Sudeste,21,71.4,0,7,1,1,0,59,10,0,0,0.0204,1,0,0,1,3,2,0
TCK-001992,Email,API,Bug / Defeito,Média,Free,Norte,3,84.0,0,22,0,3,0,61,10,0,0,0.02,1,0,0,1,3,2,0
TCK-001993,Formulário Web,Faturamento,Dúvida / Como Fazer,Média,Basic,Sudeste,52,136.2,0,16,4,2,0,57,10,1,0,0.0213,0,0,0,0,3,2,0
TCK-001994,Chat,Relatórios,Dúvida / Como Fazer,Média,Premium,Norte,52,72.4,0,20,4,1,0,57,10,1,0,0.0213,0,0,0,0,3,2,0
TCK-001995,Telefone,App Mobile,Solicitação de Recurso,Alta,Enterprise,Sudeste,64,54.8,0,16,2,2,1,57,9,1,0,0.0208,0,0,0,0,3,2,0
TCK-001996,Email,Relatórios,Acesso e Conta,Alta,Free,Sudeste,75,66.3,0,6,2,9,0,108,16,0,0,0.0337,1,0,0,0,3,2,0
TCK-001997,Formulário Web,Faturamento,Dúvida / Como Fazer,Média,Enterprise,Centro-Oeste,27,97.3,1,20,2,6,0,56,10,1,0,0.0217,0,0,0,0,4,3,1
TCK-001998,Email,App Mobile,Faturamento,Média,Enterprise,Norte,74,171.6,0,18,0,1,0,59,9,1,0,0.0204,0,0,0,0,3,2,0
TCK-001999,Formulário Web,App Mobile,Faturamento,Baixa,Free,Sul,23,336.6,0,8,4,5,0,45,8,0,0,0.027,0,0,0,0,3,2,0
TCK-002000,Email,App Mobile,Dúvida / Como Fazer,Média,Premium,Nordeste,42,123.5,0,12,3,1,0,149,25,0,0,0.0246,0,0,0,0,3,2,0
TCK-002001,Email,Faturamento,Acesso e Conta,Média,Basic,Nordeste,49,147.8,0,15,5,5,0,64,12,0,0,0.0192,0,0,0,0,3,2,0
TCK-002002,Email,Plataforma Web,Faturamento,Média,Enterprise,Nordeste,39,96.5,0,13,0,3,0,59,9,1,0,0.0204,0,0,0,0,3,2,0
TCK-002003,Email,API,Dúvida / Como Fazer,Média,Premium,Centro-Oeste,34,236.2,0,22,3,1,0,57,10,1,0,0.0213,0,0,0,0,3,2,0
TCK-002004,Telefone,Faturamento,Acesso e Conta,Crítica,Premium,Nordeste,2,10.1,0,23,0,2,0,171,31,0,0,0.0217,0,0,0,0,3,2,0
TCK-002005,Email,Faturamento,Dúvida / Como Fazer,Média,Free,Norte,3,155.2,0,3,1,5,0,57,10,1,0,0.0213,0,0,0,0,3,2,0
TCK-002006,Telefone,App Mobile,Dúvida / Como Fazer,Baixa,Enterprise,Nordeste,29,192.4,0,0,3,12,0,53,9,0,0,0.0227,0,0,0,0,3,2,0
TCK-002007,Email,Relatórios,Acesso e Conta,Média,Free,Norte,56,225.7,0,11,5,3,0,64,9,0,0,0.037,1,0,0,0,3,2,0
TCK-002008,Email,API,Dúvida / Como Fazer,Média,Free,Sudeste,49,92.7,0,21,6,7,0,149,25,0,0,0.0246,0,0,0,0,3,2,0
TCK-002009,Telefone,Relatórios,Acesso e Conta,Média,Basic,Sudeste,15,59.2,0,4,4,9,0,64,12,0,0,0.0192,0,0,0,0,3,2,0
TCK-002010,Email,Relatórios,Acesso e Conta,Média,Basic,Norte,47,100.5,0,22,3,3,0,54,10,0,0,0.0233,0,0,0,0,3,2,0
TCK-002011,Chat,Plataforma Web,Solicitação de Recurso,Média,Premium,Nordeste,17,178.5,0,1,1,5,0,55,8,0,0,0.0638,0,0,0,0,3,2,0
TCK-002012,Formulário Web,App Mobile,Bug / Defeito,Crítica,Premium,Sudeste,22,24.6,0,19,0,2,1,169,30,0,0,0.0312,5,0,0,1,3,2,0
TCK-002013,Email,Integrações,Cancelamento,Baixa,Basic,Nordeste,50,190.2,0,20,5,7,0,55,8,0,0,0.0217,1,0,1,0,3,2,0
TCK-002014,Email,Relatórios,Solicitação de Recurso,Média,Free,Nordeste,18,252.9,1,13,0,5,1,40,7,0,0,0.0303,0,0,0,0,4,3,1
TCK-002015,Formulário Web,Plataforma Web,Dúvida / Como Fazer,Baixa,Enterprise,Norte,24,287.8,0,23,5,2,0,56,10,1,0,0.0217,0,0,0,0,3,2,0
TCK-002016,Telefone,App Mobile,Dúvida / Como Fazer,Média,Basic,Sudeste,52,70.4,0,0,3,4,0,57,10,1,0,0.0213,0,0,0,0,3,2,0
TCK-002017,Telefone,Plataforma Web,Faturamento,Alta,Enterprise,Sudeste,7,49.7,0,6,6,4,0,45,8,0,0,0.027,0,0,0,0,3,2,0
TCK-002018,Chat,Relatórios,Acesso e Conta,Crítica,Enterprise,Nordeste,27,26.3,0,1,2,9,0,54,10,0,0,0.0233,0,0,0,0,3,2,0
TCK-002019,Email,API,Bug / Defeito,Baixa,Premium,Sul,23,157.2,0,7,1,12,0,61,10,0,0,0.02,1,0,0,1,3,2,0
TCK-002020,Telefone,Relatórios,Problema Técnico,Alta,Premium,Norte,26,42.4,0,21,5,3,0,56,11,0,0,0.0222,0,0,0,0,3,2,0
TCK-002021,Email,Integrações,Faturamento,Alta,Free,Norte,62,65.3,0,14,0,4,1,89,15,0,0,0.0278,0,0,0,0,3,2,0
TCK-002022,Redes Sociais,Faturamento,Problema Técnico,Alta,Free,Sudeste,19,31.2,1,9,6,8,1,89,15,0,0,0.0274,1,0,0,0,4,3,1
TCK-002023,Email,Relatórios,Acesso e Conta,Crítica,Free,Sul,84,58.8,0,15,5,1,1,98,14,0,0,0.0366,2,0,0,0,3,2,0
TCK-002024,Formulário Web,Plataforma Web,Problema Técnico,Baixa,Basic,Centro-Oeste,41,142.6,0,2,5,2,0,59,10,0,0,0.0204,1,0,0,1,3,2,0
TCK-002025,Chat,Faturamento,Bug / Defeito,Alta,Enterprise,Nordeste,61,62.3,1,15,5,12,1,90,16,0,0,0.0294,2,0,0,1,4,3,1
TCK-002026,Telefone,API,Problema Técnico,Baixa,Basic,Sudeste,0,70.3,0,5,0,5,0,55,10,0,0,0.0222,0,0,0,0,3,2,0
TCK-002027,Redes Sociais,Relatórios,Problema Técnico,Média,Premium,Norte,57,113.2,0,22,2,9,0,56,11,0,0,0.0222,0,0,0,0,3,2,0
TCK-002028,Email,Faturamento,Acesso e Conta,Baixa,Premium,Sul,50,217.0,0,22,4,1,0,54,10,0,0,0.0233,0,0,0,0,3,2,0
TCK-002029,Formulário Web,App Mobile,Dúvida / Como Fazer,Baixa,Free,Sudeste,61,235.6,0,10,6,3,0,56,10,1,0,0.0217,0,0,0,0,3,2,0
TCK-002030,Formulário Web,Relatórios,Problema Técnico,Média,Premium,Norte,48,157.7,0,0,5,8,0,56,11,0,0,0.0222,0,0,0,0,3,2,0
TCK-002031,Redes Sociais,API,Bug / Defeito,Baixa,Basic,Nordeste,18,241.7,0,0,6,3,1,165,29,0,0,0.0379,0,0,0,1,3,2,0
TCK-002032,Email,App Mobile,Bug / Defeito,Média,Free,Sudeste,27,75.7,1,5,2,12,1,61,11,0,0,0.0408,0,0,0,1,4,3,1
TCK-002033,Telefone,Relatórios,Acesso e Conta,Média,Basic,Sudeste,68,151.8,0,23,3,9,0,54,10,0,0,0.0233,0,0,0,0,3,2,0
TCK-002034,Email,Relatórios,Acesso e Conta,Alta,Premium,Nordeste,13,46.7,0,3,3,8,0,64,12,0,0,0.0192,0,0,0,0,3,2,0
TCK-002035,Chat,Plataforma Web,Solicitação de Recurso,Crítica,Basic,Nordeste,0,16.3,0,20,6,4,1,85,15,0,1,0.0294,1,0,0,0,3,2,0
TCK-002036,Chat,App Mobile,Dúvida / Como Fazer,Média,Basic,Sul,32,112.4,0,8,2,10,0,53,9,0,0,0.0227,0,0,0,0,3,2,0
TCK-002037,Telefone,Faturamento,Cancelamento,Baixa,Basic,Sul,0,103.3,0,19,2,5,0,55,8,0,0,0.0217,1,0,1,0,3,2,0
TCK-002038,Chat,Relatórios,Faturamento,Crítica,Basic,Sudeste,52,39.8,0,13,5,8,1,90,16,0,1,0.0278,1,0,0,0,3,2,0
TCK-002039,Email,Plataforma Web,Bug / Defeito,Alta,Basic,Centro-Oeste,0,42.1,0,4,3,12,1,61,10,0,0,0.02,1,0,0,1,3,2,0
TCK-002040,Formulário Web,API,Dúvida / Como Fazer,Baixa,Enterprise,Norte,0,103.5,0,18,5,7,0,57,10,1,0,0.0213,0,0,0,0,3,2,0
TCK-002041,Chat,Faturamento,Faturamento,Crítica,Free,Nordeste,23,22.4,0,2,5,1,1,161,25,2,0,0.0227,0,0,0,0,3,2,0
TCK-002042,Formulário Web,Faturamento,Cancelamento,Baixa,Premium,Norte,57,317.0,1,11,4,9,0,61,10,0,0,0.02,1,0,1,0,4,3,1
TCK-002043,Redes Sociais,Plataforma Web,Bug / Defeito,Baixa,Free,Nordeste,33,304.8,0,1,4,9,0,61,10,0,0,0.02,1,0,0,1,3,2,0
TCK-002044,Redes Sociais,Faturamento,Bug / Defeito,Média,Premium,Centro-Oeste,58,402.6,0,14,6,2,1,135,25,0,0,0.03,4,0,0,1,3,2,0
TCK-002045,Redes Sociais,Faturamento,Dúvida / Como Fazer,Baixa,Enterprise,Sudeste,13,336.0,0,6,6,11,0,57,10,1,0,0.0213,0,0,0,0,3,2,0
TCK-002046,Telefone,Plataforma Web,Acesso e Conta,Média,Free,Nordeste,59,91.5,0,9,6,8,0,64,9,0,0,0.037,1,0,0,0,3,2,0
TCK-002047,Chat,API,Problema Técnico,Alta,Free,Sudeste,29,60.2,0,6,6,10,1,59,10,0,0,0.0204,1,0,0,1,3,2,0
TCK-002048,Chat,API,Dúvida / Como Fazer,Média,Enterprise,Sul,47,63.0,0,17,4,11,0,57,10,1,0,0.0213,0,0,0,0,3,2,0
TCK-002049,Redes Sociais,Integrações,Acesso e Conta,Média,Free,Centro-Oeste,61,76.2,0,12,1,2,0,64,12,0,0,0.0192,0,0,0,0,3,2,0
TCK-002050,Chat,Integrações,Dúvida / Como Fazer,Baixa,Premium,Norte,36,212.0,0,7,1,10,0,56,10,1,0,0.0217,0,0,0,0,3,2,0
TCK-002051,Telefone,Faturamento,Acesso e Conta,Baixa,Free,Centro-Oeste,0,178.7,0,0,2,12,0,151,27,0,0,0.025,0,0,0,0,3,2,0
TCK-002052,Email,API,Cancelamento,Crítica,Basic,Centro-Oeste,49,42.8,0,18,4,2,1,106,18,0,1,0.0235,2,0,1,0,3,2,0
TCK-002053,Email,API,Problema Técnico,Baixa,Basic,Sul,52,272.4,1,19,0,7,0,56,11,0,0,0.0222,0,0,0,0,4,3,1
TCK-002054,Email,Plataforma Web,Solicitação de Recurso,Média,Free,Centro-Oeste,33,103.5,0,8,6,2,1,55,8,0,0,0.0638,0,0,0,0,3,2,0
TCK-002055,Email,Integrações,Bug / Defeito,Média,Free,Centro-Oeste,39,252.8,0,9,4,1,1,61,11,0,0,0.0408,0,0,0,1,3,2,0
TCK-002056,Chat,Plataforma Web,Faturamento,Alta,Enterprise,Sudeste,96,68.4,0,15,0,10,0,45,8,0,0,0.027,0,0,0,0,3,2,0
TCK-002057,Email,App Mobile,Cancelamento,Alta,Premium,Sudeste,33,83.2,0,22,6,8,0,145,23,0,0,0.025,2,0,0,1,3,2,0
TCK-002058,Redes Sociais,App Mobile,Faturamento,Baixa,Premium,Sudeste,56,238.8,0,16,5,8,0,161,25,2,0,0.0227,0,0,0,0,3,2,0
TCK-002059,Chat,Integrações,Dúvida / Como Fazer,Média,Enterprise,Norte,10,61.2,0,22,1,2,0,53,9,0,0,0.0227,0,0,0,0,3,2,0
TCK-002060,Chat,Integrações,Problema Técnico,Baixa,Free,Nordeste,60,196.1,0,14,5,2,0,56,11,0,0,0.0222,0,0,0,0,3,2,0
TCK-002061,Email,Faturamento,Problema Técnico,Média,Enterprise,Nordeste,37,160.9,0,7,4,4,0,55,10,0,0,0.0222,0,0,0,0,3,2,0
TCK-002062,Email,Faturamento,Dúvida / Como Fazer,Baixa,Free,Sul,84,290.1,0,16,2,10,0,53,9,0,0,0.0227,0,0,0,0,3,2,0
TCK-002063,Telefone,App Mobile,Bug / Defeito,Média,Basic,Norte,58,132.5,0,13,2,4,0,61,11,0,0,0.0408,0,0,0,1,3,2,0
TCK-002064,Formulário Web,Plataforma Web,Dúvida / Como Fazer,Média,Free,Centro-Oeste,77,287.8,0,20,5,10,0,56,10,1,0,0.0217,0,0,0,0,3,2,0
TCK-002065,Chat,Integrações,Faturamento,Baixa,Basic,Nordeste,19,216.8,0,21,4,8,0,45,8,0,0,0.027,0,0,0,0,3,2,0
TCK-002066,Email,App Mobile,Solicitação de Recurso,Alta,Free,Sudeste,48,59.5,0,2,0,8,1,84,14,0,0,0.0294,0,0,0,0,3,2,0
TCK-002067,Telefone,Plataforma Web,Bug / Defeito,Média,Premium,Sul,30,88.4,0,2,3,9,0,165,27,0,0,0.0224,2,0,0,1,3,2,0
TCK-002068,Email,Integrações,Dúvida / Como Fazer,Baixa,Premium,Centro-Oeste,74,159.0,0,11,2,6,0,53,9,0,0,0.0227,0,0,0,0,3,2,0
TCK-002069,Formulário Web,Relatórios,Bug / Defeito,Média,Premium,Sudeste,12,141.6,0,1,6,10,0,46,9,0,0,0.0303,2,0,0,1,3,2,0
TCK-002070,Chat,Integrações,Bug / Defeito,Baixa,Free,Norte,6,175.5,0,5,0,12,0,46,9,0,0,0.0303,2,0,0,1,3,2,0
TCK-002071,Chat,API,Solicitação de Recurso,Média,Free,Sul,56,108.8,1,1,3,8,1,55,8,0,0,0.0638,0,0,0,0,4,3,1
TCK-002072,Redes Sociais,Relatórios,Dúvida / Como Fazer,Baixa,Premium,Norte,48,170.9,0,0,1,3,0,149,25,0,0,0.0246,0,0,0,0,3,2,0
TCK-002073,Email,App Mobile,Bug / Defeito,Baixa,Enterprise,Sul,0,209.6,0,22,0,6,0,61,10,0,0,0.02,1,0,0,1,3,2,0
TCK-002074,Chat,Plataforma Web,Cancelamento,Média,Free,Centro-Oeste,23,86.0,0,14,2,3,0,61,10,0,0,0.02,1,0,1,0,3,2,0
TCK-002075,Chat,Relatórios,Problema Técnico,Média,Basic,Centro-Oeste,32,170.1,0,5,5,10,0,59,10,0,0,0.0204,1,0,0,1,3,2,0
TCK-002076,Email,Integrações,Cancelamento,Baixa,Free,Sul,55,639.5,0,14,1,4,0,145,23,0,0,0.025,2,0,0,1,3,2,0
TCK-002077,Email,Faturamento,Cancelamento,Média,Basic,Centro-Oeste,52,63.3,0,22,2,5,0,55,8,0,0,0.0217,1,0,1,0,3,2,0
TCK-002078,Email,Integrações,Problema Técnico,Média,Free,Centro-Oeste,62,127.8,0,11,5,6,0,55,10,0,0,0.0222,0,0,0,0,3,2,0
TCK-002079,Formulário Web,App Mobile,Acesso e Conta,Média,Basic,Norte,36,144.4,1,7,5,2,0,171,25,0,0,0.0352,2,0,0,0,4,3,1
TCK-002080,Chat,API,Bug / Defeito,Baixa,Basic,Sul,26,157.4,0,15,0,5,0,61,10,0,0,0.02,1,0,0,1,3,2,0
TCK-002081,Chat,App Mobile,Problema Técnico,Alta,Basic,Sul,22,54.9,0,20,0,6,0,56,11,0,0,0.0222,0,0,0,0,3,2,0
TCK-002082,Chat,Relatórios,Dúvida / Como Fazer,Média,Basic,Sul,13,135.3,0,6,5,5,0,56,10,1,0,0.0217,0,0,0,0,3,2,0
TCK-002083,Email,Faturamento,Dúvida / Como Fazer,Média,Free,Norte,42,91.0,0,12,3,8,0,57,10,1,0,0.0213,0,0,0,0,3,2,0
TCK-002084,Formulário Web,App Mobile,Solicitação de Recurso,Crítica,Basic,Centro-Oeste,61,48.3,0,9,3,9,1,191,30,2,0,0.0253,1,0,0,0,3,2,0
TCK-002085,Email,Integrações,Bug / Defeito,Média,Basic,Sudeste,35,72.2,1,11,2,1,0,61,11,0,0,0.0408,0,0,0,1,4,3,1
TCK-002086,Email,Relatórios,Bug / Defeito,Baixa,Basic,Sudeste,71,140.7,0,18,2,1,0,61,10,0,0,0.02,1,0,0,1,3,2,0
TCK-002087,Redes Sociais,App Mobile,Bug / Defeito,Alta,Basic,Nordeste,39,90.0,0,23,2,6,1,46,9,0,0,0.0303,2,0,0,1,3,2,0
TCK-002088,Telefone,Integrações,Acesso e Conta,Alta,Premium,Nordeste,54,61.1,0,18,4,3,0,108,19,0,0,0.023,0,0,0,0,3,2,0
TCK-002089,Email,App Mobile,Acesso e Conta,Baixa,Premium,Norte,29,396.1,0,23,1,3,0,54,10,0,0,0.0233,0,0,0,0,3,2,0
TCK-002090,Chat,Faturamento,Dúvida / Como Fazer,Alta,Basic,Centro-Oeste,46,61.3,0,21,1,9,0,100,17,1,0,0.0247,0,0,0,0,3,2,0
TCK-002091,Chat,Faturamento,Dúvida / Como Fazer,Crítica,Premium,Centro-Oeste,20,19.8,0,1,0,2,0,90,15,1,0,0.027,1,0,0,0,3,2,0
TCK-002092,Formulário Web,Faturamento,Acesso e Conta,Baixa,Basic,Sul,8,221.7,0,0,4,7,0,64,12,0,0,0.0192,0,0,0,0,3,2,0
TCK-002093,Email,App Mobile,Acesso e Conta,Baixa,Premium,Sudeste,35,176.1,0,8,4,3,0,64,12,0,0,0.0192,0,0,0,0,3,2,0
TCK-002094,Redes Sociais,App Mobile,Problema Técnico,Baixa,Premium,Sudeste,30,174.9,0,23,5,3,0,55,10,0,0,0.0222,0,0,0,0,3,2,0
TCK-002095,Telefone,Plataforma Web,Dúvida / Como Fazer,Média,Basic,Sudeste,40,69.1,0,13,0,4,0,53,9,0,0,0.0227,0,0,0,0,3,2,0
TCK-002096,Formulário Web,App Mobile,Acesso e Conta,Média,Free,Norte,44,207.9,0,23,0,4,0,54,10,0,0,0.0233,0,0,0,0,3,2,0
TCK-002097,Email,Relatórios,Cancelamento,Média,Basic,Nordeste,23,234.7,0,8,6,7,0,51,8,0,0,0.0233,1,0,0,1,3,2,0
TCK-002098,Email,Integrações,Problema Técnico,Média,Enterprise,Centro-Oeste,13,233.2,0,21,0,8,0,55,10,0,0,0.0222,0,0,0,0,3,2,0
TCK-002099,Chat,Plataforma Web,Bug / Defeito,Média,Free,Sudeste,31,151.3,0,11,4,10,1,46,9,0,0,0.0303,2,0,0,1,3,2,0
TCK-002100,Email,Integrações,Bug / Defeito,Baixa,Basic,Centro-Oeste,34,185.6,1,14,1,1,0,46,9,0,0,0.0303,2,0,0,1,4,3,1
TCK-002101,Telefone,App Mobile,Acesso e Conta,Baixa,Free,Sul,42,169.3,0,7,5,10,0,64,12,0,0,0.0192,0,0,0,0,3,2,0
TCK-002102,Redes Sociais,Relatórios,Cancelamento,Média,Premium,Nordeste,66,156.4,0,17,2,12,0,61,10,0,0,0.02,1,0,1,0,3,2,0
TCK-002103,Chat,Plataforma Web,Problema Técnico,Alta,Basic,Sul,46,49.6,0,15,1,2,1,90,16,0,0,0.0274,1,0,0,0,3,2,0
TCK-002104,Chat,App Mobile,Faturamento,Média,Enterprise,Sul,13,139.6,0,7,4,3,0,45,8,0,0,0.027,0,0,0,0,3,2,0
TCK-002105,Chat,Integrações,Acesso e Conta,Baixa,Enterprise,Norte,60,438.0,0,14,3,6,0,64,9,0,0,0.037,1,0,0,0,3,2,0
TCK-002106,Redes Sociais,Plataforma Web,Bug / Defeito,Alta,Free,Sul,55,97.9,0,8,5,4,1,210,37,0,1,0.0359,1,0,0,1,3,2,0
TCK-002107,Email,Integrações,Cancelamento,Baixa,Free,Sul,43,191.4,0,16,3,3,0,153,23,0,0,0.0238,2,0,1,0,3,2,0
TCK-002108,Email,Relatórios,Acesso e Conta,Baixa,Basic,Centro-Oeste,27,819.8,0,12,0,9,0,54,10,0,0,0.0233,0,0,0,0,3,2,0
TCK-002109,Formulário Web,Integrações,Problema Técnico,Alta,Basic,Norte,22,37.0,0,18,1,1,1,56,11,0,0,0.0222,0,0,0,0,3,2,0
TCK-002110,Chat,Faturamento,Faturamento,Alta,Basic,Nordeste,7,27.3,1,23,0,3,1,201,34,0,0,0.0247,3,1,0,0,4,3,1
TCK-002111,Email,Relatórios,Dúvida / Como Fazer,Crítica,Basic,Sul,12,13.0,0,20,6,6,0,102,18,1,1,0.0244,1,0,0,0,3,2,0
TCK-002112,Email,API,Acesso e Conta,Média,Premium,Centro-Oeste,48,212.2,0,22,3,8,0,64,9,0,0,0.037,1,0,0,0,3,2,0
TCK-002113,Email,Relatórios,Acesso e Conta,Baixa,Premium,Norte,22,199.3,0,4,6,6,0,64,12,0,0,0.0192,0,0,0,0,3,2,0
TCK-002114,Email,API,Solicitação de Recurso,Alta,Free,Centro-Oeste,20,31.8,0,19,2,9,1,40,7,0,0,0.0303,0,0,0,0,3,2,0
TCK-002115,Telefone,Plataforma Web,Faturamento,Crítica,Premium,Sudeste,23,33.2,0,6,3,6,0,59,9,1,0,0.0204,0,0,0,0,3,2,0
TCK-002116,Chat,Relatórios,Faturamento,Baixa,Free,Nordeste,33,428.4,0,13,6,4,0,45,8,0,0,0.027,0,0,0,0,3,2,0
TCK-002117,Telefone,App Mobile,Faturamento,Média,Premium,Norte,32,85.1,0,6,5,4,0,59,9,1,0,0.0204,0,0,0,0,3,2,0
TCK-002118,Email,API,Cancelamento,Baixa,Basic,Sudeste,38,275.3,0,3,3,10,0,61,10,0,0,0.02,1,0,1,0,3,2,0
TCK-002119,Telefone,Plataforma Web,Solicitação de Recurso,Média,Premium,Centro-Oeste,25,144.7,0,3,4,5,0,57,9,1,0,0.0208,0,0,0,0,3,2,0
TCK-002120,Email,Plataforma Web,Solicitação de Recurso,Média,Free,Sudeste,21,98.0,0,3,0,3,1,40,7,0,0,0.0303,0,0,0,0,3,2,0
TCK-002121,Email,API,Faturamento,Baixa,Enterprise,Sudeste,23,128.9,0,12,4,1,0,59,9,1,0,0.0204,0,0,0,0,3,2,0
TCK-002122,Telefone,App Mobile,Acesso e Conta,Média,Free,Nordeste,64,153.6,0,16,0,5,0,171,25,0,0,0.0352,2,0,0,0,3,2,0
TCK-002123,Email,App Mobile,Solicitação de Recurso,Baixa,Basic,Sul,0,168.6,0,23,4,3,1,40,7,0,0,0.0303,0,0,0,0,3,2,0
TCK-002124,Chat,Plataforma Web,Problema Técnico,Alta,Basic,Norte,60,80.5,0,10,2,10,1,197,34,0,0,0.0252,0,0,0,0,3,2,0
TCK-002125,Email,App Mobile,Faturamento,Média,Basic,Nordeste,36,191.7,0,9,1,5,0,133,23,0,0,0.0278,0,0,0,0,3,2,0
TCK-002126,Email,API,Dúvida / Como Fazer,Alta,Premium,Nordeste,32,35.8,0,7,2,5,0,101,18,1,1,0.0247,1,0,0,0,3,2,0
TCK-002127,Email,App Mobile,Bug / Defeito,Baixa,Free,Sudeste,56,346.2,1,16,4,8,0,46,9,0,0,0.0303,2,0,0,1,4,3,1
TCK-002128,Telefone,Relatórios,Cancelamento,Alta,Basic,Sudeste,0,45.3,0,1,5,5,0,55,8,0,0,0.0217,1,0,1,0,3,2,0
TCK-002129,Chat,Plataforma Web,Bug / Defeito,Baixa,Free,Centro-Oeste,22,169.1,0,7,3,5,0,46,9,0,0,0.0303,2,0,0,1,3,2,0
TCK-002130,Chat,Integrações,Problema Técnico,Média,Free,Sudeste,43,74.2,0,11,3,6,1,59,10,0,0,0.0204,1,0,0,1,3,2,0
TCK-002131,Chat,App Mobile,Problema Técnico,Média,Free,Centro-Oeste,57,250.8,0,15,0,7,0,161,27,0,0,0.0227,2,0,0,1,3,2,0
TCK-002132,Email,Faturamento,Dúvida / Como Fazer,Crítica,Premium,Sudeste,19,18.0,0,14,5,10,0,57,10,1,0,0.0213,0,0,0,0,3,2,0
TCK-002133,Email,Integrações,Problema Técnico,Crítica,Free,Centro-Oeste,38,29.2,0,21,4,6,1,55,10,0,0,0.0222,0,0,0,0,3,2,0
TCK-002134,Formulário Web,App Mobile,Dúvida / Como Fazer,Baixa,Premium,Sudeste,77,185.9,0,22,3,10,0,57,10,1,0,0.0213,0,0,0,0,3,2,0
TCK-002135,Email,App Mobile,Faturamento,Alta,Free,Norte,49,45.0,0,12,3,9,0,45,8,0,0,0.027,0,0,0,0,3,2,0
TCK-002136,Email,App Mobile,Cancelamento,Baixa,Basic,Centro-Oeste,50,270.0,0,14,2,9,0,51,8,0,0,0.0233,1,0,0,1,3,2,0
TCK-002137,Email,API,Problema Técnico,Baixa,Premium,Centro-Oeste,34,176.6,0,17,5,12,0,59,10,0,0,0.0204,1,0,0,1,3,2,0
TCK-002138,Chat,API,Problema Técnico,Média,Free,Nordeste,46,86.8,0,18,1,11,0,55,10,0,0,0.0222,0,0,0,0,3,2,0
TCK-002139,Chat,App Mobile,Solicitação de Recurso,Crítica,Premium,Norte,17,21.8,0,20,3,6,1,57,9,1,0,0.0208,0,0,0,0,3,2,0
TCK-002140,Email,Faturamento,Bug / Defeito,Média,Basic,Sudeste,38,92.1,1,20,5,6,1,46,9,0,0,0.0303,2,0,0,1,4,3,1
TCK-002141,Email,Faturamento,Cancelamento,Baixa,Basic,Sudeste,33,228.5,0,18,3,2,0,61,10,0,0,0.02,1,0,1,0,3,2,0
TCK-002142,Redes Sociais,Relatórios,Faturamento,Média,Free,Sudeste,34,152.3,0,20,4,9,0,62,11,0,0,0.02,1,1,0,0,3,2,0
TCK-002143,Telefone,Plataforma Web,Faturamento,Alta,Premium,Nordeste,54,68.3,0,10,4,6,0,133,23,0,0,0.0278,0,0,0,0,3,2,0
TCK-002144,Chat,Faturamento,Solicitação de Recurso,Alta,Free,Sul,34,48.5,0,16,5,3,1,55,8,0,0,0.0638,0,0,0,0,3,2,0
TCK-002145,Chat,App Mobile,Problema Técnico,Média,Basic,Sudeste,50,128.0,0,13,0,11,0,55,10,0,0,0.0222,0,0,0,0,3,2,0
TCK-002146,Telefone,Integrações,Solicitação de Recurso,Alta,Basic,Norte,11,39.1,0,20,5,9,1,84,14,0,0,0.0294,0,0,0,0,3,2,0
TCK-002147,Telefone,API,Bug / Defeito,Média,Basic,Nordeste,0,144.1,0,6,3,1,0,46,9,0,0,0.0303,2,0,0,1,3,2,0
TCK-002148,Chat,Relatórios,Problema Técnico,Média,Premium,Centro-Oeste,32,97.7,0,20,0,7,0,55,10,0,0,0.0222,0,0,0,0,3,2,0
TCK-002149,Chat,Integrações,Acesso e Conta,Média,Premium,Centro-Oeste,46,102.9,0,5,6,5,0,64,12,0,0,0.0192,0,0,0,0,3,2,0
TCK-002150,Email,Faturamento,Cancelamento,Alta,Basic,Sudeste,45,98.2,0,19,2,4,0,51,8,0,0,0.0233,1,0,0,1,3,2,0
TCK-002151,Email,Integrações,Dúvida / Como Fazer,Média,Free,Norte,21,194.5,0,6,4,11,0,53,9,0,0,0.0227,0,0,0,0,3,2,0
TCK-002152,Telefone,Faturamento,Problema Técnico,Média,Free,Sul,52,92.1,0,14,0,10,0,155,29,0,0,0.0242,0,0,0,0,3,2,0
TCK-002153,Telefone,App Mobile,Problema Técnico,Baixa,Basic,Sul,51,152.5,0,4,0,9,0,59,10,0,0,0.0204,1,0,0,1,3,2,0
TCK-002154,Telefone,API,Dúvida / Como Fazer,Alta,Enterprise,Centro-Oeste,57,60.1,0,23,6,3,0,56,10,1,0,0.0217,0,0,0,0,3,2,0
TCK-002155,Email,Faturamento,Dúvida / Como Fazer,Baixa,Enterprise,Norte,91,226.4,0,14,5,7,0,57,10,1,0,0.0213,0,0,0,0,3,2,0
TCK-002156,Telefone,API,Acesso e Conta,Alta,Basic,Sul,60,86.4,0,20,0,7,0,171,31,0,0,0.0217,0,0,0,0,3,2,0
TCK-002157,Email,Faturamento,Cancelamento,Média,Free,Centro-Oeste,45,333.7,0,17,4,7,0,55,8,0,0,0.0217,1,0,1,0,3,2,0
TCK-002158,Telefone,App Mobile,Bug / Defeito,Alta,Premium,Centro-Oeste,48,47.3,1,15,2,7,1,106,18,0,1,0.0235,2,0,0,1,4,3,1
TCK-002159,Redes Sociais,Faturamento,Bug / Defeito,Alta,Basic,Sul,41,70.4,0,1,3,3,1,61,11,0,0,0.0408,0,0,0,1,3,2,0
TCK-002160,Email,API,Problema Técnico,Baixa,Premium,Sul,90,302.3,1,18,5,12,0,56,11,0,0,0.0222,0,0,0,0,4,3,1
TCK-002161,Chat,API,Acesso e Conta,Baixa,Basic,Norte,48,217.2,0,5,6,2,0,54,10,0,0,0.0233,0,0,0,0,3,2,0
TCK-002162,Telefone,Integrações,Bug / Defeito,Alta,Basic,Norte,49,43.7,1,4,0,11,1,105,17,0,0,0.0235,1,0,0,1,4,3,1
TCK-002163,Email,API,Bug / Defeito,Média,Enterprise,Sudeste,39,123.0,0,4,0,7,0,61,11,0,0,0.0408,0,0,0,1,3,2,0
TCK-002164,Email,App Mobile,Faturamento,Baixa,Free,Norte,25,251.1,0,22,3,4,0,59,9,1,0,0.0204,0,0,0,0,3,2,0
TCK-002165,Formulário Web,Faturamento,Acesso e Conta,Alta,Enterprise,Norte,32,50.3,0,2,2,2,0,54,10,0,0,0.0233,0,0,0,0,3,2,0
TCK-002166,Telefone,Integrações,Dúvida / Como Fazer,Média,Basic,Centro-Oeste,19,123.7,0,3,2,5,0,56,10,1,0,0.0217,0,0,0,0,3,2,0
TCK-002167,Redes Sociais,Plataforma Web,Faturamento,Alta,Free,Sudeste,31,60.2,1,2,5,9,1,104,17,1,1,0.0238,1,0,0,0,4,3,1
TCK-002168,Email,Plataforma Web,Dúvida / Como Fazer,Alta,Enterprise,Nordeste,59,54.1,0,11,3,4,0,91,15,1,0,0.0267,1,0,0,0,3,2,0
TCK-002169,Formulário Web,Faturamento,Dúvida / Como Fazer,Crítica,Enterprise,Centro-Oeste,51,37.3,0,16,4,7,0,56,10,1,0,0.0217,0,0,0,0,3,2,0
TCK-002170,Redes Sociais,Relatórios,Cancelamento,Crítica,Basic,Sul,33,47.1,0,5,0,7,1,190,31,0,1,0.0258,3,0,0,1,3,2,0
TCK-002171,Telefone,Faturamento,Problema Técnico,Baixa,Free,Sul,12,192.8,0,20,5,7,0,161,27,0,0,0.0227,2,0,0,1,3,2,0
TCK-002172,Redes Sociais,Plataforma Web,Acesso e Conta,Crítica,Basic,Centro-Oeste,35,28.5,0,15,3,2,0,64,9,0,0,0.037,1,0,0,0,3,2,0
TCK-002173,Email,Faturamento,Solicitação de Recurso,Baixa,Enterprise,Sudeste,66,543.1,0,9,5,12,0,57,9,1,0,0.0208,0,0,0,0,3,2,0
TCK-002174,Telefone,App Mobile,Acesso e Conta,Baixa,Free,Sudeste,25,114.3,0,22,6,3,0,64,12,0,0,0.0192,0,0,0,0,3,2,0
TCK-002175,Redes Sociais,App Mobile,Faturamento,Média,Premium,Sul,39,202.6,0,2,2,8,0,45,8,0,0,0.027,0,0,0,0,3,2,0
TCK-002176,Chat,Integrações,Acesso e Conta,Média,Enterprise,Nordeste,46,124.7,0,19,0,3,0,64,9,0,0,0.037,1,0,0,0,3,2,0
TCK-002177,Chat,Plataforma Web,Faturamento,Média,Free,Norte,0,86.2,0,5,6,6,0,62,11,0,0,0.02,1,1,0,0,3,2,0
TCK-002178,Telefone,Faturamento,Acesso e Conta,Média,Premium,Nordeste,30,119.4,0,20,1,3,0,151,27,0,0,0.025,0,0,0,0,3,2,0
TCK-002179,Chat,Plataforma Web,Bug / Defeito,Média,Premium,Nordeste,39,199.9,0,21,2,1,1,46,9,0,0,0.0303,2,0,0,1,3,2,0
TCK-002180,Telefone,Integrações,Bug / Defeito,Crítica,Premium,Centro-Oeste,43,38.2,1,15,2,10,1,105,17,0,0,0.0235,1,0,0,1,4,3,1
TCK-002181,Email,Plataforma Web,Problema Técnico,Média,Enterprise,Sudeste,55,138.2,0,18,4,11,0,55,10,0,0,0.0222,0,0,0,0,3,2,0
TCK-002182,Telefone,Plataforma Web,Dúvida / Como Fazer,Média,Premium,Sudeste,51,82.1,0,12,1,7,0,53,9,0,0,0.0227,0,0,0,0,3,2,0
TCK-002183,Email,Faturamento,Problema Técnico,Baixa,Premium,Centro-Oeste,56,438.7,0,18,2,4,0,55,10,0,0,0.0222,0,0,0,0,3,2,0
TCK-002184,Email,Plataforma Web,Faturamento,Baixa,Basic,Nordeste,92,188.1,1,15,4,6,0,59,9,1,0,0.0204,0,0,0,0,4,3,1
TCK-002185,Email,Integrações,Problema Técnico,Alta,Premium,Sul,28,76.3,0,1,0,2,1,59,10,0,0,0.0204,1,0,0,1,3,2,0
TCK-002186,Formulário Web,App Mobile,Bug / Defeito,Média,Free,Sudeste,15,295.5,0,8,1,4,1,46,9,0,0,0.0303,2,0,0,1,3,2,0
TCK-002187,Email,App Mobile,Problema Técnico,Alta,Enterprise,Centro-Oeste,14,46.2,0,10,4,10,0,103,17,0,0,0.0238,1,0,0,1,3,2,0
TCK-002188,Chat,App Mobile,Acesso e Conta,Alta,Enterprise,Sudeste,20,45.2,0,4,4,9,0,171,25,0,0,0.0352,2,0,0,0,3,2,0
TCK-002189,Formulário Web,API,Faturamento,Média,Basic,Centro-Oeste,2,177.4,0,20,0,8,0,45,8,0,0,0.027,0,0,0,0,3,2,0
TCK-002190,Chat,Integrações,Problema Técnico,Baixa,Basic,Nordeste,71,112.3,0,9,4,5,0,56,11,0,0,0.0222,0,0,0,0,3,2,0
TCK-002191,Email,API,Dúvida / Como Fazer,Média,Basic,Centro-Oeste,22,102.3,0,6,0,9,0,53,9,0,0,0.0227,0,0,0,0,3,2,0
TCK-002192,Chat,Relatórios,Dúvida / Como Fazer,Alta,Premium,Norte,78,57.9,0,14,2,9,0,57,10,1,0,0.0213,0,0,0,0,3,2,0
TCK-002193,Redes Sociais,Faturamento,Dúvida / Como Fazer,Alta,Free,Sul,57,82.9,1,11,0,2,0,56,10,1,0,0.0217,0,0,0,0,4,3,1
TCK-002194,Email,Integrações,Bug / Defeito,Crítica,Free,Nordeste,37,32.9,0,2,1,10,1,61,11,0,0,0.0408,0,0,0,1,3,2,0
TCK-002195,Email,API,Bug / Defeito,Baixa,Enterprise,Sul,42,428.1,0,15,4,6,0,61,11,0,0,0.0408,0,0,0,1,3,2,0
TCK-002196,Chat,App Mobile,Faturamento,Média,Free,Nordeste,11,373.8,0,3,3,8,0,62,11,0,0,0.02,1,1,0,0,3,2,0
TCK-002197,Chat,Relatórios,Problema Técnico,Alta,Premium,Sul,21,31.4,0,23,5,1,0,59,10,0,0,0.0204,1,0,0,1,3,2,0
TCK-002198,Redes Sociais,API,Problema Técnico,Alta,Premium,Norte,32,98.7,0,19,2,3,1,55,10,0,0,0.0222,0,0,0,0,3,2,0
TCK-002199,Email,Relatórios,Dúvida / Como Fazer,Alta,Enterprise,Centro-Oeste,0,80.1,0,1,0,4,0,56,10,1,0,0.0217,0,0,0,0,3,2,0
TCK-002200,Chat,Relatórios,Solicitação de Recurso,Baixa,Free,Sudeste,65,155.7,0,21,1,4,0,153,23,0,0,0.0547,0,0,0,0,3,2,0
TCK-002201,Email,App Mobile,Acesso e Conta,Baixa,Free,Nordeste,57,341.9,0,11,2,10,0,64,12,0,0,0.0192,0,0,0,0,3,2,0
TCK-002202,Chat,Plataforma Web,Dúvida / Como Fazer,Alta,Basic,Centro-Oeste,88,122.9,0,17,2,9,0,91,15,1,0,0.0267,1,0,0,0,3,2,0
TCK-002203,Formulário Web,Integrações,Acesso e Conta,Baixa,Basic,Centro-Oeste,37,348.5,0,9,2,2,0,64,9,0,0,0.037,1,0,0,0,3,2,0
TCK-002204,Chat,API,Bug / Defeito,Média,Premium,Sul,75,98.3,0,10,0,3,0,61,11,0,0,0.0408,0,0,0,1,3,2,0
TCK-002205,Chat,Faturamento,Solicitação de Recurso,Baixa,Free,Nordeste,58,254.5,1,10,3,4,0,57,9,1,0,0.0208,0,0,0,0,4,3,1
TCK-002206,Email,Faturamento,Problema Técnico,Média,Free,Sudeste,66,132.3,0,18,6,1,0,59,10,0,0,0.0204,1,0,0,1,3,2,0
TCK-002207,Telefone,Faturamento,Acesso e Conta,Média,Free,Norte,30,80.1,0,5,6,3,0,54,10,0,0,0.0233,0,0,0,0,3,2,0
TCK-002208,Chat,Relatórios,Dúvida / Como Fazer,Baixa,Premium,Nordeste,6,143.7,0,4,2,7,0,57,10,1,0,0.0213,0,0,0,0,3,2,0
TCK-002209,Telefone,App Mobile,Acesso e Conta,Baixa,Basic,Sudeste,17,180.0,0,5,6,8,0,54,10,0,0,0.0233,0,0,0,0,3,2,0
TCK-002210,Telefone,API,Acesso e Conta,Crítica,Premium,Centro-Oeste,28,26.3,0,15,1,5,0,64,9,0,0,0.037,1,0,0,0,3,2,0
TCK-002211,Email,Relatórios,Bug / Defeito,Crítica,Free,Centro-Oeste,69,47.8,0,11,2,9,1,61,11,0,0,0.0408,0,0,0,1,3,2,0
TCK-002212,Formulário Web,Plataforma Web,Dúvida / Como Fazer,Média,Basic,Centro-Oeste,51,85.0,0,14,3,3,0,57,10,1,0,0.0213,0,0,0,0,3,2,0
TCK-002213,Email,Relatórios,Problema Técnico,Média,Free,Centro-Oeste,15,98.6,0,20,1,9,0,55,10,0,0,0.0222,0,0,0,0,3,2,0
TCK-002214,Formulário Web,Integrações,Solicitação de Recurso,Baixa,Free,Nordeste,20,183.1,0,8,2,10,0,55,8,0,0,0.0638,0,0,0,0,3,2,0
TCK-002215,Redes Sociais,Faturamento,Bug / Defeito,Baixa,Free,Norte,50,165.3,0,5,3,5,0,135,25,0,0,0.03,4,0,0,1,3,2,0
TCK-002216,Chat,App Mobile,Faturamento,Baixa,Basic,Nordeste,46,450.4,0,12,2,12,0,167,29,0,0,0.0224,2,1,0,0,3,2,0
TCK-002217,Telefone,Integrações,Dúvida / Como Fazer,Média,Basic,Nordeste,45,128.3,0,23,4,3,0,53,9,0,0,0.0227,0,0,0,0,3,2,0
TCK-002218,Email,Plataforma Web,Solicitação de Recurso,Alta,Free,Sul,37,55.1,0,3,3,5,1,57,9,1,0,0.0208,0,0,0,0,3,2,0
TCK-002219,Chat,Relatórios,Bug / Defeito,Média,Premium,Sul,36,141.2,0,15,5,4,0,165,29,0,0,0.0379,0,0,0,1,3,2,0
TCK-002220,Email,Faturamento,Solicitação de Recurso,Alta,Free,Norte,37,81.1,1,21,1,7,1,57,9,1,0,0.0208,0,0,0,0,4,3,1
TCK-002221,Email,Faturamento,Dúvida / Como Fazer,Média,Free,Centro-Oeste,23,84.4,0,1,2,11,0,56,10,1,0,0.0217,0,0,0,0,3,2,0
TCK-002222,Telefone,Faturamento,Bug / Defeito,Média,Premium,Norte,0,262.0,0,12,4,10,0,46,9,0,0,0.0303,2,0,0,1,3,2,0
TCK-002223,Redes Sociais,Relatórios,Acesso e Conta,Média,Enterprise,Centro-Oeste,39,409.8,0,20,4,12,0,64,12,0,0,0.0192,0,0,0,0,3,2,0
TCK-002224,Chat,Faturamento,Acesso e Conta,Média,Basic,Norte,46,119.4,0,23,3,10,0,64,12,0,0,0.0192,0,0,0,0,3,2,0
TCK-002225,Chat,Plataforma Web,Problema Técnico,Crítica,Enterprise,Sul,39,34.7,0,10,6,1,1,56,11,0,0,0.0222,0,0,0,0,3,2,0
TCK-002226,Telefone,Faturamento,Solicitação de Recurso,Baixa,Basic,Sul,57,180.1,0,18,1,4,0,55,8,0,0,0.0638,0,0,0,0,3,2,0
TCK-002227,Email,Faturamento,Faturamento,Crítica,Basic,Centro-Oeste,15,24.1,0,7,2,7,1,59,9,1,0,0.0204,0,0,0,0,3,2,0
TCK-002228,Chat,Plataforma Web,Problema Técnico,Baixa,Basic,Nordeste,18,139.4,0,23,1,11,0,55,10,0,0,0.0222,0,0,0,0,3,2,0
TCK-002229,Email,App Mobile,Solicitação de Recurso,Baixa,Free,Sudeste,52,204.3,1,15,3,12,1,55,8,0,0,0.0638,0,0,0,0,4,3,1
TCK-002230,Chat,Faturamento,Faturamento,Média,Enterprise,Sudeste,52,93.1,0,11,4,1,0,62,11,0,0,0.02,1,1,0,0,3,2,0
TCK-002231,Email,Relatórios,Problema Técnico,Alta,Basic,Norte,0,32.7,1,7,2,1,1,55,10,0,0,0.0222,0,0,0,0,4,3,1
TCK-002232,Email,API,Faturamento,Média,Premium,Centro-Oeste,80,189.8,0,10,3,12,0,167,29,0,0,0.0224,2,1,0,0,3,2,0
TCK-002233,Formulário Web,Faturamento,Bug / Defeito,Baixa,Enterprise,Nordeste,19,564.4,0,2,0,3,0,61,10,0,0,0.02,1,0,0,1,3,2,0
TCK-002234,Email,Plataforma Web,Bug / Defeito,Média,Free,Nordeste,35,282.4,0,12,4,9,1,46,9,0,0,0.0303,2,0,0,1,3,2,0
TCK-002235,Email,Plataforma Web,Problema Técnico,Baixa,Basic,Norte,36,443.2,0,22,3,7,0,161,27,0,0,0.0227,2,0,0,1,3,2,0
TCK-002236,Chat,App Mobile,Bug / Defeito,Alta,Premium,Sudeste,28,62.5,1,11,0,5,1,61,11,0,0,0.0408,0,0,0,1,4,3,1
TCK-002237,Email,Integrações,Faturamento,Média,Basic,Nordeste,81,194.1,0,1,1,7,0,59,9,1,0,0.0204,0,0,0,0,3,2,0
TCK-002238,Email,App Mobile,Acesso e Conta,Alta,Basic,Centro-Oeste,44,76.8,0,16,0,6,0,171,31,0,0,0.0217,0,0,0,0,3,2,0
TCK-002239,Telefone,Plataforma Web,Problema Técnico,Crítica,Premium,Sudeste,29,22.1,0,19,5,5,1,59,10,0,0,0.0204,1,0,0,1,3,2,0
TCK-002240,Email,Relatórios,Faturamento,Alta,Premium,Norte,6,21.1,0,0,3,1,0,59,9,1,0,0.0204,0,0,0,0,3,2,0
TCK-002241,Chat,App Mobile,Acesso e Conta,Média,Free,Norte,45,93.1,0,13,6,1,0,54,10,0,0,0.0233,0,0,0,0,3,2,0
TCK-002242,Email,Integrações,Faturamento,Alta,Enterprise,Sudeste,47,64.6,0,6,1,12,0,103,16,1,0,0.0238,0,0,0,0,3,2,0
TCK-002243,Telefone,Relatórios,Acesso e Conta,Alta,Free,Sul,25,33.1,0,21,2,10,0,98,17,0,0,0.025,1,0,0,0,3,2,0
TCK-002244,Chat,App Mobile,Bug / Defeito,Média,Enterprise,Norte,33,113.3,0,1,3,12,1,61,10,0,0,0.02,1,0,0,1,3,2,0
TCK-002245,Chat,Plataforma Web,Faturamento,Alta,Free,Sul,42,68.1,1,18,2,12,1,45,8,0,0,0.027,0,0,0,0,4,3,1
TCK-002246,Formulário Web,Relatórios,Acesso e Conta,Média,Basic,Nordeste,34,168.5,0,4,2,5,0,151,27,0,0,0.025,0,0,0,0,3,2,0
TCK-002247,Chat,Relatórios,Acesso e Conta,Crítica,Free,Sul,19,20.7,0,0,3,9,0,64,12,0,0,0.0192,0,0,0,0,3,2,0
TCK-002248,Chat,Plataforma Web,Dúvida / Como Fazer,Alta,Premium,Nordeste,63,56.3,0,13,2,11,0,53,9,0,0,0.0227,0,0,0,0,3,2,0
TCK-002249,Email,Integrações,Bug / Defeito,Alta,Premium,Nordeste,62,53.7,1,9,1,3,1,105,17,0,0,0.0235,1,0,0,1,4,3,1
TCK-002250,Chat,App Mobile,Solicitação de Recurso,Alta,Free,Nordeste,39,60.9,0,11,5,5,1,57,9,1,0,0.0208,0,0,0,0,3,2,0
TCK-002251,Telefone,App Mobile,Problema Técnico,Média,Free,Nordeste,26,58.0,0,7,1,5,0,161,27,0,0,0.0227,2,0,0,1,3,2,0
TCK-002252,Formulário Web,API,Cancelamento,Média,Basic,Sudeste,31,75.4,0,3,1,4,0,51,8,0,0,0.0233,1,0,0,1,3,2,0
TCK-002253,Telefone,Integrações,Acesso e Conta,Alta,Basic,Sul,9,59.3,0,10,0,12,0,99,18,0,1,0.0256,1,0,0,0,3,2,0
TCK-002254,Formulário Web,Faturamento,Problema Técnico,Baixa,Premium,Sudeste,53,603.8,0,15,1,4,0,55,10,0,0,0.0222,0,0,0,0,3,2,0
TCK-002255,Email,Integrações,Problema Técnico,Média,Enterprise,Nordeste,3,164.4,0,5,2,4,0,55,10,0,0,0.0222,0,0,0,0,3,2,0
TCK-002256,Email,Plataforma Web,Problema Técnico,Baixa,Basic,Norte,48,262.5,0,23,5,1,0,59,10,0,0,0.0204,1,0,0,1,3,2,0
TCK-002257,Chat,Integrações,Faturamento,Alta,Enterprise,Centro-Oeste,10,67.8,0,3,2,2,0,59,9,1,0,0.0204,0,0,0,0,3,2,0
TCK-002258,Email,Integrações,Acesso e Conta,Baixa,Free,Sul,17,191.0,0,7,2,12,0,54,10,0,0,0.0233,0,0,0,0,3,2,0
TCK-002259,Telefone,Faturamento,Bug / Defeito,Baixa,Free,Norte,60,168.7,0,19,0,9,0,165,27,0,0,0.0224,2,0,0,1,3,2,0
TCK-002260,Telefone,App Mobile,Acesso e Conta,Baixa,Premium,Nordeste,45,151.8,0,14,6,6,0,64,9,0,0,0.037,1,0,0,0,3,2,0
TCK-002261,Chat,Faturamento,Faturamento,Média,Basic,Centro-Oeste,53,85.0,1,16,0,12,0,161,25,2,0,0.0227,0,0,0,0,4,3,1
TCK-002262,Redes Sociais,Plataforma Web,Dúvida / Como Fazer,Alta,Free,Norte,23,42.4,0,1,4,6,0,157,27,2,0,0.0234,0,0,0,0,3,2,0
TCK-002263,Formulário Web,Integrações,Problema Técnico,Média,Basic,Centro-Oeste,61,146.2,1,16,1,11,1,55,10,0,0,0.0222,0,0,0,0,4,3,1
TCK-002264,Chat,API,Faturamento,Baixa,Basic,Nordeste,41,144.9,0,6,2,9,0,161,25,2,0,0.0227,0,0,0,0,3,2,0
TCK-002265,Telefone,Plataforma Web,Cancelamento,Média,Basic,Centro-Oeste,41,87.6,0,20,5,9,0,51,8,0,0,0.0233,1,0,0,1,3,2,0
TCK-002266,Chat,App Mobile,Dúvida / Como Fazer,Baixa,Premium,Sul,32,219.1,0,2,6,6,0,53,9,0,0,0.0227,0,0,0,0,3,2,0
TCK-002267,Chat,Integrações,Faturamento,Média,Basic,Norte,25,120.2,0,6,6,2,0,59,9,1,0,0.0204,0,0,0,0,3,2,0
TCK-002268,Formulário Web,Relatórios,Solicitação de Recurso,Alta,Free,Nordeste,45,64.6,0,3,3,12,1,40,7,0,0,0.0303,0,0,0,0,3,2,0
TCK-002269,Formulário Web,Relatórios,Solicitação de Recurso,Baixa,Basic,Nordeste,23,170.7,0,8,0,2,1,40,7,0,0,0.0303,0,0,0,0,3,2,0
TCK-002270,Redes Sociais,App Mobile,Acesso e Conta,Média,Free,Norte,19,110.7,0,20,5,7,0,64,9,0,0,0.037,1,0,0,0,3,2,0
TCK-002271,Email,Faturamento,Cancelamento,Média,Free,Nordeste,30,231.6,0,11,0,2,0,61,10,0,0,0.02,1,0,1,0,3,2,0
TCK-002272,Email,Relatórios,Faturamento,Média,Premium,Norte,28,150.3,0,6,4,12,0,62,11,0,0,0.02,1,1,0,0,3,2,0
TCK-002273,Email,Relatórios,Bug / Defeito,Média,Premium,Sul,0,159.5,0,8,0,3,0,165,29,0,0,0.0379,0,0,0,1,3,2,0
TCK-002274,Telefone,Faturamento,Faturamento,Média,Free,Sul,66,158.7,0,13,1,8,0,45,8,0,0,0.027,0,0,0,0,3,2,0
TCK-002275,Chat,API,Bug / Defeito,Alta,Enterprise,Nordeste,20,34.7,1,4,5,6,1,165,29,0,0,0.0379,0,0,0,1,4,3,1
TCK-002276,Chat,Integrações,Acesso e Conta,Crítica,Free,Sul,3,10.7,0,23,5,9,0,54,10,0,0,0.0233,0,0,0,0,3,2,0
TCK-002277,Chat,API,Acesso e Conta,Baixa,Basic,Norte,60,220.0,0,16,1,12,0,54,10,0,0,0.0233,0,0,0,0,3,2,0
TCK-002278,Chat,Plataforma Web,Bug / Defeito,Média,Basic,Sudeste,0,298.2,0,0,0,1,0,46,9,0,0,0.0303,2,0,0,1,3,2,0
TCK-002279,Email,Relatórios,Solicitação de Recurso,Baixa,Premium,Nordeste,20,157.8,0,22,5,3,0,57,9,1,0,0.0208,0,0,0,0,3,2,0
TCK-002280,Chat,Integrações,Bug / Defeito,Média,Enterprise,Sul,11,61.6,1,22,5,7,0,61,10,0,0,0.02,1,0,0,1,4,3,1
TCK-002281,Chat,Faturamento,Problema Técnico,Crítica,Enterprise,Nordeste,19,19.8,0,22,2,6,0,59,10,0,0,0.0204,1,0,0,1,3,2,0
TCK-002282,Redes Sociais,App Mobile,Bug / Defeito,Alta,Free,Nordeste,48,79.4,0,2,4,1,1,46,9,0,0,0.0303,2,0,0,1,3,2,0
TCK-002283,Email,App Mobile,Bug / Defeito,Média,Free,Sudeste,38,113.8,0,10,1,2,1,46,9,0,0,0.0303,2,0,0,1,3,2,0
TCK-002284,Telefone,App Mobile,Problema Técnico,Crítica,Free,Norte,29,26.2,0,9,1,1,0,59,10,0,0,0.0204,1,0,0,1,3,2,0
TCK-002285,Chat,App Mobile,Acesso e Conta,Crítica,Basic,Sul,14,21.3,0,8,0,11,0,98,17,0,0,0.0256,0,0,0,0,3,2,0
TCK-002286,Formulário Web,API,Faturamento,Baixa,Free,Centro-Oeste,31,157.0,0,15,0,2,0,59,9,1,0,0.0204,0,0,0,0,3,2,0
TCK-002287,Formulário Web,Integrações,Bug / Defeito,Alta,Enterprise,Nordeste,17,44.3,0,1,4,8,1,46,9,0,0,0.0303,2,0,0,1,3,2,0
TCK-002288,Formulário Web,Relatórios,Dúvida / Como Fazer,Média,Basic,Nordeste,46,100.4,0,12,5,4,0,53,9,0,0,0.0227,0,0,0,0,3,2,0
TCK-002289,Formulário Web,App Mobile,Cancelamento,Crítica,Basic,Sudeste,28,39.1,0,0,3,4,1,55,8,0,0,0.0217,1,0,1,0,3,2,0
TCK-002290,Email,Relatórios,Acesso e Conta,Média,Basic,Sudeste,23,134.7,0,2,5,8,0,64,9,0,0,0.037,1,0,0,0,3,2,0
TCK-002291,Email,Integrações,Cancelamento,Alta,Basic,Sul,60,54.0,0,10,4,12,0,99,15,0,0,0.0247,1,0,1,0,3,2,0
TCK-002292,Email,API,Faturamento,Alta,Free,Sudeste,58,57.1,0,22,6,4,1,45,8,0,0,0.027,0,0,0,0,3,2,0
TCK-002293,Chat,Relatórios,Problema Técnico,Alta,Basic,Sul,50,45.3,0,19,6,9,0,56,11,0,0,0.0222,0,0,0,0,3,2,0
TCK-002294,Email,API,Acesso e Conta,Baixa,Free,Sul,42,462.8,0,9,5,8,0,151,27,0,0,0.025,0,0,0,0,3,2,0
TCK-002295,Redes Sociais,App Mobile,Solicitação de Recurso,Média,Premium,Sudeste,59,210.6,0,3,6,10,1,55,8,0,0,0.0638,0,0,0,0,3,2,0
TCK-002296,Email,API,Dúvida / Como Fazer,Média,Premium,Nordeste,59,179.2,0,1,2,6,0,56,10,1,0,0.0217,0,0,0,0,3,2,0
TCK-002297,Formulário Web,App Mobile,Faturamento,Baixa,Basic,Nordeste,48,170.8,0,23,6,3,0,62,11,0,0,0.02,1,1,0,0,3,2,0
TCK-002298,Chat,Plataforma Web,Dúvida / Como Fazer,Média,Free,Nordeste,34,99.8,0,11,5,5,0,53,9,0,0,0.0227,0,0,0,0,3,2,0
TCK-002299,Email,Faturamento,Problema Técnico,Baixa,Basic,Nordeste,31,226.4,0,20,6,1,0,56,11,0,0,0.0222,0,0,0,0,3,2,0
TCK-002300,Email,Faturamento,Solicitação de Recurso,Média,Free,Sul,38,163.8,0,12,0,9,1,123,21,0,0,0.03,0,0,0,0,3,2,0
TCK-002301,Chat,App Mobile,Solicitação de Recurso,Alta,Free,Sudeste,44,39.9,0,10,4,8,1,55,8,0,0,0.0638,0,0,0,0,3,2,0
TCK-002302,Email,Faturamento,Acesso e Conta,Alta,Basic,Norte,59,76.4,0,18,0,5,0,54,10,0,0,0.0233,0,0,0,0,3,2,0
TCK-002303,Email,Relatórios,Problema Técnico,Crítica,Basic,Sul,34,30.3,0,9,6,4,1,155,29,0,0,0.0242,0,0,0,0,3,2,0
TCK-002304,Redes Sociais,Integrações,Dúvida / Como Fazer,Média,Enterprise,Sul,13,197.3,0,5,6,2,0,53,9,0,0,0.0227,0,0,0,0,3,2,0
TCK-002305,Chat,App Mobile,Faturamento,Baixa,Free,Sul,47,294.0,0,16,6,8,0,45,8,0,0,0.027,0,0,0,0,3,2,0
TCK-002306,Email,App Mobile,Faturamento,Baixa,Basic,Sul,125,381.9,0,18,5,11,0,167,29,0,0,0.0224,2,1,0,0,3,2,0
TCK-002307,Email,Faturamento,Problema Técnico,Média,Free,Nordeste,21,122.2,0,7,5,3,0,55,10,0,0,0.0222,0,0,0,0,3,2,0
TCK-002308,Email,API,Problema Técnico,Média,Premium,Nordeste,58,90.0,0,10,0,8,0,55,10,0,0,0.0222,0,0,0,0,3,2,0
TCK-002309,Email,Integrações,Problema Técnico,Baixa,Enterprise,Norte,12,305.9,0,20,2,4,0,155,29,0,0,0.0242,0,0,0,0,3,2,0
TCK-002310,Email,App Mobile,Problema Técnico,Média,Enterprise,Centro-Oeste,21,141.7,0,19,1,11,0,56,11,0,0,0.0222,0,0,0,0,3,2,0
TCK-002311,Telefone,Relatórios,Dúvida / Como Fazer,Baixa,Free,Nordeste,29,159.7,1,3,6,9,0,56,10,1,0,0.0217,0,0,0,0,4,3,1
TCK-002312,Formulário Web,Faturamento,Acesso e Conta,Alta,Enterprise,Centro-Oeste,18,43.8,0,1,2,10,0,171,31,0,0,0.0217,0,0,0,0,3,2,0
TCK-002313,Telefone,Integrações,Acesso e Conta,Média,Basic,Centro-Oeste,54,95.4,0,15,1,3,0,64,9,0,0,0.037,1,0,0,0,3,2,0
TCK-002314,Telefone,API,Bug / Defeito,Média,Free,Sul,38,138.6,1,21,3,3,1,61,10,0,0,0.02,1,0,0,1,4,3,1
TCK-002315,Formulário Web,Relatórios,Problema Técnico,Média,Premium,Nordeste,55,167.1,0,2,3,1,0,55,10,0,0,0.0222,0,0,0,0,3,2,0
TCK-002316,Chat,Plataforma Web,Acesso e Conta,Média,Premium,Norte,51,169.1,0,11,0,11,0,64,9,0,0,0.037,1,0,0,0,3,2,0
TCK-002317,Email,Plataforma Web,Solicitação de Recurso,Média,Free,Sudeste,76,161.0,0,17,4,9,0,57,9,1,0,0.0208,0,0,0,0,3,2,0
TCK-002318,Chat,Relatórios,Bug / Defeito,Média,Enterprise,Sudeste,59,119.2,0,18,0,9,1,46,9,0,0,0.0303,2,0,0,1,3,2,0
TCK-002319,Redes Sociais,API,Bug / Defeito,Alta,Free,Sul,42,33.5,1,11,5,3,1,61,10,0,0,0.02,1,0,0,1,4,3,1
TCK-002320,Telefone,Faturamento,Acesso e Conta,Média,Free,Centro-Oeste,18,87.5,0,21,5,10,0,64,12,0,0,0.0192,0,0,0,0,3,2,0
TCK-002321,Email,App Mobile,Faturamento,Média,Basic,Sudeste,50,117.0,0,16,4,7,0,59,9,1,0,0.0204,0,0,0,0,3,2,0
TCK-002322,Email,Integrações,Dúvida / Como Fazer,Crítica,Premium,Centro-Oeste,38,36.5,0,5,6,10,0,199,34,2,0,0.0248,0,0,0,0,3,2,0
TCK-002323,Email,API,Dúvida / Como Fazer,Média,Basic,Norte,13,109.2,0,21,5,11,0,157,27,2,0,0.0234,0,0,0,0,3,2,0
TCK-002324,Email,API,Faturamento,Baixa,Premium,Centro-Oeste,0,247.8,0,4,5,11,0,167,29,0,0,0.0224,2,1,0,0,3,2,0
TCK-002325,Email,Plataforma Web,Problema Técnico,Baixa,Enterprise,Sul,0,593.9,0,5,4,7,0,55,10,0,0,0.0222,0,0,0,0,3,2,0
TCK-002326,Redes Sociais,Plataforma Web,Faturamento,Baixa,Premium,Norte,36,527.5,1,20,2,4,0,45,8,0,0,0.027,0,0,0,0,4,3,1
TCK-002327,Formulário Web,Faturamento,Solicitação de Recurso,Média,Free,Sudeste,56,128.1,0,9,3,5,1,40,7,0,0,0.0303,0,0,0,0,3,2,0
TCK-002328,Telefone,Plataforma Web,Dúvida / Como Fazer,Média,Free,Sul,51,89.3,0,19,0,10,0,155,27,2,0,0.0238,0,0,0,0,3,2,0
TCK-002329,Chat,Plataforma Web,Faturamento,Média,Basic,Centro-Oeste,29,170.6,0,23,4,9,0,62,11,0,0,0.02,1,1,0,0,3,2,0
TCK-002330,Email,App Mobile,Problema Técnico,Média,Premium,Centro-Oeste,45,161.1,0,9,3,2,0,153,27,0,0,0.0242,0,0,0,0,3,2,0
TCK-002331,Chat,Faturamento,Acesso e Conta,Alta,Premium,Centro-Oeste,43,58.5,0,2,5,2,0,64,12,0,0,0.0192,0,0,0,0,3,2,0
TCK-002332,Redes Sociais,Plataforma Web,Acesso e Conta,Média,Premium,Sudeste,32,206.2,0,14,3,1,0,54,10,0,0,0.0233,0,0,0,0,3,2,0
TCK-002333,Chat,Faturamento,Problema Técnico,Baixa,Free,Nordeste,46,432.4,0,18,2,8,0,59,10,0,0,0.0204,1,0,0,1,3,2,0
TCK-002334,Chat,Plataforma Web,Cancelamento,Média,Basic,Sudeste,71,90.6,0,18,6,11,0,55,8,0,0,0.0217,1,0,1,0,3,2,0
TCK-002335,Chat,API,Dúvida / Como Fazer,Média,Free,Sul,18,223.6,0,0,3,2,0,53,9,0,0,0.0227,0,0,0,0,3,2,0
TCK-002336,Formulário Web,Relatórios,Acesso e Conta,Baixa,Free,Centro-Oeste,13,201.2,0,5,3,9,0,171,31,0,0,0.0217,0,0,0,0,3,2,0
TCK-002337,Formulário Web,Plataforma Web,Dúvida / Como Fazer,Média,Basic,Sudeste,22,178.6,0,10,1,4,0,56,10,1,0,0.0217,0,0,0,0,3,2,0
TCK-002338,Formulário Web,API,Problema Técnico,Baixa,Free,Sudeste,42,235.7,0,20,1,6,0,59,10,0,0,0.0204,1,0,0,1,3,2,0
TCK-002339,Chat,Relatórios,Acesso e Conta,Média,Enterprise,Sudeste,69,134.2,0,11,0,4,0,151,27,0,0,0.025,0,0,0,0,3,2,0
TCK-002340,Telefone,Faturamento,Problema Técnico,Média,Free,Nordeste,33,75.9,0,2,3,2,0,59,10,0,0,0.0204,1,0,0,1,3,2,0
TCK-002341,Email,Relatórios,Bug / Defeito,Alta,Premium,Centro-Oeste,34,128.2,1,19,2,8,1,46,9,0,0,0.0303,2,0,0,1,4,3,1
TCK-002342,Telefone,App Mobile,Dúvida / Como Fazer,Alta,Free,Nordeste,49,47.6,0,8,5,5,0,97,16,0,0,0.0253,0,0,0,0,3,2,0
TCK-002343,Telefone,Integrações,Acesso e Conta,Baixa,Basic,Sudeste,64,534.8,0,17,1,4,0,64,9,0,0,0.037,1,0,0,0,3,2,0
TCK-002344,Formulário Web,App Mobile,Acesso e Conta,Média,Enterprise,Nordeste,42,412.6,0,7,5,2,0,64,9,0,0,0.037,1,0,0,0,3,2,0
TCK-002345,Email,API,Faturamento,Média,Basic,Sul,29,191.9,0,16,2,10,0,62,11,0,0,0.02,1,1,0,0,3,2,0
TCK-002346,Email,Integrações,Problema Técnico,Média,Basic,Sul,34,92.4,0,21,2,7,0,155,29,0,0,0.0242,0,0,0,0,3,2,0
TCK-002347,Chat,API,Faturamento,Baixa,Premium,Sudeste,29,162.4,0,23,2,7,0,62,11,0,0,0.02,1,1,0,0,3,2,0
TCK-002348,Email,Faturamento,Dúvida / Como Fazer,Baixa,Free,Sul,64,233.3,0,13,5,8,0,57,10,1,0,0.0213,0,0,0,0,3,2,0
TCK-002349,Chat,Integrações,Faturamento,Baixa,Free,Sul,69,118.9,0,14,5,10,0,59,9,1,0,0.0204,0,0,0,0,3,2,0
TCK-002350,Email,API,Acesso e Conta,Baixa,Premium,Sudeste,17,464.0,0,23,0,9,0,171,25,0,0,0.0352,2,0,0,0,3,2,0
TCK-002351,Email,App Mobile,Faturamento,Crítica,Free,Sudeste,27,28.1,0,19,4,5,0,62,11,0,0,0.02,1,1,0,0,3,2,0
TCK-002352,Redes Sociais,Relatórios,Solicitação de Recurso,Crítica,Premium,Centro-Oeste,51,35.1,1,9,0,12,1,57,9,1,0,0.0208,0,0,0,0,4,3,1
TCK-002353,Telefone,Faturamento,Problema Técnico,Baixa,Basic,Nordeste,35,181.7,0,6,2,9,0,56,11,0,0,0.0222,0,0,0,0,3,2,0
TCK-002354,Formulário Web,Faturamento,Faturamento,Baixa,Free,Centro-Oeste,30,126.7,0,8,5,2,0,45,8,0,0,0.027,0,0,0,0,3,2,0
TCK-002355,Email,Faturamento,Dúvida / Como Fazer,Média,Free,Sul,64,86.8,0,9,2,12,0,57,10,1,0,0.0213,0,0,0,0,3,2,0
TCK-002356,Formulário Web,App Mobile,Problema Técnico,Crítica,Premium,Sudeste,59,43.8,0,13,5,9,1,55,10,0,0,0.0222,0,0,0,0,3,2,0
TCK-002357,Telefone,Relatórios,Problema Técnico,Média,Free,Centro-Oeste,32,173.8,0,3,6,10,0,56,11,0,0,0.0222,0,0,0,0,3,2,0
TCK-002358,Formulário Web,Relatórios,Problema Técnico,Média,Free,Norte,70,80.7,0,14,2,2,0,55,10,0,0,0.0222,0,0,0,0,3,2,0
TCK-002359,Formulário Web,Plataforma Web,Solicitação de Recurso,Média,Premium,Sudeste,41,188.0,0,7,2,6,1,57,9,1,0,0.0208,0,0,0,0,3,2,0
TCK-002360,Chat,Faturamento,Problema Técnico,Baixa,Basic,Nordeste,46,99.3,0,2,2,6,0,55,10,0,0,0.0222,0,0,0,0,3,2,0
TCK-002361,Redes Sociais,Integrações,Faturamento,Baixa,Basic,Centro-Oeste,19,141.3,0,20,4,5,0,62,11,0,0,0.02,1,1,0,0,3,2,0
TCK-002362,Formulário Web,API,Faturamento,Baixa,Free,Sudeste,71,150.3,0,11,0,8,0,167,29,0,0,0.0224,2,1,0,0,3,2,0
TCK-002363,Telefone,Relatórios,Problema Técnico,Crítica,Free,Sul,17,16.2,1,3,0,3,1,93,15,0,0,0.026,2,0,0,1,4,3,1
TCK-002364,Chat,App Mobile,Cancelamento,Média,Basic,Norte,26,127.7,0,0,5,10,0,145,23,0,0,0.025,2,0,0,1,3,2,0
TCK-002365,Email,App Mobile,Faturamento,Média,Basic,Sul,40,159.2,0,19,4,3,0,59,9,1,0,0.0204,0,0,0,0,3,2,0
TCK-002366,Formulário Web,Relatórios,Bug / Defeito,Média,Premium,Nordeste,41,157.9,0,23,4,2,0,61,10,0,0,0.02,1,0,0,1,3,2,0
TCK-002367,Formulário Web,Plataforma Web,Dúvida / Como Fazer,Baixa,Free,Nordeste,43,139.4,0,0,2,8,0,149,25,0,0,0.0246,0,0,0,0,3,2,0
TCK-002368,Redes Sociais,API,Dúvida / Como Fazer,Baixa,Enterprise,Nordeste,59,488.9,0,15,1,6,0,53,9,0,0,0.0227,0,0,0,0,3,2,0
TCK-002369,Email,Faturamento,Cancelamento,Baixa,Free,Sudeste,21,449.9,0,3,4,4,0,61,10,0,0,0.02,1,0,1,0,3,2,0
TCK-002370,Email,Integrações,Solicitação de Recurso,Média,Basic,Norte,10,129.0,0,3,6,10,1,153,23,0,0,0.0547,0,0,0,0,3,2,0
TCK-002371,Email,App Mobile,Cancelamento,Baixa,Premium,Sudeste,38,374.4,0,0,2,7,0,51,8,0,0,0.0233,1,0,0,1,3,2,0
TCK-002372,Formulário Web,Integrações,Bug / Defeito,Média,Premium,Centro-Oeste,0,97.9,0,20,4,9,0,46,9,0,0,0.0303,2,0,0,1,3,2,0
TCK-002373,Email,Integrações,Cancelamento,Baixa,Enterprise,Sul,46,184.7,0,8,4,5,0,61,10,0,0,0.02,1,0,1,0,3,2,0
TCK-002374,Formulário Web,Faturamento,Dúvida / Como Fazer,Alta,Enterprise,Sudeste,24,29.5,0,18,6,2,0,57,10,1,0,0.0213,0,0,0,0,3,2,0
TCK-002375,Redes Sociais,App Mobile,Bug / Defeito,Média,Free,Norte,21,159.1,0,2,4,8,1,61,11,0,0,0.0408,0,0,0,1,3,2,0
TCK-002376,Chat,Integrações,Cancelamento,Alta,Premium,Norte,5,16.1,1,2,2,4,0,55,8,0,0,0.0217,1,0,1,0,4,3,1
TCK-002377,Email,API,Bug / Defeito,Alta,Enterprise,Sudeste,55,74.0,0,0,6,5,1,61,10,0,0,0.02,1,0,0,1,3,2,0
TCK-002378,Redes Sociais,Faturamento,Acesso e Conta,Alta,Premium,Sul,3,44.1,0,7,1,3,0,64,12,0,0,0.0192,0,0,0,0,3,2,0
TCK-002379,Chat,App Mobile,Cancelamento,Baixa,Basic,Centro-Oeste,25,331.3,0,21,1,7,0,145,23,0,0,0.025,2,0,0,1,3,2,0
TCK-002380,Chat,Plataforma Web,Problema Técnico,Baixa,Enterprise,Centro-Oeste,36,129.1,0,9,3,4,0,59,10,0,0,0.0204,1,0,0,1,3,2,0
TCK-002381,Formulário Web,Faturamento,Bug / Defeito,Média,Free,Nordeste,35,99.7,1,16,0,1,1,135,25,0,0,0.03,4,0,0,1,4,3,1
TCK-002382,Email,Relatórios,Faturamento,Baixa,Premium,Sul,18,130.9,0,1,0,5,0,45,8,0,0,0.027,0,0,0,0,3,2,0
TCK-002383,Chat,API,Faturamento,Média,Enterprise,Norte,40,281.8,0,16,2,10,0,167,29,0,0,0.0224,2,1,0,0,3,2,0
TCK-002384,Telefone,API,Acesso e Conta,Baixa,Enterprise,Nordeste,41,256.4,0,21,2,12,0,54,10,0,0,0.0233,0,0,0,0,3,2,0
TCK-002385,Chat,Faturamento,Dúvida / Como Fazer,Baixa,Premium,Norte,46,168.6,0,3,3,1,0,56,10,1,0,0.0217,0,0,0,0,3,2,0
TCK-002386,Chat,Integrações,Dúvida / Como Fazer,Baixa,Free,Sudeste,46,191.9,0,23,6,4,0,53,9,0,0,0.0227,0,0,0,0,3,2,0
TCK-002387,Chat,Integrações,Problema Técnico,Média,Basic,Sul,34,85.1,1,8,6,11,0,56,11,0,0,0.0222,0,0,0,0,4,3,1
TCK-002388,Email,App Mobile,Faturamento,Baixa,Enterprise,Sudeste,32,238.5,0,5,3,5,0,59,9,1,0,0.0204,0,0,0,0,3,2,0
TCK-002389,Chat,Integrações,Cancelamento,Alta,Enterprise,Norte,33,55.1,0,16,3,7,0,95,15,0,0,0.0256,2,0,1,0,3,2,0
TCK-002390,Email,Relatórios,Problema Técnico,Média,Enterprise,Norte,57,293.2,0,4,2,5,0,155,29,0,0,0.0242,0,0,0,0,3,2,0
TCK-002391,Formulário Web,API,Problema Técnico,Média,Enterprise,Centro-Oeste,7,175.7,0,3,2,10,0,59,10,0,0,0.0204,1,0,0,1,3,2,0
TCK-002392,Formulário Web,Integrações,Cancelamento,Média,Premium,Sul,8,106.7,0,11,4,6,0,145,23,0,0,0.025,2,0,0,1,3,2,0
TCK-002393,Email,Relatórios,Solicitação de Recurso,Média,Free,Sul,34,90.9,0,19,6,12,1,55,8,0,0,0.0638,0,0,0,0,3,2,0
TCK-002394,Redes Sociais,API,Problema Técnico,Média,Basic,Norte,36,125.3,0,14,3,2,0,55,10,0,0,0.0222,0,0,0,0,3,2,0
TCK-002395,Redes Sociais,API,Bug / Defeito,Baixa,Basic,Sudeste,33,229.5,0,10,1,2,0,61,10,0,0,0.02,1,0,0,1,3,2,0
TCK-002396,Chat,Integrações,Solicitação de Recurso,Alta,Basic,Sul,6,29.3,0,1,4,12,1,57,9,1,0,0.0208,0,0,0,0,3,2,0
TCK-002397,Redes Sociais,App Mobile,Faturamento,Média,Premium,Sudeste,46,222.5,0,12,6,3,0,59,9,1,0,0.0204,0,0,0,0,3,2,0
TCK-002398,Redes Sociais,Integrações,Solicitação de Recurso,Baixa,Basic,Norte,23,163.7,0,6,6,2,1,57,9,1,0,0.0208,0,0,0,0,3,2,0
TCK-002399,Email,Faturamento,Dúvida / Como Fazer,Média,Basic,Sul,30,141.3,0,5,4,8,0,56,10,1,0,0.0217,0,0,0,0,3,2,0
TCK-002400,Formulário Web,Relatórios,Problema Técnico,Média,Enterprise,Centro-Oeste,39,67.5,1,14,3,2,0,59,10,0,0,0.0204,1,0,0,1,4,3,1
TCK-002401,Email,App Mobile,Acesso e Conta,Média,Basic,Nordeste,3,194.2,0,21,0,6,0,64,12,0,0,0.0192,0,0,0,0,3,2,0
TCK-002402,Formulário Web,API,Dúvida / Como Fazer,Média,Basic,Centro-Oeste,16,97.1,0,1,1,11,0,53,9,0,0,0.0227,0,0,0,0,3,2,0
TCK-002403,Email,Faturamento,Acesso e Conta,Média,Free,Sul,14,105.7,0,22,1,12,0,171,31,0,0,0.0217,0,0,0,0,3,2,0
TCK-002404,Chat,Plataforma Web,Dúvida / Como Fazer,Média,Basic,Centro-Oeste,50,360.1,0,15,0,3,0,53,9,0,0,0.0227,0,0,0,0,3,2,0
TCK-002405,Chat,Faturamento,Bug / Defeito,Média,Basic,Nordeste,67,164.9,1,16,2,7,0,61,10,0,0,0.02,1,0,0,1,4,3,1
TCK-002406,Formulário Web,Faturamento,Problema Técnico,Crítica,Free,Sul,65,58.1,0,16,2,1,1,59,10,0,0,0.0204,1,0,0,1,3,2,0
TCK-002407,Chat,Integrações,Problema Técnico,Média,Free,Sul,60,238.0,1,8,6,12,1,55,10,0,0,0.0222,0,0,0,0,4,3,1
TCK-002408,Telefone,Integrações,Solicitação de Recurso,Alta,Free,Sul,64,68.8,0,13,3,1,1,57,9,1,0,0.0208,0,0,0,0,3,2,0
TCK-002409,Email,App Mobile,Problema Técnico,Média,Basic,Centro-Oeste,59,99.8,0,9,2,3,0,55,10,0,0,0.0222,0,0,0,0,3,2,0
TCK-002410,Email,Relatórios,Faturamento,Baixa,Basic,Centro-Oeste,51,527.5,0,9,5,5,0,59,9,1,0,0.0204,0,0,0,0,3,2,0
TCK-002411,Chat,Plataforma Web,Acesso e Conta,Média,Enterprise,Sul,34,89.0,0,16,0,12,0,151,27,0,0,0.025,0,0,0,0,3,2,0
TCK-002412,Chat,Relatórios,Dúvida / Como Fazer,Média,Basic,Centro-Oeste,41,112.4,0,8,5,1,0,56,10,1,0,0.0217,0,0,0,0,3,2,0
TCK-002413,Email,Plataforma Web,Solicitação de Recurso,Média,Free,Sul,42,112.0,0,21,5,2,0,157,25,2,0,0.0231,0,0,0,0,3,2,0
TCK-002414,Redes Sociais,Integrações,Cancelamento,Alta,Premium,Norte,41,67.5,0,15,1,10,0,105,17,0,0,0.0235,1,0,1,0,3,2,0
TCK-002415,Email,Relatórios,Acesso e Conta,Alta,Free,Centro-Oeste,60,91.1,0,18,2,8,0,88,15,0,0,0.0282,1,0,0,0,3,2,0
TCK-002416,Email,App Mobile,Problema Técnico,Alta,Free,Sul,56,90.2,0,12,2,7,0,55,10,0,0,0.0222,0,0,0,0,3,2,0
TCK-002417,Email,Plataforma Web,Problema Técnico,Média,Premium,Sul,95,158.6,0,9,0,12,0,55,10,0,0,0.0222,0,0,0,0,3,2,0
TCK-002418,Email,App Mobile,Problema Técnico,Crítica,Basic,Norte,0,5.7,0,0,5,12,1,55,10,0,0,0.0222,0,0,0,0,3,2,0
TCK-002419,Telefone,Plataforma Web,Problema Técnico,Média,Basic,Norte,44,146.3,0,8,1,5,1,55,10,0,0,0.0222,0,0,0,0,3,2,0
TCK-002420,Email,Plataforma Web,Acesso e Conta,Alta,Free,Sul,29,34.5,0,5,2,12,0,99,18,0,1,0.0256,1,0,0,0,3,2,0
TCK-002421,Redes Sociais,Plataforma Web,Cancelamento,Alta,Basic,Nordeste,78,61.4,0,11,2,6,1,190,31,0,1,0.0258,3,0,0,1,3,2,0
TCK-002422,Chat,API,Bug / Defeito,Média,Premium,Sudeste,26,92.1,0,14,2,6,0,61,10,0,0,0.02,1,0,0,1,3,2,0
TCK-002423,Telefone,API,Problema Técnico,Média,Premium,Norte,44,88.8,0,14,1,12,0,59,10,0,0,0.0204,1,0,0,1,3,2,0
TCK-002424,Chat,App Mobile,Acesso e Conta,Alta,Premium,Centro-Oeste,50,90.8,0,3,5,12,0,151,27,0,0,0.025,0,0,0,0,3,2,0
TCK-002425,Chat,Relatórios,Problema Técnico,Alta,Enterprise,Norte,43,93.5,0,11,5,4,0,56,11,0,0,0.0222,0,0,0,0,3,2,0
TCK-002426,Formulário Web,API,Problema Técnico,Baixa,Premium,Sudeste,80,363.1,0,17,6,10,0,153,27,0,0,0.0242,0,0,0,0,3,2,0
TCK-002427,Redes Sociais,Integrações,Bug / Defeito,Alta,Enterprise,Sul,6,87.2,0,14,2,4,1,46,9,0,0,0.0303,2,0,0,1,3,2,0
TCK-002428,Formulário Web,API,Dúvida / Como Fazer,Crítica,Basic,Nordeste,26,22.9,0,3,1,7,0,53,9,0,0,0.0227,0,0,0,0,3,2,0
TCK-002429,Chat,Faturamento,Dúvida / Como Fazer,Média,Free,Norte,31,110.9,0,0,2,12,0,53,9,0,0,0.0227,0,0,0,0,3,2,0
TCK-002430,Chat,Faturamento,Dúvida / Como Fazer,Baixa,Enterprise,Nordeste,66,405.0,0,15,4,6,0,53,9,0,0,0.0227,0,0,0,0,3,2,0
TCK-002431,Email,Plataforma Web,Problema Técnico,Baixa,Basic,Sul,22,282.8,0,4,1,3,0,55,10,0,0,0.0222,0,0,0,0,3,2,0
TCK-002432,Telefone,App Mobile,Problema Técnico,Média,Free,Sudeste,50,128.1,0,13,6,6,0,55,10,0,0,0.0222,0,0,0,0,3,2,0
TCK-002433,Formulário Web,Faturamento,Bug / Defeito,Média,Basic,Norte,24,229.7,1,9,3,7,1,61,11,0,0,0.0408,0,0,0,1,4,3,1
TCK-002434,Email,Plataforma Web,Problema Técnico,Crítica,Free,Norte,22,24.0,1,23,2,8,1,161,27,0,0,0.0227,2,0,0,1,4,3,1
TCK-002435,Telefone,App Mobile,Cancelamento,Crítica,Free,Sudeste,87,64.0,1,16,2,4,1,61,10,0,0,0.02,1,0,1,0,4,3,1
TCK-002436,Chat,API,Bug / Defeito,Média,Free,Centro-Oeste,66,114.0,0,17,5,3,0,61,10,0,0,0.02,1,0,0,1,3,2,0
TCK-002437,Email,Faturamento,Dúvida / Como Fazer,Média,Basic,Sudeste,17,67.3,0,19,3,2,0,53,9,0,0,0.0227,0,0,0,0,3,2,0
TCK-002438,Email,Integrações,Faturamento,Média,Basic,Sudeste,38,107.6,0,19,5,1,0,59,9,1,0,0.0204,0,0,0,0,3,2,0
TCK-002439,Formulário Web,Relatórios,Problema Técnico,Média,Basic,Sudeste,48,62.1,0,16,6,7,0,59,10,0,0,0.0204,1,0,0,1,3,2,0
TCK-002440,Email,API,Problema Técnico,Média,Premium,Norte,35,74.4,0,5,5,4,0,55,10,0,0,0.0222,0,0,0,0,3,2,0
TCK-002441,Email,App Mobile,Bug / Defeito,Média,Free,Nordeste,41,244.1,0,17,5,10,1,46,9,0,0,0.0303,2,0,0,1,3,2,0
TCK-002442,Chat,Plataforma Web,Dúvida / Como Fazer,Baixa,Basic,Sul,67,145.5,0,21,5,7,0,57,10,1,0,0.0213,0,0,0,0,3,2,0
TCK-002443,Redes Sociais,Plataforma Web,Acesso e Conta,Baixa,Free,Sul,56,330.7,0,15,2,9,0,64,9,0,0,0.037,1,0,0,0,3,2,0
TCK-002444,Email,App Mobile,Cancelamento,Crítica,Basic,Sul,43,44.4,0,0,3,1,0,55,8,0,0,0.0217,1,0,1,0,3,2,0
TCK-002445,Formulário Web,API,Acesso e Conta,Alta,Enterprise,Sul,10,38.4,1,3,0,5,0,64,12,0,0,0.0192,0,0,0,0,4,3,1
TCK-002446,Formulário Web,Integrações,Cancelamento,Média,Free,Nordeste,64,130.0,0,18,6,6,0,145,23,0,0,0.025,2,0,0,1,3,2,0
TCK-002447,Telefone,Plataforma Web,Problema Técnico,Média,Basic,Centro-Oeste,26,192.3,0,20,4,10,0,59,10,0,0,0.0204,1,0,0,1,3,2,0
TCK-002448,Telefone,Plataforma Web,Problema Técnico,Alta,Premium,Nordeste,53,92.6,0,12,2,9,0,161,27,0,0,0.0227,2,0,0,1,3,2,0
TCK-002449,Chat,Integrações,Bug / Defeito,Média,Basic,Sul,62,113.8,1,16,2,5,0,61,11,0,0,0.0408,0,0,0,1,4,3,1
TCK-002450,Email,Plataforma Web,Cancelamento,Baixa,Free,Sul,71,162.0,0,12,4,10,0,61,10,0,0,0.02,1,0,1,0,3,2,0
TCK-002451,Telefone,Relatórios,Solicitação de Recurso,Alta,Free,Sul,46,69.8,0,14,1,6,1,40,7,0,0,0.0303,0,0,0,0,3,2,0
TCK-002452,Formulário Web,Plataforma Web,Cancelamento,Média,Free,Sudeste,41,146.6,0,11,4,9,0,55,8,0,0,0.0217,1,0,1,0,3,2,0
TCK-002453,Email,Relatórios,Faturamento,Média,Free,Centro-Oeste,39,137.1,0,22,1,1,0,45,8,0,0,0.027,0,0,0,0,3,2,0
TCK-002454,Chat,App Mobile,Bug / Defeito,Média,Basic,Sudeste,6,273.6,0,2,1,2,0,61,10,0,0,0.02,1,0,0,1,3,2,0
TCK-002455,Email,App Mobile,Problema Técnico,Baixa,Premium,Sul,39,705.9,0,4,4,5,0,59,10,0,0,0.0204,1,0,0,1,3,2,0
TCK-002456,Redes Sociais,Relatórios,Cancelamento,Baixa,Enterprise,Norte,40,252.7,0,4,4,5,0,61,10,0,0,0.02,1,0,1,0,3,2,0
TCK-002457,Email,Integrações,Solicitação de Recurso,Baixa,Free,Sul,41,277.3,0,4,6,7,1,40,7,0,0,0.0303,0,0,0,0,3,2,0
TCK-002458,Chat,Plataforma Web,Dúvida / Como Fazer,Baixa,Enterprise,Sudeste,36,144.2,0,22,6,3,0,56,10,1,0,0.0217,0,0,0,0,3,2,0
TCK-002459,Chat,Relatórios,Dúvida / Como Fazer,Baixa,Basic,Norte,13,242.4,0,6,1,9,0,57,10,1,0,0.0213,0,0,0,0,3,2,0
TCK-002460,Formulário Web,API,Dúvida / Como Fazer,Alta,Free,Norte,29,51.4,0,21,5,5,0,53,9,0,0,0.0227,0,0,0,0,3,2,0
TCK-002461,Chat,Plataforma Web,Dúvida / Como Fazer,Média,Free,Centro-Oeste,48,141.3,0,2,6,3,0,53,9,0,0,0.0227,0,0,0,0,3,2,0
TCK-002462,Telefone,Integrações,Solicitação de Recurso,Baixa,Basic,Sudeste,33,196.5,0,3,1,8,0,40,7,0,0,0.0303,0,0,0,0,3,2,0
TCK-002463,Email,Relatórios,Dúvida / Como Fazer,Baixa,Enterprise,Norte,34,163.3,0,6,4,10,0,155,27,2,0,0.0238,0,0,0,0,3,2,0
TCK-002464,Telefone,Relatórios,Bug / Defeito,Média,Basic,Sudeste,34,193.9,0,11,3,1,0,61,11,0,0,0.0408,0,0,0,1,3,2,0
TCK-002465,Formulário Web,Relatórios,Solicitação de Recurso,Média,Premium,Sul,73,99.5,0,15,4,11,0,57,9,1,0,0.0208,0,0,0,0,3,2,0
TCK-002466,Email,Relatórios,Faturamento,Média,Free,Centro-Oeste,65,223.5,0,9,4,6,0,59,9,1,0,0.0204,0,0,0,0,3,2,0
TCK-002467,Formulário Web,Faturamento,Problema Técnico,Média,Premium,Centro-Oeste,0,183.8,0,0,6,7,0,59,10,0,0,0.0204,1,0,0,1,3,2,0
TCK-002468,Email,Integrações,Dúvida / Como Fazer,Média,Free,Nordeste,38,116.0,0,23,3,12,0,157,27,2,0,0.0234,0,0,0,0,3,2,0
TCK-002469,Formulário Web,Relatórios,Solicitação de Recurso,Alta,Premium,Nordeste,8,71.9,0,22,0,8,1,157,25,2,0,0.0231,0,0,0,0,3,2,0
TCK-002470,Telefone,App Mobile,Acesso e Conta,Baixa,Free,Centro-Oeste,10,115.5,0,19,3,6,0,64,9,0,0,0.037,1,0,0,0,3,2,0
TCK-002471,Email,App Mobile,Problema Técnico,Média,Free,Norte,38,276.4,0,21,0,10,0,55,10,0,0,0.0222,0,0,0,0,3,2,0
TCK-002472,Email,Relatórios,Bug / Defeito,Média,Basic,Norte,68,120.6,0,15,4,10,0,61,11,0,0,0.0408,0,0,0,1,3,2,0
TCK-002473,Chat,App Mobile,Problema Técnico,Baixa,Free,Nordeste,17,231.1,0,21,2,10,0,161,27,0,0,0.0227,2,0,0,1,3,2,0
TCK-002474,Chat,Integrações,Cancelamento,Alta,Free,Sul,25,102.9,0,21,2,11,0,51,8,0,0,0.0233,1,0,0,1,3,2,0
TCK-002475,Email,Integrações,Cancelamento,Baixa,Premium,Centro-Oeste,16,574.0,0,23,4,2,0,51,8,0,0,0.0233,1,0,0,1,3,2,0
TCK-002476,Email,Relatórios,Acesso e Conta,Média,Basic,Norte,27,138.8,0,3,6,12,0,54,10,0,0,0.0233,0,0,0,0,3,2,0
TCK-002477,Formulário Web,Relatórios,Problema Técnico,Baixa,Free,Centro-Oeste,52,377.5,0,15,3,12,1,56,11,0,0,0.0222,0,0,0,0,3,2,0
TCK-002478,Telefone,Faturamento,Solicitação de Recurso,Média,Free,Sudeste,40,102.1,0,22,5,9,1,57,9,1,0,0.0208,0,0,0,0,3,2,0
TCK-002479,Redes Sociais,Relatórios,Acesso e Conta,Baixa,Premium,Norte,52,413.4,0,10,0,10,0,54,10,0,0,0.0233,0,0,0,0,3,2,0
TCK-002480,Formulário Web,App Mobile,Dúvida / Como Fazer,Crítica,Basic,Nordeste,0,14.2,0,21,3,3,0,97,16,0,0,0.0253,0,0,0,0,3,2,0
TCK-002481,Formulário Web,Faturamento,Acesso e Conta,Média,Basic,Nordeste,54,75.5,0,2,3,1,0,64,12,0,0,0.0192,0,0,0,0,3,2,0
TCK-002482,Email,Faturamento,Problema Técnico,Média,Basic,Nordeste,15,101.4,0,22,3,1,0,59,10,0,0,0.0204,1,0,0,1,3,2,0
TCK-002483,Redes Sociais,Integrações,Dúvida / Como Fazer,Alta,Free,Sul,51,107.7,0,11,1,6,0,57,10,1,0,0.0213,0,0,0,0,3,2,0
TCK-002484,Telefone,App Mobile,Problema Técnico,Crítica,Enterprise,Nordeste,46,36.0,0,2,2,8,1,55,10,0,0,0.0222,0,0,0,0,3,2,0
TCK-002485,Formulário Web,Plataforma Web,Faturamento,Alta,Premium,Centro-Oeste,23,40.1,0,5,3,8,0,205,32,2,0,0.024,0,0,0,0,3,2,0
TCK-002486,Email,Plataforma Web,Bug / Defeito,Baixa,Basic,Norte,33,337.0,0,9,3,8,0,61,10,0,0,0.02,1,0,0,1,3,2,0
TCK-002487,Email,Faturamento,Problema Técnico,Alta,Free,Centro-Oeste,16,39.9,0,7,0,6,1,56,11,0,0,0.0222,0,0,0,0,3,2,0
TCK-002488,Formulário Web,Integrações,Solicitação de Recurso,Baixa,Free,Sul,48,363.7,0,11,3,2,1,57,9,1,0,0.0208,0,0,0,0,3,2,0
TCK-002489,Formulário Web,API,Solicitação de Recurso,Alta,Enterprise,Centro-Oeste,6,27.8,1,20,3,3,1,99,15,0,0,0.0488,0,0,0,0,4,3,1
TCK-002490,Telefone,API,Problema Técnico,Média,Free,Sudeste,43,102.8,0,7,3,4,0,55,10,0,0,0.0222,0,0,0,0,3,2,0
TCK-002491,Formulário Web,Plataforma Web,Faturamento,Média,Enterprise,Norte,75,85.0,0,12,3,3,0,133,23,0,0,0.0278,0,0,0,0,3,2,0
TCK-002492,Email,Plataforma Web,Problema Técnico,Baixa,Free,Norte,43,125.2,0,11,2,1,0,56,11,0,0,0.0222,0,0,0,0,3,2,0
TCK-002493,Email,Integrações,Bug / Defeito,Alta,Basic,Centro-Oeste,16,30.9,0,6,6,8,1,46,9,0,0,0.0303,2,0,0,1,3,2,0
TCK-002494,Telefone,App Mobile,Dúvida / Como Fazer,Baixa,Premium,Sudeste,26,126.8,0,18,2,3,0,53,9,0,0,0.0227,0,0,0,0,3,2,0
TCK-002495,Formulário Web,Faturamento,Dúvida / Como Fazer,Alta,Free,Centro-Oeste,39,40.7,0,14,3,4,0,56,10,1,0,0.0217,0,0,0,0,3,2,0
TCK-002496,Email,Faturamento,Problema Técnico,Média,Premium,Norte,74,178.5,0,16,4,8,0,56,11,0,0,0.0222,0,0,0,0,3,2,0
TCK-002497,Telefone,Plataforma Web,Dúvida / Como Fazer,Baixa,Premium,Sul,4,138.2,0,6,5,8,0,53,9,0,0,0.0227,0,0,0,0,3,2,0
TCK-002498,Redes Sociais,Plataforma Web,Problema Técnico,Baixa,Free,Sudeste,81,291.5,0,12,2,6,0,161,27,0,0,0.0227,2,0,0,1,3,2,0
TCK-002499,Email,API,Problema Técnico,Média,Basic,Norte,64,288.6,0,1,1,10,0,59,10,0,0,0.0204,1,0,0,1,3,2,0
TCK-002500,Email,Faturamento,Dúvida / Como Fazer,Média,Enterprise,Centro-Oeste,53,150.3,0,9,1,3,0,56,10,1,0,0.0217,0,0,0,0,3,2,0
TCK-002501,Formulário Web,Faturamento,Problema Técnico,Baixa,Free,Nordeste,10,136.4,0,23,3,9,0,56,11,0,0,0.0222,0,0,0,0,3,2,0
TCK-002502,Formulário Web,Integrações,Problema Técnico,Média,Premium,Sul,42,127.1,1,20,6,9,0,55,10,0,0,0.0222,0,0,0,0,4,3,1
TCK-002503,Chat,Integrações,Solicitação de Recurso,Baixa,Basic,Sudeste,61,155.9,0,14,6,9,0,55,8,0,0,0.0638,0,0,0,0,3,2,0
TCK-002504,Redes Sociais,API,Acesso e Conta,Alta,Premium,Centro-Oeste,35,41.1,0,20,6,1,0,54,10,0,0,0.0233,0,0,0,0,3,2,0
TCK-002505,Telefone,Plataforma Web,Problema Técnico,Baixa,Basic,Sul,40,325.9,0,0,3,12,0,56,11,0,0,0.0222,0,0,0,0,3,2,0
TCK-002506,Chat,Faturamento,Solicitação de Recurso,Alta,Basic,Nordeste,84,76.3,0,15,3,1,1,40,7,0,0,0.0303,0,0,0,0,3,2,0
TCK-002507,Telefone,Faturamento,Bug / Defeito,Crítica,Basic,Sul,2,26.1,0,6,6,7,1,106,18,0,1,0.0235,2,0,0,1,3,2,0
TCK-002508,Email,Relatórios,Dúvida / Como Fazer,Média,Free,Centro-Oeste,15,105.8,0,22,1,5,0,57,10,1,0,0.0213,0,0,0,0,3,2,0
TCK-002509,Email,Faturamento,Acesso e Conta,Média,Enterprise,Sul,9,111.4,0,1,1,10,0,64,12,0,0,0.0192,0,0,0,0,3,2,0
TCK-002510,Email,Plataforma Web,Acesso e Conta,Média,Premium,Nordeste,2,99.2,0,0,0,7,0,54,10,0,0,0.0233,0,0,0,0,3,2,0
TCK-002511,Telefone,Plataforma Web,Bug / Defeito,Crítica,Premium,Centro-Oeste,40,33.4,0,8,3,5,1,135,25,0,0,0.03,4,0,0,1,3,2,0
TCK-002512,Email,API,Problema Técnico,Média,Enterprise,Sudeste,9,268.1,0,23,6,3,0,161,27,0,0,0.0227,2,0,0,1,3,2,0
TCK-002513,Telefone,Plataforma Web,Faturamento,Média,Basic,Sudeste,6,105.8,0,4,1,2,0,167,29,0,0,0.0224,2,1,0,0,3,2,0
TCK-002514,Email,Integrações,Problema Técnico,Alta,Free,Norte,28,56.1,0,11,2,4,1,59,10,0,0,0.0204,1,0,0,1,3,2,0
TCK-002515,Email,Relatórios,Faturamento,Média,Free,Sul,47,149.6,0,18,1,1,0,45,8,0,0,0.027,0,0,0,0,3,2,0
TCK-002516,Email,API,Problema Técnico,Alta,Premium,Centro-Oeste,28,50.8,0,3,4,1,1,55,10,0,0,0.0222,0,0,0,0,3,2,0
TCK-002517,Email,Relatórios,Solicitação de Recurso,Alta,Enterprise,Norte,58,85.8,0,22,2,11,1,91,14,1,0,0.0263,1,0,0,0,3,2,0
TCK-002518,Formulário Web,App Mobile,Faturamento,Alta,Free,Centro-Oeste,25,75.9,0,17,2,1,0,59,9,1,0,0.0204,0,0,0,0,3,2,0
TCK-002519,Chat,Plataforma Web,Dúvida / Como Fazer,Alta,Free,Centro-Oeste,68,90.3,0,13,3,5,0,53,9,0,0,0.0227,0,0,0,0,3,2,0
TCK-002520,Chat,Relatórios,Problema Técnico,Alta,Free,Nordeste,54,66.2,0,9,6,11,1,59,10,0,0,0.0204,1,0,0,1,3,2,0
TCK-002521,Email,Relatórios,Cancelamento,Média,Premium,Sul,32,147.7,0,9,2,5,0,55,8,0,0,0.0217,1,0,1,0,3,2,0
TCK-002522,Formulário Web,Integrações,Faturamento,Alta,Premium,Norte,37,69.3,0,22,5,8,0,106,18,0,0,0.0235,1,1,0,0,3,2,0
TCK-002523,Chat,Integrações,Cancelamento,Baixa,Basic,Nordeste,39,384.3,0,3,1,6,0,153,23,0,0,0.0238,2,0,1,0,3,2,0
TCK-002524,Email,App Mobile,Cancelamento,Média,Free,Centro-Oeste,31,222.5,0,6,0,8,0,51,8,0,0,0.0233,1,0,0,1,3,2,0
TCK-002525,Chat,Plataforma Web,Acesso e Conta,Média,Premium,Norte,11,62.8,0,4,1,7,0,64,12,0,0,0.0192,0,0,0,0,3,2,0
TCK-002526,Formulário Web,Plataforma Web,Acesso e Conta,Baixa,Free,Centro-Oeste,8,202.7,0,4,0,6,0,64,9,0,0,0.037,1,0,0,0,3,2,0
TCK-002527,Telefone,API,Acesso e Conta,Alta,Free,Sul,31,71.7,0,2,4,5,0,98,17,0,0,0.0256,0,0,0,0,3,2,0
TCK-002528,Email,Plataforma Web,Dúvida / Como Fazer,Média,Enterprise,Norte,37,177.4,0,17,2,2,0,56,10,1,0,0.0217,0,0,0,0,3,2,0
TCK-002529,Email,Relatórios,Acesso e Conta,Crítica,Premium,Nordeste,44,40.0,0,20,2,1,0,64,9,0,0,0.037,1,0,0,0,3,2,0
TCK-002530,Email,Faturamento,Bug / Defeito,Alta,Free,Centro-Oeste,47,118.6,0,22,3,1,1,165,27,0,0,0.0224,2,0,0,1,3,2,0
TCK-002531,Email,Integrações,Acesso e Conta,Crítica,Free,Sudeste,33,47.3,0,21,5,3,0,54,10,0,0,0.0233,0,0,0,0,3,2,0
TCK-002532,Telefone,API,Acesso e Conta,Baixa,Basic,Sudeste,55,98.1,1,19,3,9,0,64,12,0,0,0.0192,0,0,0,0,4,3,1
TCK-002533,Formulário Web,API,Problema Técnico,Baixa,Enterprise,Centro-Oeste,56,115.1,0,5,0,8,0,55,10,0,0,0.0222,0,0,0,0,3,2,0
TCK-002534,Email,App Mobile,Problema Técnico,Média,Basic,Sul,28,88.0,0,1,1,8,0,56,11,0,0,0.0222,0,0,0,0,3,2,0
TCK-002535,Email,Integrações,Faturamento,Média,Basic,Centro-Oeste,77,327.9,0,14,4,7,0,59,9,1,0,0.0204,0,0,0,0,3,2,0
TCK-002536,Telefone,Relatórios,Cancelamento,Média,Enterprise,Sudeste,41,197.6,0,1,4,5,0,55,8,0,0,0.0217,1,0,1,0,3,2,0
TCK-002537,Redes Sociais,Integrações,Faturamento,Média,Basic,Norte,19,180.2,0,0,1,12,0,59,9,1,0,0.0204,0,0,0,0,3,2,0
TCK-002538,Email,Plataforma Web,Faturamento,Média,Free,Centro-Oeste,18,140.2,0,1,2,10,0,59,9,1,0,0.0204,0,0,0,0,3,2,0
TCK-002539,Telefone,API,Faturamento,Média,Premium,Centro-Oeste,23,180.0,0,7,0,3,0,167,29,0,0,0.0224,2,1,0,0,3,2,0
TCK-002540,Email,Faturamento,Bug / Defeito,Média,Free,Centro-Oeste,7,103.5,0,2,4,12,0,61,11,0,0,0.0408,0,0,0,1,3,2,0
TCK-002541,Telefone,App Mobile,Dúvida / Como Fazer,Baixa,Basic,Sul,63,185.7,0,15,1,5,0,56,10,1,0,0.0217,0,0,0,0,3,2,0
TCK-002542,Formulário Web,App Mobile,Acesso e Conta,Média,Free,Sudeste,26,98.7,0,9,0,11,0,54,10,0,0,0.0233,0,0,0,0,3,2,0
TCK-002543,Chat,App Mobile,Dúvida / Como Fazer,Baixa,Basic,Nordeste,44,203.7,0,12,5,6,0,157,27,2,0,0.0234,0,0,0,0,3,2,0
TCK-002544,Chat,Integrações,Cancelamento,Alta,Free,Sudeste,93,87.7,1,10,3,4,1,89,13,0,0,0.027,2,0,1,0,4,3,1
TCK-002545,Telefone,App Mobile,Solicitação de Recurso,Baixa,Premium,Nordeste,73,210.4,0,17,3,11,0,55,8,0,0,0.0638,0,0,0,0,3,2,0
TCK-002546,Redes Sociais,API,Acesso e Conta,Baixa,Premium,Centro-Oeste,31,475.6,1,19,6,11,0,64,9,0,0,0.037,1,0,0,0,4,3,1
TCK-002547,Chat,Relatórios,Problema Técnico,Média,Basic,Sudeste,35,235.3,0,22,6,1,0,59,10,0,0,0.0204,1,0,0,1,3,2,0
TCK-002548,Chat,API,Problema Técnico,Alta,Premium,Centro-Oeste,9,49.9,0,4,2,11,0,56,11,0,0,0.0222,0,0,0,0,3,2,0
TCK-002549,Email,Integrações,Problema Técnico,Alta,Free,Sul,35,27.4,1,17,5,7,1,56,11,0,0,0.0222,0,0,0,0,4,3,1
TCK-002550,Telefone,Plataforma Web,Solicitação de Recurso,Média,Basic,Centro-Oeste,24,219.7,0,20,4,11,1,153,23,0,0,0.0547,0,0,0,0,3,2,0
TCK-002551,Telefone,Faturamento,Problema Técnico,Alta,Free,Norte,47,43.9,0,18,2,6,1,56,11,0,0,0.0222,0,0,0,0,3,2,0
TCK-002552,Chat,API,Bug / Defeito,Média,Basic,Sudeste,46,109.1,0,13,2,10,0,61,10,0,0,0.02,1,0,0,1,3,2,0
TCK-002553,Email,Integrações,Dúvida / Como Fazer,Média,Premium,Norte,15,204.3,0,23,1,4,0,157,27,2,0,0.0234,0,0,0,0,3,2,0
TCK-002554,Chat,Faturamento,Dúvida / Como Fazer,Média,Basic,Centro-Oeste,30,86.0,0,4,6,10,0,57,10,1,0,0.0213,0,0,0,0,3,2,0
TCK-002555,Redes Sociais,Faturamento,Dúvida / Como Fazer,Média,Enterprise,Sul,34,128.6,1,11,3,10,0,57,10,1,0,0.0213,0,0,0,0,4,3,1
TCK-002556,Chat,App Mobile,Dúvida / Como Fazer,Baixa,Basic,Sul,39,121.6,0,13,1,7,0,149,25,0,0,0.0246,0,0,0,0,3,2,0
TCK-002557,Email,Faturamento,Problema Técnico,Baixa,Free,Norte,37,224.8,0,13,4,7,0,153,27,0,0,0.0242,0,0,0,0,3,2,0
TCK-002558,Email,Plataforma Web,Problema Técnico,Alta,Basic,Norte,9,52.0,0,19,2,1,0,59,10,0,0,0.0204,1,0,0,1,3,2,0
TCK-002559,Formulário Web,API,Faturamento,Baixa,Premium,Sudeste,25,325.3,0,19,6,10,0,45,8,0,0,0.027,0,0,0,0,3,2,0
TCK-002560,Formulário Web,Plataforma Web,Problema Técnico,Média,Premium,Sudeste,57,113.5,1,12,4,9,0,59,10,0,0,0.0204,1,0,0,1,4,3,1
TCK-002561,Email,Plataforma Web,Bug / Defeito,Alta,Basic,Sudeste,43,37.1,0,14,2,10,1,105,18,0,0,0.0357,0,0,0,1,3,2,0
TCK-002562,Chat,Plataforma Web,Dúvida / Como Fazer,Média,Free,Sul,44,88.9,0,21,3,9,0,155,27,2,0,0.0238,0,0,0,0,3,2,0
TCK-002563,Email,API,Bug / Defeito,Baixa,Free,Sudeste,81,390.2,1,18,2,5,1,46,9,0,0,0.0303,2,0,0,1,4,3,1
TCK-002564,Formulário Web,App Mobile,Solicitação de Recurso,Média,Basic,Sudeste,27,78.5,0,9,5,11,1,123,21,0,0,0.03,0,0,0,0,3,2,0
TCK-002565,Redes Sociais,Relatórios,Bug / Defeito,Baixa,Premium,Nordeste,65,440.7,1,9,0,6,0,61,11,0,0,0.0408,0,0,0,1,4,3,1
TCK-002566,Chat,Plataforma Web,Dúvida / Como Fazer,Baixa,Enterprise,Norte,59,358.1,0,21,6,8,0,53,9,0,0,0.0227,0,0,0,0,3,2,0
TCK-002567,Redes Sociais,Relatórios,Problema Técnico,Baixa,Free,Norte,58,306.6,0,15,6,12,0,153,27,0,0,0.0242,0,0,0,0,3,2,0
TCK-002568,Formulário Web,Faturamento,Problema Técnico,Baixa,Free,Sudeste,68,463.2,0,16,1,2,0,55,10,0,0,0.0222,0,0,0,0,3,2,0
TCK-002569,Email,Integrações,Cancelamento,Alta,Premium,Norte,103,86.8,0,16,5,11,0,55,8,0,0,0.0217,1,0,1,0,3,2,0
TCK-002570,Email,Relatórios,Bug / Defeito,Média,Premium,Sul,0,46.2,0,2,4,11,0,165,29,0,0,0.0379,0,0,0,1,3,2,0
TCK-002571,Telefone,App Mobile,Bug / Defeito,Baixa,Basic,Norte,35,122.6,0,15,5,12,0,61,11,0,0,0.0408,0,0,0,1,3,2,0
TCK-002572,Email,Relatórios,Acesso e Conta,Média,Basic,Nordeste,61,133.8,0,17,4,9,0,64,12,0,0,0.0192,0,0,0,0,3,2,0
TCK-002573,Telefone,Plataforma Web,Solicitação de Recurso,Alta,Premium,Nordeste,78,64.7,0,18,0,4,1,74,12,0,0,0.0328,1,0,0,0,3,2,0
TCK-002574,Email,Integrações,Problema Técnico,Crítica,Premium,Nordeste,24,19.8,0,0,2,5,1,59,10,0,0,0.0204,1,0,0,1,3,2,0
TCK-002575,Redes Sociais,Faturamento,Dúvida / Como Fazer,Alta,Basic,Sudeste,23,90.6,0,2,3,11,0,157,27,2,0,0.0234,0,0,0,0,3,2,0
TCK-002576,Redes Sociais,Relatórios,Solicitação de Recurso,Média,Premium,Nordeste,19,268.0,0,3,2,2,1,55,8,0,0,0.0638,0,0,0,0,3,2,0
TCK-002577,Chat,Plataforma Web,Problema Técnico,Média,Premium,Sul,12,40.7,0,21,4,8,0,55,10,0,0,0.0222,0,0,0,0,3,2,0
TCK-002578,Telefone,Plataforma Web,Cancelamento,Baixa,Free,Centro-Oeste,55,187.7,0,4,5,10,0,55,8,0,0,0.0217,1,0,1,0,3,2,0
TCK-002579,Chat,API,Acesso e Conta,Média,Free,Norte,31,88.9,0,0,0,1,0,64,12,0,0,0.0192,0,0,0,0,3,2,0
TCK-002580,Redes Sociais,Plataforma Web,Solicitação de Recurso,Média,Free,Norte,45,227.2,0,18,5,12,1,57,9,1,0,0.0208,0,0,0,0,3,2,0
TCK-002581,Chat,Faturamento,Problema Técnico,Média,Free,Centro-Oeste,34,70.4,0,6,5,12,0,59,10,0,0,0.0204,1,0,0,1,3,2,0
TCK-002582,Chat,Relatórios,Faturamento,Baixa,Basic,Sudeste,68,276.5,0,15,5,9,0,62,11,0,0,0.02,1,1,0,0,3,2,0
TCK-002583,Email,Plataforma Web,Problema Técnico,Média,Premium,Nordeste,47,193.2,0,19,1,10,0,56,11,0,0,0.0222,0,0,0,0,3,2,0
TCK-002584,Chat,Integrações,Bug / Defeito,Média,Basic,Sul,0,43.5,0,3,2,10,0,165,29,0,0,0.0379,0,0,0,1,3,2,0
TCK-002585,Chat,Faturamento,Problema Técnico,Baixa,Premium,Sudeste,26,118.5,1,8,6,3,0,56,11,0,0,0.0222,0,0,0,0,4,3,1
TCK-002586,Formulário Web,Plataforma Web,Acesso e Conta,Média,Free,Norte,46,82.7,0,19,1,1,0,64,12,0,0,0.0192,0,0,0,0,3,2,0
TCK-002587,Chat,Faturamento,Acesso e Conta,Alta,Premium,Sudeste,51,125.2,0,22,5,3,0,64,9,0,0,0.037,1,0,0,0,3,2,0
TCK-002588,Email,Plataforma Web,Dúvida / Como Fazer,Alta,Basic,Sul,1,30.7,0,1,4,2,0,53,9,0,0,0.0227,0,0,0,0,3,2,0
TCK-002589,Email,Plataforma Web,Cancelamento,Baixa,Premium,Nordeste,14,108.4,0,0,1,6,0,51,8,0,0,0.0233,1,0,0,1,3,2,0
TCK-002590,Email,App Mobile,Cancelamento,Crítica,Free,Sudeste,0,7.3,0,1,3,10,1,51,8,0,0,0.0233,1,0,0,1,3,2,0
TCK-002591,Formulário Web,Integrações,Acesso e Conta,Alta,Enterprise,Sudeste,0,30.9,0,23,4,10,0,64,12,0,0,0.0192,0,0,0,0,3,2,0
TCK-002592,Chat,API,Cancelamento,Alta,Enterprise,Sudeste,52,47.9,0,21,6,12,0,85,13,0,0,0.0282,2,0,0,1,3,2,0
TCK-002593,Chat,Relatórios,Cancelamento,Alta,Enterprise,Sudeste,38,49.8,0,21,3,5,0,95,15,0,0,0.0256,2,0,1,0,3,2,0
TCK-002594,Telefone,API,Acesso e Conta,Alta,Basic,Norte,20,72.1,0,6,6,3,0,108,16,0,0,0.0337,1,0,0,0,3,2,0
TCK-002595,Chat,Plataforma Web,Acesso e Conta,Alta,Enterprise,Norte,46,56.4,0,3,3,1,0,64,12,0,0,0.0192,0,0,0,0,3,2,0
TCK-002596,Formulário Web,App Mobile,Problema Técnico,Baixa,Enterprise,Centro-Oeste,43,215.3,0,0,2,7,0,55,10,0,0,0.0222,0,0,0,0,3,2,0
TCK-002597,Telefone,App Mobile,Faturamento,Baixa,Basic,Sudeste,66,277.7,0,9,6,3,0,62,11,0,0,0.02,1,1,0,0,3,2,0
TCK-002598,Redes Sociais,App Mobile,Bug / Defeito,Baixa,Free,Centro-Oeste,10,188.8,0,0,2,4,0,165,29,0,0,0.0379,0,0,0,1,3,2,0
TCK-002599,Chat,App Mobile,Problema Técnico,Baixa,Enterprise,Nordeste,18,61.5,0,7,1,9,0,59,10,0,0,0.0204,1,0,0,1,3,2,0
TCK-002600,Email,API,Faturamento,Média,Basic,Centro-Oeste,29,114.4,0,3,5,8,0,45,8,0,0,0.027,0,0,0,0,3,2,0
TCK-002601,Chat,Faturamento,Acesso e Conta,Média,Basic,Sudeste,55,86.0,0,12,2,12,0,64,9,0,0,0.037,1,0,0,0,3,2,0
TCK-002602,Email,API,Acesso e Conta,Média,Basic,Centro-Oeste,37,94.9,0,5,5,4,0,54,10,0,0,0.0233,0,0,0,0,3,2,0
TCK-002603,Formulário Web,Faturamento,Faturamento,Alta,Basic,Sudeste,30,84.1,0,18,4,7,0,62,11,0,0,0.02,1,1,0,0,3,2,0
TCK-002604,Email,Integrações,Problema Técnico,Média,Premium,Norte,47,146.7,0,3,1,7,0,56,11,0,0,0.0222,0,0,0,0,3,2,0
TCK-002605,Chat,Relatórios,Cancelamento,Média,Premium,Norte,8,72.2,0,0,3,10,0,145,23,0,0,0.025,2,0,0,1,3,2,0
TCK-002606,Chat,Plataforma Web,Solicitação de Recurso,Média,Basic,Norte,46,186.2,0,0,3,11,0,57,9,1,0,0.0208,0,0,0,0,3,2,0
TCK-002607,Telefone,Relatórios,Problema Técnico,Média,Premium,Sudeste,31,103.6,0,14,0,11,0,56,11,0,0,0.0222,0,0,0,0,3,2,0
TCK-002608,Telefone,API,Acesso e Conta,Baixa,Premium,Norte,71,130.6,0,11,6,3,0,64,9,0,0,0.037,1,0,0,0,3,2,0
TCK-002609,Email,API,Problema Técnico,Baixa,Free,Nordeste,15,114.2,0,19,1,5,0,59,10,0,0,0.0204,1,0,0,1,3,2,0
TCK-002610,Redes Sociais,Integrações,Problema Técnico,Média,Free,Sudeste,18,127.2,0,19,1,1,0,59,10,0,0,0.0204,1,0,0,1,3,2,0
TCK-002611,Telefone,Faturamento,Dúvida / Como Fazer,Média,Premium,Nordeste,68,160.0,0,17,1,4,0,56,10,1,0,0.0217,0,0,0,0,3,2,0
TCK-002612,Chat,API,Solicitação de Recurso,Média,Basic,Norte,44,179.8,0,22,4,11,0,55,8,0,0,0.0638,0,0,0,0,3,2,0
TCK-002613,Formulário Web,Relatórios,Dúvida / Como Fazer,Alta,Basic,Sul,43,82.5,0,17,6,9,0,57,10,1,0,0.0213,0,0,0,0,3,2,0
TCK-002614,Telefone,Integrações,Problema Técnico,Média,Basic,Sudeste,34,74.6,0,17,6,1,0,59,10,0,0,0.0204,1,0,0,1,3,2,0
TCK-002615,Telefone,Relatórios,Acesso e Conta,Média,Enterprise,Norte,22,51.0,0,0,5,5,0,64,9,0,0,0.037,1,0,0,0,3,2,0
TCK-002616,Telefone,Relatórios,Dúvida / Como Fazer,Média,Free,Nordeste,58,102.4,0,15,2,10,0,53,9,0,0,0.0227,0,0,0,0,3,2,0
TCK-002617,Email,Integrações,Faturamento,Crítica,Basic,Centro-Oeste,84,62.4,0,10,5,12,1,62,11,0,0,0.02,1,1,0,0,3,2,0
TCK-002618,Formulário Web,API,Cancelamento,Alta,Basic,Sudeste,40,66.8,0,0,5,2,1,55,8,0,0,0.0217,1,0,1,0,3,2,0
TCK-002619,Email,App Mobile,Bug / Defeito,Crítica,Enterprise,Nordeste,23,20.7,0,21,1,5,1,105,17,0,0,0.0235,1,0,0,1,3,2,0
TCK-002620,Redes Sociais,Relatórios,Bug / Defeito,Baixa,Basic,Sudeste,58,215.3,1,8,3,9,0,165,29,0,0,0.0379,0,0,0,1,4,3,1
TCK-002621,Formulário Web,Relatórios,Dúvida / Como Fazer,Baixa,Enterprise,Centro-Oeste,43,180.4,0,4,6,7,0,53,9,0,0,0.0227,0,0,0,0,3,2,0
TCK-002622,Email,Faturamento,Bug / Defeito,Média,Basic,Sudeste,59,85.6,0,11,2,4,0,61,11,0,0,0.0408,0,0,0,1,3,2,0
TCK-002623,Chat,Integrações,Acesso e Conta,Média,Free,Sudeste,51,80.2,0,3,3,7,0,64,12,0,0,0.0192,0,0,0,0,3,2,0
TCK-002624,Chat,API,Acesso e Conta,Baixa,Free,Sudeste,45,99.1,0,13,3,5,0,64,12,0,0,0.0192,0,0,0,0,3,2,0
TCK-002625,Chat,API,Bug / Defeito,Baixa,Enterprise,Norte,19,174.6,1,19,4,1,0,61,11,0,0,0.0408,0,0,0,1,4,3,1
TCK-002626,Redes Sociais,API,Faturamento,Alta,Free,Norte,17,67.2,0,7,2,11,1,59,9,1,0,0.0204,0,0,0,0,3,2,0
TCK-002627,Formulário Web,App Mobile,Acesso e Conta,Média,Enterprise,Nordeste,28,64.7,0,17,4,10,0,54,10,0,0,0.0233,0,0,0,0,3,2,0
TCK-002628,Chat,Relatórios,Acesso e Conta,Baixa,Basic,Centro-Oeste,26,400.9,1,2,0,11,0,54,10,0,0,0.0233,0,0,0,0,4,3,1
TCK-002629,Chat,Relatórios,Bug / Defeito,Média,Free,Sul,60,63.4,1,7,5,5,1,46,9,0,0,0.0303,2,0,0,1,4,3,1
TCK-002630,Email,Relatórios,Dúvida / Como Fazer,Alta,Enterprise,Sul,28,98.4,0,20,1,8,0,87,14,0,0,0.0278,1,0,0,0,3,2,0
TCK-002631,Email,Relatórios,Acesso e Conta,Crítica,Premium,Sul,29,33.5,0,5,2,9,0,64,12,0,0,0.0192,0,0,0,0,3,2,0
TCK-002632,Email,Faturamento,Faturamento,Baixa,Basic,Norte,37,263.2,0,13,6,8,0,45,8,0,0,0.027,0,0,0,0,3,2,0
TCK-002633,Email,App Mobile,Faturamento,Média,Free,Nordeste,16,169.7,0,22,4,5,0,45,8,0,0,0.027,0,0,0,0,3,2,0
TCK-002634,Email,App Mobile,Acesso e Conta,Baixa,Free,Norte,56,255.4,0,5,2,11,0,64,12,0,0,0.0192,0,0,0,0,3,2,0
TCK-002635,Chat,API,Solicitação de Recurso,Média,Basic,Sudeste,27,98.0,0,9,1,9,0,40,7,0,0,0.0303,0,0,0,0,3,2,0
TCK-002636,Chat,Faturamento,Faturamento,Alta,Basic,Sudeste,27,81.4,1,20,0,1,1,133,23,0,0,0.0278,0,0,0,0,4,3,1
TCK-002637,Telefone,Faturamento,Problema Técnico,Alta,Basic,Norte,15,29.7,1,21,2,9,1,89,15,0,0,0.0274,1,0,0,0,4,3,1
TCK-002638,Chat,App Mobile,Problema Técnico,Alta,Basic,Sudeste,36,44.0,0,5,5,8,1,55,10,0,0,0.0222,0,0,0,0,3,2,0
TCK-002639,Formulário Web,App Mobile,Cancelamento,Alta,Basic,Nordeste,41,56.1,0,2,3,2,0,95,15,0,0,0.0256,1,0,0,1,3,2,0
TCK-002640,Telefone,App Mobile,Faturamento,Alta,Premium,Sul,40,34.1,0,2,2,2,0,167,28,0,0,0.0294,1,0,0,0,3,2,0
TCK-002641,Telefone,Relatórios,Problema Técnico,Alta,Premium,Norte,29,68.1,1,12,2,7,0,93,15,0,0,0.026,2,0,0,1,4,3,1
TCK-002642,Formulário Web,Relatórios,Acesso e Conta,Alta,Basic,Sudeste,38,48.0,0,5,2,4,0,64,9,0,0,0.037,1,0,0,0,3,2,0
TCK-002643,Email,API,Cancelamento,Média,Basic,Centro-Oeste,47,295.4,0,15,3,6,0,55,8,0,0,0.0217,1,0,1,0,3,2,0
TCK-002644,Formulário Web,Relatórios,Problema Técnico,Média,Free,Nordeste,41,68.2,0,6,2,9,0,59,10,0,0,0.0204,1,0,0,1,3,2,0
TCK-002645,Telefone,Integrações,Dúvida / Como Fazer,Média,Basic,Sudeste,70,163.1,0,14,4,8,0,53,9,0,0,0.0227,0,0,0,0,3,2,0
TCK-002646,Formulário Web,Faturamento,Dúvida / Como Fazer,Baixa,Free,Norte,15,238.2,0,6,2,10,0,53,9,0,0,0.0227,0,0,0,0,3,2,0
TCK-002647,Formulário Web,Plataforma Web,Bug / Defeito,Alta,Premium,Nordeste,33,98.4,0,7,0,5,1,210,37,0,1,0.0359,1,0,0,1,3,2,0
TCK-002648,Chat,Relatórios,Bug / Defeito,Alta,Free,Sul,60,72.1,1,23,4,9,1,46,9,0,0,0.0303,2,0,0,1,4,3,1
TCK-002649,Telefone,Plataforma Web,Faturamento,Alta,Free,Sudeste,42,49.9,0,12,1,6,1,167,29,0,0,0.0224,2,1,0,0,3,2,0
TCK-002650,Email,Relatórios,Bug / Defeito,Média,Premium,Centro-Oeste,52,182.9,0,12,0,11,1,61,10,0,0,0.02,1,0,0,1,3,2,0
TCK-002651,Email,Plataforma Web,Cancelamento,Média,Basic,Norte,8,111.7,0,3,5,3,0,51,8,0,0,0.0233,1,0,0,1,3,2,0
TCK-002652,Formulário Web,App Mobile,Dúvida / Como Fazer,Alta,Basic,Sul,35,79.0,0,10,6,2,0,97,16,0,0,0.0253,0,0,0,0,3,2,0
TCK-002653,Redes Sociais,Relatórios,Acesso e Conta,Alta,Premium,Sul,25,61.6,1,6,5,8,0,54,10,0,0,0.0233,0,0,0,0,4,3,1
TCK-002654,Email,API,Bug / Defeito,Média,Enterprise,Nordeste,44,362.3,1,5,2,7,0,46,9,0,0,0.0303,2,0,0,1,4,3,1
TCK-002655,Email,Relatórios,Acesso e Conta,Alta,Enterprise,Sudeste,30,64.8,0,19,0,10,0,64,9,0,0,0.037,1,0,0,0,3,2,0
TCK-002656,Redes Sociais,Relatórios,Solicitação de Recurso,Média,Basic,Sul,32,246.4,0,2,3,4,1,57,9,1,0,0.0208,0,0,0,0,3,2,0
TCK-002657,Redes Sociais,Faturamento,Bug / Defeito,Alta,Enterprise,Norte,0,28.2,1,7,6,7,1,165,29,0,0,0.0379,0,0,0,1,4,3,1
TCK-002658,Chat,App Mobile,Acesso e Conta,Baixa,Enterprise,Sudeste,49,324.1,0,16,1,7,0,54,10,0,0,0.0233,0,0,0,0,3,2,0
TCK-002659,Email,Integrações,Acesso e Conta,Baixa,Basic,Centro-Oeste,43,213.9,0,23,3,1,0,171,31,0,0,0.0217,0,0,0,0,3,2,0
TCK-002660,Formulário Web,Faturamento,Acesso e Conta,Média,Free,Nordeste,73,132.7,0,6,5,7,0,64,9,0,0,0.037,1,0,0,0,3,2,0
TCK-002661,Chat,Plataforma Web,Solicitação de Recurso,Média,Basic,Norte,70,231.1,0,12,0,6,1,40,7,0,0,0.0303,0,0,0,0,3,2,0
TCK-002662,Telefone,Integrações,Faturamento,Baixa,Basic,Centro-Oeste,19,233.5,0,6,1,5,0,167,29,0,0,0.0224,2,1,0,0,3,2,0
TCK-002663,Formulário Web,Relatórios,Solicitação de Recurso,Alta,Premium,Norte,29,109.2,0,5,4,9,1,40,7,0,0,0.0303,0,0,0,0,3,2,0
TCK-002664,Redes Sociais,API,Problema Técnico,Média,Free,Norte,27,110.9,0,15,3,8,0,59,10,0,0,0.0204,1,0,0,1,3,2,0
TCK-002665,Telefone,API,Dúvida / Como Fazer,Alta,Premium,Norte,73,69.0,0,9,6,2,0,98,17,0,1,0.0253,1,0,0,0,3,2,0
TCK-002666,Email,Relatórios,Problema Técnico,Alta,Free,Norte,56,107.1,0,7,2,4,1,59,10,0,0,0.0204,1,0,0,1,3,2,0
TCK-002667,Email,Integrações,Bug / Defeito,Baixa,Premium,Centro-Oeste,28,281.6,1,12,4,10,0,46,9,0,0,0.0303,2,0,0,1,4,3,1
TCK-002668,Chat,App Mobile,Bug / Defeito,Alta,Enterprise,Centro-Oeste,68,67.5,0,7,2,8,1,61,10,0,0,0.02,1,0,0,1,3,2,0
TCK-002669,Email,Integrações,Cancelamento,Baixa,Free,Sudeste,34,543.2,0,23,6,11,0,153,23,0,0,0.0238,2,0,1,0,3,2,0
TCK-002670,Email,API,Problema Técnico,Baixa,Free,Sul,7,203.2,0,7,2,4,0,56,11,0,0,0.0222,0,0,0,0,3,2,0
TCK-002671,Chat,App Mobile,Faturamento,Média,Free,Nordeste,55,108.3,0,22,1,3,0,59,9,1,0,0.0204,0,0,0,0,3,2,0
TCK-002672,Formulário Web,Faturamento,Acesso e Conta,Média,Premium,Sudeste,0,138.3,1,2,6,9,0,54,10,0,0,0.0233,0,0,0,0,4,3,1
TCK-002673,Chat,Plataforma Web,Acesso e Conta,Alta,Free,Sudeste,48,52.2,0,12,1,3,0,64,9,0,0,0.037,1,0,0,0,3,2,0
TCK-002674,Formulário Web,API,Cancelamento,Média,Basic,Nordeste,23,156.2,0,16,2,12,0,55,8,0,0,0.0217,1,0,1,0,3,2,0
TCK-002675,Email,App Mobile,Acesso e Conta,Média,Free,Centro-Oeste,34,152.8,0,2,2,1,0,151,27,0,0,0.025,0,0,0,0,3,2,0
TCK-002676,Formulário Web,App Mobile,Problema Técnico,Crítica,Free,Sul,33,34.4,1,5,3,12,1,55,10,0,0,0.0222,0,0,0,0,4,3,1
TCK-002677,Formulário Web,Integrações,Solicitação de Recurso,Média,Basic,Sudeste,44,136.7,0,0,6,10,1,153,23,0,0,0.0547,0,0,0,0,3,2,0
TCK-002678,Formulário Web,API,Dúvida / Como Fazer,Média,Basic,Centro-Oeste,19,160.3,0,22,4,8,0,57,10,1,0,0.0213,0,0,0,0,3,2,0
TCK-002679,Formulário Web,Plataforma Web,Faturamento,Baixa,Basic,Nordeste,51,225.9,0,9,0,6,0,45,8,0,0,0.027,0,0,0,0,3,2,0
TCK-002680,Formulário Web,Relatórios,Bug / Defeito,Média,Free,Nordeste,18,69.0,0,14,3,8,0,46,9,0,0,0.0303,2,0,0,1,3,2,0
TCK-002681,Email,API,Dúvida / Como Fazer,Crítica,Free,Norte,13,25.2,0,6,2,10,0,98,17,0,1,0.0253,1,0,0,0,3,2,0
TCK-002682,Formulário Web,Relatórios,Bug / Defeito,Baixa,Free,Norte,19,212.8,0,22,5,6,0,61,11,0,0,0.0408,0,0,0,1,3,2,0
TCK-002683,Chat,App Mobile,Acesso e Conta,Média,Free,Norte,65,92.5,0,14,6,1,0,64,12,0,0,0.0192,0,0,0,0,3,2,0
TCK-002684,Chat,API,Problema Técnico,Crítica,Premium,Sul,21,29.7,0,7,0,11,1,103,17,0,0,0.0238,1,0,0,1,3,2,0
TCK-002685,Formulário Web,Faturamento,Faturamento,Alta,Basic,Sul,1,66.2,0,0,3,7,0,59,9,1,0,0.0204,0,0,0,0,3,2,0
TCK-002686,Formulário Web,Integrações,Problema Técnico,Alta,Premium,Norte,24,53.3,0,19,4,5,0,56,11,0,0,0.0222,0,0,0,0,3,2,0
TCK-002687,Formulário Web,Faturamento,Faturamento,Alta,Free,Sudeste,0,34.9,1,8,0,5,0,62,11,0,0,0.02,1,1,0,0,4,3,1
TCK-002688,Telefone,App Mobile,Acesso e Conta,Alta,Enterprise,Centro-Oeste,51,107.7,0,18,2,9,0,185,32,0,0,0.027,1,0,0,0,3,2,0
TCK-002689,Telefone,Relatórios,Bug / Defeito,Média,Free,Nordeste,78,146.6,0,7,6,1,0,46,9,0,0,0.0303,2,0,0,1,3,2,0
TCK-002690,Chat,API,Acesso e Conta,Alta,Free,Sudeste,36,55.4,0,19,1,9,0,54,10,0,0,0.0233,0,0,0,0,3,2,0
TCK-002691,Telefone,Plataforma Web,Dúvida / Como Fazer,Alta,Basic,Norte,11,47.8,0,20,0,11,0,90,15,1,0,0.027,1,0,0,0,3,2,0
TCK-002692,Email,Relatórios,Cancelamento,Alta,Premium,Sul,27,39.9,0,7,3,7,0,198,31,0,1,0.0248,3,0,1,0,3,2,0
TCK-002693,Chat,Integrações,Acesso e Conta,Média,Free,Norte,40,147.4,0,1,2,11,0,54,10,0,0,0.0233,0,0,0,0,3,2,0
TCK-002694,Email,Faturamento,Faturamento,Alta,Premium,Sul,57,56.7,1,17,0,8,0,45,8,0,0,0.027,0,0,0,0,4,3,1
TCK-002695,Telefone,Integrações,Acesso e Conta,Baixa,Basic,Norte,15,170.0,0,21,1,9,0,64,9,0,0,0.037,1,0,0,0,3,2,0
TCK-002696,Email,Integrações,Dúvida / Como Fazer,Baixa,Basic,Centro-Oeste,16,119.4,0,6,2,2,0,56,10,1,0,0.0217,0,0,0,0,3,2,0
TCK-002697,Email,Plataforma Web,Solicitação de Recurso,Média,Basic,Centro-Oeste,44,72.0,1,8,5,5,1,57,9,1,0,0.0208,0,0,0,0,4,3,1
TCK-002698,Chat,Relatórios,Solicitação de Recurso,Média,Premium,Centro-Oeste,34,106.0,0,17,6,5,1,57,9,1,0,0.0208,0,0,0,0,3,2,0
TCK-002699,Formulário Web,App Mobile,Problema Técnico,Média,Free,Norte,23,81.1,0,0,3,12,0,56,11,0,0,0.0222,0,0,0,0,3,2,0
TCK-002700,Formulário Web,App Mobile,Faturamento,Baixa,Premium,Nordeste,69,173.2,0,16,1,7,0,45,8,0,0,0.027,0,0,0,0,3,2,0
TCK-002701,Email,API,Bug / Defeito,Média,Basic,Norte,56,97.6,0,13,2,11,1,61,11,0,0,0.0408,0,0,0,1,3,2,0
TCK-002702,Formulário Web,Integrações,Bug / Defeito,Média,Premium,Centro-Oeste,57,146.4,0,14,2,7,0,61,10,0,0,0.02,1,0,0,1,3,2,0
TCK-002703,Chat,API,Dúvida / Como Fazer,Baixa,Premium,Centro-Oeste,52,177.1,0,4,6,11,0,56,10,1,0,0.0217,0,0,0,0,3,2,0
TCK-002704,Telefone,Integrações,Dúvida / Como Fazer,Média,Premium,Sul,11,57.7,0,2,4,1,0,56,10,1,0,0.0217,0,0,0,0,3,2,0
TCK-002705,Formulário Web,Relatórios,Acesso e Conta,Média,Free,Sudeste,44,128.1,0,12,1,7,0,64,9,0,0,0.037,1,0,0,0,3,2,0
TCK-002706,Telefone,App Mobile,Acesso e Conta,Alta,Basic,Norte,72,68.0,0,1,1,1,0,98,17,0,0,0.025,1,0,0,0,3,2,0
TCK-002707,Chat,Plataforma Web,Problema Técnico,Alta,Basic,Norte,32,52.7,0,6,4,4,1,153,27,0,0,0.0242,0,0,0,0,3,2,0
TCK-002708,Chat,Integrações,Cancelamento,Média,Enterprise,Norte,8,109.6,0,5,4,4,0,61,10,0,0,0.02,1,0,1,0,3,2,0
TCK-002709,Formulário Web,Plataforma Web,Bug / Defeito,Alta,Enterprise,Sudeste,13,33.7,0,1,5,3,1,199,32,0,0,0.0247,3,0,0,1,3,2,0
TCK-002710,Chat,Integrações,Faturamento,Média,Premium,Sudeste,9,66.4,0,16,2,10,0,59,9,1,0,0.0204,0,0,0,0,3,2,0
TCK-002711,Chat,Plataforma Web,Problema Técnico,Média,Premium,Nordeste,73,81.1,0,2,0,9,0,56,11,0,0,0.0222,0,0,0,0,3,2,0
TCK-002712,Email,Plataforma Web,Cancelamento,Média,Basic,Sudeste,38,115.5,0,4,0,10,0,51,8,0,0,0.0233,1,0,0,1,3,2,0
TCK-002713,Email,Plataforma Web,Bug / Defeito,Média,Free,Centro-Oeste,22,187.4,0,22,3,11,0,46,9,0,0,0.0303,2,0,0,1,3,2,0
TCK-002714,Formulário Web,Relatórios,Problema Técnico,Crítica,Free,Sudeste,35,43.5,1,21,1,6,1,59,10,0,0,0.0204,1,0,0,1,4,3,1
TCK-002715,Chat,App Mobile,Problema Técnico,Média,Basic,Sul,11,53.5,0,6,0,4,0,55,10,0,0,0.0222,0,0,0,0,3,2,0
TCK-002716,Telefone,App Mobile,Bug / Defeito,Alta,Free,Nordeste,68,82.1,1,1,0,4,1,106,19,0,1,0.0357,1,0,0,1,4,3,1
TCK-002717,Email,Relatórios,Solicitação de Recurso,Média,Basic,Norte,2,427.7,0,20,5,1,1,40,7,0,0,0.0303,0,0,0,0,3,2,0
TCK-002718,Telefone,API,Bug / Defeito,Média,Premium,Sudeste,37,48.0,0,1,3,4,0,165,29,0,0,0.0379,0,0,0,1,3,2,0
TCK-002719,Telefone,Faturamento,Faturamento,Média,Free,Centro-Oeste,71,109.1,0,23,5,2,0,62,11,0,0,0.02,1,1,0,0,3,2,0
TCK-002720,Chat,Integrações,Dúvida / Como Fazer,Média,Free,Norte,42,125.3,0,14,6,7,0,57,10,1,0,0.0213,0,0,0,0,3,2,0
TCK-002721,Email,Plataforma Web,Dúvida / Como Fazer,Média,Enterprise,Nordeste,37,117.3,1,18,0,5,0,157,27,2,0,0.0234,0,0,0,0,4,3,1
TCK-002722,Redes Sociais,Integrações,Dúvida / Como Fazer,Média,Free,Centro-Oeste,57,205.0,0,7,4,5,0,56,10,1,0,0.0217,0,0,0,0,3,2,0
TCK-002723,Telefone,Relatórios,Solicitação de Recurso,Baixa,Premium,Sudeste,53,138.9,0,0,1,7,0,40,7,0,0,0.0303,0,0,0,0,3,2,0
TCK-002724,Email,Faturamento,Faturamento,Baixa,Basic,Centro-Oeste,25,200.9,1,2,2,9,0,62,11,0,0,0.02,1,1,0,0,4,3,1
TCK-002725,Redes Sociais,App Mobile,Problema Técnico,Alta,Free,Centro-Oeste,31,56.7,0,5,1,11,0,205,34,0,0,0.024,2,0,0,1,3,2,0
TCK-002726,Email,Integrações,Dúvida / Como Fazer,Média,Premium,Sudeste,42,135.1,0,23,0,11,0,57,10,1,0,0.0213,0,0,0,0,3,2,0
TCK-002727,Email,Plataforma Web,Solicitação de Recurso,Alta,Premium,Norte,25,41.9,0,4,4,10,1,57,9,1,0,0.0208,0,0,0,0,3,2,0
TCK-002728,Formulário Web,Relatórios,Bug / Defeito,Alta,Basic,Sudeste,28,49.3,1,23,2,9,0,46,9,0,0,0.0303,2,0,0,1,4,3,1
TCK-002729,Chat,Relatórios,Faturamento,Alta,Enterprise,Sul,13,39.9,1,22,2,8,0,45,8,0,0,0.027,0,0,0,0,4,3,1
TCK-002730,Chat,Plataforma Web,Solicitação de Recurso,Baixa,Basic,Sul,57,101.1,0,11,5,8,0,55,8,0,0,0.0638,0,0,0,0,3,2,0
TCK-002731,Email,Faturamento,Problema Técnico,Baixa,Enterprise,Centro-Oeste,25,250.9,0,21,3,10,0,55,10,0,0,0.0222,0,0,0,0,3,2,0
TCK-002732,Formulário Web,Faturamento,Solicitação de Recurso,Baixa,Premium,Sul,44,206.9,0,5,3,3,0,55,8,0,0,0.0638,0,0,0,0,3,2,0
TCK-002733,Redes Sociais,App Mobile,Bug / Defeito,Média,Free,Nordeste,4,293.8,0,19,6,5,1,61,10,0,0,0.02,1,0,0,1,3,2,0
TCK-002734,Formulário Web,API,Dúvida / Como Fazer,Média,Free,Sudeste,10,309.6,0,23,0,10,0,149,25,0,0,0.0246,0,0,0,0,3,2,0
TCK-002735,Email,API,Dúvida / Como Fazer,Média,Premium,Sul,50,118.5,0,11,5,10,0,56,10,1,0,0.0217,0,0,0,0,3,2,0
TCK-002736,Telefone,Plataforma Web,Dúvida / Como Fazer,Média,Basic,Nordeste,46,66.4,0,20,5,7,0,57,10,1,0,0.0213,0,0,0,0,3,2,0
TCK-002737,Email,API,Problema Técnico,Média,Free,Nordeste,50,196.2,1,12,1,6,1,55,10,0,0,0.0222,0,0,0,0,4,3,1
TCK-002738,Email,Plataforma Web,Dúvida / Como Fazer,Baixa,Basic,Norte,53,192.3,0,2,2,4,0,57,10,1,0,0.0213,0,0,0,0,3,2,0
TCK-002739,Email,API,Solicitação de Recurso,Alta,Basic,Sudeste,54,67.2,0,17,0,7,1,55,8,0,0,0.0638,0,0,0,0,3,2,0
TCK-002740,Formulário Web,Faturamento,Faturamento,Média,Free,Sudeste,73,194.3,1,14,4,1,0,45,8,0,0,0.027,0,0,0,0,4,3,1
TCK-002741,Formulário Web,Faturamento,Dúvida / Como Fazer,Baixa,Premium,Norte,16,131.4,0,21,2,9,0,56,10,1,0,0.0217,0,0,0,0,3,2,0
TCK-002742,Telefone,App Mobile,Faturamento,Média,Basic,Sul,42,140.5,0,3,5,2,0,167,29,0,0,0.0224,2,1,0,0,3,2,0
TCK-002743,Chat,Integrações,Faturamento,Média,Free,Centro-Oeste,47,163.9,0,13,6,4,0,133,23,0,0,0.0278,0,0,0,0,3,2,0
TCK-002744,Email,Integrações,Dúvida / Como Fazer,Baixa,Basic,Centro-Oeste,48,348.7,0,4,3,8,0,57,10,1,0,0.0213,0,0,0,0,3,2,0
TCK-002745,Email,Faturamento,Acesso e Conta,Baixa,Enterprise,Norte,35,218.6,0,23,5,2,0,64,12,0,0,0.0192,0,0,0,0,3,2,0
TCK-002746,Telefone,Plataforma Web,Cancelamento,Baixa,Basic,Sul,55,309.1,0,18,3,6,0,145,23,0,0,0.025,2,0,0,1,3,2,0
TCK-002747,Email,App Mobile,Problema Técnico,Alta,Premium,Centro-Oeste,69,104.8,1,18,5,2,1,155,29,0,0,0.0242,0,0,0,0,4,3,1
TCK-002748,Telefone,Integrações,Acesso e Conta,Média,Premium,Sudeste,40,121.4,0,3,4,5,0,171,31,0,0,0.0217,0,0,0,0,3,2,0
TCK-002749,Formulário Web,Integrações,Acesso e Conta,Baixa,Free,Sul,34,216.8,0,20,1,12,0,54,10,0,0,0.0233,0,0,0,0,3,2,0
TCK-002750,Telefone,App Mobile,Dúvida / Como Fazer,Baixa,Free,Sudeste,15,211.7,0,22,6,8,0,155,27,2,0,0.0238,0,0,0,0,3,2,0
TCK-002751,Chat,API,Acesso e Conta,Baixa,Free,Sul,44,206.1,0,11,5,1,0,64,9,0,0,0.037,1,0,0,0,3,2,0
TCK-002752,Email,API,Acesso e Conta,Baixa,Basic,Sul,22,197.2,0,12,3,8,0,54,10,0,0,0.0233,0,0,0,0,3,2,0
TCK-002753,Redes Sociais,API,Problema Técnico,Média,Free,Centro-Oeste,53,152.9,0,2,4,10,0,56,11,0,0,0.0222,0,0,0,0,3,2,0
TCK-002754,Formulário Web,Integrações,Acesso e Conta,Baixa,Enterprise,Centro-Oeste,27,268.2,0,12,4,11,0,64,12,0,0,0.0192,0,0,0,0,3,2,0
TCK-002755,Telefone,Faturamento,Dúvida / Como Fazer,Média,Free,Sudeste,37,53.3,0,0,0,10,0,57,10,1,0,0.0213,0,0,0,0,3,2,0
TCK-002756,Redes Sociais,Integrações,Cancelamento,Baixa,Premium,Norte,20,217.8,0,3,4,10,0,55,8,0,0,0.0217,1,0,1,0,3,2,0
TCK-002757,Formulário Web,App Mobile,Cancelamento,Crítica,Premium,Norte,53,42.0,1,13,1,7,1,51,8,0,0,0.0233,1,0,0,1,4,3,1
TCK-002758,Chat,Faturamento,Cancelamento,Média,Enterprise,Nordeste,33,154.1,0,20,2,1,0,55,8,0,0,0.0217,1,0,1,0,3,2,0
TCK-002759,Email,API,Acesso e Conta,Alta,Free,Sudeste,50,50.8,1,6,4,10,0,109,17,0,1,0.0337,2,0,0,0,4,3,1
TCK-002760,Telefone,API,Acesso e Conta,Baixa,Basic,Norte,65,126.3,0,18,1,8,0,64,9,0,0,0.037,1,0,0,0,3,2,0
TCK-002761,Telefone,API,Faturamento,Alta,Basic,Nordeste,77,83.7,0,9,0,3,1,90,16,0,1,0.0278,1,0,0,0,3,2,0
TCK-002762,Email,Plataforma Web,Bug / Defeito,Baixa,Free,Norte,30,227.8,0,14,1,6,1,61,11,0,0,0.0408,0,0,0,1,3,2,0
TCK-002763,Chat,Relatórios,Problema Técnico,Baixa,Basic,Sul,21,188.6,0,19,6,10,0,59,10,0,0,0.0204,1,0,0,1,3,2,0
TCK-002764,Email,Relatórios,Problema Técnico,Crítica,Free,Nordeste,52,42.4,0,13,3,6,1,103,17,0,0,0.0238,1,0,0,1,3,2,0
TCK-002765,Formulário Web,Faturamento,Problema Técnico,Alta,Premium,Sul,47,39.9,0,3,0,3,1,103,17,0,0,0.0238,1,0,0,1,3,2,0
TCK-002766,Email,API,Faturamento,Alta,Premium,Sul,28,41.8,0,19,0,6,0,59,9,1,0,0.0204,0,0,0,0,3,2,0
TCK-002767,Formulário Web,Faturamento,Bug / Defeito,Alta,Basic,Centro-Oeste,12,50.2,0,23,3,8,1,61,11,0,0,0.0408,0,0,0,1,3,2,0
TCK-002768,Email,Faturamento,Dúvida / Como Fazer,Baixa,Premium,Centro-Oeste,21,127.2,0,5,6,6,0,56,10,1,0,0.0217,0,0,0,0,3,2,0
TCK-002769,Telefone,Relatórios,Faturamento,Baixa,Basic,Norte,50,623.1,0,13,0,9,0,45,8,0,0,0.027,0,0,0,0,3,2,0
TCK-002770,Telefone,Relatórios,Cancelamento,Baixa,Basic,Centro-Oeste,16,218.5,0,7,4,9,0,61,10,0,0,0.02,1,0,1,0,3,2,0
TCK-002771,Chat,Integrações,Faturamento,Alta,Premium,Sudeste,43,55.2,0,20,4,4,0,45,8,0,0,0.027,0,0,0,0,3,2,0
TCK-002772,Telefone,App Mobile,Bug / Defeito,Alta,Basic,Sudeste,20,23.5,0,19,0,10,1,106,19,0,1,0.0357,1,0,0,1,3,2,0
TCK-002773,Redes Sociais,Faturamento,Dúvida / Como Fazer,Alta,Free,Sul,0,64.2,0,4,5,5,0,91,15,1,0,0.0267,1,0,0,0,3,2,0
TCK-002774,Telefone,Integrações,Acesso e Conta,Baixa,Premium,Nordeste,60,172.2,0,10,4,1,0,54,10,0,0,0.0233,0,0,0,0,3,2,0
TCK-002775,Email,Faturamento,Faturamento,Alta,Premium,Nordeste,50,72.3,0,12,0,8,1,62,11,0,0,0.02,1,1,0,0,3,2,0
TCK-002776,Redes Sociais,Relatórios,Problema Técnico,Média,Free,Nordeste,51,245.2,0,19,0,1,0,56,11,0,0,0.0222,0,0,0,0,3,2,0
TCK-002777,Chat,Integrações,Faturamento,Média,Enterprise,Norte,21,132.3,0,0,3,9,0,167,29,0,0,0.0224,2,1,0,0,3,2,0
TCK-002778,Email,App Mobile,Dúvida / Como Fazer,Baixa,Basic,Centro-Oeste,41,688.5,0,4,4,1,0,53,9,0,0,0.0227,0,0,0,0,3,2,0
TCK-002779,Email,Relatórios,Bug / Defeito,Baixa,Basic,Norte,19,134.2,0,8,6,5,0,61,11,0,0,0.0408,0,0,0,1,3,2,0
TCK-002780,Telefone,App Mobile,Problema Técnico,Alta,Free,Sudeste,13,54.1,1,19,5,2,1,103,17,0,0,0.0238,1,0,0,1,4,3,1
TCK-002781,Chat,Plataforma Web,Bug / Defeito,Média,Enterprise,Nordeste,70,137.7,0,17,2,9,0,46,9,0,0,0.0303,2,0,0,1,3,2,0
TCK-002782,Chat,Faturamento,Faturamento,Alta,Free,Sul,44,49.0,0,16,3,12,1,62,11,0,0,0.02,1,1,0,0,3,2,0
TCK-002783,Redes Sociais,API,Problema Técnico,Média,Basic,Sul,34,127.3,0,6,5,10,0,59,10,0,0,0.0204,1,0,0,1,3,2,0
TCK-002784,Email,Plataforma Web,Cancelamento,Baixa,Free,Centro-Oeste,40,315.2,0,22,3,9,0,61,10,0,0,0.02,1,0,1,0,3,2,0
TCK-002785,Email,App Mobile,Acesso e Conta,Alta,Free,Sudeste,27,71.1,0,4,2,12,0,108,19,0,0,0.023,0,0,0,0,3,2,0
TCK-002786,Chat,Relatórios,Cancelamento,Crítica,Premium,Centro-Oeste,56,59.8,0,8,1,6,1,51,8,0,0,0.0233,1,0,0,1,3,2,0
TCK-002787,Telefone,Faturamento,Dúvida / Como Fazer,Média,Enterprise,Sudeste,22,180.4,0,2,3,4,0,53,9,0,0,0.0227,0,0,0,0,3,2,0
TCK-002788,Formulário Web,API,Acesso e Conta,Média,Basic,Norte,62,136.2,0,12,1,7,0,64,12,0,0,0.0192,0,0,0,0,3,2,0
TCK-002789,Chat,Plataforma Web,Faturamento,Alta,Basic,Sul,22,59.0,0,0,5,2,0,62,11,0,0,0.02,1,1,0,0,3,2,0
TCK-002790,Email,Plataforma Web,Acesso e Conta,Baixa,Basic,Sul,28,321.9,0,9,5,11,0,64,9,0,0,0.037,1,0,0,0,3,2,0
TCK-002791,Chat,Relatórios,Bug / Defeito,Média,Free,Nordeste,54,147.5,0,18,0,2,1,61,11,0,0,0.0408,0,0,0,1,3,2,0
TCK-002792,Email,Plataforma Web,Bug / Defeito,Baixa,Enterprise,Centro-Oeste,53,325.7,0,17,4,12,0,46,9,0,0,0.0303,2,0,0,1,3,2,0
TCK-002793,Email,App Mobile,Dúvida / Como Fazer,Média,Premium,Sul,14,310.1,0,4,2,12,0,56,10,1,0,0.0217,0,0,0,0,3,2,0
TCK-002794,Telefone,Integrações,Bug / Defeito,Baixa,Basic,Centro-Oeste,53,248.3,0,18,6,11,0,61,10,0,0,0.02,1,0,0,1,3,2,0
TCK-002795,Telefone,Relatórios,Bug / Defeito,Alta,Premium,Nordeste,3,25.8,0,19,5,2,1,61,10,0,0,0.02,1,0,0,1,3,2,0
TCK-002796,Telefone,API,Bug / Defeito,Média,Free,Nordeste,88,205.9,1,13,4,8,1,46,9,0,0,0.0303,2,0,0,1,4,3,1
TCK-002797,Redes Sociais,Plataforma Web,Dúvida / Como Fazer,Média,Free,Sul,64,347.8,0,10,0,3,0,57,10,1,0,0.0213,0,0,0,0,3,2,0
TCK-002798,Formulário Web,API,Cancelamento,Alta,Premium,Centro-Oeste,56,50.6,0,16,4,11,0,51,8,0,0,0.0233,1,0,0,1,3,2,0
TCK-002799,Telefone,API,Problema Técnico,Média,Basic,Sul,33,108.9,1,22,0,8,0,59,10,0,0,0.0204,1,0,0,1,4,3,1
TCK-002800,Redes Sociais,Plataforma Web,Acesso e Conta,Baixa,Enterprise,Sudeste,9,391.1,0,7,5,12,0,171,31,0,0,0.0217,0,0,0,0,3,2,0
TCK-002801,Redes Sociais,Integrações,Acesso e Conta,Alta,Basic,Centro-Oeste,35,43.8,0,10,5,8,0,54,10,0,0,0.0233,0,0,0,0,3,2,0
TCK-002802,Redes Sociais,Plataforma Web,Acesso e Conta,Média,Free,Centro-Oeste,10,75.1,0,1,6,8,0,54,10,0,0,0.0233,0,0,0,0,3,2,0
TCK-002803,Formulário Web,API,Dúvida / Como Fazer,Baixa,Basic,Sudeste,44,151.2,0,19,5,5,0,56,10,1,0,0.0217,0,0,0,0,3,2,0
TCK-002804,Email,API,Cancelamento,Baixa,Basic,Sul,22,789.3,0,23,6,1,0,51,8,0,0,0.0233,1,0,0,1,3,2,0
TCK-002805,Email,Plataforma Web,Acesso e Conta,Média,Premium,Sudeste,20,211.9,0,8,5,1,0,151,27,0,0,0.025,0,0,0,0,3,2,0
TCK-002806,Telefone,Relatórios,Cancelamento,Alta,Free,Centro-Oeste,53,39.2,0,13,5,12,0,61,10,0,0,0.02,1,0,1,0,3,2,0
TCK-002807,Telefone,Integrações,Cancelamento,Crítica,Premium,Nordeste,46,37.0,0,6,6,2,0,106,18,0,1,0.0235,2,0,1,0,3,2,0
TCK-002808,Telefone,Faturamento,Solicitação de Recurso,Baixa,Free,Nordeste,24,562.9,0,22,3,9,0,55,8,0,0,0.0638,0,0,0,0,3,2,0
TCK-002809,Email,Faturamento,Solicitação de Recurso,Média,Enterprise,Centro-Oeste,17,104.7,1,3,2,7,0,40,7,0,0,0.0303,0,0,0,0,4,3,1
TCK-002810,Telefone,Plataforma Web,Acesso e Conta,Baixa,Enterprise,Nordeste,33,139.8,0,2,0,8,0,171,31,0,0,0.0217,0,0,0,0,3,2,0
TCK-002811,Formulário Web,App Mobile,Solicitação de Recurso,Média,Free,Sudeste,31,108.5,1,5,3,1,1,55,8,0,0,0.0638,0,0,0,0,4,3,1
TCK-002812,Chat,App Mobile,Cancelamento,Média,Premium,Sul,0,187.3,0,7,3,1,0,61,10,0,0,0.02,1,0,1,0,3,2,0
TCK-002813,Redes Sociais,Plataforma Web,Solicitação de Recurso,Baixa,Basic,Norte,37,147.4,0,15,6,3,1,55,8,0,0,0.0638,0,0,0,0,3,2,0
TCK-002814,Email,Plataforma Web,Bug / Defeito,Média,Premium,Sudeste,22,84.9,0,11,6,11,1,135,25,0,0,0.03,4,0,0,1,3,2,0
TCK-002815,Chat,Plataforma Web,Bug / Defeito,Baixa,Premium,Centro-Oeste,78,212.2,0,13,4,12,0,61,11,0,0,0.0408,0,0,0,1,3,2,0
TCK-002816,Formulário Web,Faturamento,Faturamento,Média,Free,Centro-Oeste,42,229.3,0,16,0,11,0,45,8,0,0,0.027,0,0,0,0,3,2,0
TCK-002817,Email,API,Solicitação de Recurso,Baixa,Basic,Sul,51,976.9,0,16,2,4,1,55,8,0,0,0.0638,0,0,0,0,3,2,0
TCK-002818,Email,Faturamento,Cancelamento,Média,Free,Sul,0,78.5,0,20,5,1,0,51,8,0,0,0.0233,1,0,0,1,3,2,0
TCK-002819,Redes Sociais,Integrações,Bug / Defeito,Alta,Free,Centro-Oeste,21,45.9,1,20,3,11,1,61,10,0,0,0.02,1,0,0,1,4,3,1
TCK-002820,Email,Integrações,Problema Técnico,Média,Enterprise,Norte,15,125.6,0,5,1,9,0,55,10,0,0,0.0222,0,0,0,0,3,2,0
TCK-002821,Email,Faturamento,Problema Técnico,Baixa,Enterprise,Norte,27,266.0,0,6,1,7,0,59,10,0,0,0.0204,1,0,0,1,3,2,0
TCK-002822,Telefone,Faturamento,Faturamento,Média,Free,Norte,41,110.2,0,21,6,11,0,62,11,0,0,0.02,1,1,0,0,3,2,0
TCK-002823,Chat,Plataforma Web,Bug / Defeito,Alta,Enterprise,Sul,49,65.1,0,10,1,8,1,209,36,0,0,0.0359,0,0,0,1,3,2,0
TCK-002824,Chat,Relatórios,Solicitação de Recurso,Alta,Basic,Nordeste,75,85.2,0,9,5,8,1,57,9,1,0,0.0208,0,0,0,0,3,2,0
TCK-002825,Email,Relatórios,Solicitação de Recurso,Alta,Free,Sul,93,150.1,0,14,6,5,1,84,14,0,0,0.0294,0,0,0,0,3,2,0
TCK-002826,Email,Faturamento,Acesso e Conta,Baixa,Enterprise,Norte,20,188.1,0,3,2,1,0,171,25,0,0,0.0352,2,0,0,0,3,2,0
TCK-002827,Email,API,Acesso e Conta,Média,Free,Centro-Oeste,49,216.6,0,4,6,8,0,54,10,0,0,0.0233,0,0,0,0,3,2,0
TCK-002828,Email,Integrações,Faturamento,Crítica,Premium,Sudeste,24,26.0,0,16,4,5,0,59,9,1,0,0.0204,0,0,0,0,3,2,0
TCK-002829,Email,Relatórios,Bug / Defeito,Média,Free,Centro-Oeste,57,155.4,1,9,6,1,1,46,9,0,0,0.0303,2,0,0,1,4,3,1
TCK-002830,Email,Relatórios,Dúvida / Como Fazer,Alta,Basic,Sul,45,78.8,0,0,3,9,0,57,10,1,0,0.0213,0,0,0,0,3,2,0
TCK-002831,Chat,Relatórios,Bug / Defeito,Baixa,Premium,Sul,38,130.7,0,2,4,8,0,61,11,0,0,0.0408,0,0,0,1,3,2,0
TCK-002832,Email,Plataforma Web,Acesso e Conta,Média,Basic,Centro-Oeste,27,263.9,0,20,2,3,0,64,9,0,0,0.037,1,0,0,0,3,2,0
TCK-002833,Redes Sociais,Relatórios,Dúvida / Como Fazer,Crítica,Enterprise,Nordeste,25,19.5,1,1,0,6,0,57,10,1,0,0.0213,0,0,0,0,4,3,1
TCK-002834,Formulário Web,App Mobile,Faturamento,Média,Free,Norte,54,99.1,0,9,2,6,0,59,9,1,0,0.0204,0,0,0,0,3,2,0
TCK-002835,Email,Integrações,Dúvida / Como Fazer,Alta,Free,Sudeste,46,67.5,0,16,5,11,0,191,32,2,0,0.0256,1,0,0,0,3,2,0
TCK-002836,Chat,Faturamento,Problema Técnico,Alta,Free,Centro-Oeste,44,62.5,0,23,5,3,1,187,32,0,0,0.0263,1,0,0,0,3,2,0
TCK-002837,Email,API,Dúvida / Como Fazer,Alta,Basic,Centro-Oeste,41,54.8,0,0,5,3,0,53,9,0,0,0.0227,0,0,0,0,3,2,0
TCK-002838,Formulário Web,App Mobile,Bug / Defeito,Crítica,Premium,Sul,16,18.4,0,7,5,4,1,61,11,0,0,0.0408,0,0,0,1,3,2,0
TCK-002839,Redes Sociais,Integrações,Acesso e Conta,Média,Basic,Sul,5,371.7,0,1,5,2,0,64,9,0,0,0.037,1,0,0,0,3,2,0
TCK-002840,Formulário Web,Plataforma Web,Cancelamento,Alta,Enterprise,Norte,35,46.4,0,23,1,9,0,51,8,0,0,0.0233,1,0,0,1,3,2,0
TCK-002841,Email,Plataforma Web,Faturamento,Baixa,Basic,Sudeste,31,243.9,0,6,0,6,0,59,9,1,0,0.0204,0,0,0,0,3,2,0
TCK-002842,Redes Sociais,App Mobile,Acesso e Conta,Baixa,Basic,Nordeste,13,362.6,0,22,5,1,0,171,25,0,0,0.0352,2,0,0,0,3,2,0
TCK-002843,Telefone,Plataforma Web,Acesso e Conta,Alta,Basic,Sudeste,36,72.7,0,16,1,9,0,54,10,0,0,0.0233,0,0,0,0,3,2,0
TCK-002844,Formulário Web,Plataforma Web,Acesso e Conta,Baixa,Free,Centro-Oeste,0,240.7,0,6,3,2,0,64,9,0,0,0.037,1,0,0,0,3,2,0
TCK-002845,Email,Plataforma Web,Acesso e Conta,Média,Basic,Nordeste,45,87.5,0,22,2,1,0,64,12,0,0,0.0192,0,0,0,0,3,2,0
TCK-002846,Telefone,App Mobile,Solicitação de Recurso,Média,Enterprise,Sudeste,19,218.4,0,0,0,7,0,57,9,1,0,0.0208,0,0,0,0,3,2,0
TCK-002847,Telefone,Faturamento,Cancelamento,Média,Basic,Sudeste,16,85.7,0,19,4,3,0,61,10,0,0,0.02,1,0,1,0,3,2,0
TCK-002848,Formulário Web,API,Dúvida / Como Fazer,Baixa,Free,Sudeste,34,136.6,0,15,4,10,0,157,27,2,0,0.0234,0,0,0,0,3,2,0
TCK-002849,Email,Plataforma Web,Bug / Defeito,Média,Premium,Centro-Oeste,56,262.1,0,17,5,6,1,61,11,0,0,0.0408,0,0,0,1,3,2,0
TCK-002850,Formulário Web,Plataforma Web,Bug / Defeito,Média,Premium,Centro-Oeste,21,85.8,1,19,0,11,1,46,9,0,0,0.0303,2,0,0,1,4,3,1
TCK-002851,Email,Relatórios,Problema Técnico,Média,Free,Sudeste,44,134.9,0,1,2,2,0,55,10,0,0,0.0222,0,0,0,0,3,2,0
TCK-002852,Email,Faturamento,Faturamento,Alta,Free,Centro-Oeste,31,58.7,0,20,1,12,1,45,8,0,0,0.027,0,0,0,0,3,2,0
TCK-002853,Formulário Web,Plataforma Web,Solicitação de Recurso,Média,Basic,Centro-Oeste,35,195.5,0,0,4,12,1,55,8,0,0,0.0638,0,0,0,0,3,2,0
TCK-002854,Redes Sociais,API,Cancelamento,Alta,Premium,Centro-Oeste,27,49.7,0,23,3,2,0,100,16,0,1,0.0247,2,0,1,0,3,2,0
TCK-002855,Chat,Relatórios,Solicitação de Recurso,Alta,Basic,Sul,14,38.3,0,5,0,3,1,101,16,1,0,0.0241,0,0,0,0,3,2,0
TCK-002856,Chat,App Mobile,Problema Técnico,Baixa,Premium,Norte,60,663.1,1,17,5,7,0,55,10,0,0,0.0222,0,0,0,0,4,3,1
TCK-002857,Redes Sociais,Plataforma Web,Problema Técnico,Média,Premium,Sudeste,21,34.9,0,14,3,6,0,59,10,0,0,0.0204,1,0,0,1,3,2,0
TCK-002858,Email,Integrações,Acesso e Conta,Média,Basic,Sudeste,36,115.3,0,3,6,4,0,64,9,0,0,0.037,1,0,0,0,3,2,0
TCK-002859,Telefone,Plataforma Web,Cancelamento,Alta,Basic,Sudeste,12,31.6,0,23,4,4,0,51,8,0,0,0.0233,1,0,0,1,3,2,0
TCK-002860,Chat,Faturamento,Dúvida / Como Fazer,Baixa,Free,Nordeste,24,70.2,0,14,4,9,0,57,10,1,0,0.0213,0,0,0,0,3,2,0
TCK-002861,Formulário Web,API,Faturamento,Alta,Premium,Centro-Oeste,14,42.0,0,21,1,7,0,59,9,1,0,0.0204,0,0,0,0,3,2,0
TCK-002862,Redes Sociais,Relatórios,Problema Técnico,Crítica,Free,Nordeste,23,24.2,0,3,4,3,1,59,10,0,0,0.0204,1,0,0,1,3,2,0
TCK-002863,Telefone,Plataforma Web,Faturamento,Baixa,Free,Norte,5,168.6,0,7,6,12,0,59,9,1,0,0.0204,0,0,0,0,3,2,0
TCK-002864,Email,Relatórios,Problema Técnico,Baixa,Basic,Centro-Oeste,25,118.5,0,20,0,9,0,59,10,0,0,0.0204,1,0,0,1,3,2,0
TCK-002865,Chat,API,Problema Técnico,Baixa,Free,Nordeste,47,255.7,1,13,5,8,0,56,11,0,0,0.0222,0,0,0,0,4,3,1
TCK-002866,Chat,Faturamento,Acesso e Conta,Baixa,Basic,Norte,5,135.5,0,19,3,7,0,64,12,0,0,0.0192,0,0,0,0,3,2,0
TCK-002867,Email,Plataforma Web,Dúvida / Como Fazer,Alta,Basic,Sudeste,53,89.7,0,17,1,12,0,157,27,2,0,0.0234,0,0,0,0,3,2,0
TCK-002868,Email,Faturamento,Solicitação de Recurso,Baixa,Free,Sudeste,14,211.4,0,8,1,1,1,55,8,0,0,0.0638,0,0,0,0,3,2,0
TCK-002869,Formulário Web,Integrações,Problema Técnico,Média,Premium,Sul,47,216.2,1,20,5,10,1,55,10,0,0,0.0222,0,0,0,0,4,3,1
TCK-002870,Chat,App Mobile,Acesso e Conta,Baixa,Premium,Centro-Oeste,54,163.8,0,16,2,1,0,64,9,0,0,0.037,1,0,0,0,3,2,0
TCK-002871,Formulário Web,App Mobile,Problema Técnico,Baixa,Premium,Sudeste,23,235.0,1,21,2,4,0,161,27,0,0,0.0227,2,0,0,1,4,3,1
TCK-002872,Email,App Mobile,Dúvida / Como Fazer,Crítica,Premium,Sudeste,71,48.7,0,10,4,10,0,56,10,1,0,0.0217,0,0,0,0,3,2,0
TCK-002873,Email,App Mobile,Problema Técnico,Alta,Free,Nordeste,40,86.3,0,5,2,9,1,55,10,0,0,0.0222,0,0,0,0,3,2,0
TCK-002874,Formulário Web,Plataforma Web,Acesso e Conta,Média,Free,Norte,47,180.8,0,4,2,1,0,64,12,0,0,0.0192,0,0,0,0,3,2,0
TCK-002875,Email,Relatórios,Dúvida / Como Fazer,Média,Free,Sul,29,73.3,0,8,6,11,0,57,10,1,0,0.0213,0,0,0,0,3,2,0
TCK-002876,Email,App Mobile,Faturamento,Média,Free,Centro-Oeste,54,93.5,0,8,3,10,0,62,11,0,0,0.02,1,1,0,0,3,2,0
TCK-002877,Email,Faturamento,Faturamento,Média,Free,Nordeste,48,160.7,0,16,5,9,0,59,9,1,0,0.0204,0,0,0,0,3,2,0
TCK-002878,Chat,App Mobile,Problema Técnico,Baixa,Free,Centro-Oeste,37,554.9,0,15,4,2,0,56,11,0,0,0.0222,0,0,0,0,3,2,0
TCK-002879,Chat,Plataforma Web,Solicitação de Recurso,Média,Premium,Sudeste,41,112.5,1,10,0,10,1,55,8,0,0,0.0638,0,0,0,0,4,3,1
TCK-002880,Formulário Web,Relatórios,Solicitação de Recurso,Baixa,Premium,Norte,17,88.7,0,20,3,11,0,123,21,0,0,0.03,0,0,0,0,3,2,0
TCK-002881,Chat,Plataforma Web,Bug / Defeito,Baixa,Free,Centro-Oeste,69,185.4,1,10,0,10,0,61,10,0,0,0.02,1,0,0,1,4,3,1
TCK-002882,Email,Plataforma Web,Problema Técnico,Alta,Free,Centro-Oeste,54,57.4,1,10,4,3,1,55,10,0,0,0.0222,0,0,0,0,4,3,1
TCK-002883,Email,API,Bug / Defeito,Média,Basic,Sul,41,117.5,0,13,4,11,0,61,10,0,0,0.02,1,0,0,1,3,2,0
TCK-002884,Redes Sociais,Integrações,Bug / Defeito,Crítica,Premium,Sudeste,67,48.4,0,12,3,4,1,80,14,0,0,0.0328,3,0,0,1,3,2,0
TCK-002885,Email,API,Faturamento,Baixa,Free,Nordeste,38,184.6,0,17,0,5,0,45,8,0,0,0.027,0,0,0,0,3,2,0
TCK-002886,Email,Plataforma Web,Problema Técnico,Média,Free,Norte,26,175.0,0,7,5,11,0,56,11,0,0,0.0222,0,0,0,0,3,2,0
TCK-002887,Email,Integrações,Solicitação de Recurso,Média,Basic,Nordeste,80,135.1,0,17,6,12,1,55,8,0,0,0.0638,0,0,0,0,3,2,0
TCK-002888,Chat,App Mobile,Acesso e Conta,Baixa,Free,Sul,50,301.8,0,5,4,10,0,54,10,0,0,0.0233,0,0,0,0,3,2,0
TCK-002889,Email,Faturamento,Cancelamento,Média,Free,Norte,7,196.1,0,6,5,12,0,61,10,0,0,0.02,1,0,1,0,3,2,0
TCK-002890,Chat,App Mobile,Acesso e Conta,Alta,Basic,Sudeste,75,64.3,0,17,2,5,0,54,10,0,0,0.0233,0,0,0,0,3,2,0
TCK-002891,Email,Relatórios,Bug / Defeito,Média,Free,Norte,17,115.8,0,5,2,2,1,61,11,0,0,0.0408,0,0,0,1,3,2,0
TCK-002892,Email,API,Cancelamento,Alta,Enterprise,Centro-Oeste,48,190.5,0,4,3,10,0,61,10,0,0,0.02,1,0,1,0,3,2,0
TCK-002893,Chat,Faturamento,Dúvida / Como Fazer,Baixa,Premium,Norte,21,128.0,0,18,3,1,0,56,10,1,0,0.0217,0,0,0,0,3,2,0
TCK-002894,Chat,Plataforma Web,Solicitação de Recurso,Crítica,Free,Centro-Oeste,40,31.7,0,7,1,9,1,84,14,0,0,0.0294,0,0,0,0,3,2,0
TCK-002895,Redes Sociais,Relatórios,Solicitação de Recurso,Baixa,Basic,Nordeste,48,337.5,0,4,5,3,1,123,21,0,0,0.03,0,0,0,0,3,2,0
TCK-002896,Telefone,Faturamento,Bug / Defeito,Baixa,Basic,Norte,59,255.7,0,17,6,10,0,61,11,0,0,0.0408,0,0,0,1,3,2,0
TCK-002897,Email,Faturamento,Dúvida / Como Fazer,Baixa,Enterprise,Sudeste,62,144.1,0,10,3,11,0,53,9,0,0,0.0227,0,0,0,0,3,2,0
TCK-002898,Email,Faturamento,Bug / Defeito,Média,Free,Nordeste,87,160.0,0,15,5,11,1,61,10,0,0,0.02,1,0,0,1,3,2,0
TCK-002899,Chat,API,Problema Técnico,Média,Free,Nordeste,61,107.6,0,8,0,8,0,56,11,0,0,0.0222,0,0,0,0,3,2,0
TCK-002900,Redes Sociais,Faturamento,Bug / Defeito,Média,Free,Nordeste,38,141.1,1,9,3,12,0,61,10,0,0,0.02,1,0,0,1,4,3,1
TCK-002901,Telefone,Faturamento,Dúvida / Como Fazer,Crítica,Basic,Nordeste,28,23.6,0,2,6,9,0,100,17,1,0,0.0247,0,0,0,0,3,2,0
TCK-002902,Chat,Relatórios,Solicitação de Recurso,Média,Premium,Nordeste,46,118.2,0,21,2,6,1,40,7,0,0,0.0303,0,0,0,0,3,2,0
TCK-002903,Email,Relatórios,Bug / Defeito,Baixa,Basic,Centro-Oeste,65,508.4,0,11,6,6,0,61,10,0,0,0.02,1,0,0,1,3,2,0
TCK-002904,Email,App Mobile,Acesso e Conta,Média,Basic,Norte,23,136.4,0,4,1,8,0,54,10,0,0,0.0233,0,0,0,0,3,2,0
TCK-002905,Formulário Web,App Mobile,Problema Técnico,Alta,Enterprise,Centro-Oeste,33,58.7,0,10,0,9,0,59,10,0,0,0.0204,1,0,0,1,3,2,0
TCK-002906,Email,API,Dúvida / Como Fazer,Alta,Enterprise,Sudeste,57,83.9,0,6,6,4,0,57,10,1,0,0.0213,0,0,0,0,3,2,0
TCK-002907,Formulário Web,Plataforma Web,Faturamento,Alta,Basic,Sul,38,84.0,0,4,0,4,0,90,16,0,1,0.0278,1,0,0,0,3,2,0
TCK-002908,Email,App Mobile,Solicitação de Recurso,Média,Premium,Centro-Oeste,34,191.8,0,20,1,2,1,157,25,2,0,0.0231,0,0,0,0,3,2,0
TCK-002909,Chat,Plataforma Web,Cancelamento,Média,Enterprise,Sul,0,105.3,0,7,0,4,0,61,10,0,0,0.02,1,0,1,0,3,2,0
TCK-002910,Email,API,Acesso e Conta,Baixa,Premium,Norte,142,380.6,0,13,5,3,0,64,12,0,0,0.0192,0,0,0,0,3,2,0
TCK-002911,Email,Plataforma Web,Problema Técnico,Baixa,Basic,Norte,52,158.8,0,13,2,10,0,56,11,0,0,0.0222,0,0,0,0,3,2,0
TCK-002912,Telefone,Plataforma Web,Problema Técnico,Média,Free,Nordeste,51,187.4,0,15,5,9,0,55,10,0,0,0.0222,0,0,0,0,3,2,0
TCK-002913,Redes Sociais,Faturamento,Problema Técnico,Alta,Basic,Sudeste,27,79.0,0,2,6,8,1,153,27,0,0,0.0242,0,0,0,0,3,2,0
TCK-002914,Email,Faturamento,Solicitação de Recurso,Média,Free,Sudeste,14,84.0,0,9,2,10,1,57,9,1,0,0.0208,0,0,0,0,3,2,0
TCK-002915,Email,Plataforma Web,Bug / Defeito,Média,Free,Sul,7,235.4,0,1,4,10,1,135,25,0,0,0.03,4,0,0,1,3,2,0
TCK-002916,Formulário Web,App Mobile,Cancelamento,Média,Premium,Sudeste,31,125.4,0,6,5,5,0,55,8,0,0,0.0217,1,0,1,0,3,2,0
TCK-002917,Chat,Faturamento,Cancelamento,Média,Free,Sul,55,104.0,0,18,1,5,0,51,8,0,0,0.0233,1,0,0,1,3,2,0
TCK-002918,Chat,Relatórios,Acesso e Conta,Baixa,Free,Sul,18,385.1,0,4,3,8,0,64,9,0,0,0.037,1,0,0,0,3,2,0
TCK-002919,Email,Plataforma Web,Dúvida / Como Fazer,Baixa,Enterprise,Centro-Oeste,6,190.4,0,19,5,8,0,57,10,1,0,0.0213,0,0,0,0,3,2,0
TCK-002920,Chat,Faturamento,Faturamento,Média,Premium,Sul,44,210.8,0,21,0,8,0,62,11,0,0,0.02,1,1,0,0,3,2,0
TCK-002921,Formulário Web,Faturamento,Bug / Defeito,Alta,Enterprise,Sudeste,10,76.2,0,1,4,8,1,61,10,0,0,0.02,1,0,0,1,3,2,0
TCK-002922,Chat,Faturamento,Faturamento,Baixa,Free,Norte,28,213.1,0,10,5,6,0,62,11,0,0,0.02,1,1,0,0,3,2,0
TCK-002923,Redes Sociais,Integrações,Problema Técnico,Baixa,Free,Sul,54,406.6,0,4,2,6,0,59,10,0,0,0.0204,1,0,0,1,3,2,0
TCK-002924,Email,Relatórios,Problema Técnico,Baixa,Basic,Centro-Oeste,33,223.8,0,15,5,8,0,55,10,0,0,0.0222,0,0,0,0,3,2,0
TCK-002925,Redes Sociais,API,Problema Técnico,Baixa,Free,Centro-Oeste,50,618.9,0,17,5,12,0,55,10,0,0,0.0222,0,0,0,0,3,2,0
TCK-002926,Chat,Relatórios,Problema Técnico,Alta,Basic,Norte,47,50.3,0,18,3,1,1,55,10,0,0,0.0222,0,0,0,0,3,2,0
TCK-002927,Email,Plataforma Web,Dúvida / Como Fazer,Baixa,Premium,Sudeste,12,180.7,0,7,4,10,0,56,10,1,0,0.0217,0,0,0,0,3,2,0
TCK-002928,Telefone,Plataforma Web,Solicitação de Recurso,Baixa,Free,Nordeste,39,308.4,0,4,6,3,0,40,7,0,0,0.0303,0,0,0,0,3,2,0
TCK-002929,Formulário Web,Integrações,Cancelamento,Alta,Free,Nordeste,55,59.7,0,10,6,10,0,55,8,0,0,0.0217,1,0,1,0,3,2,0
TCK-002930,Chat,API,Dúvida / Como Fazer,Média,Basic,Nordeste,29,69.4,0,12,6,10,0,57,10,1,0,0.0213,0,0,0,0,3,2,0
TCK-002931,Email,Relatórios,Bug / Defeito,Baixa,Enterprise,Norte,27,312.7,0,8,1,9,0,61,11,0,0,0.0408,0,0,0,1,3,2,0
TCK-002932,Telefone,API,Dúvida / Como Fazer,Crítica,Basic,Sul,28,25.7,0,16,1,12,0,53,9,0,0,0.0227,0,0,0,0,3,2,0
TCK-002933,Email,API,Acesso e Conta,Média,Free,Sudeste,40,304.4,0,3,3,10,0,64,9,0,0,0.037,1,0,0,0,3,2,0
TCK-002934,Email,App Mobile,Acesso e Conta,Média,Enterprise,Centro-Oeste,82,135.3,0,16,5,7,0,64,9,0,0,0.037,1,0,0,0,3,2,0
TCK-002935,Email,API,Cancelamento,Baixa,Free,Sul,52,222.9,0,0,6,10,0,51,8,0,0,0.0233,1,0,0,1,3,2,0
TCK-002936,Email,API,Acesso e Conta,Baixa,Enterprise,Norte,29,298.5,0,1,5,4,0,64,12,0,0,0.0192,0,0,0,0,3,2,0
TCK-002937,Telefone,Relatórios,Faturamento,Média,Free,Norte,11,87.1,0,12,5,3,0,62,11,0,0,0.02,1,1,0,0,3,2,0
TCK-002938,Chat,Plataforma Web,Problema Técnico,Baixa,Premium,Centro-Oeste,11,152.4,1,5,4,12,0,161,27,0,0,0.0227,2,0,0,1,4,3,1
TCK-002939,Redes Sociais,Integrações,Problema Técnico,Crítica,Free,Centro-Oeste,76,52.3,0,14,3,1,1,153,27,0,0,0.0242,0,0,0,0,3,2,0
TCK-002940,Email,Faturamento,Dúvida / Como Fazer,Alta,Basic,Norte,25,33.0,0,10,1,2,0,53,9,0,0,0.0227,0,0,0,0,3,2,0
TCK-002941,Chat,Integrações,Solicitação de Recurso,Alta,Basic,Norte,50,38.6,0,5,2,2,1,57,9,1,0,0.0208,0,0,0,0,3,2,0
TCK-002942,Email,Relatórios,Bug / Defeito,Baixa,Free,Sudeste,41,209.1,0,12,4,5,0,61,10,0,0,0.02,1,0,0,1,3,2,0
TCK-002943,Formulário Web,API,Dúvida / Como Fazer,Baixa,Free,Centro-Oeste,58,188.4,0,12,4,10,0,57,10,1,0,0.0213,0,0,0,0,3,2,0
TCK-002944,Email,App Mobile,Faturamento,Média,Free,Norte,34,226.7,0,16,4,11,0,161,25,2,0,0.0227,0,0,0,0,3,2,0
TCK-002945,Formulário Web,App Mobile,Problema Técnico,Média,Free,Nordeste,38,65.7,0,14,6,9,0,59,10,0,0,0.0204,1,0,0,1,3,2,0
TCK-002946,Email,Faturamento,Cancelamento,Alta,Basic,Sul,68,70.6,0,15,5,2,0,145,23,0,0,0.025,2,0,0,1,3,2,0
TCK-002947,Email,Relatórios,Problema Técnico,Média,Basic,Sudeste,51,173.6,0,15,4,1,0,59,10,0,0,0.0204,1,0,0,1,3,2,0
TCK-002948,Email,Integrações,Acesso e Conta,Baixa,Basic,Nordeste,0,139.3,0,6,6,4,0,64,9,0,0,0.037,1,0,0,0,3,2,0
TCK-002949,Formulário Web,App Mobile,Acesso e Conta,Média,Basic,Sul,36,88.3,0,18,0,6,0,54,10,0,0,0.0233,0,0,0,0,3,2,0
TCK-002950,Chat,Relatórios,Dúvida / Como Fazer,Média,Premium,Nordeste,34,76.0,0,6,4,8,0,57,10,1,0,0.0213,0,0,0,0,3,2,0
TCK-002951,Email,API,Dúvida / Como Fazer,Média,Free,Centro-Oeste,51,130.4,0,4,3,9,0,53,9,0,0,0.0227,0,0,0,0,3,2,0
TCK-002952,Chat,Faturamento,Problema Técnico,Alta,Enterprise,Norte,64,65.0,0,14,3,6,0,104,18,0,1,0.0238,2,0,0,1,3,2,0
TCK-002953,Email,App Mobile,Solicitação de Recurso,Baixa,Basic,Norte,60,250.6,0,23,5,5,1,55,8,0,0,0.0638,0,0,0,0,3,2,0
TCK-002954,Formulário Web,Integrações,Bug / Defeito,Crítica,Basic,Centro-Oeste,30,45.4,0,5,6,6,1,135,25,0,0,0.03,4,0,0,1,3,2,0
TCK-002955,Email,Plataforma Web,Solicitação de Recurso,Crítica,Free,Norte,37,44.0,0,0,0,10,1,153,23,0,0,0.0547,0,0,0,0,3,2,0
TCK-002956,Redes Sociais,App Mobile,Cancelamento,Alta,Basic,Centro-Oeste,33,60.0,0,3,1,12,0,61,10,0,0,0.02,1,0,1,0,3,2,0
TCK-002957,Formulário Web,API,Problema Técnico,Média,Free,Centro-Oeste,60,106.2,0,10,3,10,0,153,27,0,0,0.0242,0,0,0,0,3,2,0
TCK-002958,Formulário Web,App Mobile,Cancelamento,Média,Free,Norte,41,184.6,0,8,4,10,0,145,23,0,0,0.025,2,0,0,1,3,2,0
TCK-002959,Email,Integrações,Solicitação de Recurso,Crítica,Premium,Centro-Oeste,0,6.7,0,22,0,6,1,102,17,1,1,0.0241,1,0,0,0,3,2,0
TCK-002960,Redes Sociais,Faturamento,Problema Técnico,Média,Enterprise,Nordeste,63,151.5,0,15,4,11,0,161,27,0,0,0.0227,2,0,0,1,3,2,0
TCK-002961,Chat,Faturamento,Problema Técnico,Crítica,Basic,Sul,56,42.7,0,21,1,4,1,56,11,0,0,0.0222,0,0,0,0,3,2,0
TCK-002962,Redes Sociais,Integrações,Problema Técnico,Média,Free,Norte,0,63.3,1,8,1,5,1,56,11,0,0,0.0222,0,0,0,0,4,3,1
TCK-002963,Chat,Integrações,Dúvida / Como Fazer,Baixa,Free,Norte,36,189.5,0,8,3,7,0,53,9,0,0,0.0227,0,0,0,0,3,2,0
TCK-002964,Telefone,API,Bug / Defeito,Crítica,Free,Nordeste,34,32.4,1,16,4,8,1,61,10,0,0,0.02,1,0,0,1,4,3,1
TCK-002965,Telefone,Integrações,Solicitação de Recurso,Média,Free,Nordeste,31,274.5,0,2,1,10,1,157,25,2,0,0.0231,0,0,0,0,3,2,0
TCK-002966,Formulário Web,Plataforma Web,Dúvida / Como Fazer,Baixa,Free,Sudeste,38,146.8,0,11,5,7,0,53,9,0,0,0.0227,0,0,0,0,3,2,0
TCK-002967,Telefone,Relatórios,Bug / Defeito,Média,Free,Sudeste,24,110.8,0,1,4,1,0,61,10,0,0,0.02,1,0,0,1,3,2,0
TCK-002968,Chat,Integrações,Faturamento,Média,Premium,Norte,47,156.3,0,5,6,11,0,45,8,0,0,0.027,0,0,0,0,3,2,0
TCK-002969,Email,App Mobile,Acesso e Conta,Média,Basic,Sudeste,61,77.7,0,13,2,9,0,64,12,0,0,0.0192,0,0,0,0,3,2,0
TCK-002970,Email,Relatórios,Problema Técnico,Crítica,Free,Centro-Oeste,21,31.4,1,7,2,3,1,59,10,0,0,0.0204,1,0,0,1,4,3,1
TCK-002971,Formulário Web,App Mobile,Solicitação de Recurso,Média,Free,Sudeste,70,147.4,0,9,1,7,1,55,8,0,0,0.0638,0,0,0,0,3,2,0
TCK-002972,Telefone,Faturamento,Acesso e Conta,Baixa,Basic,Sudeste,24,208.7,0,22,4,4,0,64,9,0,0,0.037,1,0,0,0,3,2,0
TCK-002973,Email,Faturamento,Problema Técnico,Média,Enterprise,Sul,32,198.6,0,2,6,4,1,55,10,0,0,0.0222,0,0,0,0,3,2,0
TCK-002974,Telefone,App Mobile,Dúvida / Como Fazer,Média,Enterprise,Sul,28,100.1,0,23,6,8,0,57,10,1,0,0.0213,0,0,0,0,3,2,0
TCK-002975,Redes Sociais,Plataforma Web,Problema Técnico,Crítica,Basic,Nordeste,0,22.4,1,18,2,12,1,59,10,0,0,0.0204,1,0,0,1,4,3,1
TCK-002976,Chat,Integrações,Dúvida / Como Fazer,Crítica,Basic,Centro-Oeste,94,67.2,1,18,5,3,1,91,15,1,0,0.0267,1,0,0,0,4,3,1
TCK-002977,Email,Integrações,Faturamento,Média,Basic,Sudeste,38,96.8,0,9,4,9,0,45,8,0,0,0.027,0,0,0,0,3,2,0
TCK-002978,Chat,Plataforma Web,Dúvida / Como Fazer,Média,Basic,Nordeste,50,173.0,0,1,6,11,0,56,10,1,0,0.0217,0,0,0,0,3,2,0
TCK-002979,Telefone,Integrações,Dúvida / Como Fazer,Média,Free,Sul,43,268.5,0,22,2,10,0,56,10,1,0,0.0217,0,0,0,0,3,2,0
TCK-002980,Chat,API,Faturamento,Baixa,Free,Sudeste,49,259.4,0,1,0,10,0,59,9,1,0,0.0204,0,0,0,0,3,2,0
TCK-002981,Telefone,API,Problema Técnico,Média,Free,Centro-Oeste,66,85.0,0,10,4,10,0,56,11,0,0,0.0222,0,0,0,0,3,2,0
TCK-002982,Telefone,API,Dúvida / Como Fazer,Baixa,Basic,Nordeste,30,132.9,0,16,3,5,0,56,10,1,0,0.0217,0,0,0,0,3,2,0
TCK-002983,Telefone,Plataforma Web,Cancelamento,Média,Enterprise,Centro-Oeste,44,100.1,0,18,1,8,0,51,8,0,0,0.0233,1,0,0,1,3,2,0
TCK-002984,Chat,Plataforma Web,Acesso e Conta,Baixa,Basic,Nordeste,30,209.9,0,22,0,4,0,64,12,0,0,0.0192,0,0,0,0,3,2,0
TCK-002985,Email,API,Faturamento,Alta,Enterprise,Sul,16,57.9,0,23,2,7,0,45,8,0,0,0.027,0,0,0,0,3,2,0
TCK-002986,Email,Integrações,Faturamento,Média,Premium,Norte,47,195.1,0,9,1,3,0,161,25,2,0,0.0227,0,0,0,0,3,2,0
TCK-002987,Email,App Mobile,Problema Técnico,Média,Basic,Nordeste,51,107.0,0,20,6,10,0,59,10,0,0,0.0204,1,0,0,1,3,2,0
TCK-002988,Formulário Web,Faturamento,Bug / Defeito,Média,Basic,Norte,16,151.7,0,1,6,7,0,61,11,0,0,0.0408,0,0,0,1,3,2,0
TCK-002989,Chat,Relatórios,Acesso e Conta,Baixa,Free,Sudeste,22,350.0,0,6,6,1,0,64,12,0,0,0.0192,0,0,0,0,3,2,0
TCK-002990,Formulário Web,API,Dúvida / Como Fazer,Média,Enterprise,Sudeste,36,171.2,0,14,2,2,0,57,10,1,0,0.0213,0,0,0,0,3,2,0
TCK-002991,Email,Relatórios,Acesso e Conta,Média,Basic,Sudeste,53,192.4,0,18,0,7,0,64,9,0,0,0.037,1,0,0,0,3,2,0
TCK-002992,Formulário Web,Faturamento,Cancelamento,Baixa,Free,Sudeste,68,178.3,0,10,5,9,0,61,10,0,0,0.02,1,0,1,0,3,2,0
TCK-002993,Telefone,Relatórios,Dúvida / Como Fazer,Média,Basic,Norte,0,187.1,0,19,4,7,0,57,10,1,0,0.0213,0,0,0,0,3,2,0
TCK-002994,Redes Sociais,Integrações,Acesso e Conta,Baixa,Free,Sul,54,345.6,1,9,6,11,0,64,9,0,0,0.037,1,0,0,0,4,3,1
TCK-002995,Telefone,Plataforma Web,Dúvida / Como Fazer,Alta,Basic,Sudeste,13,41.0,0,20,2,12,0,102,18,1,1,0.0244,1,0,0,0,3,2,0
TCK-002996,Formulário Web,Plataforma Web,Cancelamento,Média,Enterprise,Nordeste,7,215.9,0,21,3,4,0,51,8,0,0,0.0233,1,0,0,1,3,2,0
TCK-002997,Formulário Web,API,Acesso e Conta,Baixa,Premium,Norte,49,304.1,0,23,4,3,0,64,12,0,0,0.0192,0,0,0,0,3,2,0
TCK-002998,Chat,API,Cancelamento,Média,Basic,Centro-Oeste,51,105.8,1,14,6,1,0,61,10,0,0,0.02,1,0,1,0,4,3,1
TCK-002999,Telefone,Relatórios,Solicitação de Recurso,Alta,Free,Norte,45,59.7,1,12,1,3,1,102,17,1,1,0.0241,1,0,0,0,4,3,1
TCK-003000,Email,Relatórios,Acesso e Conta,Média,Premium,Sudeste,63,126.4,0,10,2,8,0,64,12,0,0,0.0192,0,0,0,0,3,2,0
TCK-003001,Telefone,App Mobile,Acesso e Conta,Baixa,Basic,Centro-Oeste,40,200.0,0,11,1,1,0,54,10,0,0,0.0233,0,0,0,0,3,2,0
TCK-003002,Chat,Relatórios,Dúvida / Como Fazer,Média,Basic,Centro-Oeste,40,156.8,0,8,6,3,0,56,10,1,0,0.0217,0,0,0,0,3,2,0
TCK-003003,Formulário Web,Plataforma Web,Acesso e Conta,Baixa,Premium,Nordeste,35,169.9,0,7,0,7,0,54,10,0,0,0.0233,0,0,0,0,3,2,0
TCK-003004,Formulário Web,Faturamento,Dúvida / Como Fazer,Alta,Free,Centro-Oeste,38,50.4,0,14,1,5,0,56,10,1,0,0.0217,0,0,0,0,3,2,0
TCK-003005,Formulário Web,API,Bug / Defeito,Média,Free,Norte,33,76.5,1,8,5,9,1,61,11,0,0,0.0408,0,0,0,1,4,3,1
TCK-003006,Telefone,Plataforma Web,Cancelamento,Baixa,Premium,Centro-Oeste,65,290.2,0,10,2,11,0,61,10,0,0,0.02,1,0,1,0,3,2,0
TCK-003007,Chat,Relatórios,Problema Técnico,Média,Free,Sul,48,66.7,0,13,5,3,0,55,10,0,0,0.0222,0,0,0,0,3,2,0
TCK-003008,Email,App Mobile,Problema Técnico,Baixa,Enterprise,Centro-Oeste,2,285.8,0,23,3,9,0,55,10,0,0,0.0222,0,0,0,0,3,2,0
TCK-003009,Formulário Web,Integrações,Solicitação de Recurso,Alta,Premium,Norte,48,97.3,0,17,1,7,1,57,9,1,0,0.0208,0,0,0,0,3,2,0
TCK-003010,Redes Sociais,API,Problema Técnico,Média,Basic,Norte,38,86.7,1,0,4,2,0,59,10,0,0,0.0204,1,0,0,1,4,3,1
TCK-003011,Chat,Relatórios,Cancelamento,Alta,Free,Centro-Oeste,58,59.5,0,6,2,10,0,51,8,0,0,0.0233,1,0,0,1,3,2,0
TCK-003012,Chat,Integrações,Problema Técnico,Média,Basic,Sudeste,20,112.1,0,23,2,4,0,56,11,0,0,0.0222,0,0,0,0,3,2,0
TCK-003013,Formulário Web,Faturamento,Acesso e Conta,Média,Premium,Norte,8,72.5,0,6,0,10,0,64,9,0,0,0.037,1,0,0,0,3,2,0
TCK-003014,Chat,Relatórios,Acesso e Conta,Média,Premium,Centro-Oeste,2,186.3,0,4,2,3,0,54,10,0,0,0.0233,0,0,0,0,3,2,0
TCK-003015,Email,Integrações,Problema Técnico,Baixa,Enterprise,Sul,37,304.0,0,16,1,5,0,55,10,0,0,0.0222,0,0,0,0,3,2,0
TCK-003016,Chat,App Mobile,Problema Técnico,Média,Premium,Sudeste,29,149.0,0,10,4,4,0,59,10,0,0,0.0204,1,0,0,1,3,2,0
TCK-003017,Chat,Faturamento,Solicitação de Recurso,Média,Free,Sul,18,63.9,1,20,3,8,1,153,23,0,0,0.0547,0,0,0,0,4,3,1
TCK-003018,Formulário Web,Plataforma Web,Faturamento,Crítica,Free,Norte,45,33.9,0,2,1,12,1,45,8,0,0,0.027,0,0,0,0,3,2,0
TCK-003019,Chat,API,Faturamento,Baixa,Basic,Centro-Oeste,54,182.1,0,13,0,5,0,45,8,0,0,0.027,0,0,0,0,3,2,0
TCK-003020,Email,Integrações,Acesso e Conta,Baixa,Premium,Sudeste,16,560.1,0,4,6,9,0,64,9,0,0,0.037,1,0,0,0,3,2,0
TCK-003021,Email,App Mobile,Acesso e Conta,Crítica,Enterprise,Norte,48,40.4,0,3,2,6,0,64,9,0,0,0.037,1,0,0,0,3,2,0
TCK-003022,Telefone,App Mobile,Acesso e Conta,Alta,Free,Nordeste,52,42.2,0,15,3,11,0,109,17,0,1,0.0337,2,0,0,0,3,2,0
TCK-003023,Telefone,Plataforma Web,Problema Técnico,Média,Enterprise,Sudeste,79,95.6,0,13,2,7,0,55,10,0,0,0.0222,0,0,0,0,3,2,0
TCK-003024,Chat,Faturamento,Solicitação de Recurso,Alta,Basic,Centro-Oeste,30,49.3,0,3,0,10,1,123,21,0,0,0.03,0,0,0,0,3,2,0
TCK-003025,Email,Relatórios,Problema Técnico,Alta,Enterprise,Nordeste,28,47.7,0,2,0,3,1,55,10,0,0,0.0222,0,0,0,0,3,2,0
TCK-003026,Formulário Web,API,Dúvida / Como Fazer,Baixa,Free,Norte,24,95.5,0,20,3,7,0,53,9,0,0,0.0227,0,0,0,0,3,2,0
TCK-003027,Redes Sociais,API,Faturamento,Média,Enterprise,Norte,29,74.9,0,19,3,12,0,45,8,0,0,0.027,0,0,0,0,3,2,0
TCK-003028,Redes Sociais,Plataforma Web,Cancelamento,Baixa,Premium,Centro-Oeste,21,353.8,0,12,0,1,0,55,8,0,0,0.0217,1,0,1,0,3,2,0
TCK-003029,Telefone,API,Bug / Defeito,Média,Basic,Norte,18,119.7,0,8,0,8,0,46,9,0,0,0.0303,2,0,0,1,3,2,0
TCK-003030,Chat,App Mobile,Problema Técnico,Média,Basic,Sul,25,111.3,0,2,1,4,0,56,11,0,0,0.0222,0,0,0,0,3,2,0
TCK-003031,Chat,Faturamento,Solicitação de Recurso,Média,Enterprise,Norte,32,186.4,0,10,4,5,0,57,9,1,0,0.0208,0,0,0,0,3,2,0
TCK-003032,Email,App Mobile,Problema Técnico,Baixa,Premium,Centro-Oeste,9,116.9,0,21,1,1,0,55,10,0,0,0.0222,0,0,0,0,3,2,0
TCK-003033,Email,API,Acesso e Conta,Alta,Free,Centro-Oeste,38,66.9,0,19,2,10,0,64,9,0,0,0.037,1,0,0,0,3,2,0
TCK-003034,Chat,Faturamento,Acesso e Conta,Alta,Enterprise,Norte,65,82.1,0,14,6,5,0,64,9,0,0,0.037,1,0,0,0,3,2,0
TCK-003035,Email,Integrações,Problema Técnico,Média,Basic,Nordeste,48,243.8,0,5,0,3,0,56,11,0,0,0.0222,0,0,0,0,3,2,0
TCK-003036,Telefone,Plataforma Web,Dúvida / Como Fazer,Média,Premium,Sudeste,31,180.5,0,23,4,1,0,53,9,0,0,0.0227,0,0,0,0,3,2,0
TCK-003037,Chat,App Mobile,Faturamento,Baixa,Free,Centro-Oeste,47,403.9,0,11,5,2,0,45,8,0,0,0.027,0,0,0,0,3,2,0
TCK-003038,Formulário Web,Plataforma Web,Problema Técnico,Média,Free,Nordeste,53,190.1,0,18,5,5,0,59,10,0,0,0.0204,1,0,0,1,3,2,0
TCK-003039,Formulário Web,Relatórios,Bug / Defeito,Baixa,Premium,Sul,37,189.2,0,2,4,10,0,61,11,0,0,0.0408,0,0,0,1,3,2,0
TCK-003040,Telefone,Plataforma Web,Acesso e Conta,Média,Basic,Sudeste,32,121.0,0,9,1,12,0,54,10,0,0,0.0233,0,0,0,0,3,2,0
TCK-003041,Email,Plataforma Web,Bug / Defeito,Baixa,Basic,Nordeste,24,293.2,0,20,0,9,0,135,25,0,0,0.03,4,0,0,1,3,2,0
TCK-003042,Telefone,Plataforma Web,Faturamento,Baixa,Free,Sudeste,66,293.2,0,18,0,12,0,45,8,0,0,0.027,0,0,0,0,3,2,0
TCK-003043,Email,Faturamento,Cancelamento,Baixa,Enterprise,Nordeste,21,512.3,0,0,2,10,0,55,8,0,0,0.0217,1,0,1,0,3,2,0
TCK-003044,Chat,API,Dúvida / Como Fazer,Baixa,Enterprise,Sudeste,20,297.5,0,21,3,2,0,56,10,1,0,0.0217,0,0,0,0,3,2,0
TCK-003045,Telefone,API,Problema Técnico,Média,Enterprise,Norte,41,51.2,0,21,2,1,0,59,10,0,0,0.0204,1,0,0,1,3,2,0
TCK-003046,Redes Sociais,Relatórios,Bug / Defeito,Baixa,Premium,Norte,35,224.0,0,6,1,11,0,61,11,0,0,0.0408,0,0,0,1,3,2,0
TCK-003047,Chat,Integrações,Problema Técnico,Baixa,Free,Norte,15,307.3,0,21,2,4,0,55,10,0,0,0.0222,0,0,0,0,3,2,0
TCK-003048,Chat,Faturamento,Dúvida / Como Fazer,Baixa,Basic,Nordeste,47,330.3,0,13,2,4,0,155,27,2,0,0.0238,0,0,0,0,3,2,0
TCK-003049,Telefone,App Mobile,Faturamento,Média,Basic,Norte,28,70.8,0,23,6,12,0,62,11,0,0,0.02,1,1,0,0,3,2,0
TCK-003050,Email,API,Dúvida / Como Fazer,Baixa,Premium,Sudeste,11,278.0,0,22,4,7,0,56,10,1,0,0.0217,0,0,0,0,3,2,0
TCK-003051,Email,Plataforma Web,Dúvida / Como Fazer,Crítica,Premium,Norte,48,34.3,0,12,3,9,0,97,16,0,0,0.0253,0,0,0,0,3,2,0
TCK-003052,Formulário Web,Plataforma Web,Dúvida / Como Fazer,Alta,Free,Sudeste,10,60.7,0,6,1,1,0,57,10,1,0,0.0213,0,0,0,0,3,2,0
TCK-003053,Chat,Integrações,Solicitação de Recurso,Crítica,Free,Norte,8,20.5,0,19,6,9,1,102,17,1,1,0.0241,1,0,0,0,3,2,0
TCK-003054,Email,API,Problema Técnico,Baixa,Basic,Nordeste,16,226.6,0,21,4,4,0,153,27,0,0,0.0242,0,0,0,0,3,2,0
TCK-003055,Formulário Web,Faturamento,Problema Técnico,Média,Premium,Centro-Oeste,49,62.6,0,12,4,2,1,55,10,0,0,0.0222,0,0,0,0,3,2,0
TCK-003056,Email,Integrações,Solicitação de Recurso,Média,Free,Sudeste,63,143.2,0,12,5,8,1,40,7,0,0,0.0303,0,0,0,0,3,2,0
TCK-003057,Chat,API,Cancelamento,Alta,Basic,Norte,29,59.8,0,23,4,11,0,55,8,0,0,0.0217,1,0,1,0,3,2,0
TCK-003058,Email,Relatórios,Cancelamento,Baixa,Enterprise,Sul,42,601.2,0,17,4,12,0,61,10,0,0,0.02,1,0,1,0,3,2,0
TCK-003059,Email,Plataforma Web,Solicitação de Recurso,Alta,Enterprise,Sudeste,36,68.2,0,11,4,8,1,89,13,0,0,0.0533,1,0,0,0,3,2,0
TCK-003060,Chat,API,Faturamento,Média,Enterprise,Sudeste,36,66.3,0,23,3,9,0,45,8,0,0,0.027,0,0,0,0,3,2,0
TCK-003061,Chat,API,Dúvida / Como Fazer,Baixa,Basic,Sudeste,10,175.5,0,0,1,4,0,57,10,1,0,0.0213,0,0,0,0,3,2,0
TCK-003062,Telefone,Faturamento,Cancelamento,Alta,Free,Centro-Oeste,44,68.3,0,8,1,12,0,51,8,0,0,0.0233,1,0,0,1,3,2,0
TCK-003063,Email,Faturamento,Problema Técnico,Média,Premium,Sul,24,123.7,0,14,4,5,0,59,10,0,0,0.0204,1,0,0,1,3,2,0
TCK-003064,Email,Integrações,Solicitação de Recurso,Crítica,Premium,Sul,57,58.5,0,9,0,10,1,40,7,0,0,0.0303,0,0,0,0,3,2,0
TCK-003065,Formulário Web,Faturamento,Dúvida / Como Fazer,Baixa,Basic,Centro-Oeste,12,175.8,0,1,4,9,0,56,10,1,0,0.0217,0,0,0,0,3,2,0
TCK-003066,Email,API,Solicitação de Recurso,Alta,Premium,Sudeste,31,55.9,0,11,3,1,1,40,7,0,0,0.0303,0,0,0,0,3,2,0
TCK-003067,Formulário Web,Plataforma Web,Problema Técnico,Média,Free,Sudeste,48,185.1,0,17,3,3,0,59,10,0,0,0.0204,1,0,0,1,3,2,0
TCK-003068,Email,Faturamento,Dúvida / Como Fazer,Média,Free,Sul,28,41.0,0,7,1,12,0,56,10,1,0,0.0217,0,0,0,0,3,2,0
TCK-003069,Formulário Web,API,Problema Técnico,Crítica,Enterprise,Centro-Oeste,33,34.7,0,22,6,12,1,155,29,0,0,0.0242,0,0,0,0,3,2,0
TCK-003070,Telefone,Faturamento,Cancelamento,Baixa,Premium,Centro-Oeste,65,167.6,0,14,1,8,0,61,10,0,0,0.02,1,0,1,0,3,2,0
TCK-003071,Email,Relatórios,Dúvida / Como Fazer,Baixa,Free,Sul,35,278.5,0,7,5,9,0,57,10,1,0,0.0213,0,0,0,0,3,2,0
TCK-003072,Formulário Web,API,Dúvida / Como Fazer,Alta,Premium,Sudeste,39,97.6,0,12,2,11,0,53,9,0,0,0.0227,0,0,0,0,3,2,0
TCK-003073,Telefone,API,Bug / Defeito,Média,Premium,Nordeste,55,175.7,1,14,1,5,0,61,10,0,0,0.02,1,0,0,1,4,3,1
TCK-003074,Chat,Integrações,Dúvida / Como Fazer,Baixa,Free,Nordeste,47,351.4,0,21,5,4,0,57,10,1,0,0.0213,0,0,0,0,3,2,0
TCK-003075,Chat,Plataforma Web,Problema Técnico,Baixa,Free,Sudeste,26,98.9,0,0,1,6,0,55,10,0,0,0.0222,0,0,0,0,3,2,0
TCK-003076,Formulário Web,Relatórios,Dúvida / Como Fazer,Alta,Free,Norte,32,63.7,0,17,2,1,0,53,9,0,0,0.0227,0,0,0,0,3,2,0
TCK-003077,Email,Integrações,Faturamento,Média,Premium,Sudeste,45,163.2,0,0,4,12,0,59,9,1,0,0.0204,0,0,0,0,3,2,0
TCK-003078,Formulário Web,API,Cancelamento,Média,Free,Nordeste,36,208.6,0,10,5,8,0,55,8,0,0,0.0217,1,0,1,0,3,2,0
TCK-003079,Email,API,Problema Técnico,Baixa,Basic,Sul,45,218.5,0,0,0,9,0,59,10,0,0,0.0204,1,0,0,1,3,2,0
TCK-003080,Email,Faturamento,Solicitação de Recurso,Baixa,Basic,Sul,40,168.4,0,3,5,7,0,40,7,0,0,0.0303,0,0,0,0,3,2,0
TCK-003081,Email,App Mobile,Solicitação de Recurso,Alta,Free,Nordeste,40,42.0,0,13,0,12,1,57,9,1,0,0.0208,0,0,0,0,3,2,0
TCK-003082,Email,API,Faturamento,Média,Free,Norte,38,70.5,0,19,4,9,0,59,9,1,0,0.0204,0,0,0,0,3,2,0
TCK-003083,Formulário Web,API,Dúvida / Como Fazer,Média,Premium,Sul,69,128.0,0,7,3,10,0,57,10,1,0,0.0213,0,0,0,0,3,2,0
TCK-003084,Chat,App Mobile,Faturamento,Baixa,Free,Sul,13,241.4,0,22,4,4,0,62,11,0,0,0.02,1,1,0,0,3,2,0
TCK-003085,Email,Integrações,Cancelamento,Média,Free,Sul,19,174.0,0,9,6,7,0,55,8,0,0,0.0217,1,0,1,0,3,2,0
TCK-003086,Formulário Web,App Mobile,Solicitação de Recurso,Média,Premium,Sul,37,388.7,0,8,1,7,1,40,7,0,0,0.0303,0,0,0,0,3,2,0
TCK-003087,Email,App Mobile,Faturamento,Média,Free,Nordeste,20,70.9,1,8,1,1,0,59,9,1,0,0.0204,0,0,0,0,4,3,1
TCK-003088,Redes Sociais,Plataforma Web,Bug / Defeito,Crítica,Basic,Centro-Oeste,46,41.6,0,4,0,2,1,61,10,0,0,0.02,1,0,0,1,3,2,0
TCK-003089,Email,App Mobile,Bug / Defeito,Média,Enterprise,Sudeste,43,132.3,1,1,1,5,0,61,11,0,0,0.0408,0,0,0,1,4,3,1
TCK-003090,Telefone,Plataforma Web,Problema Técnico,Média,Basic,Nordeste,36,117.3,0,13,0,4,0,59,10,0,0,0.0204,1,0,0,1,3,2,0
TCK-003091,Telefone,Integrações,Solicitação de Recurso,Média,Basic,Centro-Oeste,34,127.8,0,9,3,10,1,123,21,0,0,0.03,0,0,0,0,3,2,0
TCK-003092,Telefone,API,Solicitação de Recurso,Alta,Basic,Centro-Oeste,95,83.4,0,17,0,1,1,57,9,1,0,0.0208,0,0,0,0,3,2,0
TCK-003093,Email,Relatórios,Bug / Defeito,Baixa,Premium,Sul,24,441.5,0,5,1,12,0,135,25,0,0,0.03,4,0,0,1,3,2,0
TCK-003094,Email,Relatórios,Bug / Defeito,Média,Basic,Centro-Oeste,14,301.9,0,2,0,7,1,61,10,0,0,0.02,1,0,0,1,3,2,0
TCK-003095,Email,Faturamento,Bug / Defeito,Média,Free,Sul,47,204.2,0,9,5,12,1,61,10,0,0,0.02,1,0,0,1,3,2,0
TCK-003096,Telefone,Faturamento,Dúvida / Como Fazer,Média,Free,Sul,36,78.2,0,5,4,8,0,57,10,1,0,0.0213,0,0,0,0,3,2,0
TCK-003097,Formulário Web,API,Problema Técnico,Média,Basic,Sudeste,47,147.9,0,17,4,7,0,59,10,0,0,0.0204,1,0,0,1,3,2,0
TCK-003098,Email,App Mobile,Bug / Defeito,Média,Free,Nordeste,57,249.9,0,18,0,1,1,61,10,0,0,0.02,1,0,0,1,3,2,0
TCK-003099,Email,API,Dúvida / Como Fazer,Baixa,Free,Centro-Oeste,40,268.1,0,23,5,2,0,53,9,0,0,0.0227,0,0,0,0,3,2,0
TCK-003100,Formulário Web,Integrações,Cancelamento,Baixa,Basic,Centro-Oeste,12,593.2,1,9,5,3,0,61,10,0,0,0.02,1,0,1,0,4,3,1
TCK-003101,Formulário Web,App Mobile,Solicitação de Recurso,Média,Premium,Sudeste,51,200.6,0,10,3,2,1,55,8,0,0,0.0638,0,0,0,0,3,2,0
TCK-003102,Formulário Web,Faturamento,Bug / Defeito,Baixa,Premium,Sul,25,125.9,0,3,6,10,0,61,10,0,0,0.02,1,0,0,1,3,2,0
TCK-003103,Telefone,Faturamento,Problema Técnico,Baixa,Basic,Sul,42,215.3,1,21,5,4,0,56,11,0,0,0.0222,0,0,0,0,4,3,1
TCK-003104,Email,Plataforma Web,Bug / Defeito,Alta,Free,Norte,38,46.0,0,22,5,5,1,46,9,0,0,0.0303,2,0,0,1,3,2,0
TCK-003105,Email,Faturamento,Acesso e Conta,Baixa,Free,Nordeste,56,235.9,0,11,6,11,0,171,25,0,0,0.0352,2,0,0,0,3,2,0
TCK-003106,Telefone,Relatórios,Problema Técnico,Baixa,Basic,Nordeste,21,111.2,0,3,2,10,0,161,27,0,0,0.0227,2,0,0,1,3,2,0
TCK-003107,Chat,Faturamento,Problema Técnico,Média,Enterprise,Nordeste,22,144.2,1,6,3,2,0,55,10,0,0,0.0222,0,0,0,0,4,3,1
TCK-003108,Email,Integrações,Solicitação de Recurso,Alta,Premium,Sudeste,18,24.6,0,0,1,11,1,99,15,0,0,0.0488,0,0,0,0,3,2,0
TCK-003109,Email,Relatórios,Problema Técnico,Baixa,Basic,Norte,30,310.0,1,5,3,12,0,59,10,0,0,0.0204,1,0,0,1,4,3,1
TCK-003110,Formulário Web,Integrações,Acesso e Conta,Baixa,Enterprise,Sul,40,352.6,0,12,1,7,0,54,10,0,0,0.0233,0,0,0,0,3,2,0
TCK-003111,Chat,Faturamento,Cancelamento,Alta,Enterprise,Nordeste,16,37.1,0,8,2,11,0,95,15,0,0,0.0256,2,0,1,0,3,2,0
TCK-003112,Redes Sociais,Integrações,Problema Técnico,Média,Premium,Nordeste,38,155.4,1,16,5,8,0,59,10,0,0,0.0204,1,0,0,1,4,3,1
TCK-003113,Telefone,Faturamento,Problema Técnico,Média,Premium,Centro-Oeste,18,58.9,0,12,6,3,0,155,29,0,0,0.0242,0,0,0,0,3,2,0
TCK-003114,Formulário Web,Faturamento,Dúvida / Como Fazer,Alta,Free,Sul,22,51.1,0,12,4,7,0,91,15,1,0,0.0267,1,0,0,0,3,2,0
TCK-003115,Formulário Web,Relatórios,Solicitação de Recurso,Alta,Basic,Sudeste,48,96.1,1,9,4,4,1,74,12,0,0,0.0328,1,0,0,0,4,3,1
TCK-003116,Formulário Web,App Mobile,Faturamento,Alta,Basic,Sudeste,0,14.8,0,0,0,8,0,161,25,2,0,0.0227,0,0,0,0,3,2,0
TCK-003117,Formulário Web,Plataforma Web,Dúvida / Como Fazer,Baixa,Basic,Sudeste,41,215.9,0,21,3,8,0,157,27,2,0,0.0234,0,0,0,0,3,2,0
TCK-003118,Email,API,Cancelamento,Média,Basic,Norte,30,119.0,0,11,5,3,0,55,8,0,0,0.0217,1,0,1,0,3,2,0
TCK-003119,Email,Relatórios,Cancelamento,Crítica,Enterprise,Sudeste,39,33.9,0,23,0,10,0,55,8,0,0,0.0217,1,0,1,0,3,2,0
TCK-003120,Email,Plataforma Web,Problema Técnico,Baixa,Free,Nordeste,15,397.0,0,23,1,3,0,161,27,0,0,0.0227,2,0,0,1,3,2,0
TCK-003121,Chat,Relatórios,Problema Técnico,Alta,Basic,Sul,7,42.5,0,8,4,6,0,59,10,0,0,0.0204,1,0,0,1,3,2,0
TCK-003122,Telefone,Faturamento,Problema Técnico,Baixa,Free,Nordeste,28,289.1,0,21,6,2,0,56,11,0,0,0.0222,0,0,0,0,3,2,0
TCK-003123,Redes Sociais,Relatórios,Dúvida / Como Fazer,Crítica,Premium,Sul,20,23.1,0,22,4,1,0,98,17,0,1,0.0253,1,0,0,0,3,2,0
TCK-003124,Email,Relatórios,Bug / Defeito,Média,Basic,Centro-Oeste,23,254.6,0,20,5,5,0,165,27,0,0,0.0224,2,0,0,1,3,2,0
TCK-003125,Formulário Web,Relatórios,Dúvida / Como Fazer,Alta,Premium,Centro-Oeste,60,89.1,0,12,0,1,0,56,10,1,0,0.0217,0,0,0,0,3,2,0
TCK-003126,Email,Plataforma Web,Solicitação de Recurso,Média,Free,Centro-Oeste,49,145.7,1,18,3,10,1,123,21,0,0,0.03,0,0,0,0,4,3,1
TCK-003127,Email,Relatórios,Acesso e Conta,Baixa,Premium,Norte,51,193.5,0,9,0,10,0,64,12,0,0,0.0192,0,0,0,0,3,2,0
TCK-003128,Email,Relatórios,Dúvida / Como Fazer,Crítica,Basic,Centro-Oeste,39,31.1,0,4,5,5,0,57,10,1,0,0.0213,0,0,0,0,3,2,0
TCK-003129,Email,Integrações,Acesso e Conta,Média,Free,Centro-Oeste,65,86.8,0,5,4,1,0,54,10,0,0,0.0233,0,0,0,0,3,2,0
TCK-003130,Email,Relatórios,Bug / Defeito,Média,Free,Sul,49,180.7,0,20,3,3,1,61,10,0,0,0.02,1,0,0,1,3,2,0
TCK-003131,Chat,Plataforma Web,Solicitação de Recurso,Alta,Free,Sul,15,62.5,0,2,6,7,1,91,14,1,0,0.0263,1,0,0,0,3,2,0
TCK-003132,Redes Sociais,Integrações,Bug / Defeito,Média,Free,Nordeste,33,185.3,0,3,2,11,1,61,11,0,0,0.0408,0,0,0,1,3,2,0
TCK-003133,Email,Plataforma Web,Faturamento,Alta,Basic,Sul,28,36.2,1,4,4,8,0,133,23,0,0,0.0278,0,0,0,0,4,3,1
TCK-003134,Redes Sociais,Relatórios,Solicitação de Recurso,Crítica,Premium,Sul,34,100.1,0,14,4,5,1,99,15,0,0,0.0488,0,0,0,0,3,2,0
TCK-003135,Chat,Relatórios,Dúvida / Como Fazer,Crítica,Free,Norte,49,38.8,0,2,1,9,0,53,9,0,0,0.0227,0,0,0,0,3,2,0
TCK-003136,Chat,Faturamento,Faturamento,Alta,Basic,Sudeste,20,48.9,0,5,0,11,0,59,9,1,0,0.0204,0,0,0,0,3,2,0
TCK-003137,Email,Faturamento,Faturamento,Baixa,Premium,Centro-Oeste,69,210.7,0,10,1,11,0,62,11,0,0,0.02,1,1,0,0,3,2,0
TCK-003138,Chat,API,Dúvida / Como Fazer,Baixa,Free,Norte,71,311.7,0,10,4,9,0,57,10,1,0,0.0213,0,0,0,0,3,2,0
TCK-003139,Chat,Integrações,Cancelamento,Baixa,Premium,Centro-Oeste,40,344.4,0,22,4,8,0,51,8,0,0,0.0233,1,0,0,1,3,2,0
TCK-003140,Telefone,App Mobile,Bug / Defeito,Baixa,Premium,Norte,28,151.3,0,12,2,8,0,61,11,0,0,0.0408,0,0,0,1,3,2,0
TCK-003141,Chat,App Mobile,Problema Técnico,Média,Free,Sul,59,156.6,0,17,4,1,0,55,10,0,0,0.0222,0,0,0,0,3,2,0
TCK-003142,Formulário Web,Relatórios,Acesso e Conta,Alta,Free,Centro-Oeste,53,62.6,0,7,4,9,0,64,12,0,0,0.0192,0,0,0,0,3,2,0
TCK-003143,Formulário Web,API,Acesso e Conta,Média,Free,Centro-Oeste,42,128.2,0,2,5,8,0,171,31,0,0,0.0217,0,0,0,0,3,2,0
TCK-003144,Email,API,Bug / Defeito,Média,Basic,Nordeste,43,259.3,1,1,6,9,1,46,9,0,0,0.0303,2,0,0,1,4,3,1
TCK-003145,Telefone,Integrações,Dúvida / Como Fazer,Média,Enterprise,Sul,57,113.6,0,11,1,11,0,149,25,0,0,0.0246,0,0,0,0,3,2,0
TCK-003146,Chat,Relatórios,Bug / Defeito,Crítica,Free,Nordeste,19,20.1,0,6,5,3,1,106,18,0,1,0.0235,2,0,0,1,3,2,0
TCK-003147,Email,Faturamento,Cancelamento,Baixa,Free,Centro-Oeste,103,290.8,1,6,1,6,0,55,8,0,0,0.0217,1,0,1,0,4,3,1
TCK-003148,Email,Integrações,Dúvida / Como Fazer,Média,Premium,Centro-Oeste,22,205.9,0,4,2,1,0,53,9,0,0,0.0227,0,0,0,0,3,2,0
TCK-003149,Email,Integrações,Solicitação de Recurso,Baixa,Premium,Centro-Oeste,40,204.5,0,15,0,4,0,57,9,1,0,0.0208,0,0,0,0,3,2,0
TCK-003150,Email,Integrações,Faturamento,Alta,Premium,Norte,39,145.3,0,13,3,12,1,62,11,0,0,0.02,1,1,0,0,3,2,0
TCK-003151,Redes Sociais,Relatórios,Acesso e Conta,Média,Basic,Nordeste,46,134.2,0,4,3,4,0,54,10,0,0,0.0233,0,0,0,0,3,2,0
TCK-003152,Email,Faturamento,Dúvida / Como Fazer,Baixa,Free,Norte,62,236.1,0,15,4,1,0,57,10,1,0,0.0213,0,0,0,0,3,2,0
TCK-003153,Formulário Web,Integrações,Faturamento,Alta,Basic,Centro-Oeste,28,57.0,0,19,1,1,0,59,9,1,0,0.0204,0,0,0,0,3,2,0
TCK-003154,Telefone,Relatórios,Cancelamento,Média,Free,Nordeste,46,68.1,0,20,6,11,0,55,8,0,0,0.0217,1,0,1,0,3,2,0
TCK-003155,Telefone,Plataforma Web,Dúvida / Como Fazer,Baixa,Basic,Norte,44,140.2,0,17,1,12,0,155,27,2,0,0.0238,0,0,0,0,3,2,0
TCK-003156,Chat,Integrações,Bug / Defeito,Baixa,Free,Sul,73,313.7,0,16,4,7,0,46,9,0,0,0.0303,2,0,0,1,3,2,0
TCK-003157,Email,Faturamento,Problema Técnico,Média,Premium,Sudeste,32,146.0,0,14,6,3,0,56,11,0,0,0.0222,0,0,0,0,3,2,0
TCK-003158,Chat,App Mobile,Faturamento,Baixa,Enterprise,Norte,23,439.6,0,13,3,8,0,45,8,0,0,0.027,0,0,0,0,3,2,0
TCK-003159,Chat,Plataforma Web,Problema Técnico,Alta,Basic,Centro-Oeste,37,72.7,0,23,5,2,1,56,11,0,0,0.0222,0,0,0,0,3,2,0
TCK-003160,Chat,App Mobile,Faturamento,Baixa,Free,Centro-Oeste,15,311.8,0,2,1,7,0,45,8,0,0,0.027,0,0,0,0,3,2,0
TCK-003161,Redes Sociais,App Mobile,Faturamento,Média,Free,Centro-Oeste,40,170.0,1,10,3,3,0,133,23,0,0,0.0278,0,0,0,0,4,3,1
TCK-003162,Email,App Mobile,Dúvida / Como Fazer,Média,Basic,Norte,6,116.8,0,2,4,5,0,56,10,1,0,0.0217,0,0,0,0,3,2,0
TCK-003163,Chat,Plataforma Web,Dúvida / Como Fazer,Crítica,Premium,Nordeste,29,25.8,0,2,6,7,0,98,17,0,1,0.0253,1,0,0,0,3,2,0
TCK-003164,Telefone,App Mobile,Acesso e Conta,Alta,Free,Norte,43,39.6,0,19,6,6,0,64,9,0,0,0.037,1,0,0,0,3,2,0
TCK-003165,Email,Plataforma Web,Faturamento,Alta,Free,Centro-Oeste,47,69.6,0,18,6,12,0,62,11,0,0,0.02,1,1,0,0,3,2,0
TCK-003166,Redes Sociais,Plataforma Web,Problema Técnico,Média,Free,Nordeste,39,101.9,0,20,4,12,0,59,10,0,0,0.0204,1,0,0,1,3,2,0
TCK-003167,Redes Sociais,API,Acesso e Conta,Baixa,Free,Sul,82,780.0,0,9,6,3,0,54,10,0,0,0.0233,0,0,0,0,3,2,0
TCK-003168,Chat,Plataforma Web,Bug / Defeito,Média,Premium,Nordeste,58,81.6,0,9,6,5,0,165,27,0,0,0.0224,2,0,0,1,3,2,0
TCK-003169,Formulário Web,Integrações,Acesso e Conta,Média,Free,Nordeste,27,261.8,0,0,6,9,0,64,12,0,0,0.0192,0,0,0,0,3,2,0
TCK-003170,Chat,Integrações,Problema Técnico,Média,Free,Centro-Oeste,20,92.9,0,23,5,12,0,56,11,0,0,0.0222,0,0,0,0,3,2,0
TCK-003171,Redes Sociais,Relatórios,Faturamento,Média,Free,Sul,47,288.9,0,14,6,6,0,59,9,1,0,0.0204,0,0,0,0,3,2,0
TCK-003172,Telefone,Integrações,Cancelamento,Baixa,Free,Nordeste,17,335.2,1,19,1,2,0,51,8,0,0,0.0233,1,0,0,1,4,3,1
TCK-003173,Formulário Web,Relatórios,Acesso e Conta,Alta,Free,Norte,53,50.5,1,7,5,5,0,64,9,0,0,0.037,1,0,0,0,4,3,1
TCK-003174,Redes Sociais,Plataforma Web,Cancelamento,Média,Premium,Sul,62,126.9,0,5,3,8,0,51,8,0,0,0.0233,1,0,0,1,3,2,0
TCK-003175,Telefone,API,Dúvida / Como Fazer,Média,Basic,Norte,66,82.7,0,17,2,2,0,57,10,1,0,0.0213,0,0,0,0,3,2,0
TCK-003176,Redes Sociais,API,Faturamento,Crítica,Premium,Sudeste,23,29.9,0,19,5,7,1,205,32,2,0,0.024,0,0,0,0,3,2,0
TCK-003177,Email,Faturamento,Bug / Defeito,Média,Basic,Sudeste,20,120.3,1,22,6,1,1,61,11,0,0,0.0408,0,0,0,1,4,3,1
TCK-003178,Chat,Relatórios,Dúvida / Como Fazer,Média,Basic,Sudeste,34,79.1,0,0,2,4,0,53,9,0,0,0.0227,0,0,0,0,3,2,0
TCK-003179,Chat,Relatórios,Dúvida / Como Fazer,Média,Basic,Nordeste,35,168.3,0,2,6,6,0,57,10,1,0,0.0213,0,0,0,0,3,2,0
TCK-003180,Telefone,Faturamento,Acesso e Conta,Baixa,Enterprise,Centro-Oeste,23,233.1,0,2,3,9,0,64,9,0,0,0.037,1,0,0,0,3,2,0
TCK-003181,Email,Integrações,Cancelamento,Alta,Free,Centro-Oeste,41,71.5,0,18,4,6,0,85,13,0,0,0.0282,2,0,0,1,3,2,0
TCK-003182,Redes Sociais,Plataforma Web,Problema Técnico,Baixa,Basic,Nordeste,60,346.1,1,13,2,3,0,55,10,0,0,0.0222,0,0,0,0,4,3,1
TCK-003183,Email,Relatórios,Problema Técnico,Alta,Basic,Sul,61,74.2,0,13,4,10,1,100,18,0,1,0.025,1,0,0,0,3,2,0
TCK-003184,Email,Relatórios,Solicitação de Recurso,Média,Premium,Norte,67,109.9,0,17,4,1,0,40,7,0,0,0.0303,0,0,0,0,3,2,0
TCK-003185,Redes Sociais,Integrações,Problema Técnico,Crítica,Free,Sudeste,36,37.0,0,1,0,8,1,56,11,0,0,0.0222,0,0,0,0,3,2,0
TCK-003186,Chat,Integrações,Problema Técnico,Baixa,Basic,Centro-Oeste,22,137.4,0,1,3,4,0,55,10,0,0,0.0222,0,0,0,0,3,2,0
TCK-003187,Redes Sociais,Integrações,Acesso e Conta,Baixa,Premium,Sul,39,356.2,0,9,6,10,0,54,10,0,0,0.0233,0,0,0,0,3,2,0
TCK-003188,Chat,Integrações,Cancelamento,Média,Free,Norte,26,200.7,0,2,4,12,0,55,8,0,0,0.0217,1,0,1,0,3,2,0
TCK-003189,Email,Integrações,Bug / Defeito,Média,Free,Norte,30,123.1,1,5,2,7,1,46,9,0,0,0.0303,2,0,0,1,4,3,1
TCK-003190,Redes Sociais,Faturamento,Cancelamento,Alta,Premium,Norte,46,94.3,0,19,3,7,0,51,8,0,0,0.0233,1,0,0,1,3,2,0
TCK-003191,Email,Faturamento,Acesso e Conta,Baixa,Basic,Norte,66,142.8,0,9,1,4,0,64,9,0,0,0.037,1,0,0,0,3,2,0
TCK-003192,Chat,App Mobile,Acesso e Conta,Média,Enterprise,Norte,40,147.1,0,9,2,6,0,64,12,0,0,0.0192,0,0,0,0,3,2,0
TCK-003193,Chat,Plataforma Web,Problema Técnico,Alta,Basic,Sudeste,42,63.3,0,3,4,9,1,101,19,0,1,0.025,1,0,0,0,3,2,0
TCK-003194,Email,API,Bug / Defeito,Baixa,Basic,Sul,22,128.1,0,0,1,5,0,61,11,0,0,0.0408,0,0,0,1,3,2,0
TCK-003195,Formulário Web,Integrações,Acesso e Conta,Alta,Premium,Norte,34,45.3,0,3,5,3,0,64,9,0,0,0.037,1,0,0,0,3,2,0
TCK-003196,Email,Plataforma Web,Faturamento,Alta,Free,Sudeste,37,57.5,1,7,2,2,1,62,11,0,0,0.02,1,1,0,0,4,3,1
TCK-003197,Telefone,Relatórios,Bug / Defeito,Baixa,Free,Sul,7,234.2,0,13,4,12,1,61,11,0,0,0.0408,0,0,0,1,3,2,0
TCK-003198,Formulário Web,Plataforma Web,Problema Técnico,Média,Basic,Sul,23,149.8,0,8,2,4,0,59,10,0,0,0.0204,1,0,0,1,3,2,0
TCK-003199,Email,App Mobile,Dúvida / Como Fazer,Média,Free,Norte,15,85.8,0,18,5,1,0,53,9,0,0,0.0227,0,0,0,0,3,2,0
TCK-003200,Redes Sociais,API,Problema Técnico,Média,Basic,Norte,39,243.8,0,2,5,6,0,55,10,0,0,0.0222,0,0,0,0,3,2,0
TCK-003201,Email,App Mobile,Bug / Defeito,Baixa,Basic,Centro-Oeste,15,317.5,0,4,1,9,0,61,10,0,0,0.02,1,0,0,1,3,2,0
TCK-003202,Telefone,Plataforma Web,Solicitação de Recurso,Alta,Free,Norte,48,37.7,1,17,2,7,1,55,8,0,0,0.0638,0,0,0,0,4,3,1
TCK-003203,Formulário Web,App Mobile,Acesso e Conta,Média,Enterprise,Centro-Oeste,20,109.1,0,4,4,2,0,171,31,0,0,0.0217,0,0,0,0,3,2,0
TCK-003204,Formulário Web,Plataforma Web,Problema Técnico,Crítica,Free,Sul,49,48.1,0,18,6,12,1,200,37,0,1,0.0252,1,0,0,0,3,2,0
TCK-003205,Email,App Mobile,Faturamento,Baixa,Basic,Norte,88,208.9,0,18,2,12,0,62,11,0,0,0.02,1,1,0,0,3,2,0
TCK-003206,Chat,Plataforma Web,Solicitação de Recurso,Baixa,Free,Centro-Oeste,21,161.6,0,4,4,9,0,57,9,1,0,0.0208,0,0,0,0,3,2,0
TCK-003207,Formulário Web,Relatórios,Problema Técnico,Baixa,Basic,Sudeste,0,288.6,0,7,6,8,0,56,11,0,0,0.0222,0,0,0,0,3,2,0
TCK-003208,Email,App Mobile,Problema Técnico,Média,Free,Nordeste,72,164.4,0,9,3,11,0,59,10,0,0,0.0204,1,0,0,1,3,2,0
TCK-003209,Redes Sociais,API,Dúvida / Como Fazer,Alta,Basic,Centro-Oeste,53,51.9,0,10,5,5,0,53,9,0,0,0.0227,0,0,0,0,3,2,0
TCK-003210,Chat,App Mobile,Solicitação de Recurso,Média,Free,Nordeste,69,299.9,0,16,6,4,1,57,9,1,0,0.0208,0,0,0,0,3,2,0
TCK-003211,Chat,Relatórios,Faturamento,Média,Basic,Norte,0,62.2,0,3,5,1,0,59,9,1,0,0.0204,0,0,0,0,3,2,0
TCK-003212,Chat,Integrações,Solicitação de Recurso,Baixa,Basic,Centro-Oeste,24,217.7,0,2,4,11,0,57,9,1,0,0.0208,0,0,0,0,3,2,0
TCK-003213,Email,Faturamento,Dúvida / Como Fazer,Baixa,Basic,Nordeste,43,464.1,0,4,4,3,0,57,10,1,0,0.0213,0,0,0,0,3,2,0
TCK-003214,Formulário Web,App Mobile,Bug / Defeito,Alta,Basic,Norte,35,51.3,0,18,0,10,1,61,10,0,0,0.02,1,0,0,1,3,2,0
TCK-003215,Redes Sociais,Faturamento,Acesso e Conta,Baixa,Free,Centro-Oeste,32,165.8,0,22,3,4,0,64,9,0,0,0.037,1,0,0,0,3,2,0
TCK-003216,Email,Faturamento,Solicitação de Recurso,Média,Basic,Norte,48,308.6,0,19,3,8,1,40,7,0,0,0.0303,0,0,0,0,3,2,0
TCK-003217,Email,Integrações,Problema Técnico,Alta,Basic,Centro-Oeste,62,96.4,0,9,3,10,1,99,17,0,0,0.025,0,0,0,0,3,2,0
TCK-003218,Telefone,Integrações,Dúvida / Como Fazer,Média,Enterprise,Sudeste,28,59.8,0,22,0,7,0,53,9,0,0,0.0227,0,0,0,0,3,2,0
TCK-003219,Telefone,App Mobile,Dúvida / Como Fazer,Crítica,Basic,Norte,48,38.5,0,18,0,3,0,53,9,0,0,0.0227,0,0,0,0,3,2,0
TCK-003220,Telefone,Relatórios,Problema Técnico,Baixa,Premium,Sudeste,64,129.6,0,18,2,7,0,55,10,0,0,0.0222,0,0,0,0,3,2,0
TCK-003221,Chat,Relatórios,Problema Técnico,Alta,Basic,Sudeste,36,57.9,0,15,0,4,1,59,10,0,0,0.0204,1,0,0,1,3,2,0
TCK-003222,Redes Sociais,App Mobile,Faturamento,Baixa,Free,Norte,42,226.3,0,22,3,4,0,62,11,0,0,0.02,1,1,0,0,3,2,0
TCK-003223,Redes Sociais,Plataforma Web,Solicitação de Recurso,Baixa,Enterprise,Sul,31,354.0,0,10,2,6,1,55,8,0,0,0.0638,0,0,0,0,3,2,0
TCK-003224,Email,Integrações,Solicitação de Recurso,Alta,Basic,Sul,51,69.6,0,17,1,4,1,55,8,0,0,0.0638,0,0,0,0,3,2,0
TCK-003225,Formulário Web,API,Acesso e Conta,Média,Premium,Sudeste,68,269.8,0,12,4,12,0,64,9,0,0,0.037,1,0,0,0,3,2,0
TCK-003226,Email,API,Solicitação de Recurso,Média,Premium,Norte,47,103.1,0,13,1,7,0,157,25,2,0,0.0231,0,0,0,0,3,2,0
TCK-003227,Formulário Web,Integrações,Faturamento,Crítica,Basic,Norte,16,17.0,0,8,3,11,0,62,11,0,0,0.02,1,1,0,0,3,2,0
TCK-003228,Telefone,App Mobile,Acesso e Conta,Média,Free,Centro-Oeste,17,51.1,0,21,6,12,0,64,12,0,0,0.0192,0,0,0,0,3,2,0
TCK-003229,Email,Relatórios,Cancelamento,Média,Free,Sul,18,144.2,0,22,4,4,0,61,10,0,0,0.02,1,0,1,0,3,2,0
TCK-003230,Formulário Web,App Mobile,Cancelamento,Média,Premium,Nordeste,62,85.6,0,11,4,1,0,51,8,0,0,0.0233,1,0,0,1,3,2,0
TCK-003231,Email,Plataforma Web,Solicitação de Recurso,Crítica,Basic,Norte,40,33.7,0,11,5,7,1,40,7,0,0,0.0303,0,0,0,0,3,2,0
TCK-003232,Email,API,Cancelamento,Baixa,Premium,Nordeste,74,356.9,0,13,5,12,0,61,10,0,0,0.02,1,0,1,0,3,2,0
TCK-003233,Redes Sociais,API,Solicitação de Recurso,Alta,Basic,Nordeste,33,56.2,1,23,5,4,1,40,7,0,0,0.0303,0,0,0,0,4,3,1
TCK-003234,Chat,Relatórios,Cancelamento,Crítica,Basic,Sudeste,46,44.6,0,7,0,11,0,51,8,0,0,0.0233,1,0,0,1,3,2,0
TCK-003235,Chat,API,Dúvida / Como Fazer,Crítica,Enterprise,Norte,49,39.6,0,13,2,11,0,199,34,2,0,0.0248,0,0,0,0,3,2,0
TCK-003236,Email,API,Problema Técnico,Baixa,Basic,Centro-Oeste,54,287.2,1,12,6,7,0,55,10,0,0,0.0222,0,0,0,0,4,3,1
TCK-003237,Formulário Web,Plataforma Web,Cancelamento,Alta,Premium,Sul,44,58.8,0,14,0,5,0,106,18,0,1,0.0235,2,0,1,0,3,2,0
TCK-003238,Chat,Faturamento,Faturamento,Média,Enterprise,Sudeste,56,153.6,0,11,5,8,0,62,11,0,0,0.02,1,1,0,0,3,2,0
TCK-003239,Email,API,Dúvida / Como Fazer,Média,Basic,Norte,2,131.2,0,4,5,4,0,53,9,0,0,0.0227,0,0,0,0,3,2,0
TCK-003240,Chat,Relatórios,Bug / Defeito,Baixa,Enterprise,Norte,64,175.1,0,13,3,7,0,61,11,0,0,0.0408,0,0,0,1,3,2,0
TCK-003241,Redes Sociais,Integrações,Dúvida / Como Fazer,Baixa,Free,Sul,60,211.0,0,1,2,2,0,53,9,0,0,0.0227,0,0,0,0,3,2,0
TCK-003242,Chat,Relatórios,Problema Técnico,Baixa,Enterprise,Sudeste,7,196.9,0,23,3,7,0,59,10,0,0,0.0204,1,0,0,1,3,2,0
TCK-003243,Email,Relatórios,Problema Técnico,Alta,Free,Norte,48,66.4,0,8,5,1,1,100,18,0,0,0.025,0,0,0,0,3,2,0
TCK-003244,Chat,App Mobile,Dúvida / Como Fazer,Média,Premium,Centro-Oeste,66,74.5,0,20,0,5,0,56,10,1,0,0.0217,0,0,0,0,3,2,0
TCK-003245,Formulário Web,Relatórios,Faturamento,Média,Free,Sudeste,51,219.3,0,20,0,3,0,45,8,0,0,0.027,0,0,0,0,3,2,0
TCK-003246,Formulário Web,Relatórios,Bug / Defeito,Média,Premium,Nordeste,51,138.7,0,0,1,6,0,46,9,0,0,0.0303,2,0,0,1,3,2,0
TCK-003247,Redes Sociais,App Mobile,Acesso e Conta,Média,Basic,Nordeste,56,107.6,0,2,4,12,0,64,9,0,0,0.037,1,0,0,0,3,2,0
TCK-003248,Chat,API,Acesso e Conta,Alta,Free,Sul,42,35.0,0,17,6,7,0,54,10,0,0,0.0233,0,0,0,0,3,2,0
TCK-003249,Formulário Web,API,Dúvida / Como Fazer,Média,Free,Nordeste,61,89.8,0,13,3,10,0,57,10,1,0,0.0213,0,0,0,0,3,2,0
TCK-003250,Formulário Web,Relatórios,Acesso e Conta,Média,Free,Nordeste,21,99.1,0,2,0,3,0,54,10,0,0,0.0233,0,0,0,0,3,2,0
TCK-003251,Chat,Integrações,Cancelamento,Média,Free,Sudeste,35,89.5,0,0,1,4,0,55,8,0,0,0.0217,1,0,1,0,3,2,0
TCK-003252,Chat,Plataforma Web,Bug / Defeito,Média,Free,Sudeste,43,225.3,0,8,0,4,0,61,10,0,0,0.02,1,0,0,1,3,2,0
TCK-003253,Telefone,Relatórios,Problema Técnico,Baixa,Basic,Centro-Oeste,22,128.8,0,6,5,1,0,155,29,0,0,0.0242,0,0,0,0,3,2,0
TCK-003254,Email,App Mobile,Bug / Defeito,Alta,Basic,Centro-Oeste,43,114.8,1,19,2,4,1,46,9,0,0,0.0303,2,0,0,1,4,3,1
TCK-003255,Email,API,Dúvida / Como Fazer,Baixa,Basic,Sudeste,37,416.2,0,16,1,9,0,57,10,1,0,0.0213,0,0,0,0,3,2,0
TCK-003256,Formulário Web,App Mobile,Problema Técnico,Média,Enterprise,Sudeste,48,126.5,1,15,0,10,0,55,10,0,0,0.0222,0,0,0,0,4,3,1
TCK-003257,Email,App Mobile,Solicitação de Recurso,Média,Premium,Sul,25,189.1,0,8,4,12,1,57,9,1,0,0.0208,0,0,0,0,3,2,0
TCK-003258,Formulário Web,Integrações,Acesso e Conta,Crítica,Enterprise,Nordeste,13,19.6,0,22,3,9,0,99,18,0,1,0.0256,1,0,0,0,3,2,0
TCK-003259,Email,Faturamento,Acesso e Conta,Média,Free,Sudeste,30,73.1,0,17,0,7,0,64,12,0,0,0.0192,0,0,0,0,3,2,0
TCK-003260,Telefone,Faturamento,Cancelamento,Baixa,Enterprise,Nordeste,31,218.9,0,19,5,4,0,51,8,0,0,0.0233,1,0,0,1,3,2,0
TCK-003261,Email,Relatórios,Dúvida / Como Fazer,Baixa,Basic,Sul,51,321.7,0,21,3,4,0,56,10,1,0,0.0217,0,0,0,0,3,2,0
TCK-003262,Email,API,Dúvida / Como Fazer,Média,Free,Centro-Oeste,21,69.0,0,8,4,3,0,56,10,1,0,0.0217,0,0,0,0,3,2,0
TCK-003263,Telefone,API,Problema Técnico,Média,Premium,Sul,26,89.0,0,13,6,10,0,56,11,0,0,0.0222,0,0,0,0,3,2,0
TCK-003264,Telefone,App Mobile,Bug / Defeito,Média,Premium,Sul,63,145.5,0,22,5,11,0,46,9,0,0,0.0303,2,0,0,1,3,2,0
TCK-003265,Formulário Web,Plataforma Web,Cancelamento,Baixa,Basic,Centro-Oeste,12,252.1,0,5,2,7,0,145,23,0,0,0.025,2,0,0,1,3,2,0
TCK-003266,Email,Faturamento,Acesso e Conta,Alta,Free,Centro-Oeste,63,66.7,0,16,5,6,0,54,10,0,0,0.0233,0,0,0,0,3,2,0
TCK-003267,Email,Plataforma Web,Acesso e Conta,Média,Basic,Norte,36,130.9,0,6,4,2,0,64,9,0,0,0.037,1,0,0,0,3,2,0
TCK-003268,Telefone,API,Faturamento,Baixa,Free,Centro-Oeste,38,563.2,0,16,2,3,0,62,11,0,0,0.02,1,1,0,0,3,2,0
TCK-003269,Formulário Web,Faturamento,Cancelamento,Alta,Basic,Centro-Oeste,30,54.1,0,6,5,12,0,85,13,0,0,0.0282,2,0,0,1,3,2,0
TCK-003270,Redes Sociais,Integrações,Acesso e Conta,Baixa,Free,Sul,43,400.7,0,21,5,10,0,64,9,0,0,0.037,1,0,0,0,3,2,0
TCK-003271,Telefone,Faturamento,Cancelamento,Média,Premium,Sudeste,16,100.7,1,0,4,1,0,61,10,0,0,0.02,1,0,1,0,4,3,1
TCK-003272,Formulário Web,Integrações,Acesso e Conta,Baixa,Basic,Centro-Oeste,28,217.3,0,2,3,11,0,64,12,0,0,0.0192,0,0,0,0,3,2,0
TCK-003273,Telefone,App Mobile,Acesso e Conta,Média,Basic,Sudeste,20,111.0,0,5,6,4,0,151,27,0,0,0.025,0,0,0,0,3,2,0
TCK-003274,Email,Relatórios,Bug / Defeito,Média,Free,Centro-Oeste,49,165.6,0,14,0,3,1,135,25,0,0,0.03,4,0,0,1,3,2,0
TCK-003275,Chat,App Mobile,Bug / Defeito,Baixa,Basic,Norte,35,275.6,1,6,5,11,1,165,27,0,0,0.0224,2,0,0,1,4,3,1
TCK-003276,Telefone,Plataforma Web,Faturamento,Alta,Free,Sudeste,49,56.8,0,6,1,5,1,161,25,2,0,0.0227,0,0,0,0,3,2,0
TCK-003277,Email,API,Dúvida / Como Fazer,Média,Basic,Centro-Oeste,35,207.8,0,20,3,7,0,57,10,1,0,0.0213,0,0,0,0,3,2,0
TCK-003278,Redes Sociais,Relatórios,Acesso e Conta,Média,Premium,Centro-Oeste,27,98.4,0,19,3,12,0,64,9,0,0,0.037,1,0,0,0,3,2,0
TCK-003279,Chat,Relatórios,Dúvida / Como Fazer,Alta,Free,Sudeste,44,72.0,0,10,2,9,0,53,9,0,0,0.0227,0,0,0,0,3,2,0
TCK-003280,Chat,Relatórios,Cancelamento,Média,Premium,Centro-Oeste,52,130.9,0,3,4,12,0,61,10,0,0,0.02,1,0,1,0,3,2,0
TCK-003281,Email,App Mobile,Solicitação de Recurso,Alta,Basic,Sul,52,70.4,0,10,2,10,1,57,9,1,0,0.0208,0,0,0,0,3,2,0
TCK-003282,Telefone,API,Problema Técnico,Crítica,Enterprise,Centro-Oeste,73,54.0,0,22,6,10,1,59,10,0,0,0.0204,1,0,0,1,3,2,0
TCK-003283,Email,App Mobile,Dúvida / Como Fazer,Média,Basic,Sudeste,13,95.8,0,7,0,9,0,53,9,0,0,0.0227,0,0,0,0,3,2,0
TCK-003284,Email,Faturamento,Bug / Defeito,Baixa,Basic,Norte,37,407.6,0,12,3,6,0,61,10,0,0,0.02,1,0,0,1,3,2,0
TCK-003285,Formulário Web,Plataforma Web,Problema Técnico,Alta,Enterprise,Centro-Oeste,67,70.1,1,18,1,1,1,155,29,0,0,0.0242,0,0,0,0,4,3,1
TCK-003286,Email,Faturamento,Faturamento,Baixa,Free,Centro-Oeste,29,397.1,0,6,2,1,0,62,11,0,0,0.02,1,1,0,0,3,2,0
TCK-003287,Email,API,Dúvida / Como Fazer,Média,Free,Sul,17,163.8,0,22,1,10,0,57,10,1,0,0.0213,0,0,0,0,3,2,0
TCK-003288,Email,Relatórios,Acesso e Conta,Média,Premium,Norte,56,138.9,0,15,6,4,0,64,9,0,0,0.037,1,0,0,0,3,2,0
TCK-003289,Email,Plataforma Web,Solicitação de Recurso,Baixa,Free,Sul,46,252.0,1,18,0,4,1,153,23,0,0,0.0547,0,0,0,0,4,3,1
TCK-003290,Chat,Integrações,Acesso e Conta,Média,Free,Nordeste,19,127.8,0,3,2,3,0,64,12,0,0,0.0192,0,0,0,0,3,2,0
TCK-003291,Chat,Integrações,Dúvida / Como Fazer,Alta,Basic,Sudeste,38,47.6,0,22,4,8,0,57,10,1,0,0.0213,0,0,0,0,3,2,0
TCK-003292,Chat,Plataforma Web,Faturamento,Baixa,Free,Centro-Oeste,17,138.4,0,4,5,8,0,62,11,0,0,0.02,1,1,0,0,3,2,0
TCK-003293,Email,API,Problema Técnico,Média,Enterprise,Sul,55,497.0,0,1,6,11,0,55,10,0,0,0.0222,0,0,0,0,3,2,0
TCK-003294,Email,Faturamento,Problema Técnico,Baixa,Free,Sudeste,22,162.6,0,8,2,8,0,55,10,0,0,0.0222,0,0,0,0,3,2,0
TCK-003295,Chat,API,Bug / Defeito,Média,Enterprise,Sudeste,63,312.1,0,11,5,9,0,61,11,0,0,0.0408,0,0,0,1,3,2,0
TCK-003296,Formulário Web,API,Problema Técnico,Alta,Basic,Sudeste,39,72.3,0,8,3,1,1,59,10,0,0,0.0204,1,0,0,1,3,2,0
TCK-003297,Redes Sociais,App Mobile,Problema Técnico,Alta,Enterprise,Sul,50,59.0,0,12,0,10,0,104,18,0,1,0.0238,2,0,0,1,3,2,0
TCK-003298,Telefone,Faturamento,Bug / Defeito,Média,Basic,Norte,0,203.6,1,5,4,5,1,61,10,0,0,0.02,1,0,0,1,4,3,1
TCK-003299,Email,Plataforma Web,Problema Técnico,Média,Free,Norte,35,206.3,0,19,0,3,1,56,11,0,0,0.0222,0,0,0,0,3,2,0
TCK-003300,Telefone,Relatórios,Cancelamento,Média,Free,Norte,42,124.1,0,17,4,5,0,61,10,0,0,0.02,1,0,1,0,3,2,0
TCK-003301,Email,Relatórios,Acesso e Conta,Crítica,Enterprise,Sudeste,22,27.6,0,22,5,1,0,54,10,0,0,0.0233,0,0,0,0,3,2,0
TCK-003302,Formulário Web,Plataforma Web,Solicitação de Recurso,Média,Enterprise,Sudeste,0,169.3,0,4,2,11,0,40,7,0,0,0.0303,0,0,0,0,3,2,0
TCK-003303,Email,Plataforma Web,Bug / Defeito,Alta,Free,Nordeste,18,59.4,0,6,5,9,1,46,9,0,0,0.0303,2,0,0,1,3,2,0
TCK-003304,Email,API,Problema Técnico,Baixa,Basic,Centro-Oeste,55,547.3,0,14,6,7,0,55,10,0,0,0.0222,0,0,0,0,3,2,0
TCK-003305,Chat,App Mobile,Bug / Defeito,Crítica,Free,Nordeste,26,36.0,0,4,2,10,1,61,10,0,0,0.02,1,0,0,1,3,2,0
TCK-003306,Redes Sociais,API,Problema Técnico,Média,Basic,Centro-Oeste,39,340.5,0,5,2,1,0,55,10,0,0,0.0222,0,0,0,0,3,2,0
TCK-003307,Email,Faturamento,Solicitação de Recurso,Baixa,Premium,Centro-Oeste,20,262.7,0,7,5,6,0,57,9,1,0,0.0208,0,0,0,0,3,2,0
TCK-003308,Redes Sociais,Faturamento,Cancelamento,Média,Enterprise,Centro-Oeste,7,57.8,0,2,1,3,0,51,8,0,0,0.0233,1,0,0,1,3,2,0
TCK-003309,Email,API,Solicitação de Recurso,Média,Basic,Nordeste,37,167.3,0,4,0,3,1,55,8,0,0,0.0638,0,0,0,0,3,2,0
TCK-003310,Chat,Relatórios,Solicitação de Recurso,Média,Basic,Sudeste,14,74.1,0,19,4,9,1,157,25,2,0,0.0231,0,0,0,0,3,2,0
TCK-003311,Email,App Mobile,Faturamento,Média,Enterprise,Centro-Oeste,33,124.5,0,6,5,1,0,62,11,0,0,0.02,1,1,0,0,3,2,0
TCK-003312,Telefone,Faturamento,Bug / Defeito,Baixa,Premium,Centro-Oeste,28,170.9,0,10,2,1,0,61,10,0,0,0.02,1,0,0,1,3,2,0
TCK-003313,Email,API,Faturamento,Alta,Basic,Centro-Oeste,55,75.5,0,15,2,10,1,45,8,0,0,0.027,0,0,0,0,3,2,0
TCK-003314,Telefone,Integrações,Solicitação de Recurso,Baixa,Premium,Sudeste,49,136.4,0,16,0,2,1,40,7,0,0,0.0303,0,0,0,0,3,2,0
TCK-003315,Telefone,App Mobile,Cancelamento,Média,Basic,Norte,15,76.8,0,17,2,12,0,55,8,0,0,0.0217,1,0,1,0,3,2,0
TCK-003316,Chat,Integrações,Dúvida / Como Fazer,Baixa,Basic,Sul,38,110.9,0,0,2,7,0,57,10,1,0,0.0213,0,0,0,0,3,2,0
TCK-003317,Email,Faturamento,Faturamento,Crítica,Premium,Sul,44,38.6,0,8,6,12,1,45,8,0,0,0.027,0,0,0,0,3,2,0
TCK-003318,Formulário Web,API,Faturamento,Média,Free,Norte,0,88.5,0,8,1,3,0,59,9,1,0,0.0204,0,0,0,0,3,2,0
TCK-003319,Formulário Web,App Mobile,Faturamento,Média,Enterprise,Sudeste,41,136.9,0,10,4,3,0,59,9,1,0,0.0204,0,0,0,0,3,2,0
TCK-003320,Telefone,API,Faturamento,Média,Free,Nordeste,61,209.7,0,1,1,10,0,59,9,1,0,0.0204,0,0,0,0,3,2,0
TCK-003321,Chat,App Mobile,Faturamento,Alta,Basic,Sul,58,112.6,0,15,6,7,0,62,11,0,0,0.02,1,1,0,0,3,2,0
TCK-003322,Email,Relatórios,Acesso e Conta,Alta,Enterprise,Sudeste,31,83.3,0,21,6,12,0,54,10,0,0,0.0233,0,0,0,0,3,2,0
TCK-003323,Email,Relatórios,Problema Técnico,Média,Basic,Sudeste,52,135.8,1,14,5,2,0,56,11,0,0,0.0222,0,0,0,0,4,3,1
TCK-003324,Formulário Web,Relatórios,Dúvida / Como Fazer,Média,Enterprise,Sul,26,110.9,0,7,4,10,0,53,9,0,0,0.0227,0,0,0,0,3,2,0
TCK-003325,Formulário Web,Plataforma Web,Problema Técnico,Baixa,Basic,Centro-Oeste,88,314.5,0,11,2,8,0,55,10,0,0,0.0222,0,0,0,0,3,2,0
TCK-003326,Chat,Integrações,Cancelamento,Baixa,Basic,Centro-Oeste,26,265.8,0,10,6,5,0,61,10,0,0,0.02,1,0,1,0,3,2,0
TCK-003327,Telefone,Relatórios,Acesso e Conta,Média,Basic,Nordeste,44,109.4,0,11,2,3,0,64,12,0,0,0.0192,0,0,0,0,3,2,0
TCK-003328,Email,Relatórios,Dúvida / Como Fazer,Média,Basic,Sul,43,258.4,0,18,3,5,0,149,25,0,0,0.0246,0,0,0,0,3,2,0
TCK-003329,Formulário Web,Relatórios,Bug / Defeito,Baixa,Enterprise,Centro-Oeste,46,348.2,1,17,3,6,0,61,11,0,0,0.0408,0,0,0,1,4,3,1
TCK-003330,Chat,Plataforma Web,Acesso e Conta,Média,Basic,Sudeste,72,124.8,0,14,5,10,0,54,10,0,0,0.0233,0,0,0,0,3,2,0
TCK-003331,Telefone,App Mobile,Problema Técnico,Crítica,Basic,Nordeste,66,48.5,0,1,0,11,1,56,11,0,0,0.0222,0,0,0,0,3,2,0
TCK-003332,Email,Relatórios,Faturamento,Média,Premium,Nordeste,80,135.1,0,15,0,8,0,62,11,0,0,0.02,1,1,0,0,3,2,0
TCK-003333,Email,Faturamento,Acesso e Conta,Baixa,Basic,Centro-Oeste,39,240.8,0,11,1,6,0,151,27,0,0,0.025,0,0,0,0,3,2,0
TCK-003334,Email,Plataforma Web,Dúvida / Como Fazer,Média,Premium,Sudeste,35,86.8,0,1,2,3,0,157,27,2,0,0.0234,0,0,0,0,3,2,0
TCK-003335,Chat,Relatórios,Cancelamento,Baixa,Basic,Sudeste,56,195.3,0,14,3,5,0,55,8,0,0,0.0217,1,0,1,0,3,2,0
TCK-003336,Redes Sociais,App Mobile,Dúvida / Como Fazer,Alta,Free,Norte,48,65.2,0,16,2,8,0,57,10,1,0,0.0213,0,0,0,0,3,2,0
TCK-003337,Chat,Integrações,Acesso e Conta,Baixa,Basic,Sudeste,36,341.4,0,20,1,7,0,64,9,0,0,0.037,1,0,0,0,3,2,0
TCK-003338,Chat,Integrações,Acesso e Conta,Média,Basic,Norte,49,92.3,0,18,5,2,0,151,27,0,0,0.025,0,0,0,0,3,2,0
TCK-003339,Email,Integrações,Bug / Defeito,Crítica,Free,Centro-Oeste,0,24.3,0,6,0,4,1,95,15,0,0,0.0256,2,0,0,1,3,2,0
TCK-003340,Email,App Mobile,Bug / Defeito,Crítica,Free,Sudeste,24,23.4,0,11,5,8,1,46,9,0,0,0.0303,2,0,0,1,3,2,0
TCK-003341,Email,Faturamento,Faturamento,Média,Free,Sul,83,336.3,0,17,5,7,0,45,8,0,0,0.027,0,0,0,0,3,2,0
TCK-003342,Chat,Faturamento,Bug / Defeito,Baixa,Premium,Norte,48,156.1,1,16,3,5,0,61,10,0,0,0.02,1,0,0,1,4,3,1
TCK-003343,Email,Faturamento,Acesso e Conta,Alta,Premium,Nordeste,12,28.0,0,20,2,8,0,98,14,0,0,0.0366,2,0,0,0,3,2,0
TCK-003344,Email,Relatórios,Acesso e Conta,Média,Basic,Sudeste,58,162.4,0,4,1,7,0,171,25,0,0,0.0352,2,0,0,0,3,2,0
TCK-003345,Formulário Web,Relatórios,Solicitação de Recurso,Baixa,Free,Sul,27,249.4,0,9,4,11,0,55,8,0,0,0.0638,0,0,0,0,3,2,0
TCK-003346,Formulário Web,Plataforma Web,Problema Técnico,Alta,Enterprise,Sul,57,79.3,0,2,6,7,1,90,16,0,0,0.0274,1,0,0,0,3,2,0
TCK-003347,Chat,Relatórios,Bug / Defeito,Média,Premium,Sul,21,176.5,0,21,3,10,0,61,11,0,0,0.0408,0,0,0,1,3,2,0
TCK-003348,Email,Integrações,Problema Técnico,Crítica,Free,Norte,35,31.4,1,23,2,4,1,197,34,0,0,0.0252,0,0,0,0,4,3,1
TCK-003349,Chat,API,Faturamento,Alta,Free,Norte,32,60.8,0,7,5,2,0,205,32,2,0,0.024,0,0,0,0,3,2,0
TCK-003350,Chat,Integrações,Problema Técnico,Média,Enterprise,Nordeste,43,115.9,0,5,2,11,0,56,11,0,0,0.0222,0,0,0,0,3,2,0
TCK-003351,Chat,Faturamento,Problema Técnico,Baixa,Basic,Sudeste,56,142.1,1,17,1,9,0,56,11,0,0,0.0222,0,0,0,0,4,3,1
TCK-003352,Email,Plataforma Web,Faturamento,Média,Enterprise,Centro-Oeste,82,236.8,0,10,0,6,0,62,11,0,0,0.02,1,1,0,0,3,2,0
TCK-003353,Email,API,Cancelamento,Alta,Free,Sul,60,65.7,0,14,2,2,0,61,10,0,0,0.02,1,0,1,0,3,2,0
TCK-003354,Telefone,Relatórios,Bug / Defeito,Média,Enterprise,Nordeste,10,108.0,0,21,2,6,0,46,9,0,0,0.0303,2,0,0,1,3,2,0
TCK-003355,Redes Sociais,Plataforma Web,Acesso e Conta,Alta,Free,Sul,22,51.9,0,21,5,1,0,98,17,0,0,0.0256,0,0,0,0,3,2,0
TCK-003356,Email,Integrações,Acesso e Conta,Crítica,Basic,Centro-Oeste,44,45.0,0,12,2,8,0,54,10,0,0,0.0233,0,0,0,0,3,2,0
TCK-003357,Chat,App Mobile,Faturamento,Baixa,Premium,Sul,40,511.2,0,19,6,2,0,62,11,0,0,0.02,1,1,0,0,3,2,0
TCK-003358,Email,Relatórios,Faturamento,Alta,Enterprise,Centro-Oeste,36,52.1,0,14,0,9,0,45,8,0,0,0.027,0,0,0,0,3,2,0
TCK-003359,Chat,Relatórios,Acesso e Conta,Baixa,Premium,Sudeste,0,439.4,0,22,4,12,0,54,10,0,0,0.0233,0,0,0,0,3,2,0
TCK-003360,Chat,Faturamento,Cancelamento,Baixa,Enterprise,Sudeste,41,120.7,0,17,6,8,0,61,10,0,0,0.02,1,0,1,0,3,2,0
TCK-003361,Chat,App Mobile,Problema Técnico,Baixa,Enterprise,Sudeste,28,171.4,0,2,6,6,0,55,10,0,0,0.0222,0,0,0,0,3,2,0
TCK-003362,Chat,App Mobile,Faturamento,Média,Basic,Nordeste,42,233.6,0,16,0,1,0,62,11,0,0,0.02,1,1,0,0,3,2,0
TCK-003363,Formulário Web,Integrações,Problema Técnico,Baixa,Premium,Sul,24,89.1,0,5,3,10,0,55,10,0,0,0.0222,0,0,0,0,3,2,0
TCK-003364,Telefone,App Mobile,Bug / Defeito,Baixa,Premium,Nordeste,41,328.0,0,17,4,9,0,46,9,0,0,0.0303,2,0,0,1,3,2,0
TCK-003365,Chat,Plataforma Web,Dúvida / Como Fazer,Alta,Free,Nordeste,49,39.7,0,3,2,2,0,155,27,2,0,0.0238,0,0,0,0,3,2,0
TCK-003366,Email,App Mobile,Faturamento,Baixa,Basic,Sul,31,139.0,0,5,5,5,0,62,11,0,0,0.02,1,1,0,0,3,2,0
TCK-003367,Chat,App Mobile,Faturamento,Baixa,Basic,Nordeste,13,209.7,0,6,5,2,0,133,23,0,0,0.0278,0,0,0,0,3,2,0
TCK-003368,Email,Faturamento,Bug / Defeito,Média,Free,Nordeste,59,160.5,0,11,2,11,1,165,29,0,0,0.0379,0,0,0,1,3,2,0
TCK-003369,Chat,Plataforma Web,Problema Técnico,Média,Free,Sudeste,5,144.9,0,2,1,6,0,59,10,0,0,0.0204,1,0,0,1,3,2,0
TCK-003370,Email,Plataforma Web,Dúvida / Como Fazer,Baixa,Basic,Nordeste,71,362.8,0,21,3,1,0,53,9,0,0,0.0227,0,0,0,0,3,2,0
TCK-003371,Telefone,Integrações,Problema Técnico,Média,Enterprise,Norte,49,128.8,0,9,1,6,0,161,27,0,0,0.0227,2,0,0,1,3,2,0
TCK-003372,Email,Plataforma Web,Faturamento,Crítica,Enterprise,Centro-Oeste,49,46.6,0,3,6,2,0,107,19,0,1,0.0235,2,1,0,0,3,2,0
TCK-003373,Email,Relatórios,Solicitação de Recurso,Média,Enterprise,Norte,14,115.7,0,3,0,2,0,40,7,0,0,0.0303,0,0,0,0,3,2,0
TCK-003374,Telefone,API,Dúvida / Como Fazer,Média,Premium,Norte,42,112.2,0,14,3,3,0,56,10,1,0,0.0217,0,0,0,0,3,2,0
TCK-003375,Chat,App Mobile,Problema Técnico,Alta,Basic,Centro-Oeste,16,39.3,0,23,0,7,1,59,10,0,0,0.0204,1,0,0,1,3,2,0
TCK-003376,Formulário Web,Integrações,Acesso e Conta,Média,Free,Nordeste,37,136.1,0,23,6,4,0,64,9,0,0,0.037,1,0,0,0,3,2,0
TCK-003377,Chat,Plataforma Web,Dúvida / Como Fazer,Baixa,Premium,Norte,56,155.5,0,5,3,2,0,57,10,1,0,0.0213,0,0,0,0,3,2,0
TCK-003378,Email,App Mobile,Acesso e Conta,Alta,Premium,Nordeste,51,63.1,0,14,4,12,0,54,10,0,0,0.0233,0,0,0,0,3,2,0
TCK-003379,Redes Sociais,Plataforma Web,Acesso e Conta,Baixa,Basic,Sudeste,87,267.1,0,17,5,4,0,54,10,0,0,0.0233,0,0,0,0,3,2,0
TCK-003380,Email,Relatórios,Dúvida / Como Fazer,Baixa,Premium,Norte,39,476.8,0,8,1,2,0,57,10,1,0,0.0213,0,0,0,0,3,2,0
TCK-003381,Formulário Web,Faturamento,Faturamento,Média,Free,Sul,89,96.2,0,12,3,9,0,59,9,1,0,0.0204,0,0,0,0,3,2,0
TCK-003382,Redes Sociais,Relatórios,Dúvida / Como Fazer,Média,Basic,Sul,42,109.8,0,22,0,12,0,57,10,1,0,0.0213,0,0,0,0,3,2,0
TCK-003383,Email,App Mobile,Faturamento,Baixa,Free,Sudeste,51,153.6,0,17,5,11,0,133,23,0,0,0.0278,0,0,0,0,3,2,0
TCK-003384,Formulário Web,API,Cancelamento,Média,Free,Norte,4,121.0,0,20,1,9,0,51,8,0,0,0.0233,1,0,0,1,3,2,0
TCK-003385,Telefone,App Mobile,Bug / Defeito,Baixa,Enterprise,Centro-Oeste,7,274.6,0,8,0,1,0,46,9,0,0,0.0303,2,0,0,1,3,2,0
TCK-003386,Formulário Web,Plataforma Web,Solicitação de Recurso,Baixa,Premium,Centro-Oeste,37,268.2,0,20,3,9,0,57,9,1,0,0.0208,0,0,0,0,3,2,0
TCK-003387,Email,App Mobile,Solicitação de Recurso,Alta,Premium,Sul,0,59.7,0,2,5,12,1,55,8,0,0,0.0638,0,0,0,0,3,2,0
TCK-003388,Telefone,Faturamento,Dúvida / Como Fazer,Baixa,Free,Nordeste,59,365.3,0,10,0,3,0,53,9,0,0,0.0227,0,0,0,0,3,2,0
TCK-003389,Email,App Mobile,Faturamento,Alta,Premium,Sul,29,130.5,0,23,1,3,1,59,9,1,0,0.0204,0,0,0,0,3,2,0
TCK-003390,Telefone,App Mobile,Problema Técnico,Alta,Basic,Sul,18,41.4,0,19,0,7,1,155,29,0,0,0.0242,0,0,0,0,3,2,0
TCK-003391,Chat,App Mobile,Problema Técnico,Média,Free,Sul,11,69.9,0,21,4,7,0,153,27,0,0,0.0242,0,0,0,0,3,2,0
TCK-003392,Telefone,API,Faturamento,Baixa,Enterprise,Sudeste,38,155.2,0,3,6,11,0,45,8,0,0,0.027,0,0,0,0,3,2,0
TCK-003393,Chat,Faturamento,Problema Técnico,Média,Basic,Norte,94,145.5,0,14,1,2,0,56,11,0,0,0.0222,0,0,0,0,3,2,0
TCK-003394,Chat,Relatórios,Solicitação de Recurso,Alta,Basic,Centro-Oeste,46,64.5,0,9,4,8,1,57,9,1,0,0.0208,0,0,0,0,3,2,0
TCK-003395,Chat,Integrações,Solicitação de Recurso,Média,Premium,Nordeste,35,138.8,0,19,4,11,1,40,7,0,0,0.0303,0,0,0,0,3,2,0
TCK-003396,Formulário Web,API,Solicitação de Recurso,Alta,Premium,Sudeste,82,100.0,0,17,3,1,1,57,9,1,0,0.0208,0,0,0,0,3,2,0
TCK-003397,Telefone,Relatórios,Dúvida / Como Fazer,Baixa,Premium,Nordeste,45,249.4,0,20,3,1,0,53,9,0,0,0.0227,0,0,0,0,3,2,0
TCK-003398,Chat,API,Dúvida / Como Fazer,Crítica,Free,Centro-Oeste,13,15.8,0,2,2,7,0,102,18,1,1,0.0244,1,0,0,0,3,2,0
TCK-003399,Telefone,Faturamento,Cancelamento,Alta,Free,Centro-Oeste,20,34.8,0,21,2,10,0,165,27,0,0,0.0224,2,0,1,0,3,2,0
TCK-003400,Telefone,Plataforma Web,Acesso e Conta,Alta,Premium,Sul,60,72.6,0,8,1,9,0,108,16,0,0,0.0337,1,0,0,0,3,2,0
TCK-003401,Email,API,Acesso e Conta,Baixa,Basic,Norte,36,151.5,0,1,1,5,0,64,9,0,0,0.037,1,0,0,0,3,2,0
TCK-003402,Redes Sociais,Plataforma Web,Dúvida / Como Fazer,Baixa,Basic,Norte,31,421.3,0,1,1,7,0,57,10,1,0,0.0213,0,0,0,0,3,2,0
TCK-003403,Email,Relatórios,Bug / Defeito,Crítica,Basic,Norte,34,57.1,0,10,5,9,1,106,19,0,1,0.0357,1,0,0,1,3,2,0
TCK-003404,Chat,Relatórios,Solicitação de Recurso,Média,Enterprise,Centro-Oeste,19,102.4,0,5,2,8,1,40,7,0,0,0.0303,0,0,0,0,3,2,0
TCK-003405,Redes Sociais,Plataforma Web,Bug / Defeito,Baixa,Free,Sul,54,156.9,0,14,3,2,0,46,9,0,0,0.0303,2,0,0,1,3,2,0
TCK-003406,Email,Integrações,Acesso e Conta,Média,Basic,Nordeste,47,106.7,0,9,0,12,0,64,9,0,0,0.037,1,0,0,0,3,2,0
TCK-003407,Telefone,App Mobile,Bug / Defeito,Média,Basic,Nordeste,37,93.9,0,9,1,2,0,46,9,0,0,0.0303,2,0,0,1,3,2,0
TCK-003408,Telefone,API,Solicitação de Recurso,Média,Free,Sudeste,45,146.9,0,11,5,2,1,40,7,0,0,0.0303,0,0,0,0,3,2,0
TCK-003409,Chat,Integrações,Problema Técnico,Baixa,Enterprise,Nordeste,59,197.9,0,14,0,2,0,56,11,0,0,0.0222,0,0,0,0,3,2,0
TCK-003410,Telefone,API,Acesso e Conta,Baixa,Premium,Norte,32,163.6,0,5,2,9,0,64,12,0,0,0.0192,0,0,0,0,3,2,0
TCK-003411,Chat,Integrações,Problema Técnico,Alta,Basic,Nordeste,69,58.5,0,18,2,7,1,59,10,0,0,0.0204,1,0,0,1,3,2,0
TCK-003412,Email,API,Faturamento,Alta,Free,Nordeste,35,77.6,0,6,3,4,0,79,13,0,0,0.0308,1,0,0,0,3,2,0
TCK-003413,Telefone,Faturamento,Solicitação de Recurso,Baixa,Basic,Sul,49,167.5,0,3,0,12,0,57,9,1,0,0.0208,0,0,0,0,3,2,0
TCK-003414,Email,Relatórios,Faturamento,Baixa,Premium,Nordeste,36,420.2,0,3,5,10,0,59,9,1,0,0.0204,0,0,0,0,3,2,0
TCK-003415,Formulário Web,Integrações,Faturamento,Baixa,Premium,Nordeste,74,297.2,0,9,3,12,0,59,9,1,0,0.0204,0,0,0,0,3,2,0
TCK-003416,Email,Plataforma Web,Problema Técnico,Baixa,Free,Centro-Oeste,65,203.8,0,10,1,6,0,59,10,0,0,0.0204,1,0,0,1,3,2,0
TCK-003417,Email,Faturamento,Problema Técnico,Alta,Premium,Norte,69,149.1,0,17,2,1,1,206,35,0,1,0.024,3,0,0,1,3,2,0
TCK-003418,Email,Faturamento,Cancelamento,Média,Free,Sudeste,23,66.9,0,4,1,5,0,61,10,0,0,0.02,1,0,1,0,3,2,0
TCK-003419,Email,Faturamento,Bug / Defeito,Alta,Basic,Sul,30,28.2,1,21,6,7,1,61,10,0,0,0.02,1,0,0,1,4,3,1
TCK-003420,Formulário Web,Integrações,Acesso e Conta,Crítica,Free,Sudeste,55,49.1,1,4,0,7,1,64,12,0,0,0.0192,0,0,0,0,4,3,1
TCK-003421,Telefone,Plataforma Web,Solicitação de Recurso,Crítica,Free,Sul,36,39.9,1,10,0,3,1,57,9,1,0,0.0208,0,0,0,0,4,3,1
TCK-003422,Chat,Plataforma Web,Cancelamento,Alta,Enterprise,Nordeste,36,47.4,0,20,1,3,0,106,18,0,1,0.0235,2,0,1,0,3,2,0
TCK-003423,Redes Sociais,Relatórios,Dúvida / Como Fazer,Baixa,Premium,Norte,0,330.8,0,22,0,10,0,57,10,1,0,0.0213,0,0,0,0,3,2,0
TCK-003424,Chat,API,Bug / Defeito,Alta,Basic,Nordeste,41,55.9,0,14,5,4,0,46,9,0,0,0.0303,2,0,0,1,3,2,0
TCK-003425,Formulário Web,App Mobile,Acesso e Conta,Média,Enterprise,Sul,0,228.7,0,2,2,11,0,54,10,0,0,0.0233,0,0,0,0,3,2,0
TCK-003426,Chat,Plataforma Web,Cancelamento,Média,Premium,Centro-Oeste,26,72.6,0,6,2,1,0,51,8,0,0,0.0233,1,0,0,1,3,2,0
TCK-003427,Chat,Relatórios,Problema Técnico,Crítica,Free,Sul,40,33.2,0,18,5,1,1,59,10,0,0,0.0204,1,0,0,1,3,2,0
TCK-003428,Email,App Mobile,Acesso e Conta,Crítica,Basic,Sul,29,27.9,0,8,1,5,0,64,12,0,0,0.0192,0,0,0,0,3,2,0
TCK-003429,Email,Plataforma Web,Problema Técnico,Média,Premium,Nordeste,20,118.1,0,20,2,12,0,56,11,0,0,0.0222,0,0,0,0,3,2,0
TCK-003430,Telefone,Integrações,Dúvida / Como Fazer,Baixa,Free,Nordeste,13,412.9,0,4,2,6,0,56,10,1,0,0.0217,0,0,0,0,3,2,0
TCK-003431,Chat,App Mobile,Cancelamento,Baixa,Premium,Sudeste,41,216.1,0,12,6,6,0,61,10,0,0,0.02,1,0,1,0,3,2,0
TCK-003432,Email,Integrações,Problema Técnico,Alta,Free,Norte,48,103.1,0,12,2,1,1,59,10,0,0,0.0204,1,0,0,1,3,2,0
TCK-003433,Email,Plataforma Web,Bug / Defeito,Média,Free,Sul,0,172.0,0,20,5,9,1,61,11,0,0,0.0408,0,0,0,1,3,2,0
TCK-003434,Telefone,Integrações,Acesso e Conta,Baixa,Enterprise,Norte,35,287.4,0,18,5,11,0,64,12,0,0,0.0192,0,0,0,0,3,2,0
TCK-003435,Redes Sociais,API,Bug / Defeito,Alta,Premium,Nordeste,56,93.0,0,16,3,8,1,46,9,0,0,0.0303,2,0,0,1,3,2,0
TCK-003436,Email,App Mobile,Acesso e Conta,Média,Free,Centro-Oeste,18,99.3,0,2,1,8,0,171,25,0,0,0.0352,2,0,0,0,3,2,0
TCK-003437,Email,App Mobile,Problema Técnico,Média,Free,Sul,11,100.9,0,0,0,1,0,56,11,0,0,0.0222,0,0,0,0,3,2,0
TCK-003438,Email,Plataforma Web,Dúvida / Como Fazer,Alta,Free,Nordeste,56,79.7,0,14,4,8,0,57,10,1,0,0.0213,0,0,0,0,3,2,0
TCK-003439,Email,App Mobile,Dúvida / Como Fazer,Média,Enterprise,Nordeste,45,83.2,0,23,2,7,0,56,10,1,0,0.0217,0,0,0,0,3,2,0
TCK-003440,Email,Plataforma Web,Cancelamento,Baixa,Premium,Sul,34,212.6,0,4,2,12,0,55,8,0,0,0.0217,1,0,1,0,3,2,0
TCK-003441,Email,Faturamento,Acesso e Conta,Média,Basic,Centro-Oeste,64,94.0,0,1,1,11,0,54,10,0,0,0.0233,0,0,0,0,3,2,0
TCK-003442,Email,Faturamento,Problema Técnico,Alta,Free,Centro-Oeste,13,39.6,1,23,6,2,1,56,11,0,0,0.0222,0,0,0,0,4,3,1
TCK-003443,Email,App Mobile,Acesso e Conta,Média,Free,Norte,60,151.8,0,1,6,1,0,64,12,0,0,0.0192,0,0,0,0,3,2,0
TCK-003444,Email,Faturamento,Dúvida / Como Fazer,Média,Premium,Nordeste,91,189.8,0,11,2,10,0,53,9,0,0,0.0227,0,0,0,0,3,2,0
TCK-003445,Email,Integrações,Faturamento,Alta,Free,Centro-Oeste,4,105.9,0,4,0,3,1,104,17,1,1,0.0238,1,0,0,0,3,2,0
TCK-003446,Chat,App Mobile,Acesso e Conta,Média,Premium,Centro-Oeste,15,63.0,0,4,4,2,0,171,31,0,0,0.0217,0,0,0,0,3,2,0
TCK-003447,Telefone,Faturamento,Bug / Defeito,Média,Free,Sudeste,0,94.5,0,7,3,2,0,61,11,0,0,0.0408,0,0,0,1,3,2,0
TCK-003448,Chat,API,Cancelamento,Crítica,Basic,Sul,37,32.1,0,11,3,8,1,89,13,0,0,0.027,2,0,1,0,3,2,0
TCK-003449,Email,Integrações,Acesso e Conta,Média,Basic,Centro-Oeste,21,99.6,0,14,4,9,0,64,9,0,0,0.037,1,0,0,0,3,2,0
TCK-003450,Redes Sociais,App Mobile,Problema Técnico,Média,Premium,Nordeste,61,189.6,0,14,2,6,0,153,27,0,0,0.0242,0,0,0,0,3,2,0
TCK-003451,Chat,Plataforma Web,Acesso e Conta,Média,Basic,Norte,29,85.1,0,22,5,5,0,54,10,0,0,0.0233,0,0,0,0,3,2,0
TCK-003452,Email,API,Problema Técnico,Média,Free,Sudeste,95,127.3,0,16,2,10,0,56,11,0,0,0.0222,0,0,0,0,3,2,0
TCK-003453,Redes Sociais,API,Cancelamento,Baixa,Free,Sudeste,61,223.9,0,11,2,8,0,51,8,0,0,0.0233,1,0,0,1,3,2,0
TCK-003454,Email,Relatórios,Faturamento,Média,Premium,Centro-Oeste,37,82.9,0,0,6,7,0,62,11,0,0,0.02,1,1,0,0,3,2,0
TCK-003455,Chat,App Mobile,Acesso e Conta,Baixa,Free,Nordeste,31,81.1,0,5,1,3,0,54,10,0,0,0.0233,0,0,0,0,3,2,0
TCK-003456,Email,Faturamento,Dúvida / Como Fazer,Alta,Free,Sudeste,78,146.3,0,19,0,4,0,98,17,0,1,0.0253,1,0,0,0,3,2,0
TCK-003457,Redes Sociais,App Mobile,Problema Técnico,Média,Premium,Centro-Oeste,32,117.7,0,20,5,11,0,55,10,0,0,0.0222,0,0,0,0,3,2,0
TCK-003458,Chat,Integrações,Dúvida / Como Fazer,Média,Enterprise,Nordeste,111,177.0,0,17,3,10,0,57,10,1,0,0.0213,0,0,0,0,3,2,0
TCK-003459,Email,Plataforma Web,Dúvida / Como Fazer,Alta,Basic,Norte,56,95.5,0,12,3,6,0,100,17,1,0,0.0247,0,0,0,0,3,2,0
TCK-003460,Email,Faturamento,Problema Técnico,Média,Basic,Nordeste,10,525.7,0,20,3,7,0,55,10,0,0,0.0222,0,0,0,0,3,2,0
TCK-003461,Email,Plataforma Web,Bug / Defeito,Média,Enterprise,Norte,62,145.1,0,9,3,12,0,61,10,0,0,0.02,1,0,0,1,3,2,0
TCK-003462,Telefone,API,Problema Técnico,Alta,Enterprise,Sudeste,39,51.3,0,12,1,5,0,55,10,0,0,0.0222,0,0,0,0,3,2,0
TCK-003463,Chat,Relatórios,Acesso e Conta,Média,Free,Sul,13,117.6,0,6,6,2,0,54,10,0,0,0.0233,0,0,0,0,3,2,0
TCK-003464,Redes Sociais,Relatórios,Acesso e Conta,Média,Basic,Centro-Oeste,21,197.4,1,23,5,1,0,64,9,0,0,0.037,1,0,0,0,4,3,1
TCK-003465,Telefone,Faturamento,Cancelamento,Baixa,Enterprise,Sul,52,188.7,0,9,0,6,0,55,8,0,0,0.0217,1,0,1,0,3,2,0
TCK-003466,Telefone,App Mobile,Solicitação de Recurso,Média,Premium,Centro-Oeste,77,125.7,0,13,4,7,1,57,9,1,0,0.0208,0,0,0,0,3,2,0
TCK-003467,Email,Relatórios,Bug / Defeito,Alta,Free,Norte,60,81.1,0,15,4,7,1,61,11,0,0,0.0408,0,0,0,1,3,2,0
TCK-003468,Chat,Faturamento,Bug / Defeito,Média,Basic,Centro-Oeste,46,76.8,0,18,2,6,0,61,11,0,0,0.0408,0,0,0,1,3,2,0
TCK-003469,Telefone,Plataforma Web,Bug / Defeito,Média,Basic,Sudeste,25,77.2,0,19,5,8,0,46,9,0,0,0.0303,2,0,0,1,3,2,0
TCK-003470,Chat,Integrações,Bug / Defeito,Média,Premium,Sudeste,30,150.9,0,6,1,2,0,46,9,0,0,0.0303,2,0,0,1,3,2,0
TCK-003471,Formulário Web,Faturamento,Bug / Defeito,Média,Free,Nordeste,65,178.7,0,10,3,2,0,46,9,0,0,0.0303,2,0,0,1,3,2,0
TCK-003472,Chat,Integrações,Dúvida / Como Fazer,Alta,Premium,Nordeste,62,84.7,0,10,5,12,0,53,9,0,0,0.0227,0,0,0,0,3,2,0
TCK-003473,Email,Integrações,Acesso e Conta,Alta,Enterprise,Centro-Oeste,52,66.9,0,14,0,2,0,171,25,0,0,0.0352,2,0,0,0,3,2,0
TCK-003474,Formulário Web,Integrações,Dúvida / Como Fazer,Baixa,Free,Centro-Oeste,39,346.5,0,15,6,11,0,53,9,0,0,0.0227,0,0,0,0,3,2,0
TCK-003475,Formulário Web,App Mobile,Solicitação de Recurso,Média,Premium,Nordeste,40,91.6,0,8,4,8,1,55,8,0,0,0.0638,0,0,0,0,3,2,0
TCK-003476,Chat,Relatórios,Problema Técnico,Alta,Premium,Centro-Oeste,28,47.5,0,11,2,9,1,55,10,0,0,0.0222,0,0,0,0,3,2,0
TCK-003477,Formulário Web,App Mobile,Bug / Defeito,Baixa,Free,Sul,37,202.1,0,23,0,8,0,61,10,0,0,0.02,1,0,0,1,3,2,0
TCK-003478,Formulário Web,API,Solicitação de Recurso,Baixa,Free,Sudeste,58,166.4,0,15,4,7,0,40,7,0,0,0.0303,0,0,0,0,3,2,0
TCK-003479,Email,Integrações,Problema Técnico,Alta,Enterprise,Centro-Oeste,48,75.8,0,17,6,5,1,90,16,0,0,0.0274,1,0,0,0,3,2,0
TCK-003480,Email,Relatórios,Acesso e Conta,Baixa,Free,Sudeste,38,197.7,0,16,0,3,0,171,25,0,0,0.0352,2,0,0,0,3,2,0
TCK-003481,Formulário Web,Plataforma Web,Dúvida / Como Fazer,Crítica,Free,Centro-Oeste,29,25.6,0,16,0,11,0,53,9,0,0,0.0227,0,0,0,0,3,2,0
TCK-003482,Email,API,Acesso e Conta,Média,Basic,Norte,54,78.4,0,1,2,12,0,171,31,0,0,0.0217,0,0,0,0,3,2,0
TCK-003483,Chat,Plataforma Web,Acesso e Conta,Alta,Premium,Nordeste,22,65.8,0,9,0,11,0,64,12,0,0,0.0192,0,0,0,0,3,2,0
TCK-003484,Chat,Faturamento,Faturamento,Média,Free,Centro-Oeste,36,115.0,0,1,5,9,0,59,9,1,0,0.0204,0,0,0,0,3,2,0
TCK-003485,Telefone,Integrações,Solicitação de Recurso,Baixa,Premium,Nordeste,8,395.6,0,2,4,1,0,55,8,0,0,0.0638,0,0,0,0,3,2,0
TCK-003486,Email,API,Problema Técnico,Alta,Premium,Nordeste,63,67.2,0,9,2,7,0,90,16,0,0,0.0274,1,0,0,0,3,2,0
TCK-003487,Chat,App Mobile,Dúvida / Como Fazer,Alta,Free,Centro-Oeste,31,53.1,0,23,3,10,0,56,10,1,0,0.0217,0,0,0,0,3,2,0
TCK-003488,Email,Relatórios,Dúvida / Como Fazer,Média,Free,Nordeste,19,121.3,0,14,6,11,0,56,10,1,0,0.0217,0,0,0,0,3,2,0
TCK-003489,Chat,Integrações,Solicitação de Recurso,Média,Premium,Nordeste,51,97.6,0,6,3,5,1,55,8,0,0,0.0638,0,0,0,0,3,2,0
TCK-003490,Chat,Plataforma Web,Acesso e Conta,Baixa,Basic,Norte,38,178.3,1,3,6,10,0,64,9,0,0,0.037,1,0,0,0,4,3,1
TCK-003491,Email,API,Acesso e Conta,Baixa,Free,Nordeste,73,434.7,0,14,6,10,0,151,27,0,0,0.025,0,0,0,0,3,2,0
TCK-003492,Email,Plataforma Web,Acesso e Conta,Baixa,Basic,Norte,56,154.2,0,16,3,5,0,64,9,0,0,0.037,1,0,0,0,3,2,0
TCK-003493,Chat,Plataforma Web,Problema Técnico,Média,Free,Sul,26,257.5,0,20,0,6,0,55,10,0,0,0.0222,0,0,0,0,3,2,0
TCK-003494,Telefone,Integrações,Dúvida / Como Fazer,Média,Enterprise,Centro-Oeste,10,79.7,0,19,5,11,0,56,10,1,0,0.0217,0,0,0,0,3,2,0
TCK-003495,Formulário Web,Plataforma Web,Cancelamento,Média,Premium,Sudeste,56,156.2,0,12,6,3,0,61,10,0,0,0.02,1,0,1,0,3,2,0
TCK-003496,Email,App Mobile,Acesso e Conta,Média,Free,Sul,39,199.9,0,5,0,9,0,54,10,0,0,0.0233,0,0,0,0,3,2,0
TCK-003497,Email,Faturamento,Solicitação de Recurso,Baixa,Basic,Sul,39,244.4,0,7,2,10,0,57,9,1,0,0.0208,0,0,0,0,3,2,0
TCK-003498,Email,Relatórios,Faturamento,Alta,Basic,Sul,12,28.1,0,12,6,9,1,167,28,0,0,0.0294,1,0,0,0,3,2,0
TCK-003499,Email,API,Acesso e Conta,Alta,Free,Norte,35,59.9,0,18,4,8,0,64,12,0,0,0.0192,0,0,0,0,3,2,0
TCK-003500,Chat,Integrações,Dúvida / Como Fazer,Média,Enterprise,Nordeste,16,74.1,0,5,1,11,0,57,10,1,0,0.0213,0,0,0,0,3,2,0
TCK-003501,Formulário Web,API,Cancelamento,Alta,Free,Sul,64,110.6,0,21,2,7,1,106,18,0,1,0.0235,2,0,1,0,3,2,0
TCK-003502,Email,Faturamento,Cancelamento,Média,Enterprise,Norte,32,86.8,0,9,3,7,0,165,27,0,0,0.0224,2,0,1,0,3,2,0
TCK-003503,Redes Sociais,Integrações,Dúvida / Como Fazer,Média,Premium,Nordeste,53,94.0,0,7,5,1,0,57,10,1,0,0.0213,0,0,0,0,3,2,0
TCK-003504,Redes Sociais,Relatórios,Problema Técnico,Baixa,Free,Centro-Oeste,27,654.7,0,4,6,8,0,56,11,0,0,0.0222,0,0,0,0,3,2,0
TCK-003505,Chat,Faturamento,Solicitação de Recurso,Média,Premium,Norte,11,203.1,0,8,4,11,0,55,8,0,0,0.0638,0,0,0,0,3,2,0
TCK-003506,Formulário Web,Plataforma Web,Dúvida / Como Fazer,Baixa,Basic,Sul,84,271.5,0,9,1,4,0,149,25,0,0,0.0246,0,0,0,0,3,2,0
TCK-003507,Email,Plataforma Web,Dúvida / Como Fazer,Alta,Premium,Nordeste,8,35.3,0,3,4,1,0,53,9,0,0,0.0227,0,0,0,0,3,2,0
TCK-003508,Email,Faturamento,Problema Técnico,Alta,Premium,Nordeste,94,75.4,0,15,1,7,1,59,10,0,0,0.0204,1,0,0,1,3,2,0
TCK-003509,Chat,Relatórios,Cancelamento,Média,Enterprise,Norte,62,111.4,0,18,4,8,0,61,10,0,0,0.02,1,0,1,0,3,2,0
TCK-003510,Email,Integrações,Dúvida / Como Fazer,Baixa,Basic,Centro-Oeste,28,238.1,0,1,0,9,0,56,10,1,0,0.0217,0,0,0,0,3,2,0
TCK-003511,Chat,Faturamento,Cancelamento,Crítica,Free,Norte,48,43.3,0,2,3,1,0,61,10,0,0,0.02,1,0,1,0,3,2,0
TCK-003512,Formulário Web,Faturamento,Cancelamento,Alta,Basic,Norte,11,39.7,0,8,5,9,0,51,8,0,0,0.0233,1,0,0,1,3,2,0
TCK-003513,Chat,App Mobile,Problema Técnico,Baixa,Free,Centro-Oeste,44,198.3,0,10,3,9,0,56,11,0,0,0.0222,0,0,0,0,3,2,0
TCK-003514,Chat,App Mobile,Solicitação de Recurso,Média,Premium,Sul,10,69.8,0,5,5,7,0,153,23,0,0,0.0547,0,0,0,0,3,2,0
TCK-003515,Chat,App Mobile,Bug / Defeito,Média,Basic,Sul,1,111.6,0,4,5,8,1,46,9,0,0,0.0303,2,0,0,1,3,2,0
TCK-003516,Telefone,Plataforma Web,Problema Técnico,Baixa,Basic,Sudeste,25,192.5,0,13,1,7,0,56,11,0,0,0.0222,0,0,0,0,3,2,0
TCK-003517,Chat,App Mobile,Dúvida / Como Fazer,Baixa,Free,Centro-Oeste,37,307.1,0,22,3,8,0,57,10,1,0,0.0213,0,0,0,0,3,2,0
TCK-003518,Telefone,API,Dúvida / Como Fazer,Alta,Free,Centro-Oeste,40,153.2,0,16,3,4,0,57,10,1,0,0.0213,0,0,0,0,3,2,0
TCK-003519,Email,Integrações,Cancelamento,Média,Free,Norte,22,166.2,0,5,3,9,0,55,8,0,0,0.0217,1,0,1,0,3,2,0
TCK-003520,Email,API,Dúvida / Como Fazer,Alta,Basic,Nordeste,54,90.2,0,21,2,11,0,57,10,1,0,0.0213,0,0,0,0,3,2,0
TCK-003521,Chat,API,Acesso e Conta,Média,Premium,Centro-Oeste,7,96.1,0,11,4,12,0,64,9,0,0,0.037,1,0,0,0,3,2,0
TCK-003522,Telefone,App Mobile,Acesso e Conta,Média,Premium,Sul,57,116.4,0,6,5,2,0,64,12,0,0,0.0192,0,0,0,0,3,2,0
TCK-003523,Redes Sociais,Relatórios,Acesso e Conta,Média,Premium,Sudeste,43,270.2,0,19,0,4,0,64,9,0,0,0.037,1,0,0,0,3,2,0
TCK-003524,Email,Plataforma Web,Dúvida / Como Fazer,Baixa,Free,Sul,55,189.6,0,16,5,3,0,56,10,1,0,0.0217,0,0,0,0,3,2,0
TCK-003525,Email,App Mobile,Faturamento,Média,Free,Sudeste,39,225.0,0,16,0,11,0,45,8,0,0,0.027,0,0,0,0,3,2,0
TCK-003526,Email,Integrações,Dúvida / Como Fazer,Alta,Premium,Sudeste,33,55.5,0,5,1,4,0,100,17,1,0,0.0247,0,0,0,0,3,2,0
TCK-003527,Formulário Web,API,Problema Técnico,Alta,Basic,Centro-Oeste,53,46.9,0,21,6,3,1,100,18,0,0,0.025,0,0,0,0,3,2,0
TCK-003528,Email,Relatórios,Problema Técnico,Alta,Free,Norte,44,76.9,0,2,5,12,1,153,27,0,0,0.0242,0,0,0,0,3,2,0
TCK-003529,Formulário Web,Relatórios,Problema Técnico,Alta,Basic,Nordeste,61,78.6,1,10,4,10,1,55,10,0,0,0.0222,0,0,0,0,4,3,1
TCK-003530,Email,Integrações,Faturamento,Alta,Free,Sudeste,56,86.6,0,14,0,2,0,89,15,0,0,0.0278,0,0,0,0,3,2,0
TCK-003531,Chat,Plataforma Web,Bug / Defeito,Alta,Premium,Sudeste,39,55.0,0,1,0,12,1,61,10,0,0,0.02,1,0,0,1,3,2,0
TCK-003532,Email,App Mobile,Dúvida / Como Fazer,Baixa,Free,Sul,45,293.2,0,7,6,4,0,57,10,1,0,0.0213,0,0,0,0,3,2,0
TCK-003533,Chat,Integrações,Cancelamento,Média,Basic,Sudeste,70,55.3,0,16,4,5,0,61,10,0,0,0.02,1,0,1,0,3,2,0
TCK-003534,Redes Sociais,Integrações,Faturamento,Baixa,Free,Norte,60,241.5,0,8,5,9,0,59,9,1,0,0.0204,0,0,0,0,3,2,0
TCK-003535,Chat,Faturamento,Dúvida / Como Fazer,Baixa,Free,Norte,39,149.4,0,18,1,9,0,157,27,2,0,0.0234,0,0,0,0,3,2,0
TCK-003536,Chat,API,Problema Técnico,Baixa,Premium,Sudeste,76,115.6,0,15,5,11,0,55,10,0,0,0.0222,0,0,0,0,3,2,0
TCK-003537,Telefone,Plataforma Web,Cancelamento,Baixa,Free,Sul,54,373.0,0,15,5,12,0,61,10,0,0,0.02,1,0,1,0,3,2,0
TCK-003538,Telefone,Plataforma Web,Dúvida / Como Fazer,Crítica,Basic,Sudeste,29,30.7,0,2,1,3,0,53,9,0,0,0.0227,0,0,0,0,3,2,0
TCK-003539,Email,Faturamento,Acesso e Conta,Alta,Free,Sudeste,38,43.2,0,18,6,4,0,64,9,0,0,0.037,1,0,0,0,3,2,0
TCK-003540,Telefone,App Mobile,Problema Técnico,Média,Basic,Sudeste,22,134.4,0,22,1,6,0,56,11,0,0,0.0222,0,0,0,0,3,2,0
TCK-003541,Email,Plataforma Web,Acesso e Conta,Média,Free,Nordeste,89,257.7,0,6,6,9,0,171,31,0,0,0.0217,0,0,0,0,3,2,0
TCK-003542,Email,Integrações,Dúvida / Como Fazer,Baixa,Basic,Sudeste,29,112.4,0,20,1,5,0,56,10,1,0,0.0217,0,0,0,0,3,2,0
TCK-003543,Telefone,App Mobile,Acesso e Conta,Baixa,Free,Centro-Oeste,26,417.8,0,7,2,6,0,64,9,0,0,0.037,1,0,0,0,3,2,0
TCK-003544,Chat,App Mobile,Cancelamento,Média,Free,Centro-Oeste,43,88.9,0,17,6,11,0,55,8,0,0,0.0217,1,0,1,0,3,2,0
TCK-003545,Telefone,API,Cancelamento,Média,Free,Centro-Oeste,69,189.0,0,17,4,1,0,61,10,0,0,0.02,1,0,1,0,3,2,0
TCK-003546,Chat,Relatórios,Solicitação de Recurso,Média,Basic,Nordeste,24,60.3,0,0,5,11,0,40,7,0,0,0.0303,0,0,0,0,3,2,0
TCK-003547,Email,API,Faturamento,Baixa,Premium,Sudeste,79,326.8,0,16,6,8,0,45,8,0,0,0.027,0,0,0,0,3,2,0
TCK-003548,Chat,Integrações,Bug / Defeito,Média,Free,Centro-Oeste,61,250.3,0,10,3,9,0,61,10,0,0,0.02,1,0,0,1,3,2,0
TCK-003549,Email,Faturamento,Dúvida / Como Fazer,Alta,Premium,Centro-Oeste,65,123.5,0,9,6,1,0,57,10,1,0,0.0213,0,0,0,0,3,2,0
TCK-003550,Telefone,App Mobile,Bug / Defeito,Baixa,Basic,Sul,51,129.8,0,16,0,6,0,61,11,0,0,0.0408,0,0,0,1,3,2,0
TCK-003551,Chat,Integrações,Bug / Defeito,Alta,Free,Centro-Oeste,64,64.3,0,14,2,12,1,165,27,0,0,0.0224,2,0,0,1,3,2,0
TCK-003552,Redes Sociais,API,Cancelamento,Baixa,Basic,Norte,14,163.1,1,6,6,1,0,55,8,0,0,0.0217,1,0,1,0,4,3,1
TCK-003553,Chat,Integrações,Acesso e Conta,Baixa,Basic,Sul,52,265.4,0,12,0,4,0,64,12,0,0,0.0192,0,0,0,0,3,2,0
TCK-003554,Chat,Integrações,Faturamento,Crítica,Free,Sudeste,34,36.1,0,3,2,5,0,59,9,1,0,0.0204,0,0,0,0,3,2,0
TCK-003555,Telefone,API,Acesso e Conta,Média,Free,Sul,73,162.4,0,13,4,7,0,64,9,0,0,0.037,1,0,0,0,3,2,0
TCK-003556,Formulário Web,Integrações,Problema Técnico,Baixa,Premium,Nordeste,37,407.7,1,10,4,6,0,55,10,0,0,0.0222,0,0,0,0,4,3,1
TCK-003557,Email,Integrações,Faturamento,Baixa,Free,Nordeste,28,193.4,0,5,5,11,0,62,11,0,0,0.02,1,1,0,0,3,2,0
TCK-003558,Telefone,Integrações,Acesso e Conta,Baixa,Basic,Nordeste,6,193.3,0,20,4,4,0,171,31,0,0,0.0217,0,0,0,0,3,2,0
TCK-003559,Email,Relatórios,Acesso e Conta,Baixa,Premium,Sudeste,47,139.8,0,10,3,4,0,54,10,0,0,0.0233,0,0,0,0,3,2,0
TCK-003560,Email,Plataforma Web,Dúvida / Como Fazer,Média,Premium,Centro-Oeste,67,239.4,0,9,5,9,0,53,9,0,0,0.0227,0,0,0,0,3,2,0
TCK-003561,Formulário Web,API,Problema Técnico,Alta,Basic,Sudeste,50,80.1,1,9,3,1,1,59,10,0,0,0.0204,1,0,0,1,4,3,1
TCK-003562,Telefone,API,Problema Técnico,Baixa,Free,Sudeste,47,281.2,0,13,1,3,0,56,11,0,0,0.0222,0,0,0,0,3,2,0
TCK-003563,Email,Faturamento,Problema Técnico,Média,Basic,Centro-Oeste,34,223.1,0,6,5,8,0,56,11,0,0,0.0222,0,0,0,0,3,2,0
TCK-003564,Chat,Integrações,Problema Técnico,Baixa,Premium,Norte,46,247.2,1,17,6,7,0,59,10,0,0,0.0204,1,0,0,1,4,3,1
TCK-003565,Email,Integrações,Acesso e Conta,Alta,Free,Norte,30,61.0,0,0,2,12,0,171,31,0,0,0.0217,0,0,0,0,3,2,0
TCK-003566,Telefone,Relatórios,Solicitação de Recurso,Crítica,Premium,Centro-Oeste,39,28.6,0,19,0,3,1,55,8,0,0,0.0638,0,0,0,0,3,2,0
TCK-003567,Email,API,Solicitação de Recurso,Média,Enterprise,Nordeste,23,71.1,0,16,2,3,0,57,9,1,0,0.0208,0,0,0,0,3,2,0
TCK-003568,Telefone,Relatórios,Acesso e Conta,Alta,Basic,Nordeste,71,76.3,0,3,5,3,0,98,17,0,0,0.0256,0,0,0,0,3,2,0
TCK-003569,Chat,Plataforma Web,Bug / Defeito,Média,Free,Centro-Oeste,66,115.3,0,7,5,7,0,61,10,0,0,0.02,1,0,0,1,3,2,0
TCK-003570,Email,Plataforma Web,Problema Técnico,Baixa,Free,Nordeste,35,683.0,0,10,2,9,0,55,10,0,0,0.0222,0,0,0,0,3,2,0
TCK-003571,Email,Integrações,Cancelamento,Alta,Basic,Centro-Oeste,34,35.7,0,20,4,12,0,61,10,0,0,0.02,1,0,1,0,3,2,0
TCK-003572,Redes Sociais,App Mobile,Acesso e Conta,Alta,Premium,Centro-Oeste,23,83.4,0,22,3,9,0,88,15,0,0,0.0282,1,0,0,0,3,2,0
TCK-003573,Email,Relatórios,Faturamento,Alta,Premium,Nordeste,45,52.7,0,19,5,5,0,45,8,0,0,0.027,0,0,0,0,3,2,0
TCK-003574,Email,Faturamento,Acesso e Conta,Baixa,Basic,Centro-Oeste,18,158.0,0,19,6,11,0,54,10,0,0,0.0233,0,0,0,0,3,2,0
TCK-003575,Formulário Web,Faturamento,Cancelamento,Baixa,Enterprise,Nordeste,20,289.1,0,19,3,7,0,153,23,0,0,0.0238,2,0,1,0,3,2,0
TCK-003576,Email,Plataforma Web,Solicitação de Recurso,Baixa,Basic,Sudeste,25,261.0,0,15,5,1,0,55,8,0,0,0.0638,0,0,0,0,3,2,0
TCK-003577,Email,App Mobile,Faturamento,Média,Enterprise,Sudeste,20,121.0,0,14,1,4,0,161,25,2,0,0.0227,0,0,0,0,3,2,0
TCK-003578,Telefone,Faturamento,Problema Técnico,Média,Premium,Norte,68,173.0,0,15,6,10,0,55,10,0,0,0.0222,0,0,0,0,3,2,0
TCK-003579,Telefone,Integrações,Solicitação de Recurso,Média,Premium,Norte,30,95.0,1,6,4,5,1,57,9,1,0,0.0208,0,0,0,0,4,3,1
TCK-003580,Telefone,Plataforma Web,Bug / Defeito,Média,Premium,Sul,41,235.4,0,11,0,9,0,46,9,0,0,0.0303,2,0,0,1,3,2,0
TCK-003581,Formulário Web,Relatórios,Dúvida / Como Fazer,Baixa,Basic,Centro-Oeste,19,128.5,0,0,6,8,0,57,10,1,0,0.0213,0,0,0,0,3,2,0
TCK-003582,Chat,Relatórios,Bug / Defeito,Média,Free,Sudeste,28,191.1,0,4,5,5,1,61,10,0,0,0.02,1,0,0,1,3,2,0
TCK-003583,Chat,Integrações,Problema Técnico,Baixa,Free,Centro-Oeste,17,350.1,0,22,0,4,0,55,10,0,0,0.0222,0,0,0,0,3,2,0
TCK-003584,Formulário Web,Integrações,Bug / Defeito,Média,Premium,Sudeste,12,97.6,0,5,6,4,0,61,11,0,0,0.0408,0,0,0,1,3,2,0
TCK-003585,Formulário Web,Integrações,Problema Técnico,Baixa,Basic,Norte,28,234.6,1,22,1,9,0,56,11,0,0,0.0222,0,0,0,0,4,3,1
TCK-003586,Chat,App Mobile,Problema Técnico,Média,Free,Centro-Oeste,36,171.2,0,21,5,12,0,55,10,0,0,0.0222,0,0,0,0,3,2,0
TCK-003587,Email,App Mobile,Problema Técnico,Alta,Free,Nordeste,26,63.4,0,1,3,10,1,55,10,0,0,0.0222,0,0,0,0,3,2,0
TCK-003588,Email,App Mobile,Dúvida / Como Fazer,Média,Basic,Sul,45,86.8,0,5,3,11,0,57,10,1,0,0.0213,0,0,0,0,3,2,0
TCK-003589,Formulário Web,App Mobile,Faturamento,Baixa,Basic,Sudeste,48,398.4,0,3,1,9,0,45,8,0,0,0.027,0,0,0,0,3,2,0
TCK-003590,Formulário Web,App Mobile,Acesso e Conta,Baixa,Basic,Centro-Oeste,41,405.9,0,9,6,3,0,64,12,0,0,0.0192,0,0,0,0,3,2,0
TCK-003591,Email,Integrações,Dúvida / Como Fazer,Baixa,Enterprise,Nordeste,0,240.2,0,21,3,11,0,56,10,1,0,0.0217,0,0,0,0,3,2,0
TCK-003592,Email,App Mobile,Acesso e Conta,Média,Free,Norte,29,280.7,0,23,4,4,0,64,12,0,0,0.0192,0,0,0,0,3,2,0
TCK-003593,Telefone,Relatórios,Solicitação de Recurso,Média,Basic,Sul,37,117.8,0,4,2,11,1,153,23,0,0,0.0547,0,0,0,0,3,2,0
TCK-003594,Chat,API,Dúvida / Como Fazer,Baixa,Free,Centro-Oeste,12,252.8,0,19,2,3,0,57,10,1,0,0.0213,0,0,0,0,3,2,0
TCK-003595,Formulário Web,API,Solicitação de Recurso,Média,Enterprise,Sul,15,103.5,0,20,2,12,1,55,8,0,0,0.0638,0,0,0,0,3,2,0
TCK-003596,Redes Sociais,Faturamento,Dúvida / Como Fazer,Baixa,Free,Nordeste,5,175.2,0,4,3,6,0,56,10,1,0,0.0217,0,0,0,0,3,2,0
TCK-003597,Email,Faturamento,Acesso e Conta,Média,Free,Norte,33,118.4,0,10,3,2,0,64,9,0,0,0.037,1,0,0,0,3,2,0
TCK-003598,Redes Sociais,App Mobile,Cancelamento,Média,Premium,Sudeste,47,177.0,0,4,2,4,0,51,8,0,0,0.0233,1,0,0,1,3,2,0
TCK-003599,Email,Faturamento,Solicitação de Recurso,Baixa,Premium,Sul,19,99.1,0,16,4,8,0,40,7,0,0,0.0303,0,0,0,0,3,2,0
TCK-003600,Chat,Faturamento,Problema Técnico,Média,Basic,Nordeste,74,167.3,1,9,1,3,0,56,11,0,0,0.0222,0,0,0,0,4,3,1
TCK-003601,Email,App Mobile,Problema Técnico,Crítica,Free,Sudeste,44,42.3,1,22,1,1,1,59,10,0,0,0.0204,1,0,0,1,4,3,1
TCK-003602,Email,App Mobile,Dúvida / Como Fazer,Média,Free,Centro-Oeste,31,88.3,0,2,5,12,0,57,10,1,0,0.0213,0,0,0,0,3,2,0
TCK-003603,Chat,Faturamento,Dúvida / Como Fazer,Média,Free,Centro-Oeste,18,108.2,0,22,2,4,0,57,10,1,0,0.0213,0,0,0,0,3,2,0
TCK-003604,Telefone,Integrações,Dúvida / Como Fazer,Alta,Free,Nordeste,0,23.0,0,21,4,2,0,57,10,1,0,0.0213,0,0,0,0,3,2,0
TCK-003605,Email,API,Bug / Defeito,Média,Free,Centro-Oeste,76,208.8,0,14,2,6,1,165,27,0,0,0.0224,2,0,0,1,3,2,0
TCK-003606,Redes Sociais,Faturamento,Faturamento,Crítica,Premium,Nordeste,25,31.0,0,23,3,11,0,45,8,0,0,0.027,0,0,0,0,3,2,0
TCK-003607,Chat,Plataforma Web,Dúvida / Como Fazer,Média,Premium,Nordeste,59,141.5,0,14,5,5,0,56,10,1,0,0.0217,0,0,0,0,3,2,0
TCK-003608,Redes Sociais,Integrações,Faturamento,Alta,Basic,Nordeste,57,88.0,0,12,0,5,1,93,14,1,0,0.026,1,0,0,0,3,2,0
TCK-003609,Formulário Web,Relatórios,Problema Técnico,Alta,Free,Nordeste,2,35.5,0,21,6,11,1,100,18,0,0,0.025,0,0,0,0,3,2,0
TCK-003610,Email,API,Solicitação de Recurso,Média,Free,Sudeste,28,118.8,0,5,6,8,1,55,8,0,0,0.0638,0,0,0,0,3,2,0
TCK-003611,Email,API,Faturamento,Média,Basic,Sudeste,50,125.6,1,7,3,10,0,62,11,0,0,0.02,1,1,0,0,4,3,1
TCK-003612,Email,Plataforma Web,Problema Técnico,Média,Enterprise,Centro-Oeste,70,155.2,0,18,5,10,0,56,11,0,0,0.0222,0,0,0,0,3,2,0
TCK-003613,Email,Integrações,Dúvida / Como Fazer,Média,Premium,Sudeste,58,149.4,0,0,4,6,0,53,9,0,0,0.0227,0,0,0,0,3,2,0
TCK-003614,Chat,API,Faturamento,Alta,Basic,Norte,29,40.6,1,0,4,3,1,45,8,0,0,0.027,0,0,0,0,4,3,1
TCK-003615,Email,Integrações,Problema Técnico,Média,Enterprise,Sul,18,142.3,0,9,4,6,0,153,27,0,0,0.0242,0,0,0,0,3,2,0
TCK-003616,Formulário Web,Integrações,Acesso e Conta,Média,Premium,Sul,62,80.9,0,15,3,6,0,54,10,0,0,0.0233,0,0,0,0,3,2,0
TCK-003617,Email,Plataforma Web,Problema Técnico,Baixa,Enterprise,Centro-Oeste,10,418.0,1,6,2,12,0,56,11,0,0,0.0222,0,0,0,0,4,3,1
TCK-003618,Chat,Plataforma Web,Problema Técnico,Baixa,Free,Nordeste,28,194.5,0,6,4,1,0,56,11,0,0,0.0222,0,0,0,0,3,2,0
TCK-003619,Formulário Web,API,Dúvida / Como Fazer,Média,Basic,Norte,21,76.3,0,17,3,7,0,53,9,0,0,0.0227,0,0,0,0,3,2,0
TCK-003620,Telefone,Integrações,Bug / Defeito,Média,Free,Sudeste,72,123.8,0,17,2,8,0,46,9,0,0,0.0303,2,0,0,1,3,2,0
TCK-003621,Email,Plataforma Web,Acesso e Conta,Baixa,Premium,Nordeste,65,335.9,0,12,4,3,0,64,9,0,0,0.037,1,0,0,0,3,2,0
TCK-003622,Email,Integrações,Faturamento,Alta,Premium,Nordeste,33,63.9,0,8,3,2,0,62,11,0,0,0.02,1,1,0,0,3,2,0
TCK-003623,Chat,Plataforma Web,Problema Técnico,Média,Free,Sudeste,24,147.5,0,23,1,10,0,59,10,0,0,0.0204,1,0,0,1,3,2,0
TCK-003624,Formulário Web,Plataforma Web,Problema Técnico,Média,Basic,Sul,39,295.0,0,21,3,5,0,56,11,0,0,0.0222,0,0,0,0,3,2,0
TCK-003625,Formulário Web,Relatórios,Bug / Defeito,Baixa,Premium,Centro-Oeste,26,204.7,0,5,1,7,0,61,11,0,0,0.0408,0,0,0,1,3,2,0
TCK-003626,Chat,Plataforma Web,Faturamento,Baixa,Free,Norte,30,221.7,0,4,0,6,0,59,9,1,0,0.0204,0,0,0,0,3,2,0
TCK-003627,Formulário Web,Plataforma Web,Cancelamento,Alta,Premium,Centro-Oeste,17,52.3,0,1,4,7,0,55,8,0,0,0.0217,1,0,1,0,3,2,0
TCK-003628,Email,Relatórios,Problema Técnico,Média,Free,Sudeste,5,120.8,0,5,2,11,0,155,29,0,0,0.0242,0,0,0,0,3,2,0
TCK-003629,Chat,API,Acesso e Conta,Baixa,Free,Norte,79,218.8,0,12,3,4,0,64,9,0,0,0.037,1,0,0,0,3,2,0
TCK-003630,Email,App Mobile,Solicitação de Recurso,Baixa,Basic,Norte,45,140.5,0,10,0,10,0,40,7,0,0,0.0303,0,0,0,0,3,2,0
TCK-003631,Email,API,Dúvida / Como Fazer,Crítica,Free,Norte,45,35.6,0,0,1,4,1,56,10,1,0,0.0217,0,0,0,0,3,2,0
TCK-003632,Email,API,Cancelamento,Alta,Enterprise,Sudeste,28,44.0,0,20,2,10,0,99,15,0,0,0.0247,1,0,1,0,3,2,0
TCK-003633,Redes Sociais,Integrações,Acesso e Conta,Baixa,Premium,Sul,89,391.3,0,11,2,2,0,64,12,0,0,0.0192,0,0,0,0,3,2,0
TCK-003634,Email,API,Acesso e Conta,Alta,Enterprise,Nordeste,44,51.7,0,9,3,10,0,196,35,0,1,0.0258,1,0,0,0,3,2,0
TCK-003635,Chat,App Mobile,Solicitação de Recurso,Alta,Basic,Nordeste,27,80.1,1,6,1,12,1,100,16,0,1,0.0488,1,0,0,0,4,3,1
TCK-003636,Formulário Web,Integrações,Faturamento,Alta,Basic,Sul,7,26.2,0,8,1,10,1,96,16,0,0,0.0256,2,1,0,0,3,2,0
TCK-003637,Email,Plataforma Web,Dúvida / Como Fazer,Baixa,Enterprise,Norte,22,302.8,0,21,5,8,0,57,10,1,0,0.0213,0,0,0,0,3,2,0
TCK-003638,Telefone,App Mobile,Problema Técnico,Baixa,Premium,Sul,45,351.4,0,17,5,10,0,55,10,0,0,0.0222,0,0,0,0,3,2,0
TCK-003639,Chat,Plataforma Web,Problema Técnico,Crítica,Basic,Sul,59,44.3,0,12,1,11,1,101,19,0,1,0.025,1,0,0,0,3,2,0
TCK-003640,Chat,Faturamento,Bug / Defeito,Baixa,Enterprise,Sul,36,176.0,0,7,5,11,0,165,29,0,0,0.0379,0,0,0,1,3,2,0
TCK-003641,Telefone,Plataforma Web,Dúvida / Como Fazer,Média,Premium,Sudeste,4,81.3,0,8,4,5,0,57,10,1,0,0.0213,0,0,0,0,3,2,0
TCK-003642,Telefone,Faturamento,Faturamento,Média,Basic,Norte,37,83.1,0,17,6,11,0,45,8,0,0,0.027,0,0,0,0,3,2,0
TCK-003643,Email,App Mobile,Bug / Defeito,Alta,Free,Norte,41,53.3,0,22,6,6,1,46,9,0,0,0.0303,2,0,0,1,3,2,0
TCK-003644,Chat,Relatórios,Dúvida / Como Fazer,Média,Enterprise,Centro-Oeste,39,364.7,0,3,4,10,0,56,10,1,0,0.0217,0,0,0,0,3,2,0
TCK-003645,Redes Sociais,API,Problema Técnico,Crítica,Premium,Norte,34,47.8,0,18,4,4,1,90,16,0,0,0.0274,1,0,0,0,3,2,0
TCK-003646,Email,Plataforma Web,Problema Técnico,Crítica,Enterprise,Nordeste,76,51.3,0,10,2,12,1,93,15,0,0,0.026,2,0,0,1,3,2,0
TCK-003647,Telefone,App Mobile,Faturamento,Média,Premium,Sudeste,68,137.4,0,17,3,8,0,45,8,0,0,0.027,0,0,0,0,3,2,0
TCK-003648,Redes Sociais,Integrações,Problema Técnico,Média,Free,Centro-Oeste,14,131.9,0,0,1,9,1,55,10,0,0,0.0222,0,0,0,0,3,2,0
TCK-003649,Email,App Mobile,Faturamento,Média,Free,Sul,47,149.9,0,20,5,2,0,161,25,2,0,0.0227,0,0,0,0,3,2,0
TCK-003650,Formulário Web,App Mobile,Problema Técnico,Alta,Enterprise,Norte,57,47.2,1,13,0,9,1,55,10,0,0,0.0222,0,0,0,0,4,3,1
TCK-003651,Formulário Web,Plataforma Web,Problema Técnico,Baixa,Enterprise,Sul,51,240.9,0,19,3,10,0,59,10,0,0,0.0204,1,0,0,1,3,2,0
TCK-003652,Email,API,Cancelamento,Média,Basic,Centro-Oeste,11,112.5,0,7,6,2,0,61,10,0,0,0.02,1,0,1,0,3,2,0
TCK-003653,Redes Sociais,Faturamento,Problema Técnico,Alta,Basic,Sul,15,85.9,0,22,3,12,1,99,17,0,0,0.025,0,0,0,0,3,2,0
TCK-003654,Formulário Web,App Mobile,Acesso e Conta,Baixa,Enterprise,Norte,57,387.7,0,17,1,12,0,54,10,0,0,0.0233,0,0,0,0,3,2,0
TCK-003655,Email,Faturamento,Faturamento,Alta,Enterprise,Norte,28,49.0,0,22,6,3,0,62,11,0,0,0.02,1,1,0,0,3,2,0
TCK-003656,Chat,Plataforma Web,Acesso e Conta,Baixa,Basic,Norte,30,508.1,0,7,1,12,0,54,10,0,0,0.0233,0,0,0,0,3,2,0
TCK-003657,Chat,Faturamento,Faturamento,Crítica,Premium,Sul,21,34.8,0,18,1,3,1,45,8,0,0,0.027,0,0,0,0,3,2,0
TCK-003658,Telefone,App Mobile,Problema Técnico,Baixa,Enterprise,Norte,37,225.2,0,7,0,4,0,55,10,0,0,0.0222,0,0,0,0,3,2,0
TCK-003659,Redes Sociais,App Mobile,Cancelamento,Média,Premium,Sul,14,117.8,0,19,2,5,0,55,8,0,0,0.0217,1,0,1,0,3,2,0
TCK-003660,Email,App Mobile,Bug / Defeito,Média,Basic,Nordeste,51,171.0,0,10,5,9,0,61,10,0,0,0.02,1,0,0,1,3,2,0
TCK-003661,Chat,API,Dúvida / Como Fazer,Média,Premium,Norte,41,89.7,0,21,4,12,0,53,9,0,0,0.0227,0,0,0,0,3,2,0
TCK-003662,Email,Integrações,Faturamento,Média,Free,Sudeste,42,76.6,0,11,5,8,0,133,23,0,0,0.0278,0,0,0,0,3,2,0
TCK-003663,Email,Relatórios,Bug / Defeito,Crítica,Free,Nordeste,61,52.3,0,16,1,9,1,61,10,0,0,0.02,1,0,0,1,3,2,0
TCK-003664,Telefone,Integrações,Problema Técnico,Média,Free,Nordeste,50,173.5,0,13,4,8,0,59,10,0,0,0.0204,1,0,0,1,3,2,0
TCK-003665,Email,Relatórios,Problema Técnico,Alta,Basic,Norte,65,56.8,1,10,1,12,1,59,10,0,0,0.0204,1,0,0,1,4,3,1
TCK-003666,Chat,Relatórios,Bug / Defeito,Baixa,Enterprise,Norte,56,179.8,0,17,3,7,0,61,11,0,0,0.0408,0,0,0,1,3,2,0
TCK-003667,Chat,Faturamento,Problema Técnico,Média,Free,Sul,46,224.1,0,13,6,1,0,56,11,0,0,0.0222,0,0,0,0,3,2,0
TCK-003668,Telefone,Integrações,Faturamento,Média,Basic,Norte,34,192.7,0,20,5,2,0,45,8,0,0,0.027,0,0,0,0,3,2,0
TCK-003669,Chat,Integrações,Dúvida / Como Fazer,Média,Basic,Sudeste,46,81.2,0,5,1,10,0,53,9,0,0,0.0227,0,0,0,0,3,2,0
TCK-003670,Formulário Web,Plataforma Web,Problema Técnico,Média,Free,Norte,68,157.0,0,18,5,1,0,56,11,0,0,0.0222,0,0,0,0,3,2,0
TCK-003671,Email,Plataforma Web,Acesso e Conta,Baixa,Basic,Centro-Oeste,50,291.0,0,4,5,2,0,64,9,0,0,0.037,1,0,0,0,3,2,0
TCK-003672,Redes Sociais,Relatórios,Dúvida / Como Fazer,Média,Basic,Nordeste,37,116.9,0,19,4,6,0,56,10,1,0,0.0217,0,0,0,0,3,2,0
TCK-003673,Telefone,Plataforma Web,Problema Técnico,Baixa,Free,Sul,0,128.6,0,23,3,2,0,56,11,0,0,0.0222,0,0,0,0,3,2,0
TCK-003674,Formulário Web,Relatórios,Solicitação de Recurso,Média,Premium,Norte,35,133.1,0,12,5,11,0,40,7,0,0,0.0303,0,0,0,0,3,2,0
TCK-003675,Email,App Mobile,Dúvida / Como Fazer,Crítica,Premium,Sul,13,25.2,0,4,2,11,0,91,15,1,0,0.0267,1,0,0,0,3,2,0
TCK-003676,Chat,App Mobile,Acesso e Conta,Média,Premium,Centro-Oeste,26,149.5,0,2,4,2,0,64,9,0,0,0.037,1,0,0,0,3,2,0
TCK-003677,Telefone,API,Acesso e Conta,Alta,Free,Norte,44,65.2,1,3,6,9,0,109,17,0,1,0.0337,2,0,0,0,4,3,1
TCK-003678,Formulário Web,Integrações,Bug / Defeito,Crítica,Basic,Norte,48,35.2,0,18,3,10,1,61,11,0,0,0.0408,0,0,0,1,3,2,0
TCK-003679,Chat,Plataforma Web,Acesso e Conta,Média,Free,Centro-Oeste,16,158.6,0,5,1,6,0,54,10,0,0,0.0233,0,0,0,0,3,2,0
TCK-003680,Email,Integrações,Faturamento,Alta,Enterprise,Norte,20,65.9,0,1,5,12,0,62,11,0,0,0.02,1,1,0,0,3,2,0
TCK-003681,Telefone,Plataforma Web,Acesso e Conta,Alta,Free,Nordeste,66,60.9,0,11,0,3,0,64,12,0,0,0.0192,0,0,0,0,3,2,0
TCK-003682,Chat,Relatórios,Faturamento,Média,Free,Nordeste,16,111.0,0,22,3,1,0,45,8,0,0,0.027,0,0,0,0,3,2,0
TCK-003683,Chat,Relatórios,Faturamento,Baixa,Premium,Nordeste,67,428.0,0,12,1,7,0,133,23,0,0,0.0278,0,0,0,0,3,2,0
TCK-003684,Email,Relatórios,Bug / Defeito,Alta,Premium,Sudeste,47,105.6,0,4,2,1,1,61,10,0,0,0.02,1,0,0,1,3,2,0
TCK-003685,Telefone,App Mobile,Acesso e Conta,Baixa,Free,Nordeste,0,146.7,0,4,1,10,0,171,31,0,0,0.0217,0,0,0,0,3,2,0
TCK-003686,Telefone,API,Problema Técnico,Média,Free,Nordeste,32,135.1,0,11,3,11,0,55,10,0,0,0.0222,0,0,0,0,3,2,0
TCK-003687,Formulário Web,Plataforma Web,Problema Técnico,Média,Free,Norte,24,102.2,0,20,2,2,0,55,10,0,0,0.0222,0,0,0,0,3,2,0
TCK-003688,Email,App Mobile,Faturamento,Média,Free,Nordeste,11,160.9,0,19,5,6,0,45,8,0,0,0.027,0,0,0,0,3,2,0
TCK-003689,Redes Sociais,Faturamento,Problema Técnico,Média,Enterprise,Centro-Oeste,63,232.4,0,11,5,11,1,55,10,0,0,0.0222,0,0,0,0,3,2,0
TCK-003690,Email,API,Solicitação de Recurso,Média,Premium,Norte,14,68.0,0,6,2,6,1,40,7,0,0,0.0303,0,0,0,0,3,2,0
TCK-003691,Chat,Relatórios,Dúvida / Como Fazer,Baixa,Free,Centro-Oeste,59,136.1,0,16,2,8,0,53,9,0,0,0.0227,0,0,0,0,3,2,0
TCK-003692,Chat,Relatórios,Problema Técnico,Baixa,Premium,Nordeste,36,120.5,0,0,0,6,0,59,10,0,0,0.0204,1,0,0,1,3,2,0
TCK-003693,Telefone,Relatórios,Bug / Defeito,Média,Basic,Nordeste,1,103.2,0,16,4,5,0,46,9,0,0,0.0303,2,0,0,1,3,2,0
TCK-003694,Email,Faturamento,Dúvida / Como Fazer,Baixa,Free,Centro-Oeste,32,413.6,0,21,2,12,0,56,10,1,0,0.0217,0,0,0,0,3,2,0
TCK-003695,Chat,Integrações,Acesso e Conta,Alta,Basic,Sul,54,89.4,1,14,5,1,0,64,9,0,0,0.037,1,0,0,0,4,3,1
TCK-003696,Email,Faturamento,Problema Técnico,Alta,Enterprise,Nordeste,46,56.3,1,20,5,3,1,56,11,0,0,0.0222,0,0,0,0,4,3,1
TCK-003697,Email,App Mobile,Bug / Defeito,Média,Basic,Sudeste,0,171.0,0,8,3,2,0,46,9,0,0,0.0303,2,0,0,1,3,2,0
TCK-003698,Email,App Mobile,Dúvida / Como Fazer,Média,Basic,Sul,24,117.4,0,18,2,5,0,57,10,1,0,0.0213,0,0,0,0,3,2,0
TCK-003699,Email,Integrações,Solicitação de Recurso,Média,Basic,Sul,32,85.1,0,13,4,11,1,153,23,0,0,0.0547,0,0,0,0,3,2,0
TCK-003700,Formulário Web,Plataforma Web,Bug / Defeito,Alta,Premium,Norte,42,61.2,0,9,5,5,1,46,9,0,0,0.0303,2,0,0,1,3,2,0
TCK-003701,Redes Sociais,Faturamento,Acesso e Conta,Média,Free,Norte,38,126.7,0,0,2,9,0,64,12,0,0,0.0192,0,0,0,0,3,2,0
TCK-003702,Email,Faturamento,Problema Técnico,Alta,Basic,Sul,40,64.6,1,1,1,9,1,55,10,0,0,0.0222,0,0,0,0,4,3,1
TCK-003703,Redes Sociais,Plataforma Web,Acesso e Conta,Baixa,Premium,Sudeste,32,284.7,0,14,3,5,0,54,10,0,0,0.0233,0,0,0,0,3,2,0
TCK-003704,Chat,Faturamento,Cancelamento,Média,Basic,Centro-Oeste,21,84.8,0,1,4,10,0,51,8,0,0,0.0233,1,0,0,1,3,2,0
TCK-003705,Redes Sociais,Relatórios,Acesso e Conta,Média,Free,Norte,96,196.0,0,10,3,2,0,64,12,0,0,0.0192,0,0,0,0,3,2,0
TCK-003706,Email,Faturamento,Cancelamento,Baixa,Basic,Centro-Oeste,61,228.5,0,22,4,8,0,61,10,0,0,0.02,1,0,1,0,3,2,0
TCK-003707,Chat,Relatórios,Bug / Defeito,Média,Free,Sul,24,186.1,0,6,2,8,0,61,10,0,0,0.02,1,0,0,1,3,2,0
TCK-003708,Email,Plataforma Web,Problema Técnico,Média,Premium,Norte,1,217.5,0,1,2,9,0,55,10,0,0,0.0222,0,0,0,0,3,2,0
TCK-003709,Formulário Web,Plataforma Web,Acesso e Conta,Alta,Basic,Norte,54,77.2,0,4,6,10,0,64,12,0,0,0.0192,0,0,0,0,3,2,0
TCK-003710,Telefone,Integrações,Dúvida / Como Fazer,Alta,Basic,Nordeste,36,53.7,0,23,1,12,0,91,15,1,0,0.0267,1,0,0,0,3,2,0
TCK-003711,Email,Relatórios,Bug / Defeito,Média,Enterprise,Centro-Oeste,31,127.5,0,5,4,10,1,46,9,0,0,0.0303,2,0,0,1,3,2,0
TCK-003712,Telefone,App Mobile,Acesso e Conta,Baixa,Free,Nordeste,27,194.1,0,23,4,12,0,64,9,0,0,0.037,1,0,0,0,3,2,0
TCK-003713,Telefone,Relatórios,Bug / Defeito,Crítica,Premium,Centro-Oeste,31,24.7,0,23,5,5,1,95,16,0,0,0.039,1,0,0,1,3,2,0
TCK-003714,Email,App Mobile,Dúvida / Como Fazer,Média,Enterprise,Centro-Oeste,56,182.2,0,15,6,4,0,57,10,1,0,0.0213,0,0,0,0,3,2,0
TCK-003715,Telefone,Relatórios,Dúvida / Como Fazer,Baixa,Free,Norte,22,122.9,0,6,1,7,0,56,10,1,0,0.0217,0,0,0,0,3,2,0
TCK-003716,Chat,API,Problema Técnico,Crítica,Premium,Nordeste,40,35.3,0,5,1,8,1,56,11,0,0,0.0222,0,0,0,0,3,2,0
TCK-003717,Chat,Relatórios,Acesso e Conta,Baixa,Free,Sul,38,269.9,0,18,1,5,0,64,9,0,0,0.037,1,0,0,0,3,2,0
TCK-003718,Email,API,Problema Técnico,Média,Enterprise,Sul,67,345.4,0,18,0,5,0,59,10,0,0,0.0204,1,0,0,1,3,2,0
TCK-003719,Email,Plataforma Web,Solicitação de Recurso,Alta,Premium,Nordeste,13,34.2,1,22,1,1,1,74,12,0,0,0.0328,1,0,0,0,4,3,1
TCK-003720,Telefone,Integrações,Bug / Defeito,Baixa,Premium,Sudeste,60,195.6,1,16,2,11,0,61,11,0,0,0.0408,0,0,0,1,4,3,1
TCK-003721,Telefone,App Mobile,Dúvida / Como Fazer,Alta,Free,Norte,29,35.1,0,6,4,6,0,91,15,1,0,0.0267,1,0,0,0,3,2,0
TCK-003722,Email,Plataforma Web,Problema Técnico,Média,Free,Sudeste,62,118.5,0,13,3,6,1,56,11,0,0,0.0222,0,0,0,0,3,2,0
TCK-003723,Chat,Integrações,Bug / Defeito,Baixa,Premium,Centro-Oeste,17,189.3,0,20,0,9,0,135,25,0,0,0.03,4,0,0,1,3,2,0
TCK-003724,Formulário Web,Faturamento,Cancelamento,Média,Premium,Sul,29,150.1,1,7,6,10,0,55,8,0,0,0.0217,1,0,1,0,4,3,1
TCK-003725,Redes Sociais,Relatórios,Bug / Defeito,Média,Free,Norte,19,124.9,1,21,2,4,1,165,27,0,0,0.0224,2,0,0,1,4,3,1
TCK-003726,Email,Integrações,Dúvida / Como Fazer,Alta,Basic,Norte,71,62.7,0,17,0,9,0,53,9,0,0,0.0227,0,0,0,0,3,2,0
TCK-003727,Chat,Plataforma Web,Faturamento,Média,Basic,Centro-Oeste,42,104.3,0,13,5,9,0,133,23,0,0,0.0278,0,0,0,0,3,2,0
TCK-003728,Redes Sociais,Plataforma Web,Faturamento,Baixa,Basic,Norte,58,195.4,0,15,2,3,0,59,9,1,0,0.0204,0,0,0,0,3,2,0
TCK-003729,Formulário Web,Faturamento,Acesso e Conta,Alta,Premium,Norte,21,36.3,0,0,5,3,0,171,31,0,0,0.0217,0,0,0,0,3,2,0
TCK-003730,Redes Sociais,Plataforma Web,Faturamento,Alta,Basic,Sul,19,117.7,0,14,5,6,1,107,19,0,1,0.0235,2,1,0,0,3,2,0
TCK-003731,Chat,Faturamento,Faturamento,Média,Free,Norte,15,139.4,0,16,6,11,0,59,9,1,0,0.0204,0,0,0,0,3,2,0
TCK-003732,Chat,App Mobile,Cancelamento,Alta,Basic,Centro-Oeste,46,47.2,0,6,2,6,0,85,13,0,0,0.0282,2,0,0,1,3,2,0
TCK-003733,Telefone,Plataforma Web,Bug / Defeito,Média,Premium,Centro-Oeste,21,84.7,0,11,5,8,0,61,10,0,0,0.02,1,0,0,1,3,2,0
TCK-003734,Formulário Web,Plataforma Web,Problema Técnico,Baixa,Free,Norte,0,374.4,0,19,3,5,1,56,11,0,0,0.0222,0,0,0,0,3,2,0
TCK-003735,Chat,Integrações,Acesso e Conta,Baixa,Enterprise,Centro-Oeste,0,116.0,0,22,0,8,0,171,31,0,0,0.0217,0,0,0,0,3,2,0
TCK-003736,Chat,API,Faturamento,Crítica,Enterprise,Centro-Oeste,59,58.9,0,11,5,9,1,62,11,0,0,0.02,1,1,0,0,3,2,0
TCK-003737,Email,Plataforma Web,Acesso e Conta,Baixa,Free,Nordeste,35,289.0,0,0,4,11,0,54,10,0,0,0.0233,0,0,0,0,3,2,0
TCK-003738,Email,Plataforma Web,Bug / Defeito,Baixa,Premium,Sul,23,280.9,0,19,3,1,0,46,9,0,0,0.0303,2,0,0,1,3,2,0
TCK-003739,Email,API,Faturamento,Média,Free,Nordeste,55,215.3,0,16,2,7,0,45,8,0,0,0.027,0,0,0,0,3,2,0
TCK-003740,Formulário Web,Relatórios,Acesso e Conta,Média,Free,Nordeste,35,464.5,0,13,1,4,0,54,10,0,0,0.0233,0,0,0,0,3,2,0
TCK-003741,Telefone,Integrações,Faturamento,Alta,Premium,Norte,9,28.7,0,6,0,5,0,62,11,0,0,0.02,1,1,0,0,3,2,0
TCK-003742,Redes Sociais,Plataforma Web,Dúvida / Como Fazer,Média,Premium,Nordeste,31,84.5,0,4,3,4,0,53,9,0,0,0.0227,0,0,0,0,3,2,0
TCK-003743,Email,Integrações,Bug / Defeito,Baixa,Free,Centro-Oeste,44,199.9,1,9,5,4,0,61,11,0,0,0.0408,0,0,0,1,4,3,1
TCK-003744,Formulário Web,Relatórios,Acesso e Conta,Média,Basic,Sudeste,38,121.3,0,18,2,2,0,64,9,0,0,0.037,1,0,0,0,3,2,0
TCK-003745,Formulário Web,Integrações,Dúvida / Como Fazer,Média,Enterprise,Centro-Oeste,68,222.2,0,10,3,10,0,53,9,0,0,0.0227,0,0,0,0,3,2,0
TCK-003746,Telefone,API,Dúvida / Como Fazer,Baixa,Premium,Nordeste,43,368.2,0,8,5,1,0,56,10,1,0,0.0217,0,0,0,0,3,2,0
TCK-003747,Email,App Mobile,Bug / Defeito,Média,Enterprise,Sul,19,143.7,1,7,5,4,1,61,11,0,0,0.0408,0,0,0,1,4,3,1
TCK-003748,Chat,App Mobile,Solicitação de Recurso,Média,Free,Norte,19,62.8,0,8,4,11,1,153,23,0,0,0.0547,0,0,0,0,3,2,0
TCK-003749,Email,Integrações,Dúvida / Como Fazer,Baixa,Free,Sul,30,383.0,0,1,4,11,0,56,10,1,0,0.0217,0,0,0,0,3,2,0
TCK-003750,Email,Faturamento,Cancelamento,Alta,Free,Norte,58,64.9,0,6,2,2,0,55,8,0,0,0.0217,1,0,1,0,3,2,0
TCK-003751,Chat,Relatórios,Bug / Defeito,Média,Basic,Sul,21,69.6,0,1,1,2,0,165,29,0,0,0.0379,0,0,0,1,3,2,0
TCK-003752,Telefone,Plataforma Web,Faturamento,Alta,Basic,Norte,56,57.6,0,23,5,3,0,161,25,2,0,0.0227,0,0,0,0,3,2,0
TCK-003753,Chat,Faturamento,Cancelamento,Baixa,Free,Sul,32,202.6,0,0,4,9,0,55,8,0,0,0.0217,1,0,1,0,3,2,0
TCK-003754,Formulário Web,App Mobile,Faturamento,Alta,Basic,Sudeste,36,61.5,0,10,5,5,0,59,9,1,0,0.0204,0,0,0,0,3,2,0
TCK-003755,Email,Faturamento,Solicitação de Recurso,Baixa,Enterprise,Norte,23,153.6,0,21,0,3,0,55,8,0,0,0.0638,0,0,0,0,3,2,0
TCK-003756,Formulário Web,Relatórios,Bug / Defeito,Média,Enterprise,Sul,42,119.1,0,23,6,8,0,135,25,0,0,0.03,4,0,0,1,3,2,0
TCK-003757,Telefone,Faturamento,Bug / Defeito,Média,Free,Centro-Oeste,67,83.4,1,15,5,7,0,61,10,0,0,0.02,1,0,0,1,4,3,1
TCK-003758,Redes Sociais,Plataforma Web,Problema Técnico,Baixa,Premium,Centro-Oeste,31,166.6,1,2,6,4,0,55,10,0,0,0.0222,0,0,0,0,4,3,1
TCK-003759,Email,Faturamento,Acesso e Conta,Crítica,Free,Sul,55,49.0,0,19,3,5,0,54,10,0,0,0.0233,0,0,0,0,3,2,0
TCK-003760,Formulário Web,Relatórios,Acesso e Conta,Baixa,Basic,Centro-Oeste,36,198.2,0,22,5,10,0,64,12,0,0,0.0192,0,0,0,0,3,2,0
TCK-003761,Email,Faturamento,Bug / Defeito,Baixa,Free,Nordeste,58,332.9,0,1,0,8,0,61,10,0,0,0.02,1,0,0,1,3,2,0
TCK-003762,Email,App Mobile,Bug / Defeito,Baixa,Premium,Nordeste,88,103.1,0,9,5,11,0,46,9,0,0,0.0303,2,0,0,1,3,2,0
TCK-003763,Chat,Faturamento,Bug / Defeito,Média,Premium,Sudeste,76,136.5,0,10,2,12,0,61,11,0,0,0.0408,0,0,0,1,3,2,0
TCK-003764,Chat,Integrações,Dúvida / Como Fazer,Crítica,Premium,Centro-Oeste,9,17.0,0,4,4,4,0,200,35,2,1,0.0248,1,0,0,0,3,2,0
TCK-003765,Email,Plataforma Web,Bug / Defeito,Alta,Free,Norte,49,101.9,1,15,6,11,1,61,11,0,0,0.0408,0,0,0,1,4,3,1
TCK-003766,Chat,Relatórios,Bug / Defeito,Média,Free,Norte,6,176.4,0,0,3,12,0,61,10,0,0,0.02,1,0,0,1,3,2,0
TCK-003767,Formulário Web,Plataforma Web,Problema Técnico,Alta,Free,Sudeste,53,64.5,0,18,1,12,1,56,11,0,0,0.0222,0,0,0,0,3,2,0
TCK-003768,Email,Faturamento,Problema Técnico,Alta,Enterprise,Sudeste,42,44.7,1,0,6,12,1,55,10,0,0,0.0222,0,0,0,0,4,3,1
TCK-003769,Formulário Web,API,Problema Técnico,Crítica,Enterprise,Sudeste,43,42.0,0,21,4,1,1,104,18,0,1,0.0238,2,0,0,1,3,2,0
TCK-003770,Chat,App Mobile,Bug / Defeito,Média,Free,Nordeste,52,121.3,0,14,1,10,0,61,11,0,0,0.0408,0,0,0,1,3,2,0
TCK-003771,Email,Relatórios,Problema Técnico,Baixa,Basic,Sul,13,170.3,0,7,3,10,0,155,29,0,0,0.0242,0,0,0,0,3,2,0
TCK-003772,Email,Relatórios,Problema Técnico,Alta,Enterprise,Nordeste,18,78.0,1,5,4,2,1,55,10,0,0,0.0222,0,0,0,0,4,3,1
TCK-003773,Formulário Web,App Mobile,Problema Técnico,Baixa,Basic,Sudeste,47,284.3,1,17,6,6,0,153,27,0,0,0.0242,0,0,0,0,4,3,1
TCK-003774,Chat,Faturamento,Solicitação de Recurso,Média,Free,Sudeste,53,108.3,0,17,0,7,1,57,9,1,0,0.0208,0,0,0,0,3,2,0
TCK-003775,Telefone,API,Problema Técnico,Média,Free,Sul,63,134.7,1,4,3,4,0,56,11,0,0,0.0222,0,0,0,0,4,3,1
TCK-003776,Chat,Plataforma Web,Solicitação de Recurso,Alta,Free,Centro-Oeste,34,52.1,0,1,4,8,1,57,9,1,0,0.0208,0,0,0,0,3,2,0
TCK-003777,Chat,App Mobile,Problema Técnico,Baixa,Basic,Sul,98,189.0,0,13,5,3,0,55,10,0,0,0.0222,0,0,0,0,3,2,0
TCK-003778,Telefone,Faturamento,Cancelamento,Crítica,Enterprise,Sudeste,37,36.7,0,2,5,3,0,100,16,0,1,0.0247,2,0,1,0,3,2,0
TCK-003779,Redes Sociais,Plataforma Web,Acesso e Conta,Alta,Premium,Norte,44,73.2,0,11,1,3,0,54,10,0,0,0.0233,0,0,0,0,3,2,0
TCK-003780,Email,Faturamento,Acesso e Conta,Média,Basic,Nordeste,43,118.3,0,8,3,1,0,64,9,0,0,0.037,1,0,0,0,3,2,0
TCK-003781,Email,Faturamento,Acesso e Conta,Alta,Premium,Nordeste,43,75.3,0,2,6,12,0,54,10,0,0,0.0233,0,0,0,0,3,2,0
TCK-003782,Chat,Relatórios,Faturamento,Média,Free,Centro-Oeste,38,139.1,0,7,4,3,0,45,8,0,0,0.027,0,0,0,0,3,2,0
TCK-003783,Chat,App Mobile,Bug / Defeito,Baixa,Basic,Sul,11,256.2,1,4,0,5,0,61,10,0,0,0.02,1,0,0,1,4,3,1
TCK-003784,Email,API,Dúvida / Como Fazer,Média,Premium,Sul,71,171.5,0,12,4,1,0,53,9,0,0,0.0227,0,0,0,0,3,2,0
TCK-003785,Telefone,Relatórios,Acesso e Conta,Alta,Enterprise,Sul,14,23.9,0,6,5,10,0,64,12,0,0,0.0192,0,0,0,0,3,2,0
TCK-003786,Email,Plataforma Web,Faturamento,Baixa,Basic,Nordeste,32,389.9,0,23,3,9,0,62,11,0,0,0.02,1,1,0,0,3,2,0
TCK-003787,Chat,Integrações,Dúvida / Como Fazer,Baixa,Enterprise,Norte,18,305.9,0,8,4,7,0,56,10,1,0,0.0217,0,0,0,0,3,2,0
TCK-003788,Chat,Relatórios,Problema Técnico,Crítica,Free,Norte,45,49.5,0,21,4,4,1,59,10,0,0,0.0204,1,0,0,1,3,2,0
TCK-003789,Telefone,Plataforma Web,Acesso e Conta,Baixa,Premium,Nordeste,39,361.7,0,3,4,2,0,64,9,0,0,0.037,1,0,0,0,3,2,0
TCK-003790,Telefone,API,Cancelamento,Baixa,Enterprise,Sul,37,324.3,1,20,3,11,0,145,23,0,0,0.025,2,0,0,1,4,3,1
TCK-003791,Telefone,Faturamento,Acesso e Conta,Baixa,Free,Centro-Oeste,79,298.9,0,12,0,5,0,64,9,0,0,0.037,1,0,0,0,3,2,0
TCK-003792,Redes Sociais,App Mobile,Faturamento,Alta,Free,Centro-Oeste,43,55.8,0,19,0,3,1,161,25,2,0,0.0227,0,0,0,0,3,2,0
TCK-003793,Email,API,Cancelamento,Crítica,Enterprise,Sul,40,39.7,0,5,2,8,0,61,10,0,0,0.02,1,0,1,0,3,2,0
TCK-003794,Redes Sociais,Plataforma Web,Solicitação de Recurso,Alta,Basic,Centro-Oeste,56,99.8,0,16,0,7,1,84,14,0,0,0.0294,0,0,0,0,3,2,0
TCK-003795,Email,App Mobile,Solicitação de Recurso,Baixa,Free,Norte,16,183.2,0,22,1,3,1,55,8,0,0,0.0638,0,0,0,0,3,2,0
TCK-003796,Telefone,Integrações,Cancelamento,Crítica,Basic,Sudeste,12,15.0,0,22,4,5,0,96,16,0,1,0.0256,2,0,0,1,3,2,0
TCK-003797,Email,Relatórios,Dúvida / Como Fazer,Baixa,Free,Nordeste,29,392.7,0,6,6,2,0,56,10,1,0,0.0217,0,0,0,0,3,2,0
TCK-003798,Email,Faturamento,Acesso e Conta,Média,Premium,Norte,41,100.3,0,18,3,9,0,64,12,0,0,0.0192,0,0,0,0,3,2,0
TCK-003799,Email,Faturamento,Faturamento,Média,Basic,Norte,35,80.9,0,1,1,8,0,59,9,1,0,0.0204,0,0,0,0,3,2,0
TCK-003800,Chat,Relatórios,Faturamento,Baixa,Premium,Centro-Oeste,69,160.9,0,13,1,2,0,45,8,0,0,0.027,0,0,0,0,3,2,0
TCK-003801,Formulário Web,API,Problema Técnico,Alta,Basic,Centro-Oeste,28,41.6,0,16,4,3,1,155,29,0,0,0.0242,0,0,0,0,3,2,0
TCK-003802,Email,Faturamento,Solicitação de Recurso,Média,Enterprise,Centro-Oeste,24,237.8,0,2,1,10,1,55,8,0,0,0.0638,0,0,0,0,3,2,0
TCK-003803,Email,Plataforma Web,Cancelamento,Média,Premium,Nordeste,30,162.1,1,17,6,8,0,55,8,0,0,0.0217,1,0,1,0,4,3,1
TCK-003804,Formulário Web,Faturamento,Problema Técnico,Média,Premium,Sudeste,14,152.2,0,6,1,10,0,56,11,0,0,0.0222,0,0,0,0,3,2,0
TCK-003805,Email,API,Problema Técnico,Baixa,Basic,Norte,55,418.7,0,11,0,5,0,56,11,0,0,0.0222,0,0,0,0,3,2,0
TCK-003806,Redes Sociais,API,Cancelamento,Alta,Free,Sudeste,13,48.7,0,7,2,12,1,61,10,0,0,0.02,1,0,1,0,3,2,0
TCK-003807,Formulário Web,Relatórios,Bug / Defeito,Média,Free,Centro-Oeste,34,91.0,0,21,0,10,0,46,9,0,0,0.0303,2,0,0,1,3,2,0
TCK-003808,Email,API,Acesso e Conta,Alta,Free,Nordeste,51,76.6,0,9,3,10,0,64,12,0,0,0.0192,0,0,0,0,3,2,0
TCK-003809,Chat,Plataforma Web,Solicitação de Recurso,Média,Basic,Norte,44,204.3,0,1,5,3,0,55,8,0,0,0.0638,0,0,0,0,3,2,0
TCK-003810,Email,API,Dúvida / Como Fazer,Baixa,Free,Sul,52,421.6,0,15,4,5,0,53,9,0,0,0.0227,0,0,0,0,3,2,0
TCK-003811,Redes Sociais,Relatórios,Acesso e Conta,Média,Basic,Centro-Oeste,67,142.1,0,1,0,3,0,171,25,0,0,0.0352,2,0,0,0,3,2,0
TCK-003812,Email,API,Faturamento,Média,Enterprise,Centro-Oeste,29,86.5,0,21,1,6,0,62,11,0,0,0.02,1,1,0,0,3,2,0
TCK-003813,Formulário Web,App Mobile,Acesso e Conta,Alta,Enterprise,Nordeste,20,61.9,0,4,3,6,0,171,31,0,0,0.0217,0,0,0,0,3,2,0
TCK-003814,Chat,Integrações,Problema Técnico,Média,Free,Norte,56,119.6,0,9,3,8,0,59,10,0,0,0.0204,1,0,0,1,3,2,0
TCK-003815,Redes Sociais,Plataforma Web,Bug / Defeito,Crítica,Enterprise,Norte,82,56.4,0,13,0,3,1,46,9,0,0,0.0303,2,0,0,1,3,2,0
TCK-003816,Chat,API,Dúvida / Como Fazer,Média,Basic,Centro-Oeste,41,184.2,0,15,5,1,0,53,9,0,0,0.0227,0,0,0,0,3,2,0
TCK-003817,Email,Plataforma Web,Dúvida / Como Fazer,Alta,Basic,Nordeste,7,44.1,0,18,3,2,0,102,18,1,1,0.0244,1,0,0,0,3,2,0
TCK-003818,Chat,Faturamento,Solicitação de Recurso,Média,Basic,Sudeste,59,87.6,0,10,5,8,1,40,7,0,0,0.0303,0,0,0,0,3,2,0
TCK-003819,Chat,Faturamento,Bug / Defeito,Média,Basic,Nordeste,44,81.3,0,21,6,4,1,46,9,0,0,0.0303,2,0,0,1,3,2,0
TCK-003820,Formulário Web,Relatórios,Problema Técnico,Baixa,Free,Norte,46,400.5,1,9,4,3,0,153,27,0,0,0.0242,0,0,0,0,4,3,1
TCK-003821,Email,Relatórios,Acesso e Conta,Alta,Free,Nordeste,61,69.6,0,23,0,11,0,108,16,0,0,0.0337,1,0,0,0,3,2,0
TCK-003822,Chat,Integrações,Bug / Defeito,Baixa,Premium,Centro-Oeste,25,254.8,0,4,6,6,0,61,10,0,0,0.02,1,0,0,1,3,2,0
TCK-003823,Chat,Relatórios,Problema Técnico,Média,Premium,Norte,26,121.6,0,16,2,6,0,55,10,0,0,0.0222,0,0,0,0,3,2,0
TCK-003824,Formulário Web,Faturamento,Acesso e Conta,Média,Basic,Centro-Oeste,0,102.4,0,22,6,1,0,171,31,0,0,0.0217,0,0,0,0,3,2,0
TCK-003825,Email,Relatórios,Cancelamento,Baixa,Free,Centro-Oeste,11,105.7,0,2,2,12,0,61,10,0,0,0.02,1,0,1,0,3,2,0
TCK-003826,Formulário Web,Relatórios,Problema Técnico,Média,Free,Nordeste,64,119.7,0,13,2,10,1,56,11,0,0,0.0222,0,0,0,0,3,2,0
TCK-003827,Chat,Relatórios,Faturamento,Média,Free,Sudeste,53,85.7,0,9,0,8,0,62,11,0,0,0.02,1,1,0,0,3,2,0
TCK-003828,Redes Sociais,Plataforma Web,Faturamento,Baixa,Premium,Centro-Oeste,70,332.7,0,13,3,1,0,59,9,1,0,0.0204,0,0,0,0,3,2,0
TCK-003829,Formulário Web,Plataforma Web,Dúvida / Como Fazer,Média,Enterprise,Sul,34,121.1,0,5,0,3,0,56,10,1,0,0.0217,0,0,0,0,3,2,0
TCK-003830,Formulário Web,Faturamento,Cancelamento,Média,Basic,Sul,26,212.8,0,5,1,8,0,51,8,0,0,0.0233,1,0,0,1,3,2,0
TCK-003831,Email,Integrações,Acesso e Conta,Baixa,Free,Norte,46,239.6,0,4,5,3,0,54,10,0,0,0.0233,0,0,0,0,3,2,0
TCK-003832,Chat,API,Bug / Defeito,Média,Premium,Norte,27,259.1,1,20,4,8,0,46,9,0,0,0.0303,2,0,0,1,4,3,1
TCK-003833,Email,App Mobile,Cancelamento,Baixa,Premium,Sudeste,21,188.4,0,6,6,3,0,51,8,0,0,0.0233,1,0,0,1,3,2,0
TCK-003834,Chat,App Mobile,Bug / Defeito,Média,Free,Centro-Oeste,33,87.4,0,2,2,11,1,165,27,0,0,0.0224,2,0,0,1,3,2,0
TCK-003835,Email,Integrações,Acesso e Conta,Média,Premium,Centro-Oeste,44,160.0,0,10,6,4,0,54,10,0,0,0.0233,0,0,0,0,3,2,0
TCK-003836,Chat,Faturamento,Acesso e Conta,Baixa,Basic,Nordeste,36,167.6,0,8,6,6,0,64,12,0,0,0.0192,0,0,0,0,3,2,0
TCK-003837,Telefone,Integrações,Dúvida / Como Fazer,Alta,Premium,Sudeste,65,50.9,0,16,6,1,0,57,10,1,0,0.0213,0,0,0,0,3,2,0
TCK-003838,Formulário Web,Plataforma Web,Problema Técnico,Média,Free,Norte,17,171.6,0,17,0,11,0,55,10,0,0,0.0222,0,0,0,0,3,2,0
TCK-003839,Email,API,Dúvida / Como Fazer,Alta,Free,Nordeste,78,69.7,0,15,4,5,0,56,10,1,0,0.0217,0,0,0,0,3,2,0
TCK-003840,Email,Plataforma Web,Problema Técnico,Baixa,Premium,Nordeste,19,287.5,0,4,0,9,0,155,29,0,0,0.0242,0,0,0,0,3,2,0
TCK-003841,Chat,Plataforma Web,Cancelamento,Baixa,Basic,Nordeste,63,205.4,0,14,5,8,0,55,8,0,0,0.0217,1,0,1,0,3,2,0
TCK-003842,Telefone,API,Problema Técnico,Média,Free,Centro-Oeste,22,97.5,0,4,4,4,0,59,10,0,0,0.0204,1,0,0,1,3,2,0
TCK-003843,Telefone,Plataforma Web,Cancelamento,Baixa,Basic,Centro-Oeste,4,170.0,0,13,4,3,0,61,10,0,0,0.02,1,0,1,0,3,2,0
TCK-003844,Formulário Web,Integrações,Solicitação de Recurso,Alta,Enterprise,Norte,67,59.0,0,8,0,11,1,57,9,1,0,0.0208,0,0,0,0,3,2,0
TCK-003845,Telefone,Integrações,Problema Técnico,Média,Premium,Norte,43,118.9,1,20,2,11,0,59,10,0,0,0.0204,1,0,0,1,4,3,1
TCK-003846,Email,Integrações,Solicitação de Recurso,Média,Basic,Sul,10,145.5,0,20,1,10,1,57,9,1,0,0.0208,0,0,0,0,3,2,0
TCK-003847,Email,Integrações,Solicitação de Recurso,Alta,Basic,Nordeste,37,44.1,0,4,5,5,1,102,17,1,1,0.0241,1,0,0,0,3,2,0
TCK-003848,Formulário Web,Plataforma Web,Bug / Defeito,Média,Free,Nordeste,46,91.0,1,21,5,8,1,46,9,0,0,0.0303,2,0,0,1,4,3,1
TCK-003849,Telefone,Faturamento,Dúvida / Como Fazer,Baixa,Premium,Nordeste,28,96.2,0,23,0,4,0,56,10,1,0,0.0217,0,0,0,0,3,2,0
TCK-003850,Formulário Web,API,Acesso e Conta,Média,Basic,Centro-Oeste,48,83.4,0,9,2,9,0,54,10,0,0,0.0233,0,0,0,0,3,2,0
TCK-003851,Telefone,App Mobile,Acesso e Conta,Alta,Free,Centro-Oeste,16,48.7,0,22,6,5,0,171,31,0,0,0.0217,0,0,0,0,3,2,0
TCK-003852,Telefone,Faturamento,Problema Técnico,Alta,Enterprise,Sudeste,26,49.7,0,14,3,1,1,55,10,0,0,0.0222,0,0,0,0,3,2,0
TCK-003853,Email,API,Acesso e Conta,Baixa,Basic,Sudeste,68,294.6,0,19,0,8,0,171,31,0,0,0.0217,0,0,0,0,3,2,0
TCK-003854,Formulário Web,API,Acesso e Conta,Baixa,Free,Centro-Oeste,64,140.1,0,16,4,9,0,64,12,0,0,0.0192,0,0,0,0,3,2,0
TCK-003855,Email,API,Cancelamento,Crítica,Basic,Sul,22,29.7,0,8,3,8,0,61,10,0,0,0.02,1,0,1,0,3,2,0
TCK-003856,Chat,API,Bug / Defeito,Média,Enterprise,Norte,17,246.4,0,15,2,12,0,61,10,0,0,0.02,1,0,0,1,3,2,0
TCK-003857,Email,App Mobile,Dúvida / Como Fazer,Crítica,Enterprise,Centro-Oeste,119,92.3,0,13,6,12,1,57,10,1,0,0.0213,0,0,0,0,3,2,0
TCK-003858,Chat,Integrações,Problema Técnico,Crítica,Basic,Centro-Oeste,1,11.5,0,2,6,1,1,59,10,0,0,0.0204,1,0,0,1,3,2,0
TCK-003859,Chat,Faturamento,Dúvida / Como Fazer,Média,Basic,Sul,51,132.7,0,8,6,1,0,57,10,1,0,0.0213,0,0,0,0,3,2,0
TCK-003860,Email,Integrações,Problema Técnico,Baixa,Premium,Centro-Oeste,24,333.0,0,21,0,12,0,56,11,0,0,0.0222,0,0,0,0,3,2,0
TCK-003861,Telefone,App Mobile,Dúvida / Como Fazer,Média,Enterprise,Sudeste,11,101.8,1,5,6,12,0,56,10,1,0,0.0217,0,0,0,0,4,3,1
TCK-003862,Telefone,Faturamento,Problema Técnico,Média,Enterprise,Centro-Oeste,55,132.2,0,10,5,7,0,56,11,0,0,0.0222,0,0,0,0,3,2,0
TCK-003863,Email,Faturamento,Cancelamento,Média,Premium,Centro-Oeste,10,97.2,0,8,5,5,0,51,8,0,0,0.0233,1,0,0,1,3,2,0
TCK-003864,Formulário Web,App Mobile,Faturamento,Alta,Basic,Nordeste,32,53.9,0,22,1,9,0,62,11,0,0,0.02,1,1,0,0,3,2,0
TCK-003865,Redes Sociais,API,Dúvida / Como Fazer,Média,Basic,Centro-Oeste,65,81.4,0,17,5,12,0,53,9,0,0,0.0227,0,0,0,0,3,2,0
TCK-003866,Email,API,Problema Técnico,Baixa,Premium,Norte,50,195.9,0,2,5,11,0,153,27,0,0,0.0242,0,0,0,0,3,2,0
TCK-003867,Email,Plataforma Web,Problema Técnico,Alta,Basic,Nordeste,84,109.7,0,14,1,8,1,56,11,0,0,0.0222,0,0,0,0,3,2,0
TCK-003868,Telefone,App Mobile,Faturamento,Crítica,Premium,Sudeste,23,23.3,1,1,2,11,0,90,16,0,1,0.0278,1,0,0,0,4,3,1
TCK-003869,Redes Sociais,Faturamento,Problema Técnico,Alta,Basic,Centro-Oeste,56,93.5,0,15,0,4,1,103,17,0,0,0.0238,1,0,0,1,3,2,0
TCK-003870,Chat,Relatórios,Cancelamento,Média,Premium,Centro-Oeste,34,116.4,0,19,3,1,0,51,8,0,0,0.0233,1,0,0,1,3,2,0
TCK-003871,Email,API,Problema Técnico,Crítica,Premium,Norte,30,43.5,0,6,2,6,1,59,10,0,0,0.0204,1,0,0,1,3,2,0
TCK-003872,Email,Relatórios,Cancelamento,Alta,Free,Centro-Oeste,40,106.3,0,22,1,11,1,95,15,0,0,0.0256,1,0,0,1,3,2,0
TCK-003873,Formulário Web,Faturamento,Problema Técnico,Baixa,Basic,Norte,42,244.6,0,7,6,1,0,56,11,0,0,0.0222,0,0,0,0,3,2,0
TCK-003874,Chat,API,Problema Técnico,Alta,Premium,Sul,72,63.3,0,14,4,7,1,55,10,0,0,0.0222,0,0,0,0,3,2,0
TCK-003875,Telefone,App Mobile,Dúvida / Como Fazer,Média,Basic,Sudeste,8,66.9,0,3,0,5,0,57,10,1,0,0.0213,0,0,0,0,3,2,0
TCK-003876,Chat,Faturamento,Problema Técnico,Crítica,Enterprise,Nordeste,36,29.8,0,12,3,2,1,99,17,0,0,0.025,0,0,0,0,3,2,0
TCK-003877,Telefone,API,Bug / Defeito,Baixa,Premium,Nordeste,21,114.9,0,0,6,4,0,61,11,0,0,0.0408,0,0,0,1,3,2,0
TCK-003878,Email,API,Dúvida / Como Fazer,Alta,Enterprise,Sudeste,35,72.9,0,16,2,10,0,100,17,1,0,0.0247,0,0,0,0,3,2,0
TCK-003879,Email,Plataforma Web,Bug / Defeito,Baixa,Enterprise,Norte,53,232.8,0,10,5,2,0,61,10,0,0,0.02,1,0,0,1,3,2,0
TCK-003880,Chat,Integrações,Dúvida / Como Fazer,Baixa,Basic,Norte,42,419.0,0,18,3,1,0,56,10,1,0,0.0217,0,0,0,0,3,2,0
TCK-003881,Formulário Web,Integrações,Solicitação de Recurso,Alta,Free,Norte,64,89.6,0,12,3,8,1,168,29,0,1,0.0296,1,0,0,0,3,2,0
TCK-003882,Email,App Mobile,Dúvida / Como Fazer,Média,Premium,Sudeste,21,134.5,1,19,4,5,0,57,10,1,0,0.0213,0,0,0,0,4,3,1
TCK-003883,Telefone,Plataforma Web,Acesso e Conta,Alta,Enterprise,Sul,64,60.4,0,23,0,5,0,99,18,0,1,0.0256,1,0,0,0,3,2,0
TCK-003884,Telefone,Faturamento,Bug / Defeito,Alta,Premium,Sudeste,35,42.0,1,14,4,2,1,61,10,0,0,0.02,1,0,0,1,4,3,1
TCK-003885,Chat,Faturamento,Cancelamento,Média,Premium,Sudeste,13,78.5,0,8,0,4,0,61,10,0,0,0.02,1,0,1,0,3,2,0
TCK-003886,Formulário Web,App Mobile,Faturamento,Baixa,Basic,Sudeste,45,101.8,0,18,3,1,0,59,9,1,0,0.0204,0,0,0,0,3,2,0
TCK-003887,Email,API,Dúvida / Como Fazer,Alta,Free,Sudeste,19,39.4,0,2,4,11,0,57,10,1,0,0.0213,0,0,0,0,3,2,0
TCK-003888,Email,Faturamento,Cancelamento,Baixa,Basic,Sudeste,52,255.6,0,14,2,12,0,55,8,0,0,0.0217,1,0,1,0,3,2,0
TCK-003889,Formulário Web,App Mobile,Dúvida / Como Fazer,Alta,Premium,Sudeste,73,138.5,0,4,0,1,0,97,16,0,0,0.0253,0,0,0,0,3,2,0
TCK-003890,Redes Sociais,Integrações,Cancelamento,Alta,Free,Centro-Oeste,76,114.8,0,9,2,10,1,55,8,0,0,0.0217,1,0,1,0,3,2,0
TCK-003891,Chat,Integrações,Acesso e Conta,Média,Free,Sudeste,54,101.7,0,15,2,11,0,54,10,0,0,0.0233,0,0,0,0,3,2,0
TCK-003892,Chat,Integrações,Dúvida / Como Fazer,Média,Premium,Norte,46,73.0,0,0,0,4,0,56,10,1,0,0.0217,0,0,0,0,3,2,0
TCK-003893,Email,App Mobile,Bug / Defeito,Média,Basic,Centro-Oeste,31,114.8,0,1,1,6,0,61,11,0,0,0.0408,0,0,0,1,3,2,0
TCK-003894,Formulário Web,Plataforma Web,Dúvida / Como Fazer,Crítica,Enterprise,Nordeste,34,30.6,0,7,6,6,0,149,25,0,0,0.0246,0,0,0,0,3,2,0
TCK-003895,Formulário Web,Relatórios,Problema Técnico,Baixa,Free,Norte,62,209.0,0,10,5,8,0,56,11,0,0,0.0222,0,0,0,0,3,2,0
TCK-003896,Chat,Relatórios,Dúvida / Como Fazer,Baixa,Free,Sul,19,104.9,0,2,3,4,0,56,10,1,0,0.0217,0,0,0,0,3,2,0
TCK-003897,Telefone,Faturamento,Dúvida / Como Fazer,Baixa,Premium,Centro-Oeste,22,109.9,0,20,6,7,0,56,10,1,0,0.0217,0,0,0,0,3,2,0
TCK-003898,Email,App Mobile,Bug / Defeito,Média,Free,Nordeste,30,74.5,0,8,5,7,0,61,10,0,0,0.02,1,0,0,1,3,2,0
TCK-003899,Email,Relatórios,Acesso e Conta,Baixa,Premium,Nordeste,34,780.2,0,23,5,6,0,171,25,0,0,0.0352,2,0,0,0,3,2,0
TCK-003900,Email,Faturamento,Problema Técnico,Média,Premium,Centro-Oeste,8,63.1,0,22,1,12,0,56,11,0,0,0.0222,0,0,0,0,3,2,0
TCK-003901,Chat,Plataforma Web,Cancelamento,Crítica,Basic,Sudeste,80,56.4,0,15,2,4,1,61,10,0,0,0.02,1,0,1,0,3,2,0
TCK-003902,Email,App Mobile,Faturamento,Média,Free,Sudeste,63,112.2,0,23,5,1,0,45,8,0,0,0.027,0,0,0,0,3,2,0
TCK-003903,Formulário Web,Relatórios,Acesso e Conta,Baixa,Basic,Centro-Oeste,55,363.8,0,4,2,6,0,54,10,0,0,0.0233,0,0,0,0,3,2,0
TCK-003904,Chat,API,Dúvida / Como Fazer,Baixa,Premium,Centro-Oeste,50,475.2,1,4,2,1,0,56,10,1,0,0.0217,0,0,0,0,4,3,1
TCK-003905,Formulário Web,Faturamento,Acesso e Conta,Média,Free,Sudeste,69,109.6,0,10,3,6,0,54,10,0,0,0.0233,0,0,0,0,3,2,0
TCK-003906,Email,App Mobile,Dúvida / Como Fazer,Média,Free,Norte,76,107.8,0,16,4,4,0,56,10,1,0,0.0217,0,0,0,0,3,2,0
TCK-003907,Redes Sociais,Integrações,Cancelamento,Alta,Free,Norte,26,57.3,0,3,0,5,0,51,8,0,0,0.0233,1,0,0,1,3,2,0
TCK-003908,Formulário Web,App Mobile,Dúvida / Como Fazer,Média,Basic,Norte,90,172.6,0,9,5,11,0,57,10,1,0,0.0213,0,0,0,0,3,2,0
TCK-003909,Chat,Plataforma Web,Solicitação de Recurso,Média,Free,Sudeste,30,276.3,0,2,3,3,1,57,9,1,0,0.0208,0,0,0,0,3,2,0
TCK-003910,Chat,App Mobile,Faturamento,Baixa,Basic,Norte,37,118.1,0,18,2,2,0,45,8,0,0,0.027,0,0,0,0,3,2,0
TCK-003911,Chat,API,Dúvida / Como Fazer,Crítica,Basic,Norte,47,34.8,0,21,2,3,0,102,18,1,1,0.0244,1,0,0,0,3,2,0
TCK-003912,Formulário Web,Plataforma Web,Problema Técnico,Média,Premium,Nordeste,42,119.7,1,9,4,1,0,59,10,0,0,0.0204,1,0,0,1,4,3,1
TCK-003913,Email,App Mobile,Problema Técnico,Baixa,Free,Norte,76,517.4,0,15,1,8,0,153,27,0,0,0.0242,0,0,0,0,3,2,0
TCK-003914,Formulário Web,App Mobile,Faturamento,Crítica,Free,Centro-Oeste,72,61.8,0,12,4,11,1,106,18,0,0,0.0235,1,1,0,0,3,2,0
TCK-003915,Redes Sociais,Relatórios,Problema Técnico,Crítica,Premium,Norte,40,29.8,1,11,3,3,1,161,27,0,0,0.0227,2,0,0,1,4,3,1
TCK-003916,Telefone,Faturamento,Acesso e Conta,Média,Free,Norte,14,102.3,0,23,6,11,0,171,31,0,0,0.0217,0,0,0,0,3,2,0
TCK-003917,Telefone,Faturamento,Solicitação de Recurso,Média,Basic,Sul,31,107.9,0,21,6,11,1,57,9,1,0,0.0208,0,0,0,0,3,2,0
TCK-003918,Formulário Web,Integrações,Problema Técnico,Média,Free,Sudeste,0,170.0,0,2,5,12,0,56,11,0,0,0.0222,0,0,0,0,3,2,0
TCK-003919,Email,API,Acesso e Conta,Baixa,Premium,Nordeste,37,301.7,0,2,5,3,0,54,10,0,0,0.0233,0,0,0,0,3,2,0
TCK-003920,Redes Sociais,API,Cancelamento,Baixa,Enterprise,Sul,12,526.0,0,7,5,7,0,51,8,0,0,0.0233,1,0,0,1,3,2,0
TCK-003921,Formulário Web,App Mobile,Faturamento,Média,Free,Sul,32,166.6,0,1,0,3,0,59,9,1,0,0.0204,0,0,0,0,3,2,0
TCK-003922,Redes Sociais,Plataforma Web,Problema Técnico,Média,Basic,Sudeste,31,211.3,0,7,6,5,1,55,10,0,0,0.0222,0,0,0,0,3,2,0
TCK-003923,Chat,App Mobile,Problema Técnico,Média,Premium,Sudeste,4,64.9,0,4,5,3,0,55,10,0,0,0.0222,0,0,0,0,3,2,0
TCK-003924,Telefone,App Mobile,Faturamento,Média,Premium,Sul,43,121.6,0,2,0,4,0,62,11,0,0,0.02,1,1,0,0,3,2,0
TCK-003925,Email,API,Acesso e Conta,Crítica,Free,Nordeste,47,60.0,0,15,2,11,0,64,12,0,0,0.0192,0,0,0,0,3,2,0
TCK-003926,Formulário Web,Relatórios,Bug / Defeito,Média,Premium,Centro-Oeste,49,249.2,0,8,2,10,1,61,11,0,0,0.0408,0,0,0,1,3,2,0
TCK-003927,Email,API,Faturamento,Média,Basic,Sul,23,35.6,1,10,6,8,0,161,25,2,0,0.0227,0,0,0,0,4,3,1
TCK-003928,Redes Sociais,App Mobile,Dúvida / Como Fazer,Alta,Enterprise,Norte,47,38.4,0,16,4,9,0,57,10,1,0,0.0213,0,0,0,0,3,2,0
TCK-003929,Chat,API,Dúvida / Como Fazer,Baixa,Premium,Sul,42,129.5,0,19,5,4,0,56,10,1,0,0.0217,0,0,0,0,3,2,0
TCK-003930,Email,Relatórios,Solicitação de Recurso,Baixa,Basic,Centro-Oeste,63,282.6,0,16,5,6,0,40,7,0,0,0.0303,0,0,0,0,3,2,0
TCK-003931,Formulário Web,Faturamento,Solicitação de Recurso,Alta,Basic,Nordeste,0,35.5,0,3,4,8,1,40,7,0,0,0.0303,0,0,0,0,3,2,0
TCK-003932,Telefone,Relatórios,Problema Técnico,Alta,Premium,Norte,15,22.7,0,7,4,8,1,161,27,0,0,0.0227,2,0,0,1,3,2,0
TCK-003933,Email,App Mobile,Acesso e Conta,Alta,Free,Centro-Oeste,43,65.6,0,21,6,10,0,64,9,0,0,0.037,1,0,0,0,3,2,0
TCK-003934,Formulário Web,Plataforma Web,Solicitação de Recurso,Média,Enterprise,Sudeste,51,138.7,0,18,2,10,1,55,8,0,0,0.0638,0,0,0,0,3,2,0
TCK-003935,Formulário Web,Relatórios,Acesso e Conta,Alta,Free,Norte,27,47.3,0,13,6,6,0,54,10,0,0,0.0233,0,0,0,0,3,2,0
TCK-003936,Formulário Web,Plataforma Web,Faturamento,Alta,Premium,Nordeste,17,47.5,0,15,6,10,0,104,17,1,1,0.0238,1,0,0,0,3,2,0
TCK-003937,Chat,Faturamento,Dúvida / Como Fazer,Média,Free,Nordeste,40,72.6,0,4,5,8,0,53,9,0,0,0.0227,0,0,0,0,3,2,0
TCK-003938,Email,App Mobile,Problema Técnico,Média,Free,Sul,65,176.4,1,10,1,6,1,56,11,0,0,0.0222,0,0,0,0,4,3,1
TCK-003939,Telefone,Relatórios,Dúvida / Como Fazer,Média,Free,Norte,18,110.3,0,2,2,12,0,56,10,1,0,0.0217,0,0,0,0,3,2,0
TCK-003940,Redes Sociais,Integrações,Cancelamento,Alta,Premium,Norte,63,61.7,0,12,2,9,1,95,15,0,0,0.0256,1,0,0,1,3,2,0
TCK-003941,Email,API,Acesso e Conta,Crítica,Basic,Sul,66,55.4,0,10,6,10,0,109,20,0,1,0.023,1,0,0,0,3,2,0
TCK-003942,Chat,Plataforma Web,Faturamento,Média,Enterprise,Sudeste,37,124.3,0,9,0,4,0,133,23,0,0,0.0278,0,0,0,0,3,2,0
TCK-003943,Formulário Web,Integrações,Dúvida / Como Fazer,Alta,Premium,Sul,44,52.2,0,16,4,8,0,53,9,0,0,0.0227,0,0,0,0,3,2,0
TCK-003944,Email,App Mobile,Acesso e Conta,Média,Basic,Sul,75,235.9,0,14,5,3,0,64,9,0,0,0.037,1,0,0,0,3,2,0
TCK-003945,Formulário Web,Faturamento,Problema Técnico,Média,Enterprise,Sudeste,29,217.5,0,1,6,3,0,55,10,0,0,0.0222,0,0,0,0,3,2,0
TCK-003946,Formulário Web,Integrações,Dúvida / Como Fazer,Baixa,Premium,Sudeste,58,240.3,0,10,2,4,0,57,10,1,0,0.0213,0,0,0,0,3,2,0
TCK-003947,Email,Relatórios,Problema Técnico,Baixa,Enterprise,Centro-Oeste,64,275.0,0,22,0,9,0,59,10,0,0,0.0204,1,0,0,1,3,2,0
TCK-003948,Email,Plataforma Web,Bug / Defeito,Média,Basic,Sul,30,95.4,0,22,3,8,0,46,9,0,0,0.0303,2,0,0,1,3,2,0
TCK-003949,Chat,Faturamento,Bug / Defeito,Média,Basic,Sul,55,95.1,1,10,0,3,1,165,27,0,0,0.0224,2,0,0,1,4,3,1
TCK-003950,Formulário Web,Plataforma Web,Acesso e Conta,Média,Basic,Centro-Oeste,54,243.5,0,11,2,10,0,64,12,0,0,0.0192,0,0,0,0,3,2,0
TCK-003951,Redes Sociais,Relatórios,Solicitação de Recurso,Baixa,Free,Centro-Oeste,48,179.6,0,11,3,1,0,55,8,0,0,0.0638,0,0,0,0,3,2,0
TCK-003952,Telefone,Relatórios,Faturamento,Baixa,Basic,Sul,18,269.1,0,12,3,8,0,62,11,0,0,0.02,1,1,0,0,3,2,0
TCK-003953,Email,App Mobile,Solicitação de Recurso,Crítica,Enterprise,Norte,29,34.2,1,11,5,10,1,55,8,0,0,0.0638,0,0,0,0,4,3,1
TCK-003954,Telefone,Integrações,Acesso e Conta,Alta,Enterprise,Centro-Oeste,73,65.1,0,10,2,9,0,54,10,0,0,0.0233,0,0,0,0,3,2,0
TCK-003955,Telefone,Integrações,Acesso e Conta,Alta,Basic,Norte,30,81.6,0,8,1,8,0,108,16,0,0,0.0337,1,0,0,0,3,2,0
TCK-003956,Formulário Web,Plataforma Web,Acesso e Conta,Baixa,Free,Norte,79,334.4,0,3,5,6,0,151,27,0,0,0.025,0,0,0,0,3,2,0
TCK-003957,Email,Plataforma Web,Dúvida / Como Fazer,Baixa,Free,Nordeste,29,157.0,0,2,0,12,0,53,9,0,0,0.0227,0,0,0,0,3,2,0
TCK-003958,Email,Faturamento,Cancelamento,Alta,Free,Sul,40,71.2,0,11,2,5,0,55,8,0,0,0.0217,1,0,1,0,3,2,0
TCK-003959,Chat,API,Dúvida / Como Fazer,Média,Basic,Sudeste,58,83.2,0,23,2,1,0,56,10,1,0,0.0217,0,0,0,0,3,2,0
TCK-003960,Formulário Web,App Mobile,Faturamento,Crítica,Premium,Norte,51,49.0,0,14,5,1,1,62,11,0,0,0.02,1,1,0,0,3,2,0
TCK-003961,Email,Plataforma Web,Dúvida / Como Fazer,Média,Free,Centro-Oeste,19,139.9,0,7,2,6,0,53,9,0,0,0.0227,0,0,0,0,3,2,0
TCK-003962,Formulário Web,Integrações,Solicitação de Recurso,Crítica,Basic,Nordeste,46,43.0,0,9,6,1,1,157,25,2,0,0.0231,0,0,0,0,3,2,0
TCK-003963,Chat,App Mobile,Bug / Defeito,Alta,Free,Norte,8,37.8,0,4,2,2,1,61,10,0,0,0.02,1,0,0,1,3,2,0
TCK-003964,Email,API,Faturamento,Média,Premium,Norte,0,172.5,0,4,1,3,0,167,29,0,0,0.0224,2,1,0,0,3,2,0
TCK-003965,Email,Faturamento,Bug / Defeito,Baixa,Basic,Sudeste,33,372.8,0,2,6,11,0,165,29,0,0,0.0379,0,0,0,1,3,2,0
TCK-003966,Email,Plataforma Web,Bug / Defeito,Baixa,Premium,Nordeste,22,64.8,0,1,4,8,0,46,9,0,0,0.0303,2,0,0,1,3,2,0
TCK-003967,Telefone,Relatórios,Cancelamento,Média,Enterprise,Sul,30,64.5,0,21,3,12,0,61,10,0,0,0.02,1,0,1,0,3,2,0
TCK-003968,Chat,Integrações,Faturamento,Média,Premium,Nordeste,0,82.7,0,4,1,2,0,59,9,1,0,0.0204,0,0,0,0,3,2,0
TCK-003969,Email,Plataforma Web,Problema Técnico,Alta,Basic,Nordeste,7,38.9,0,21,0,2,0,103,17,0,0,0.0238,1,0,0,1,3,2,0
TCK-003970,Telefone,Integrações,Problema Técnico,Alta,Basic,Sudeste,40,66.8,0,7,6,1,0,161,27,0,0,0.0227,2,0,0,1,3,2,0
TCK-003971,Email,API,Bug / Defeito,Média,Premium,Nordeste,63,340.5,0,14,1,5,1,61,11,0,0,0.0408,0,0,0,1,3,2,0
TCK-003972,Telefone,Relatórios,Dúvida / Como Fazer,Alta,Premium,Sudeste,61,47.7,0,15,1,1,0,56,10,1,0,0.0217,0,0,0,0,3,2,0
TCK-003973,Email,Faturamento,Problema Técnico,Alta,Free,Norte,22,43.2,0,19,0,12,0,93,15,0,0,0.026,2,0,0,1,3,2,0
TCK-003974,Redes Sociais,Plataforma Web,Solicitação de Recurso,Baixa,Premium,Norte,41,436.1,0,15,2,11,0,40,7,0,0,0.0303,0,0,0,0,3,2,0
TCK-003975,Email,Faturamento,Acesso e Conta,Média,Enterprise,Norte,19,56.2,0,22,4,6,0,54,10,0,0,0.0233,0,0,0,0,3,2,0
TCK-003976,Email,Plataforma Web,Dúvida / Como Fazer,Média,Basic,Sudeste,58,97.0,0,6,4,8,0,53,9,0,0,0.0227,0,0,0,0,3,2,0
TCK-003977,Telefone,App Mobile,Bug / Defeito,Alta,Free,Centro-Oeste,35,76.5,0,22,4,12,1,61,11,0,0,0.0408,0,0,0,1,3,2,0
TCK-003978,Telefone,Faturamento,Problema Técnico,Baixa,Free,Norte,27,207.2,0,12,6,6,0,55,10,0,0,0.0222,0,0,0,0,3,2,0
TCK-003979,Email,Integrações,Faturamento,Média,Premium,Sul,34,210.7,0,16,0,7,0,45,8,0,0,0.027,0,0,0,0,3,2,0
TCK-003980,Chat,Integrações,Problema Técnico,Crítica,Free,Sudeste,20,24.8,1,8,1,2,1,93,15,0,0,0.026,2,0,0,1,4,3,1
TCK-003981,Telefone,Plataforma Web,Solicitação de Recurso,Baixa,Premium,Nordeste,11,235.1,0,19,4,5,0,157,25,2,0,0.0231,0,0,0,0,3,2,0
TCK-003982,Formulário Web,Plataforma Web,Dúvida / Como Fazer,Baixa,Basic,Sudeste,42,308.1,0,22,6,9,0,57,10,1,0,0.0213,0,0,0,0,3,2,0
TCK-003983,Telefone,Integrações,Acesso e Conta,Média,Free,Sudeste,41,227.4,0,10,6,1,0,64,9,0,0,0.037,1,0,0,0,3,2,0
TCK-003984,Telefone,Relatórios,Problema Técnico,Média,Premium,Centro-Oeste,25,63.9,0,1,4,3,0,56,11,0,0,0.0222,0,0,0,0,3,2,0
TCK-003985,Email,App Mobile,Solicitação de Recurso,Média,Premium,Centro-Oeste,42,207.2,0,11,5,4,1,40,7,0,0,0.0303,0,0,0,0,3,2,0
TCK-003986,Email,Faturamento,Bug / Defeito,Média,Premium,Sudeste,72,210.6,0,10,1,10,0,61,10,0,0,0.02,1,0,0,1,3,2,0
TCK-003987,Redes Sociais,Integrações,Problema Técnico,Baixa,Basic,Nordeste,14,244.2,0,19,0,9,1,59,10,0,0,0.0204,1,0,0,1,3,2,0
TCK-003988,Email,API,Acesso e Conta,Alta,Basic,Sul,36,91.5,0,10,6,7,0,64,9,0,0,0.037,1,0,0,0,3,2,0
TCK-003989,Chat,API,Acesso e Conta,Média,Free,Centro-Oeste,28,73.8,0,19,6,6,0,171,25,0,0,0.0352,2,0,0,0,3,2,0
TCK-003990,Telefone,Plataforma Web,Problema Técnico,Média,Basic,Sudeste,2,126.0,0,9,1,1,0,55,10,0,0,0.0222,0,0,0,0,3,2,0
TCK-003991,Email,Plataforma Web,Faturamento,Média,Free,Nordeste,42,143.5,0,2,1,1,0,62,11,0,0,0.02,1,1,0,0,3,2,0
TCK-003992,Redes Sociais,App Mobile,Cancelamento,Média,Premium,Norte,42,154.4,0,16,1,10,0,55,8,0,0,0.0217,1,0,1,0,3,2,0
TCK-003993,Email,API,Bug / Defeito,Média,Free,Norte,44,130.0,0,14,3,7,1,165,27,0,0,0.0224,2,0,0,1,3,2,0
TCK-003994,Email,Plataforma Web,Dúvida / Como Fazer,Média,Premium,Norte,0,72.0,0,7,0,8,0,149,25,0,0,0.0246,0,0,0,0,3,2,0
TCK-003995,Chat,Plataforma Web,Dúvida / Como Fazer,Média,Enterprise,Norte,61,239.7,0,12,2,11,0,53,9,0,0,0.0227,0,0,0,0,3,2,0
TCK-003996,Redes Sociais,Faturamento,Dúvida / Como Fazer,Média,Premium,Sul,14,220.0,0,22,6,3,0,57,10,1,0,0.0213,0,0,0,0,3,2,0
TCK-003997,Redes Sociais,API,Dúvida / Como Fazer,Baixa,Basic,Norte,73,219.6,0,15,1,5,0,56,10,1,0,0.0217,0,0,0,0,3,2,0
TCK-003998,Formulário Web,Plataforma Web,Dúvida / Como Fazer,Baixa,Free,Sul,53,262.4,0,8,3,12,0,56,10,1,0,0.0217,0,0,0,0,3,2,0
TCK-003999,Formulário Web,App Mobile,Acesso e Conta,Alta,Premium,Sudeste,37,110.3,0,13,3,1,0,64,9,0,0,0.037,1,0,0,0,3,2,0
TCK-004000,Redes Sociais,API,Dúvida / Como Fazer,Crítica,Basic,Norte,19,41.3,0,17,1,5,0,57,10,1,0,0.0213,0,0,0,0,3,2,0
TCK-004001,Formulário Web,Plataforma Web,Solicitação de Recurso,Baixa,Enterprise,Nordeste,72,145.5,0,23,6,2,0,40,7,0,0,0.0303,0,0,0,0,3,2,0
TCK-004002,Redes Sociais,API,Problema Técnico,Baixa,Free,Norte,37,221.8,0,1,0,9,0,153,27,0,0,0.0242,0,0,0,0,3,2,0
TCK-004003,Chat,API,Acesso e Conta,Alta,Basic,Norte,50,101.1,0,12,0,3,0,64,12,0,0,0.0192,0,0,0,0,3,2,0
TCK-004004,Email,API,Cancelamento,Média,Basic,Sudeste,20,453.2,0,10,2,9,0,51,8,0,0,0.0233,1,0,0,1,3,2,0
TCK-004005,Telefone,Plataforma Web,Bug / Defeito,Baixa,Premium,Sul,52,1035.2,0,8,6,6,0,46,9,0,0,0.0303,2,0,0,1,3,2,0
TCK-004006,Chat,App Mobile,Faturamento,Baixa,Premium,Sudeste,19,332.1,0,1,6,1,0,59,9,1,0,0.0204,0,0,0,0,3,2,0
TCK-004007,Telefone,API,Problema Técnico,Alta,Free,Centro-Oeste,14,26.9,0,0,2,12,1,59,10,0,0,0.0204,1,0,0,1,3,2,0
TCK-004008,Email,Integrações,Problema Técnico,Baixa,Premium,Centro-Oeste,64,230.7,0,15,6,12,0,59,10,0,0,0.0204,1,0,0,1,3,2,0
TCK-004009,Chat,Plataforma Web,Acesso e Conta,Média,Basic,Nordeste,27,50.8,0,1,3,9,0,64,12,0,0,0.0192,0,0,0,0,3,2,0
TCK-004010,Redes Sociais,Faturamento,Faturamento,Baixa,Free,Centro-Oeste,47,380.4,0,4,5,4,0,45,8,0,0,0.027,0,0,0,0,3,2,0
TCK-004011,Chat,Faturamento,Dúvida / Como Fazer,Alta,Premium,Centro-Oeste,36,65.7,1,19,5,8,0,57,10,1,0,0.0213,0,0,0,0,4,3,1
TCK-004012,Email,Integrações,Bug / Defeito,Baixa,Free,Centro-Oeste,24,445.3,0,14,4,5,0,46,9,0,0,0.0303,2,0,0,1,3,2,0
TCK-004013,Formulário Web,App Mobile,Solicitação de Recurso,Baixa,Free,Nordeste,33,167.2,0,4,4,9,0,57,9,1,0,0.0208,0,0,0,0,3,2,0
TCK-004014,Email,Plataforma Web,Problema Técnico,Média,Basic,Centro-Oeste,80,132.6,0,13,6,9,0,161,27,0,0,0.0227,2,0,0,1,3,2,0
TCK-004015,Formulário Web,App Mobile,Solicitação de Recurso,Crítica,Premium,Sudeste,40,34.4,0,7,3,8,1,201,32,2,0,0.0242,0,0,0,0,3,2,0
TCK-004016,Redes Sociais,Plataforma Web,Problema Técnico,Baixa,Premium,Nordeste,17,219.7,0,8,1,5,0,55,10,0,0,0.0222,0,0,0,0,3,2,0
TCK-004017,Telefone,Integrações,Bug / Defeito,Média,Basic,Sudeste,20,146.1,0,23,0,1,0,46,9,0,0,0.0303,2,0,0,1,3,2,0
TCK-004018,Chat,Plataforma Web,Bug / Defeito,Baixa,Premium,Sudeste,14,127.0,0,21,6,2,0,46,9,0,0,0.0303,2,0,0,1,3,2,0
TCK-004019,Chat,Relatórios,Dúvida / Como Fazer,Média,Basic,Sudeste,67,210.4,0,15,0,11,0,149,25,0,0,0.0246,0,0,0,0,3,2,0
TCK-004020,Email,Integrações,Acesso e Conta,Média,Premium,Sul,19,133.2,0,19,0,11,0,54,10,0,0,0.0233,0,0,0,0,3,2,0
TCK-004021,Email,Plataforma Web,Dúvida / Como Fazer,Média,Enterprise,Nordeste,21,147.3,0,1,2,7,0,56,10,1,0,0.0217,0,0,0,0,3,2,0
TCK-004022,Chat,Plataforma Web,Problema Técnico,Alta,Basic,Centro-Oeste,39,69.4,0,10,2,11,0,55,10,0,0,0.0222,0,0,0,0,3,2,0
TCK-004023,Chat,API,Acesso e Conta,Média,Free,Sudeste,49,133.2,0,6,1,1,0,64,9,0,0,0.037,1,0,0,0,3,2,0
TCK-004024,Telefone,Integrações,Solicitação de Recurso,Média,Basic,Norte,22,113.2,0,1,2,2,0,57,9,1,0,0.0208,0,0,0,0,3,2,0
TCK-004025,Email,Relatórios,Solicitação de Recurso,Média,Premium,Sudeste,51,171.5,1,2,1,9,1,40,7,0,0,0.0303,0,0,0,0,4,3,1
TCK-004026,Redes Sociais,Faturamento,Problema Técnico,Média,Free,Sul,45,278.4,0,22,0,10,0,56,11,0,0,0.0222,0,0,0,0,3,2,0
TCK-004027,Email,Plataforma Web,Bug / Defeito,Média,Free,Nordeste,30,86.7,0,3,1,3,0,61,10,0,0,0.02,1,0,0,1,3,2,0
TCK-004028,Formulário Web,App Mobile,Problema Técnico,Média,Free,Centro-Oeste,54,154.2,0,2,5,12,0,59,10,0,0,0.0204,1,0,0,1,3,2,0
TCK-004029,Redes Sociais,API,Problema Técnico,Média,Free,Centro-Oeste,8,103.6,0,23,3,7,1,56,11,0,0,0.0222,0,0,0,0,3,2,0
TCK-004030,Email,Relatórios,Bug / Defeito,Média,Basic,Sudeste,64,139.8,0,14,6,11,0,61,11,0,0,0.0408,0,0,0,1,3,2,0
TCK-004031,Chat,Relatórios,Bug / Defeito,Baixa,Premium,Centro-Oeste,54,202.4,0,15,2,11,0,46,9,0,0,0.0303,2,0,0,1,3,2,0
TCK-004032,Email,Plataforma Web,Problema Técnico,Baixa,Basic,Sul,54,217.0,0,14,1,11,0,56,11,0,0,0.0222,0,0,0,0,3,2,0
TCK-004033,Redes Sociais,API,Dúvida / Como Fazer,Baixa,Basic,Centro-Oeste,74,249.5,0,14,6,1,0,53,9,0,0,0.0227,0,0,0,0,3,2,0
TCK-004034,Email,Plataforma Web,Problema Técnico,Média,Enterprise,Sudeste,59,387.9,0,5,6,7,0,56,11,0,0,0.0222,0,0,0,0,3,2,0
TCK-004035,Chat,API,Faturamento,Média,Premium,Norte,50,89.3,0,17,6,3,0,59,9,1,0,0.0204,0,0,0,0,3,2,0
TCK-004036,Formulário Web,Faturamento,Cancelamento,Baixa,Enterprise,Sudeste,37,285.2,0,0,4,4,0,55,8,0,0,0.0217,1,0,1,0,3,2,0
TCK-004037,Formulário Web,Integrações,Dúvida / Como Fazer,Baixa,Basic,Centro-Oeste,39,215.9,0,22,6,9,0,56,10,1,0,0.0217,0,0,0,0,3,2,0
TCK-004038,Chat,App Mobile,Cancelamento,Baixa,Free,Centro-Oeste,28,110.7,0,16,5,5,0,55,8,0,0,0.0217,1,0,1,0,3,2,0
TCK-004039,Telefone,App Mobile,Problema Técnico,Média,Basic,Sudeste,44,56.2,0,23,1,4,0,59,10,0,0,0.0204,1,0,0,1,3,2,0
TCK-004040,Email,Plataforma Web,Dúvida / Como Fazer,Média,Premium,Sudeste,7,172.7,0,7,1,12,0,56,10,1,0,0.0217,0,0,0,0,3,2,0
TCK-004041,Email,App Mobile,Acesso e Conta,Alta,Basic,Sudeste,14,33.5,0,8,2,12,0,54,10,0,0,0.0233,0,0,0,0,3,2,0
TCK-004042,Formulário Web,Integrações,Bug / Defeito,Alta,Free,Centro-Oeste,7,29.2,0,22,0,10,1,46,9,0,0,0.0303,2,0,0,1,3,2,0
TCK-004043,Email,Integrações,Solicitação de Recurso,Média,Premium,Norte,49,298.3,0,4,3,6,1,123,21,0,0,0.03,0,0,0,0,3,2,0
TCK-004044,Email,Relatórios,Faturamento,Média,Free,Sul,10,119.5,0,15,2,10,0,59,9,1,0,0.0204,0,0,0,0,3,2,0
TCK-004045,Redes Sociais,API,Problema Técnico,Alta,Basic,Centro-Oeste,32,63.7,0,0,2,4,0,59,10,0,0,0.0204,1,0,0,1,3,2,0
TCK-004046,Redes Sociais,Relatórios,Cancelamento,Crítica,Basic,Sudeste,0,14.2,1,4,1,3,1,55,8,0,0,0.0217,1,0,1,0,4,3,1
TCK-004047,Telefone,App Mobile,Dúvida / Como Fazer,Alta,Premium,Nordeste,16,36.0,0,1,4,6,0,56,10,1,0,0.0217,0,0,0,0,3,2,0
TCK-004048,Telefone,Plataforma Web,Bug / Defeito,Baixa,Basic,Sudeste,18,145.3,0,8,5,12,0,46,9,0,0,0.0303,2,0,0,1,3,2,0
TCK-004049,Email,App Mobile,Faturamento,Média,Premium,Nordeste,34,117.0,0,16,6,3,0,167,29,0,0,0.0224,2,1,0,0,3,2,0
TCK-004050,Chat,Relatórios,Solicitação de Recurso,Alta,Premium,Norte,68,62.1,0,4,4,7,1,40,7,0,0,0.0303,0,0,0,0,3,2,0
TCK-004051,Chat,Plataforma Web,Faturamento,Média,Free,Centro-Oeste,77,351.1,0,10,3,6,0,62,11,0,0,0.02,1,1,0,0,3,2,0
TCK-004052,Telefone,Integrações,Dúvida / Como Fazer,Alta,Enterprise,Sul,59,66.5,0,13,1,12,0,53,9,0,0,0.0227,0,0,0,0,3,2,0
TCK-004053,Email,Faturamento,Dúvida / Como Fazer,Média,Premium,Sudeste,57,257.5,0,18,0,12,0,149,25,0,0,0.0246,0,0,0,0,3,2,0
TCK-004054,Email,Integrações,Cancelamento,Baixa,Basic,Nordeste,34,407.1,0,5,0,9,0,153,23,0,0,0.0238,2,0,1,0,3,2,0
TCK-004055,Telefone,App Mobile,Bug / Defeito,Média,Premium,Norte,29,123.9,0,18,0,10,0,46,9,0,0,0.0303,2,0,0,1,3,2,0
TCK-004056,Redes Sociais,App Mobile,Problema Técnico,Baixa,Premium,Sul,0,214.7,0,3,5,3,0,59,10,0,0,0.0204,1,0,0,1,3,2,0
TCK-004057,Email,App Mobile,Problema Técnico,Alta,Free,Nordeste,40,40.1,0,8,1,12,1,59,10,0,0,0.0204,1,0,0,1,3,2,0
TCK-004058,Formulário Web,Faturamento,Faturamento,Baixa,Premium,Sudeste,39,145.6,0,17,5,8,0,45,8,0,0,0.027,0,0,0,0,3,2,0
TCK-004059,Email,Plataforma Web,Acesso e Conta,Alta,Basic,Centro-Oeste,31,63.8,0,14,5,8,0,98,17,0,0,0.0256,0,0,0,0,3,2,0
TCK-004060,Email,Integrações,Faturamento,Média,Basic,Sudeste,71,327.3,0,11,3,9,0,167,29,0,0,0.0224,2,1,0,0,3,2,0
TCK-004061,Chat,Integrações,Problema Técnico,Média,Free,Centro-Oeste,3,153.7,0,7,2,9,0,56,11,0,0,0.0222,0,0,0,0,3,2,0
TCK-004062,Chat,Plataforma Web,Bug / Defeito,Alta,Premium,Nordeste,73,70.7,0,13,6,4,1,61,11,0,0,0.0408,0,0,0,1,3,2,0
TCK-004063,Redes Sociais,Integrações,Solicitação de Recurso,Baixa,Basic,Sul,31,371.6,0,4,4,10,1,57,9,1,0,0.0208,0,0,0,0,3,2,0
TCK-004064,Email,App Mobile,Solicitação de Recurso,Média,Enterprise,Centro-Oeste,40,115.7,0,13,2,12,1,55,8,0,0,0.0638,0,0,0,0,3,2,0
TCK-004065,Chat,Plataforma Web,Problema Técnico,Baixa,Basic,Nordeste,54,187.4,0,20,2,6,0,59,10,0,0,0.0204,1,0,0,1,3,2,0
TCK-004066,Formulário Web,Plataforma Web,Faturamento,Média,Free,Centro-Oeste,15,96.9,0,19,6,3,0,133,23,0,0,0.0278,0,0,0,0,3,2,0
TCK-004067,Chat,API,Problema Técnico,Baixa,Basic,Centro-Oeste,57,231.2,0,6,3,8,0,56,11,0,0,0.0222,0,0,0,0,3,2,0
TCK-004068,Formulário Web,Faturamento,Problema Técnico,Média,Basic,Sudeste,34,111.3,0,6,1,6,0,56,11,0,0,0.0222,0,0,0,0,3,2,0
TCK-004069,Chat,Faturamento,Bug / Defeito,Alta,Basic,Nordeste,59,69.2,1,18,3,12,1,90,16,0,0,0.0294,2,0,0,1,4,3,1
TCK-004070,Formulário Web,Plataforma Web,Bug / Defeito,Média,Basic,Sudeste,55,157.9,0,1,5,8,0,61,11,0,0,0.0408,0,0,0,1,3,2,0
TCK-004071,Redes Sociais,Integrações,Acesso e Conta,Alta,Basic,Norte,28,58.6,0,22,1,1,0,64,9,0,0,0.037,1,0,0,0,3,2,0
TCK-004072,Redes Sociais,Plataforma Web,Problema Técnico,Alta,Free,Centro-Oeste,24,56.4,0,3,5,4,1,59,10,0,0,0.0204,1,0,0,1,3,2,0
TCK-004073,Email,Relatórios,Solicitação de Recurso,Baixa,Free,Sul,56,261.5,0,1,5,10,0,55,8,0,0,0.0638,0,0,0,0,3,2,0
TCK-004074,Chat,Relatórios,Bug / Defeito,Baixa,Premium,Norte,30,382.3,0,18,1,3,0,61,11,0,0,0.0408,0,0,0,1,3,2,0
TCK-004075,Email,Faturamento,Dúvida / Como Fazer,Média,Free,Centro-Oeste,28,156.4,0,19,3,3,0,57,10,1,0,0.0213,0,0,0,0,3,2,0
TCK-004076,Chat,API,Dúvida / Como Fazer,Média,Premium,Sul,28,95.2,0,4,3,6,0,53,9,0,0,0.0227,0,0,0,0,3,2,0
TCK-004077,Telefone,Integrações,Faturamento,Baixa,Free,Centro-Oeste,69,276.5,0,14,4,6,0,59,9,1,0,0.0204,0,0,0,0,3,2,0
TCK-004078,Chat,App Mobile,Bug / Defeito,Baixa,Basic,Sudeste,17,149.8,0,3,4,3,0,61,11,0,0,0.0408,0,0,0,1,3,2,0
TCK-004079,Email,Integrações,Acesso e Conta,Média,Free,Sul,34,160.9,0,0,3,6,0,64,9,0,0,0.037,1,0,0,0,3,2,0
TCK-004080,Chat,Faturamento,Faturamento,Baixa,Basic,Nordeste,26,80.9,0,11,6,9,0,45,8,0,0,0.027,0,0,0,0,3,2,0
TCK-004081,Formulário Web,Plataforma Web,Problema Técnico,Baixa,Free,Nordeste,29,192.3,0,20,0,2,0,55,10,0,0,0.0222,0,0,0,0,3,2,0
TCK-004082,Telefone,Relatórios,Faturamento,Baixa,Premium,Sul,55,160.4,0,12,6,9,0,59,9,1,0,0.0204,0,0,0,0,3,2,0
TCK-004083,Formulário Web,API,Cancelamento,Média,Premium,Centro-Oeste,42,124.6,0,16,5,9,0,145,23,0,0,0.025,2,0,0,1,3,2,0
TCK-004084,Email,Plataforma Web,Dúvida / Como Fazer,Alta,Basic,Sudeste,61,70.8,0,12,5,12,0,53,9,0,0,0.0227,0,0,0,0,3,2,0
TCK-004085,Formulário Web,Faturamento,Dúvida / Como Fazer,Crítica,Premium,Nordeste,21,35.1,0,8,3,1,0,53,9,0,0,0.0227,0,0,0,0,3,2,0
TCK-004086,Redes Sociais,Integrações,Faturamento,Baixa,Basic,Norte,21,212.0,0,20,2,8,0,59,9,1,0,0.0204,0,0,0,0,3,2,0
TCK-004087,Formulário Web,Relatórios,Problema Técnico,Baixa,Premium,Norte,32,218.4,0,12,6,1,0,56,11,0,0,0.0222,0,0,0,0,3,2,0
TCK-004088,Email,Plataforma Web,Bug / Defeito,Média,Enterprise,Nordeste,31,120.3,0,20,1,10,0,61,11,0,0,0.0408,0,0,0,1,3,2,0
TCK-004089,Email,Relatórios,Problema Técnico,Alta,Basic,Sudeste,63,114.5,0,17,6,2,1,55,10,0,0,0.0222,0,0,0,0,3,2,0
TCK-004090,Telefone,Faturamento,Dúvida / Como Fazer,Média,Free,Nordeste,60,204.8,0,16,5,1,0,57,10,1,0,0.0213,0,0,0,0,3,2,0
TCK-004091,Formulário Web,Integrações,Dúvida / Como Fazer,Baixa,Enterprise,Norte,28,193.6,0,6,2,12,0,53,9,0,0,0.0227,0,0,0,0,3,2,0
TCK-004092,Email,API,Solicitação de Recurso,Crítica,Premium,Sul,32,37.1,0,15,1,6,1,55,8,0,0,0.0638,0,0,0,0,3,2,0
TCK-004093,Formulário Web,Relatórios,Acesso e Conta,Média,Premium,Norte,51,97.0,0,19,3,12,0,64,9,0,0,0.037,1,0,0,0,3,2,0
TCK-004094,Chat,API,Bug / Defeito,Baixa,Basic,Centro-Oeste,46,237.4,0,9,6,6,0,61,11,0,0,0.0408,0,0,0,1,3,2,0
TCK-004095,Chat,App Mobile,Bug / Defeito,Baixa,Enterprise,Nordeste,55,159.5,1,21,0,7,0,46,9,0,0,0.0303,2,0,0,1,4,3,1
TCK-004096,Email,API,Problema Técnico,Média,Basic,Centro-Oeste,27,126.1,0,22,3,5,0,59,10,0,0,0.0204,1,0,0,1,3,2,0
TCK-004097,Chat,Plataforma Web,Bug / Defeito,Baixa,Basic,Centro-Oeste,62,386.4,0,7,6,1,0,61,10,0,0,0.02,1,0,0,1,3,2,0
TCK-004098,Email,API,Bug / Defeito,Baixa,Basic,Centro-Oeste,67,206.2,0,12,3,4,0,61,10,0,0,0.02,1,0,0,1,3,2,0
TCK-004099,Telefone,Relatórios,Solicitação de Recurso,Média,Basic,Nordeste,51,128.5,1,12,0,8,1,40,7,0,0,0.0303,0,0,0,0,4,3,1
TCK-004100,Email,Relatórios,Faturamento,Baixa,Premium,Sul,54,440.3,0,6,0,9,0,45,8,0,0,0.027,0,0,0,0,3,2,0
TCK-004101,Email,Relatórios,Bug / Defeito,Baixa,Enterprise,Sudeste,17,266.5,0,3,0,4,0,135,25,0,0,0.03,4,0,0,1,3,2,0
TCK-004102,Email,Plataforma Web,Cancelamento,Média,Premium,Sudeste,36,98.0,0,19,4,4,0,51,8,0,0,0.0233,1,0,0,1,3,2,0
TCK-004103,Formulário Web,Relatórios,Solicitação de Recurso,Baixa,Premium,Sudeste,27,456.6,0,1,6,2,1,55,8,0,0,0.0638,0,0,0,0,3,2,0
TCK-004104,Email,Integrações,Faturamento,Alta,Premium,Nordeste,23,59.4,0,13,5,10,0,133,23,0,0,0.0278,0,0,0,0,3,2,0
TCK-004105,Telefone,Plataforma Web,Dúvida / Como Fazer,Baixa,Premium,Sul,42,162.4,0,23,6,12,0,57,10,1,0,0.0213,0,0,0,0,3,2,0
TCK-004106,Telefone,Faturamento,Acesso e Conta,Alta,Premium,Centro-Oeste,50,86.9,0,2,3,7,0,64,12,0,0,0.0192,0,0,0,0,3,2,0
TCK-004107,Redes Sociais,App Mobile,Dúvida / Como Fazer,Média,Basic,Centro-Oeste,54,108.2,0,17,6,5,0,53,9,0,0,0.0227,0,0,0,0,3,2,0
TCK-004108,Chat,Faturamento,Dúvida / Como Fazer,Média,Basic,Sul,40,61.2,0,3,3,6,0,53,9,0,0,0.0227,0,0,0,0,3,2,0
TCK-004109,Email,App Mobile,Faturamento,Crítica,Free,Centro-Oeste,61,47.3,0,10,1,9,1,62,11,0,0,0.02,1,1,0,0,3,2,0
TCK-004110,Telefone,Faturamento,Problema Técnico,Média,Free,Nordeste,54,139.9,0,12,5,3,0,55,10,0,0,0.0222,0,0,0,0,3,2,0
TCK-004111,Email,Relatórios,Bug / Defeito,Alta,Basic,Sul,28,69.2,1,6,6,11,1,61,10,0,0,0.02,1,0,0,1,4,3,1
TCK-004112,Email,Relatórios,Problema Técnico,Baixa,Basic,Nordeste,27,413.2,0,22,2,8,0,56,11,0,0,0.0222,0,0,0,0,3,2,0
TCK-004113,Chat,Relatórios,Acesso e Conta,Média,Basic,Nordeste,24,62.3,0,1,5,12,0,171,31,0,0,0.0217,0,0,0,0,3,2,0
TCK-004114,Chat,App Mobile,Acesso e Conta,Média,Basic,Nordeste,29,91.7,0,17,4,10,0,64,9,0,0,0.037,1,0,0,0,3,2,0
TCK-004115,Formulário Web,Relatórios,Bug / Defeito,Baixa,Free,Centro-Oeste,43,312.0,0,4,3,4,0,61,11,0,0,0.0408,0,0,0,1,3,2,0
TCK-004116,Telefone,App Mobile,Acesso e Conta,Baixa,Basic,Nordeste,0,238.0,0,23,0,1,0,54,10,0,0,0.0233,0,0,0,0,3,2,0
TCK-004117,Formulário Web,Faturamento,Acesso e Conta,Crítica,Basic,Centro-Oeste,13,44.2,0,22,0,9,0,64,12,0,0,0.0192,0,0,0,0,3,2,0
TCK-004118,Email,Plataforma Web,Bug / Defeito,Média,Basic,Sudeste,48,388.6,0,18,3,7,1,61,11,0,0,0.0408,0,0,0,1,3,2,0
TCK-004119,Email,Relatórios,Faturamento,Média,Free,Sudeste,43,108.5,0,13,2,12,0,59,9,1,0,0.0204,0,0,0,0,3,2,0
TCK-004120,Email,Integrações,Problema Técnico,Média,Free,Centro-Oeste,25,115.0,0,6,5,2,0,155,29,0,0,0.0242,0,0,0,0,3,2,0
TCK-004121,Chat,App Mobile,Problema Técnico,Baixa,Premium,Nordeste,10,142.1,0,22,5,8,0,56,11,0,0,0.0222,0,0,0,0,3,2,0
TCK-004122,Formulário Web,Relatórios,Dúvida / Como Fazer,Alta,Free,Sul,36,60.4,0,23,1,12,0,90,15,1,0,0.027,1,0,0,0,3,2,0
TCK-004123,Formulário Web,Relatórios,Acesso e Conta,Baixa,Basic,Centro-Oeste,13,251.8,0,8,5,5,0,64,12,0,0,0.0192,0,0,0,0,3,2,0
TCK-004124,Redes Sociais,API,Faturamento,Alta,Free,Sudeste,67,77.1,0,16,0,1,1,59,9,1,0,0.0204,0,0,0,0,3,2,0
TCK-004125,Email,Integrações,Faturamento,Média,Free,Nordeste,0,183.7,0,21,4,8,0,45,8,0,0,0.027,0,0,0,0,3,2,0
TCK-004126,Redes Sociais,API,Dúvida / Como Fazer,Baixa,Premium,Sudeste,58,321.4,0,13,3,4,0,53,9,0,0,0.0227,0,0,0,0,3,2,0
TCK-004127,Email,Integrações,Acesso e Conta,Média,Enterprise,Nordeste,37,201.8,0,12,4,1,0,54,10,0,0,0.0233,0,0,0,0,3,2,0
TCK-004128,Chat,Plataforma Web,Faturamento,Baixa,Premium,Sul,27,224.7,0,19,0,9,0,62,11,0,0,0.02,1,1,0,0,3,2,0
TCK-004129,Email,Integrações,Acesso e Conta,Média,Premium,Centro-Oeste,28,95.4,0,20,5,2,0,64,9,0,0,0.037,1,0,0,0,3,2,0
TCK-004130,Chat,Faturamento,Dúvida / Como Fazer,Baixa,Free,Norte,41,150.3,0,10,1,9,0,53,9,0,0,0.0227,0,0,0,0,3,2,0
TCK-004131,Chat,API,Acesso e Conta,Média,Basic,Norte,17,147.2,0,2,4,12,0,64,9,0,0,0.037,1,0,0,0,3,2,0
TCK-004132,Email,Integrações,Acesso e Conta,Crítica,Free,Sul,10,14.7,0,15,6,12,0,98,17,0,0,0.025,1,0,0,0,3,2,0
TCK-004133,Email,Relatórios,Acesso e Conta,Média,Free,Nordeste,13,47.9,0,19,4,8,0,64,12,0,0,0.0192,0,0,0,0,3,2,0
TCK-004134,Redes Sociais,App Mobile,Bug / Defeito,Média,Premium,Sudeste,33,291.7,0,4,2,3,0,61,10,0,0,0.02,1,0,0,1,3,2,0
TCK-004135,Chat,Relatórios,Acesso e Conta,Média,Premium,Norte,40,171.9,0,18,3,4,0,64,12,0,0,0.0192,0,0,0,0,3,2,0
TCK-004136,Email,Relatórios,Problema Técnico,Baixa,Basic,Centro-Oeste,25,159.5,1,2,1,5,0,55,10,0,0,0.0222,0,0,0,0,4,3,1
TCK-004137,Chat,API,Bug / Defeito,Crítica,Free,Nordeste,27,22.7,1,13,0,12,1,46,9,0,0,0.0303,2,0,0,1,4,3,1
TCK-004138,Email,API,Dúvida / Como Fazer,Baixa,Basic,Sudeste,13,192.4,0,19,2,3,0,56,10,1,0,0.0217,0,0,0,0,3,2,0
TCK-004139,Email,App Mobile,Dúvida / Como Fazer,Média,Enterprise,Norte,31,95.3,0,19,1,10,0,57,10,1,0,0.0213,0,0,0,0,3,2,0
TCK-004140,Redes Sociais,Relatórios,Bug / Defeito,Média,Premium,Sudeste,54,334.6,0,15,5,1,1,61,11,0,0,0.0408,0,0,0,1,3,2,0
TCK-004141,Redes Sociais,Relatórios,Faturamento,Crítica,Basic,Sul,24,30.5,0,5,6,6,0,45,8,0,0,0.027,0,0,0,0,3,2,0
TCK-004142,Chat,API,Faturamento,Média,Basic,Centro-Oeste,23,98.2,0,10,5,1,0,45,8,0,0,0.027,0,0,0,0,3,2,0
TCK-004143,Email,Faturamento,Bug / Defeito,Crítica,Free,Nordeste,53,49.0,0,12,4,5,1,61,11,0,0,0.0408,0,0,0,1,3,2,0
TCK-004144,Email,API,Dúvida / Como Fazer,Baixa,Free,Norte,51,306.4,0,21,0,3,0,53,9,0,0,0.0227,0,0,0,0,3,2,0
TCK-004145,Chat,Integrações,Cancelamento,Média,Basic,Centro-Oeste,19,139.4,0,17,6,10,0,55,8,0,0,0.0217,1,0,1,0,3,2,0
TCK-004146,Chat,Integrações,Faturamento,Alta,Free,Sudeste,29,59.6,0,2,1,6,0,59,9,1,0,0.0204,0,0,0,0,3,2,0
TCK-004147,Chat,Integrações,Faturamento,Baixa,Free,Centro-Oeste,52,265.2,1,9,0,12,0,59,9,1,0,0.0204,0,0,0,0,4,3,1
TCK-004148,Formulário Web,Faturamento,Bug / Defeito,Alta,Premium,Centro-Oeste,5,22.6,1,5,4,12,1,105,17,0,0,0.0235,1,0,0,1,4,3,1
TCK-004149,Chat,Plataforma Web,Acesso e Conta,Média,Premium,Nordeste,14,42.0,0,1,6,5,0,64,9,0,0,0.037,1,0,0,0,3,2,0
TCK-004150,Formulário Web,Integrações,Problema Técnico,Média,Enterprise,Sul,8,137.5,0,5,3,8,0,55,10,0,0,0.0222,0,0,0,0,3,2,0
TCK-004151,Chat,Faturamento,Acesso e Conta,Média,Basic,Centro-Oeste,39,58.2,0,12,6,8,0,64,12,0,0,0.0192,0,0,0,0,3,2,0
TCK-004152,Email,API,Acesso e Conta,Média,Free,Nordeste,27,88.2,0,6,0,2,0,54,10,0,0,0.0233,0,0,0,0,3,2,0
TCK-004153,Telefone,Faturamento,Problema Técnico,Alta,Free,Sudeste,51,117.1,1,10,6,6,1,56,11,0,0,0.0222,0,0,0,0,4,3,1
TCK-004154,Formulário Web,Plataforma Web,Solicitação de Recurso,Alta,Premium,Centro-Oeste,33,40.6,0,19,6,12,1,40,7,0,0,0.0303,0,0,0,0,3,2,0
TCK-004155,Email,Faturamento,Solicitação de Recurso,Baixa,Enterprise,Sudeste,35,266.6,0,23,1,12,0,57,9,1,0,0.0208,0,0,0,0,3,2,0
TCK-004156,Telefone,App Mobile,Bug / Defeito,Baixa,Basic,Nordeste,68,126.5,0,14,4,3,0,46,9,0,0,0.0303,2,0,0,1,3,2,0
TCK-004157,Chat,Plataforma Web,Acesso e Conta,Média,Free,Sudeste,41,96.3,0,5,1,1,0,54,10,0,0,0.0233,0,0,0,0,3,2,0
TCK-004158,Chat,App Mobile,Acesso e Conta,Média,Free,Sudeste,40,238.3,0,20,3,3,0,54,10,0,0,0.0233,0,0,0,0,3,2,0
TCK-004159,Email,App Mobile,Solicitação de Recurso,Baixa,Free,Sudeste,56,192.3,0,15,6,5,1,57,9,1,0,0.0208,0,0,0,0,3,2,0
TCK-004160,Redes Sociais,Plataforma Web,Cancelamento,Média,Enterprise,Sudeste,18,86.7,0,1,6,12,0,55,8,0,0,0.0217,1,0,1,0,3,2,0
TCK-004161,Email,Integrações,Acesso e Conta,Média,Basic,Sudeste,24,378.2,0,19,1,4,0,64,12,0,0,0.0192,0,0,0,0,3,2,0
TCK-004162,Email,App Mobile,Dúvida / Como Fazer,Alta,Premium,Centro-Oeste,31,78.6,0,13,1,6,0,53,9,0,0,0.0227,0,0,0,0,3,2,0
TCK-004163,Formulário Web,App Mobile,Cancelamento,Alta,Free,Sul,28,43.5,0,23,4,12,0,145,23,0,0,0.025,2,0,0,1,3,2,0
TCK-004164,Chat,Integrações,Problema Técnico,Alta,Basic,Nordeste,61,75.9,0,9,1,10,1,100,18,0,0,0.025,0,0,0,0,3,2,0
TCK-004165,Telefone,Faturamento,Bug / Defeito,Alta,Basic,Sul,56,59.7,1,18,4,5,1,46,9,0,0,0.0303,2,0,0,1,4,3,1
TCK-004166,Telefone,API,Acesso e Conta,Baixa,Free,Nordeste,53,208.9,0,22,1,11,0,171,25,0,0,0.0352,2,0,0,0,3,2,0
TCK-004167,Email,Integrações,Bug / Defeito,Média,Enterprise,Norte,28,71.3,0,5,2,4,0,61,11,0,0,0.0408,0,0,0,1,3,2,0
TCK-004168,Formulário Web,Faturamento,Dúvida / Como Fazer,Baixa,Free,Sudeste,72,257.1,0,11,5,6,0,56,10,1,0,0.0217,0,0,0,0,3,2,0
TCK-004169,Telefone,Faturamento,Bug / Defeito,Alta,Enterprise,Centro-Oeste,13,38.3,1,6,4,11,1,61,10,0,0,0.02,1,0,0,1,4,3,1
TCK-004170,Email,API,Acesso e Conta,Média,Premium,Sudeste,10,60.2,0,0,2,12,0,54,10,0,0,0.0233,0,0,0,0,3,2,0
TCK-004171,Email,Faturamento,Acesso e Conta,Média,Premium,Sul,48,85.5,0,4,0,5,0,64,12,0,0,0.0192,0,0,0,0,3,2,0
TCK-004172,Formulário Web,Relatórios,Acesso e Conta,Média,Basic,Centro-Oeste,26,139.1,0,0,6,9,0,64,12,0,0,0.0192,0,0,0,0,3,2,0
TCK-004173,Email,API,Problema Técnico,Baixa,Basic,Sudeste,21,167.7,0,7,3,9,0,155,29,0,0,0.0242,0,0,0,0,3,2,0
TCK-004174,Email,Integrações,Problema Técnico,Alta,Premium,Sul,65,115.4,0,19,2,9,1,59,10,0,0,0.0204,1,0,0,1,3,2,0
TCK-004175,Redes Sociais,Plataforma Web,Problema Técnico,Alta,Free,Centro-Oeste,51,53.8,0,1,5,4,1,155,29,0,0,0.0242,0,0,0,0,3,2,0
TCK-004176,Email,Integrações,Faturamento,Média,Free,Norte,1,90.3,0,1,6,2,0,62,11,0,0,0.02,1,1,0,0,3,2,0
TCK-004177,Email,Relatórios,Problema Técnico,Baixa,Enterprise,Norte,29,183.9,0,11,1,12,0,59,10,0,0,0.0204,1,0,0,1,3,2,0
TCK-004178,Telefone,Faturamento,Acesso e Conta,Média,Premium,Centro-Oeste,60,113.3,0,15,3,6,0,64,9,0,0,0.037,1,0,0,0,3,2,0
TCK-004179,Chat,Integrações,Faturamento,Alta,Premium,Centro-Oeste,9,29.3,0,23,1,5,0,62,11,0,0,0.02,1,1,0,0,3,2,0
TCK-004180,Formulário Web,Integrações,Acesso e Conta,Baixa,Premium,Nordeste,19,320.3,0,0,5,9,0,64,9,0,0,0.037,1,0,0,0,3,2,0
TCK-004181,Email,Relatórios,Acesso e Conta,Baixa,Basic,Centro-Oeste,1,213.6,0,5,2,8,0,64,12,0,0,0.0192,0,0,0,0,3,2,0
TCK-004182,Email,API,Bug / Defeito,Média,Free,Norte,54,153.0,0,11,0,1,1,46,9,0,0,0.0303,2,0,0,1,3,2,0
TCK-004183,Chat,API,Acesso e Conta,Média,Free,Norte,75,102.7,0,17,6,8,0,64,9,0,0,0.037,1,0,0,0,3,2,0
TCK-004184,Email,Plataforma Web,Acesso e Conta,Baixa,Free,Nordeste,21,193.6,0,5,1,9,0,54,10,0,0,0.0233,0,0,0,0,3,2,0
TCK-004185,Email,Faturamento,Bug / Defeito,Alta,Free,Centro-Oeste,37,44.0,1,7,3,6,1,165,29,0,0,0.0379,0,0,0,1,4,3,1
TCK-004186,Redes Sociais,Faturamento,Bug / Defeito,Crítica,Enterprise,Centro-Oeste,24,31.1,1,18,5,7,1,95,16,0,0,0.039,1,0,0,1,4,3,1
TCK-004187,Email,Integrações,Cancelamento,Alta,Free,Sul,56,54.9,0,5,0,1,0,61,10,0,0,0.02,1,0,1,0,3,2,0
TCK-004188,Email,API,Problema Técnico,Média,Basic,Sudeste,41,125.6,0,23,2,10,0,59,10,0,0,0.0204,1,0,0,1,3,2,0
TCK-004189,Chat,Plataforma Web,Acesso e Conta,Média,Free,Sul,23,178.0,0,3,2,7,0,151,27,0,0,0.025,0,0,0,0,3,2,0
TCK-004190,Chat,Relatórios,Dúvida / Como Fazer,Baixa,Premium,Sul,30,395.6,0,9,4,5,0,157,27,2,0,0.0234,0,0,0,0,3,2,0
TCK-004191,Email,API,Dúvida / Como Fazer,Crítica,Enterprise,Norte,41,32.2,0,8,2,10,0,56,10,1,0,0.0217,0,0,0,0,3,2,0
TCK-004192,Email,API,Problema Técnico,Baixa,Basic,Norte,15,75.6,0,8,0,1,0,55,10,0,0,0.0222,0,0,0,0,3,2,0
TCK-004193,Chat,Integrações,Cancelamento,Alta,Basic,Sul,90,86.8,0,10,0,1,0,165,27,0,0,0.0224,2,0,1,0,3,2,0
TCK-004194,Email,Integrações,Solicitação de Recurso,Baixa,Premium,Nordeste,15,351.0,0,3,1,4,0,55,8,0,0,0.0638,0,0,0,0,3,2,0
TCK-004195,Email,API,Dúvida / Como Fazer,Alta,Enterprise,Nordeste,56,67.2,0,17,6,11,0,53,9,0,0,0.0227,0,0,0,0,3,2,0
TCK-004196,Redes Sociais,Plataforma Web,Acesso e Conta,Média,Premium,Sudeste,72,151.0,0,17,3,7,0,64,12,0,0,0.0192,0,0,0,0,3,2,0
TCK-004197,Email,Plataforma Web,Dúvida / Como Fazer,Média,Enterprise,Sul,39,85.4,0,8,1,12,0,53,9,0,0,0.0227,0,0,0,0,3,2,0
TCK-004198,Formulário Web,Faturamento,Solicitação de Recurso,Média,Free,Centro-Oeste,54,114.4,0,16,0,5,1,57,9,1,0,0.0208,0,0,0,0,3,2,0
TCK-004199,Email,Relatórios,Faturamento,Média,Free,Sudeste,26,90.4,0,20,1,6,0,62,11,0,0,0.02,1,1,0,0,3,2,0
TCK-004200,Chat,API,Cancelamento,Média,Premium,Norte,40,105.9,0,4,1,8,0,153,23,0,0,0.0238,2,0,1,0,3,2,0
TCK-004201,Email,Plataforma Web,Acesso e Conta,Alta,Free,Sudeste,51,73.3,0,12,2,9,0,54,10,0,0,0.0233,0,0,0,0,3,2,0
TCK-004202,Chat,Integrações,Dúvida / Como Fazer,Baixa,Free,Sul,0,135.3,0,23,5,3,0,57,10,1,0,0.0213,0,0,0,0,3,2,0
TCK-004203,Email,App Mobile,Bug / Defeito,Média,Free,Centro-Oeste,37,185.9,1,17,2,12,1,61,10,0,0,0.02,1,0,0,1,4,3,1
TCK-004204,Formulário Web,Plataforma Web,Faturamento,Média,Enterprise,Norte,46,115.3,0,22,2,3,0,62,11,0,0,0.02,1,1,0,0,3,2,0
TCK-004205,Redes Sociais,Relatórios,Cancelamento,Alta,Free,Centro-Oeste,29,54.2,0,22,1,4,1,51,8,0,0,0.0233,1,0,0,1,3,2,0
TCK-004206,Formulário Web,API,Bug / Defeito,Média,Basic,Sudeste,36,230.7,0,21,2,8,1,135,25,0,0,0.03,4,0,0,1,3,2,0
TCK-004207,Email,App Mobile,Problema Técnico,Crítica,Premium,Norte,54,38.4,0,4,0,2,1,56,11,0,0,0.0222,0,0,0,0,3,2,0
TCK-004208,Chat,App Mobile,Bug / Defeito,Média,Free,Centro-Oeste,25,107.5,0,5,2,5,0,46,9,0,0,0.0303,2,0,0,1,3,2,0
TCK-004209,Chat,Plataforma Web,Faturamento,Baixa,Free,Sul,37,271.6,0,14,0,11,0,45,8,0,0,0.027,0,0,0,0,3,2,0
TCK-004210,Telefone,Plataforma Web,Problema Técnico,Baixa,Basic,Centro-Oeste,88,221.7,0,13,4,7,0,161,27,0,0,0.0227,2,0,0,1,3,2,0
TCK-004211,Formulário Web,Relatórios,Problema Técnico,Média,Basic,Norte,85,212.6,0,18,3,2,0,55,10,0,0,0.0222,0,0,0,0,3,2,0
TCK-004212,Formulário Web,Relatórios,Problema Técnico,Média,Basic,Sul,0,77.2,0,2,6,4,0,153,27,0,0,0.0242,0,0,0,0,3,2,0
TCK-004213,Formulário Web,App Mobile,Acesso e Conta,Média,Premium,Nordeste,42,185.1,0,21,1,7,0,54,10,0,0,0.0233,0,0,0,0,3,2,0
TCK-004214,Chat,Relatórios,Dúvida / Como Fazer,Média,Free,Centro-Oeste,55,138.7,0,8,2,8,0,53,9,0,0,0.0227,0,0,0,0,3,2,0
TCK-004215,Email,Relatórios,Acesso e Conta,Alta,Free,Sul,58,70.3,0,7,3,8,0,216,39,0,1,0.0231,1,0,0,0,3,2,0
TCK-004216,Formulário Web,App Mobile,Cancelamento,Média,Free,Sul,8,91.0,0,4,2,7,0,61,10,0,0,0.02,1,0,1,0,3,2,0
TCK-004217,Formulário Web,Faturamento,Acesso e Conta,Média,Free,Sudeste,35,130.2,0,8,2,12,0,171,31,0,0,0.0217,0,0,0,0,3,2,0
TCK-004218,Chat,Integrações,Bug / Defeito,Crítica,Free,Norte,0,16.3,0,5,6,8,1,61,11,0,0,0.0408,0,0,0,1,3,2,0
TCK-004219,Email,Integrações,Acesso e Conta,Média,Enterprise,Sudeste,50,111.5,0,13,3,8,0,64,9,0,0,0.037,1,0,0,0,3,2,0
TCK-004220,Chat,API,Problema Técnico,Média,Basic,Sul,48,160.6,0,12,6,3,0,155,29,0,0,0.0242,0,0,0,0,3,2,0
TCK-004221,Email,Integrações,Problema Técnico,Média,Premium,Nordeste,40,99.8,0,8,4,6,0,59,10,0,0,0.0204,1,0,0,1,3,2,0
TCK-004222,Formulário Web,API,Dúvida / Como Fazer,Média,Enterprise,Centro-Oeste,60,140.2,0,9,1,4,0,57,10,1,0,0.0213,0,0,0,0,3,2,0
TCK-004223,Telefone,App Mobile,Bug / Defeito,Média,Premium,Sudeste,71,124.2,1,13,6,10,1,61,10,0,0,0.02,1,0,0,1,4,3,1
TCK-004224,Redes Sociais,App Mobile,Problema Técnico,Alta,Enterprise,Sul,32,56.8,0,7,6,4,1,200,37,0,1,0.0252,1,0,0,0,3,2,0
TCK-004225,Formulário Web,Relatórios,Solicitação de Recurso,Média,Free,Sudeste,19,102.1,0,18,0,4,0,40,7,0,0,0.0303,0,0,0,0,3,2,0
TCK-004226,Chat,Plataforma Web,Dúvida / Como Fazer,Alta,Free,Nordeste,31,82.4,0,0,5,6,0,53,9,0,0,0.0227,0,0,0,0,3,2,0
TCK-004227,Email,App Mobile,Problema Técnico,Alta,Free,Norte,66,57.5,0,2,6,4,1,55,10,0,0,0.0222,0,0,0,0,3,2,0
TCK-004228,Email,App Mobile,Cancelamento,Média,Basic,Centro-Oeste,35,196.6,0,11,0,5,0,61,10,0,0,0.02,1,0,1,0,3,2,0
TCK-004229,Email,Integrações,Dúvida / Como Fazer,Média,Free,Nordeste,64,128.0,0,16,0,6,0,56,10,1,0,0.0217,0,0,0,0,3,2,0
TCK-004230,Chat,Integrações,Problema Técnico,Média,Free,Norte,24,93.0,0,4,5,2,0,55,10,0,0,0.0222,0,0,0,0,3,2,0
TCK-004231,Email,Relatórios,Dúvida / Como Fazer,Baixa,Basic,Centro-Oeste,47,140.3,0,9,6,7,0,57,10,1,0,0.0213,0,0,0,0,3,2,0
TCK-004232,Email,Faturamento,Problema Técnico,Média,Premium,Norte,27,192.1,0,2,0,1,0,55,10,0,0,0.0222,0,0,0,0,3,2,0
TCK-004233,Email,Faturamento,Faturamento,Alta,Premium,Sudeste,3,37.2,0,8,0,12,0,79,13,0,0,0.0308,1,0,0,0,3,2,0
TCK-004234,Formulário Web,App Mobile,Dúvida / Como Fazer,Alta,Enterprise,Sudeste,65,63.8,0,13,6,10,0,53,9,0,0,0.0227,0,0,0,0,3,2,0
TCK-004235,Chat,Plataforma Web,Cancelamento,Alta,Free,Centro-Oeste,64,94.4,0,19,0,3,0,95,15,0,0,0.0256,1,0,0,1,3,2,0
TCK-004236,Email,Plataforma Web,Faturamento,Média,Free,Sudeste,45,143.2,0,10,5,6,0,59,9,1,0,0.0204,0,0,0,0,3,2,0
TCK-004237,Formulário Web,API,Problema Técnico,Alta,Premium,Sul,13,23.1,0,17,0,9,0,59,10,0,0,0.0204,1,0,0,1,3,2,0
TCK-004238,Formulário Web,Integrações,Dúvida / Como Fazer,Média,Premium,Sudeste,22,164.0,0,23,1,4,0,57,10,1,0,0.0213,0,0,0,0,3,2,0
TCK-004239,Formulário Web,App Mobile,Solicitação de Recurso,Média,Free,Norte,7,107.0,0,19,6,2,1,40,7,0,0,0.0303,0,0,0,0,3,2,0
TCK-004240,Chat,App Mobile,Dúvida / Como Fazer,Alta,Premium,Norte,26,50.7,0,9,0,6,0,87,14,0,0,0.0278,1,0,0,0,3,2,0
TCK-004241,Chat,Plataforma Web,Dúvida / Como Fazer,Alta,Free,Nordeste,10,32.5,0,5,4,5,0,101,17,1,0,0.0244,0,0,0,0,3,2,0
TCK-004242,Telefone,Relatórios,Bug / Defeito,Alta,Enterprise,Sul,44,58.4,1,0,1,12,1,61,10,0,0,0.02,1,0,0,1,4,3,1
TCK-004243,Email,Plataforma Web,Problema Técnico,Baixa,Basic,Norte,59,207.5,0,18,1,12,0,55,10,0,0,0.0222,0,0,0,0,3,2,0
TCK-004244,Redes Sociais,App Mobile,Problema Técnico,Média,Premium,Sudeste,75,203.0,1,12,6,12,1,155,29,0,0,0.0242,0,0,0,0,4,3,1
TCK-004245,Chat,App Mobile,Faturamento,Alta,Premium,Centro-Oeste,25,62.7,0,1,2,9,0,62,11,0,0,0.02,1,1,0,0,3,2,0
TCK-004246,Chat,Integrações,Dúvida / Como Fazer,Alta,Free,Norte,43,49.8,0,20,5,10,0,56,10,1,0,0.0217,0,0,0,0,3,2,0
TCK-004247,Chat,Plataforma Web,Problema Técnico,Alta,Premium,Norte,31,60.7,0,20,1,11,1,55,10,0,0,0.0222,0,0,0,0,3,2,0
TCK-004248,Formulário Web,App Mobile,Problema Técnico,Alta,Premium,Nordeste,56,60.3,0,9,4,6,1,55,10,0,0,0.0222,0,0,0,0,3,2,0
TCK-004249,Telefone,API,Cancelamento,Baixa,Free,Nordeste,14,201.4,0,1,5,4,0,51,8,0,0,0.0233,1,0,0,1,3,2,0
TCK-004250,Email,App Mobile,Acesso e Conta,Crítica,Basic,Sudeste,87,65.9,0,15,4,10,1,88,15,0,0,0.0282,1,0,0,0,3,2,0
TCK-004251,Formulário Web,Integrações,Bug / Defeito,Baixa,Basic,Nordeste,64,193.9,0,15,6,12,0,135,25,0,0,0.03,4,0,0,1,3,2,0
TCK-004252,Chat,Integrações,Bug / Defeito,Média,Free,Nordeste,47,112.2,1,6,4,7,1,61,11,0,0,0.0408,0,0,0,1,4,3,1
TCK-004253,Telefone,Relatórios,Solicitação de Recurso,Média,Premium,Norte,30,202.4,0,10,0,11,0,157,25,2,0,0.0231,0,0,0,0,3,2,0
TCK-004254,Email,App Mobile,Bug / Defeito,Média,Basic,Sul,27,79.0,1,5,4,8,0,46,9,0,0,0.0303,2,0,0,1,4,3,1
TCK-004255,Telefone,App Mobile,Problema Técnico,Baixa,Free,Centro-Oeste,29,180.1,0,11,4,10,0,59,10,0,0,0.0204,1,0,0,1,3,2,0
TCK-004256,Email,API,Problema Técnico,Média,Basic,Nordeste,52,105.9,0,12,4,7,0,161,27,0,0,0.0227,2,0,0,1,3,2,0
TCK-004257,Email,API,Dúvida / Como Fazer,Média,Free,Sudeste,7,234.8,0,8,5,6,0,57,10,1,0,0.0213,0,0,0,0,3,2,0
TCK-004258,Email,Plataforma Web,Cancelamento,Crítica,Basic,Nordeste,34,47.5,0,4,3,7,0,61,10,0,0,0.02,1,0,1,0,3,2,0
TCK-004259,Chat,Faturamento,Dúvida / Como Fazer,Baixa,Premium,Nordeste,43,258.6,0,18,5,8,0,53,9,0,0,0.0227,0,0,0,0,3,2,0
TCK-004260,Chat,Integrações,Faturamento,Crítica,Premium,Norte,5,11.8,0,1,6,2,0,79,13,0,0,0.0308,1,0,0,0,3,2,0
TCK-004261,Telefone,API,Faturamento,Média,Basic,Norte,61,126.4,0,15,0,7,0,45,8,0,0,0.027,0,0,0,0,3,2,0
TCK-004262,Email,Relatórios,Cancelamento,Média,Premium,Sul,81,472.5,0,9,6,5,0,55,8,0,0,0.0217,1,0,1,0,3,2,0
TCK-004263,Chat,Faturamento,Solicitação de Recurso,Média,Premium,Sudeste,34,77.0,0,1,3,6,1,55,8,0,0,0.0638,0,0,0,0,3,2,0
TCK-004264,Email,Integrações,Solicitação de Recurso,Alta,Free,Sul,30,45.1,0,1,2,3,1,85,15,0,1,0.0294,1,0,0,0,3,2,0
TCK-004265,Chat,Integrações,Bug / Defeito,Alta,Free,Centro-Oeste,34,43.0,0,0,2,11,1,179,32,0,0,0.0296,4,0,0,1,3,2,0
TCK-004266,Email,Integrações,Solicitação de Recurso,Média,Free,Nordeste,0,68.6,0,23,1,11,1,40,7,0,0,0.0303,0,0,0,0,3,2,0
TCK-004267,Redes Sociais,Relatórios,Cancelamento,Alta,Enterprise,Sudeste,54,102.0,0,18,5,2,1,55,8,0,0,0.0217,1,0,1,0,3,2,0
TCK-004268,Redes Sociais,Faturamento,Dúvida / Como Fazer,Média,Free,Nordeste,30,142.5,0,14,0,8,0,56,10,1,0,0.0217,0,0,0,0,3,2,0
TCK-004269,Email,Integrações,Bug / Defeito,Média,Premium,Norte,38,89.2,0,11,4,7,0,61,10,0,0,0.02,1,0,0,1,3,2,0
TCK-004270,Formulário Web,App Mobile,Problema Técnico,Média,Premium,Norte,49,206.9,0,14,6,1,1,56,11,0,0,0.0222,0,0,0,0,3,2,0
TCK-004271,Formulário Web,Plataforma Web,Faturamento,Alta,Free,Sudeste,33,66.4,0,23,1,8,0,103,16,1,0,0.0238,0,0,0,0,3,2,0
TCK-004272,Email,Plataforma Web,Acesso e Conta,Média,Free,Nordeste,52,150.8,0,11,2,6,0,171,31,0,0,0.0217,0,0,0,0,3,2,0
TCK-004273,Email,Plataforma Web,Acesso e Conta,Média,Premium,Sul,42,109.3,0,15,2,1,0,64,12,0,0,0.0192,0,0,0,0,3,2,0
TCK-004274,Email,Relatórios,Dúvida / Como Fazer,Alta,Enterprise,Sudeste,32,64.8,0,15,0,7,0,87,14,0,0,0.0278,1,0,0,0,3,2,0
TCK-004275,Chat,API,Bug / Defeito,Baixa,Basic,Nordeste,53,264.0,0,16,1,5,0,61,10,0,0,0.02,1,0,0,1,3,2,0
TCK-004276,Chat,Plataforma Web,Cancelamento,Baixa,Free,Nordeste,33,155.1,0,8,0,5,0,61,10,0,0,0.02,1,0,1,0,3,2,0
TCK-004277,Email,App Mobile,Dúvida / Como Fazer,Baixa,Enterprise,Nordeste,46,183.7,0,14,3,10,0,53,9,0,0,0.0227,0,0,0,0,3,2,0
TCK-004278,Redes Sociais,API,Problema Técnico,Média,Basic,Sul,33,127.6,1,2,2,10,1,56,11,0,0,0.0222,0,0,0,0,4,3,1
TCK-004279,Chat,Integrações,Dúvida / Como Fazer,Média,Free,Sudeste,37,239.2,0,9,5,9,0,56,10,1,0,0.0217,0,0,0,0,3,2,0
TCK-004280,Email,Plataforma Web,Dúvida / Como Fazer,Baixa,Basic,Sudeste,30,785.9,0,14,1,5,0,53,9,0,0,0.0227,0,0,0,0,3,2,0
TCK-004281,Redes Sociais,Relatórios,Faturamento,Crítica,Free,Sudeste,56,52.2,0,9,5,3,1,104,17,1,1,0.0238,1,0,0,0,3,2,0
TCK-004282,Email,Plataforma Web,Bug / Defeito,Alta,Free,Nordeste,27,69.3,0,20,1,6,1,46,9,0,0,0.0303,2,0,0,1,3,2,0
TCK-004283,Email,Integrações,Acesso e Conta,Alta,Enterprise,Sul,49,81.0,0,14,0,1,0,64,12,0,0,0.0192,0,0,0,0,3,2,0
TCK-004284,Telefone,App Mobile,Bug / Defeito,Baixa,Free,Sul,66,321.1,0,21,4,5,0,61,11,0,0,0.0408,0,0,0,1,3,2,0
TCK-004285,Chat,Integrações,Problema Técnico,Baixa,Premium,Centro-Oeste,33,98.7,0,4,6,12,0,55,10,0,0,0.0222,0,0,0,0,3,2,0
TCK-004286,Formulário Web,App Mobile,Bug / Defeito,Alta,Free,Sul,21,70.6,0,1,1,3,1,61,10,0,0,0.02,1,0,0,1,3,2,0
TCK-004287,Email,Faturamento,Faturamento,Baixa,Free,Norte,11,303.6,0,23,6,4,0,167,29,0,0,0.0224,2,1,0,0,3,2,0
TCK-004288,Redes Sociais,App Mobile,Faturamento,Média,Free,Centro-Oeste,65,204.5,0,11,6,10,0,59,9,1,0,0.0204,0,0,0,0,3,2,0
TCK-004289,Chat,Faturamento,Dúvida / Como Fazer,Média,Free,Sudeste,31,109.4,0,21,6,5,0,53,9,0,0,0.0227,0,0,0,0,3,2,0
TCK-004290,Email,App Mobile,Acesso e Conta,Baixa,Free,Nordeste,20,157.9,0,21,3,8,0,64,9,0,0,0.037,1,0,0,0,3,2,0
TCK-004291,Email,Integrações,Faturamento,Alta,Basic,Nordeste,45,76.2,0,12,4,1,1,79,13,0,0,0.0308,1,0,0,0,3,2,0
TCK-004292,Email,App Mobile,Bug / Defeito,Média,Basic,Centro-Oeste,34,166.8,0,9,6,11,0,61,11,0,0,0.0408,0,0,0,1,3,2,0
TCK-004293,Chat,App Mobile,Acesso e Conta,Crítica,Premium,Sul,54,41.1,0,16,0,4,0,64,12,0,0,0.0192,0,0,0,0,3,2,0
TCK-004294,Chat,Faturamento,Problema Técnico,Média,Basic,Nordeste,71,127.9,0,14,1,10,0,59,10,0,0,0.0204,1,0,0,1,3,2,0
TCK-004295,Email,Relatórios,Problema Técnico,Baixa,Enterprise,Sudeste,66,375.8,0,13,5,2,1,56,11,0,0,0.0222,0,0,0,0,3,2,0
TCK-004296,Formulário Web,Plataforma Web,Problema Técnico,Média,Premium,Sudeste,4,141.7,0,2,4,6,0,55,10,0,0,0.0222,0,0,0,0,3,2,0
TCK-004297,Email,Integrações,Dúvida / Como Fazer,Média,Free,Sul,26,197.4,0,21,2,7,0,57,10,1,0,0.0213,0,0,0,0,3,2,0
TCK-004298,Chat,Plataforma Web,Acesso e Conta,Baixa,Free,Norte,73,272.5,0,8,1,7,0,64,12,0,0,0.0192,0,0,0,0,3,2,0
TCK-004299,Email,Integrações,Dúvida / Como Fazer,Média,Basic,Sudeste,6,85.2,0,20,5,12,0,53,9,0,0,0.0227,0,0,0,0,3,2,0
TCK-004300,Formulário Web,Plataforma Web,Problema Técnico,Média,Free,Norte,39,57.8,0,7,5,11,0,59,10,0,0,0.0204,1,0,0,1,3,2,0
TCK-004301,Formulário Web,API,Dúvida / Como Fazer,Alta,Basic,Sudeste,16,46.7,0,5,0,3,0,56,10,1,0,0.0217,0,0,0,0,3,2,0
TCK-004302,Redes Sociais,Plataforma Web,Dúvida / Como Fazer,Média,Basic,Sudeste,49,166.9,0,10,5,1,0,57,10,1,0,0.0213,0,0,0,0,3,2,0
TCK-004303,Chat,App Mobile,Solicitação de Recurso,Baixa,Premium,Norte,68,214.0,0,9,1,5,0,40,7,0,0,0.0303,0,0,0,0,3,2,0
TCK-004304,Email,App Mobile,Problema Técnico,Alta,Basic,Sudeste,28,40.7,0,21,4,3,1,55,10,0,0,0.0222,0,0,0,0,3,2,0
TCK-004305,Redes Sociais,App Mobile,Acesso e Conta,Alta,Free,Nordeste,36,59.4,0,11,6,12,0,98,14,0,0,0.0366,2,0,0,0,3,2,0
TCK-004306,Chat,Plataforma Web,Dúvida / Como Fazer,Baixa,Free,Centro-Oeste,65,190.9,0,16,1,4,0,57,10,1,0,0.0213,0,0,0,0,3,2,0
TCK-004307,Formulário Web,Integrações,Bug / Defeito,Crítica,Basic,Centro-Oeste,74,58.0,1,12,4,10,1,105,18,0,0,0.0357,0,0,0,1,4,3,1
TCK-004308,Redes Sociais,Faturamento,Bug / Defeito,Alta,Enterprise,Sul,29,48.5,0,0,2,11,1,210,35,0,1,0.0237,3,0,0,1,3,2,0
TCK-004309,Redes Sociais,Plataforma Web,Cancelamento,Crítica,Enterprise,Norte,31,37.2,0,2,1,10,0,55,8,0,0,0.0217,1,0,1,0,3,2,0
TCK-004310,Email,Plataforma Web,Dúvida / Como Fazer,Baixa,Basic,Sudeste,23,143.6,0,23,0,8,0,57,10,1,0,0.0213,0,0,0,0,3,2,0
TCK-004311,Chat,Plataforma Web,Problema Técnico,Média,Free,Nordeste,64,110.5,0,13,0,10,1,56,11,0,0,0.0222,0,0,0,0,3,2,0
TCK-004312,Chat,Integrações,Dúvida / Como Fazer,Alta,Premium,Sul,49,76.0,0,6,2,7,0,57,10,1,0,0.0213,0,0,0,0,3,2,0
TCK-004313,Telefone,API,Acesso e Conta,Alta,Basic,Sudeste,51,49.1,0,15,1,7,0,64,12,0,0,0.0192,0,0,0,0,3,2,0
TCK-004314,Chat,Plataforma Web,Bug / Defeito,Média,Free,Nordeste,13,136.3,1,8,4,11,1,61,10,0,0,0.02,1,0,0,1,4,3,1
TCK-004315,Chat,Relatórios,Solicitação de Recurso,Alta,Free,Centro-Oeste,4,62.0,0,23,1,3,1,153,23,0,0,0.0547,0,0,0,0,3,2,0
TCK-004316,Chat,Integrações,Cancelamento,Baixa,Enterprise,Centro-Oeste,82,153.0,0,17,4,2,0,55,8,0,0,0.0217,1,0,1,0,3,2,0
TCK-004317,Redes Sociais,Relatórios,Dúvida / Como Fazer,Alta,Premium,Norte,56,60.7,0,21,4,10,0,87,14,0,0,0.0278,1,0,0,0,3,2,0
TCK-004318,Redes Sociais,Faturamento,Acesso e Conta,Média,Enterprise,Sul,29,77.9,0,9,0,6,0,64,12,0,0,0.0192,0,0,0,0,3,2,0
TCK-004319,Email,App Mobile,Acesso e Conta,Média,Basic,Sul,32,241.9,0,4,0,6,0,64,9,0,0,0.037,1,0,0,0,3,2,0
TCK-004320,Redes Sociais,Integrações,Solicitação de Recurso,Baixa,Free,Sudeste,62,452.2,0,12,5,6,1,57,9,1,0,0.0208,0,0,0,0,3,2,0
TCK-004321,Formulário Web,Faturamento,Solicitação de Recurso,Média,Free,Sudeste,10,51.1,0,21,3,8,1,55,8,0,0,0.0638,0,0,0,0,3,2,0
TCK-004322,Email,API,Acesso e Conta,Crítica,Enterprise,Nordeste,64,55.2,0,12,5,10,0,64,9,0,0,0.037,1,0,0,0,3,2,0
TCK-004323,Email,Faturamento,Solicitação de Recurso,Média,Basic,Sudeste,31,129.1,0,7,1,5,1,123,21,0,0,0.03,0,0,0,0,3,2,0
TCK-004324,Redes Sociais,API,Problema Técnico,Média,Basic,Centro-Oeste,40,251.9,0,3,6,8,0,59,10,0,0,0.0204,1,0,0,1,3,2,0
TCK-004325,Email,Integrações,Acesso e Conta,Alta,Free,Sul,29,31.9,0,3,4,3,0,64,12,0,0,0.0192,0,0,0,0,3,2,0
TCK-004326,Telefone,Integrações,Dúvida / Como Fazer,Baixa,Free,Nordeste,21,142.2,0,2,1,4,0,157,27,2,0,0.0234,0,0,0,0,3,2,0
TCK-004327,Redes Sociais,API,Cancelamento,Crítica,Free,Nordeste,53,41.0,0,14,2,10,1,100,16,0,1,0.0247,2,0,1,0,3,2,0
TCK-004328,Email,App Mobile,Solicitação de Recurso,Média,Basic,Sul,33,81.1,0,7,0,1,0,57,9,1,0,0.0208,0,0,0,0,3,2,0
TCK-004329,Telefone,API,Cancelamento,Média,Basic,Sudeste,16,51.4,0,2,3,3,0,51,8,0,0,0.0233,1,0,0,1,3,2,0
TCK-004330,Telefone,App Mobile,Faturamento,Baixa,Basic,Norte,35,314.6,0,5,6,4,0,59,9,1,0,0.0204,0,0,0,0,3,2,0
TCK-004331,Formulário Web,Integrações,Problema Técnico,Média,Enterprise,Sul,48,98.9,0,14,1,3,0,161,27,0,0,0.0227,2,0,0,1,3,2,0
TCK-004332,Chat,Plataforma Web,Cancelamento,Baixa,Premium,Sul,25,195.8,0,21,6,12,0,61,10,0,0,0.02,1,0,1,0,3,2,0
TCK-004333,Formulário Web,Plataforma Web,Problema Técnico,Baixa,Enterprise,Norte,16,262.9,0,21,5,8,0,55,10,0,0,0.0222,0,0,0,0,3,2,0
TCK-004334,Chat,Faturamento,Cancelamento,Média,Free,Nordeste,56,238.9,1,21,2,4,0,51,8,0,0,0.0233,1,0,0,1,4,3,1
TCK-004335,Redes Sociais,Plataforma Web,Dúvida / Como Fazer,Média,Premium,Sul,14,262.9,0,2,2,7,0,56,10,1,0,0.0217,0,0,0,0,3,2,0
TCK-004336,Formulário Web,API,Bug / Defeito,Média,Free,Norte,11,57.9,1,21,6,12,1,165,29,0,0,0.0379,0,0,0,1,4,3,1
TCK-004337,Email,Plataforma Web,Solicitação de Recurso,Crítica,Free,Nordeste,34,28.4,0,21,1,2,1,100,16,0,1,0.0488,1,0,0,0,3,2,0
TCK-004338,Formulário Web,API,Cancelamento,Média,Basic,Norte,69,177.0,0,18,1,4,0,153,23,0,0,0.0238,2,0,1,0,3,2,0
TCK-004339,Email,Faturamento,Dúvida / Como Fazer,Média,Free,Sudeste,35,388.1,0,21,2,11,0,149,25,0,0,0.0246,0,0,0,0,3,2,0
TCK-004340,Email,API,Bug / Defeito,Média,Enterprise,Nordeste,0,193.5,0,4,5,8,1,61,10,0,0,0.02,1,0,0,1,3,2,0
TCK-004341,Chat,Integrações,Faturamento,Baixa,Basic,Sudeste,59,185.7,0,21,0,4,0,62,11,0,0,0.02,1,1,0,0,3,2,0
TCK-004342,Email,Plataforma Web,Faturamento,Baixa,Enterprise,Sudeste,36,405.1,0,4,1,1,0,62,11,0,0,0.02,1,1,0,0,3,2,0
TCK-004343,Chat,Relatórios,Acesso e Conta,Alta,Enterprise,Centro-Oeste,46,47.6,0,23,5,4,0,64,12,0,0,0.0192,0,0,0,0,3,2,0
TCK-004344,Telefone,Relatórios,Problema Técnico,Baixa,Enterprise,Centro-Oeste,59,217.6,0,10,3,8,0,56,11,0,0,0.0222,0,0,0,0,3,2,0
TCK-004345,Email,Relatórios,Dúvida / Como Fazer,Crítica,Enterprise,Norte,38,37.8,0,15,3,9,0,53,9,0,0,0.0227,0,0,0,0,3,2,0
TCK-004346,Telefone,Relatórios,Acesso e Conta,Baixa,Basic,Nordeste,49,209.2,0,8,5,3,0,171,25,0,0,0.0352,2,0,0,0,3,2,0
TCK-004347,Redes Sociais,Relatórios,Acesso e Conta,Média,Enterprise,Sul,49,199.8,0,10,0,12,0,54,10,0,0,0.0233,0,0,0,0,3,2,0
TCK-004348,Formulário Web,Faturamento,Faturamento,Baixa,Basic,Sul,26,353.3,0,21,1,8,0,59,9,1,0,0.0204,0,0,0,0,3,2,0
TCK-004349,Telefone,Integrações,Solicitação de Recurso,Crítica,Premium,Sudeste,76,55.1,0,10,4,12,1,123,21,0,0,0.03,0,0,0,0,3,2,0
TCK-004350,Telefone,Plataforma Web,Cancelamento,Crítica,Free,Nordeste,46,36.3,1,3,0,5,1,100,16,0,1,0.0247,2,0,1,0,4,3,1
TCK-004351,Redes Sociais,App Mobile,Acesso e Conta,Média,Free,Sul,77,237.0,1,10,4,5,0,54,10,0,0,0.0233,0,0,0,0,4,3,1
TCK-004352,Chat,Relatórios,Faturamento,Baixa,Basic,Sudeste,36,277.0,0,23,4,12,0,45,8,0,0,0.027,0,0,0,0,3,2,0
TCK-004353,Formulário Web,Relatórios,Bug / Defeito,Média,Free,Nordeste,55,107.5,0,12,4,10,1,61,11,0,0,0.0408,0,0,0,1,3,2,0
TCK-004354,Telefone,Faturamento,Bug / Defeito,Alta,Free,Sudeste,46,48.3,0,2,4,9,1,61,10,0,0,0.02,1,0,0,1,3,2,0
TCK-004355,Formulário Web,Plataforma Web,Bug / Defeito,Baixa,Premium,Sul,33,151.5,0,7,1,12,0,46,9,0,0,0.0303,2,0,0,1,3,2,0
TCK-004356,Email,Faturamento,Bug / Defeito,Média,Premium,Sul,80,191.8,0,15,0,11,0,61,10,0,0,0.02,1,0,0,1,3,2,0
TCK-004357,Redes Sociais,API,Acesso e Conta,Alta,Premium,Centro-Oeste,50,126.1,0,15,3,1,0,64,9,0,0,0.037,1,0,0,0,3,2,0
TCK-004358,Chat,Faturamento,Bug / Defeito,Média,Basic,Sul,15,71.4,1,1,6,9,1,61,10,0,0,0.02,1,0,0,1,4,3,1
TCK-004359,Email,App Mobile,Faturamento,Baixa,Enterprise,Sudeste,55,207.3,0,17,2,1,0,62,11,0,0,0.02,1,1,0,0,3,2,0
TCK-004360,Telefone,API,Dúvida / Como Fazer,Média,Premium,Nordeste,33,101.3,0,23,1,9,0,53,9,0,0,0.0227,0,0,0,0,3,2,0
TCK-004361,Email,Relatórios,Problema Técnico,Baixa,Basic,Sudeste,45,461.7,1,3,4,8,0,55,10,0,0,0.0222,0,0,0,0,4,3,1
TCK-004362,Formulário Web,Integrações,Bug / Defeito,Alta,Premium,Norte,51,71.8,1,15,0,6,1,105,17,0,0,0.0235,1,0,0,1,4,3,1
TCK-004363,Email,Plataforma Web,Solicitação de Recurso,Média,Free,Sudeste,76,110.4,0,14,5,11,1,57,9,1,0,0.0208,0,0,0,0,3,2,0
TCK-004364,Telefone,API,Dúvida / Como Fazer,Baixa,Basic,Sudeste,2,225.6,0,1,1,11,0,57,10,1,0,0.0213,0,0,0,0,3,2,0
TCK-004365,Email,API,Problema Técnico,Alta,Enterprise,Sudeste,17,46.1,0,2,2,2,0,90,16,0,0,0.0274,1,0,0,0,3,2,0
TCK-004366,Email,Faturamento,Problema Técnico,Alta,Enterprise,Centro-Oeste,43,88.2,0,14,2,6,1,197,34,0,0,0.0252,0,0,0,0,3,2,0
TCK-004367,Chat,App Mobile,Problema Técnico,Média,Free,Sudeste,10,94.5,1,2,4,12,0,153,27,0,0,0.0242,0,0,0,0,4,3,1
TCK-004368,Redes Sociais,Relatórios,Problema Técnico,Média,Free,Norte,23,248.9,0,19,5,3,0,155,29,0,0,0.0242,0,0,0,0,3,2,0
TCK-004369,Redes Sociais,Faturamento,Cancelamento,Média,Premium,Centro-Oeste,42,147.5,0,15,2,8,0,55,8,0,0,0.0217,1,0,1,0,3,2,0
TCK-004370,Redes Sociais,App Mobile,Solicitação de Recurso,Baixa,Basic,Sul,25,396.8,1,20,3,9,1,55,8,0,0,0.0638,0,0,0,0,4,3,1
TCK-004371,Formulário Web,Integrações,Problema Técnico,Média,Basic,Norte,46,174.5,0,3,3,7,0,155,29,0,0,0.0242,0,0,0,0,3,2,0
TCK-004372,Chat,App Mobile,Solicitação de Recurso,Alta,Basic,Nordeste,11,39.2,0,19,5,10,1,55,8,0,0,0.0638,0,0,0,0,3,2,0
TCK-004373,Email,API,Cancelamento,Média,Enterprise,Sul,1,100.0,0,23,2,8,0,55,8,0,0,0.0217,1,0,1,0,3,2,0
TCK-004374,Redes Sociais,Plataforma Web,Dúvida / Como Fazer,Baixa,Enterprise,Sul,16,196.4,0,11,5,6,0,56,10,1,0,0.0217,0,0,0,0,3,2,0
TCK-004375,Redes Sociais,Plataforma Web,Dúvida / Como Fazer,Alta,Basic,Centro-Oeste,49,58.6,0,9,5,2,0,57,10,1,0,0.0213,0,0,0,0,3,2,0
TCK-004376,Redes Sociais,Faturamento,Cancelamento,Crítica,Basic,Nordeste,14,31.5,0,19,0,9,0,51,8,0,0,0.0233,1,0,0,1,3,2,0
TCK-004377,Email,App Mobile,Dúvida / Como Fazer,Média,Free,Nordeste,66,196.1,0,18,0,1,0,57,10,1,0,0.0213,0,0,0,0,3,2,0
TCK-004378,Formulário Web,Faturamento,Bug / Defeito,Baixa,Basic,Norte,27,262.1,0,20,0,8,0,135,25,0,0,0.03,4,0,0,1,3,2,0
TCK-004379,Email,Relatórios,Bug / Defeito,Baixa,Premium,Sudeste,45,155.9,0,3,5,8,0,165,29,0,0,0.0379,0,0,0,1,3,2,0
TCK-004380,Chat,API,Dúvida / Como Fazer,Crítica,Basic,Sudeste,18,21.9,0,2,5,5,0,97,16,0,0,0.0253,0,0,0,0,3,2,0
TCK-004381,Email,Plataforma Web,Dúvida / Como Fazer,Baixa,Basic,Norte,19,76.9,0,5,0,8,0,57,10,1,0,0.0213,0,0,0,0,3,2,0
TCK-004382,Email,API,Dúvida / Como Fazer,Média,Basic,Centro-Oeste,71,92.1,0,10,6,6,0,56,10,1,0,0.0217,0,0,0,0,3,2,0
TCK-004383,Chat,App Mobile,Faturamento,Alta,Enterprise,Sudeste,3,36.3,0,19,2,2,0,104,17,1,1,0.0238,1,0,0,0,3,2,0
TCK-004384,Chat,API,Dúvida / Como Fazer,Alta,Free,Sul,81,71.8,0,14,6,4,0,97,16,0,0,0.0253,0,0,0,0,3,2,0
TCK-004385,Formulário Web,Integrações,Bug / Defeito,Baixa,Free,Nordeste,59,228.2,0,22,1,6,0,46,9,0,0,0.0303,2,0,0,1,3,2,0
TCK-004386,Email,Plataforma Web,Solicitação de Recurso,Crítica,Premium,Centro-Oeste,13,17.9,0,6,4,3,1,57,9,1,0,0.0208,0,0,0,0,3,2,0
TCK-004387,Telefone,API,Bug / Defeito,Média,Free,Sul,66,391.2,0,13,1,12,0,46,9,0,0,0.0303,2,0,0,1,3,2,0
TCK-004388,Formulário Web,Plataforma Web,Faturamento,Baixa,Premium,Sudeste,69,382.7,0,17,3,12,0,45,8,0,0,0.027,0,0,0,0,3,2,0
TCK-004389,Telefone,API,Solicitação de Recurso,Média,Basic,Sul,57,91.2,0,15,5,4,1,40,7,0,0,0.0303,0,0,0,0,3,2,0
TCK-004390,Email,App Mobile,Faturamento,Baixa,Basic,Centro-Oeste,5,125.2,0,2,3,3,0,62,11,0,0,0.02,1,1,0,0,3,2,0
TCK-004391,Telefone,Faturamento,Bug / Defeito,Crítica,Premium,Norte,47,34.6,1,19,2,12,1,95,16,0,0,0.039,1,0,0,1,4,3,1
TCK-004392,Formulário Web,Plataforma Web,Bug / Defeito,Alta,Free,Centro-Oeste,49,66.1,0,0,2,3,1,46,9,0,0,0.0303,2,0,0,1,3,2,0
TCK-004393,Email,App Mobile,Dúvida / Como Fazer,Crítica,Basic,Sudeste,42,56.1,0,11,1,6,0,53,9,0,0,0.0227,0,0,0,0,3,2,0
TCK-004394,Redes Sociais,App Mobile,Faturamento,Baixa,Free,Centro-Oeste,67,110.4,1,13,2,6,0,45,8,0,0,0.027,0,0,0,0,4,3,1
TCK-004395,Chat,API,Problema Técnico,Média,Premium,Sudeste,24,76.3,0,6,1,2,0,55,10,0,0,0.0222,0,0,0,0,3,2,0
TCK-004396,Email,Relatórios,Dúvida / Como Fazer,Média,Basic,Sudeste,73,461.6,0,13,5,4,0,57,10,1,0,0.0213,0,0,0,0,3,2,0
TCK-004397,Redes Sociais,API,Faturamento,Média,Basic,Sul,24,80.9,0,8,6,4,0,45,8,0,0,0.027,0,0,0,0,3,2,0
TCK-004398,Email,App Mobile,Problema Técnico,Média,Free,Norte,32,90.7,0,22,5,11,0,56,11,0,0,0.0222,0,0,0,0,3,2,0
TCK-004399,Telefone,Relatórios,Acesso e Conta,Média,Basic,Nordeste,33,244.5,0,23,1,8,0,64,9,0,0,0.037,1,0,0,0,3,2,0
TCK-004400,Email,API,Bug / Defeito,Baixa,Enterprise,Norte,19,265.0,0,0,6,9,0,61,11,0,0,0.0408,0,0,0,1,3,2,0
TCK-004401,Redes Sociais,Relatórios,Problema Técnico,Crítica,Premium,Nordeste,55,43.1,0,15,3,6,1,59,10,0,0,0.0204,1,0,0,1,3,2,0
TCK-004402,Formulário Web,Relatórios,Problema Técnico,Alta,Premium,Norte,98,85.2,0,11,0,12,1,55,10,0,0,0.0222,0,0,0,0,3,2,0
TCK-004403,Chat,API,Bug / Defeito,Média,Free,Centro-Oeste,39,79.9,0,0,2,7,1,165,27,0,0,0.0224,2,0,0,1,3,2,0
TCK-004404,Email,Faturamento,Problema Técnico,Baixa,Enterprise,Nordeste,41,316.6,0,6,5,9,0,56,11,0,0,0.0222,0,0,0,0,3,2,0
TCK-004405,Email,App Mobile,Problema Técnico,Média,Free,Centro-Oeste,50,169.5,0,3,6,5,0,56,11,0,0,0.0222,0,0,0,0,3,2,0
TCK-004406,Email,Faturamento,Acesso e Conta,Baixa,Basic,Sul,43,282.9,0,17,0,9,0,54,10,0,0,0.0233,0,0,0,0,3,2,0
TCK-004407,Telefone,Faturamento,Acesso e Conta,Alta,Free,Nordeste,27,59.0,0,6,1,3,0,64,12,0,0,0.0192,0,0,0,0,3,2,0
TCK-004408,Chat,API,Problema Técnico,Baixa,Free,Nordeste,5,362.5,1,20,1,4,1,55,10,0,0,0.0222,0,0,0,0,4,3,1
TCK-004409,Formulário Web,Faturamento,Faturamento,Média,Free,Sul,8,225.4,0,5,1,6,0,45,8,0,0,0.027,0,0,0,0,3,2,0
TCK-004410,Telefone,App Mobile,Bug / Defeito,Baixa,Premium,Sudeste,37,95.2,0,16,2,5,0,61,11,0,0,0.0408,0,0,0,1,3,2,0
TCK-004411,Redes Sociais,App Mobile,Problema Técnico,Baixa,Enterprise,Centro-Oeste,27,308.7,0,14,4,10,0,55,10,0,0,0.0222,0,0,0,0,3,2,0
TCK-004412,Email,Integrações,Problema Técnico,Baixa,Free,Norte,66,417.9,0,9,6,7,0,56,11,0,0,0.0222,0,0,0,0,3,2,0
TCK-004413,Email,Plataforma Web,Bug / Defeito,Média,Free,Sudeste,28,106.6,0,19,5,2,1,61,11,0,0,0.0408,0,0,0,1,3,2,0
TCK-004414,Redes Sociais,Integrações,Problema Técnico,Média,Free,Sul,23,234.1,0,3,5,12,1,161,27,0,0,0.0227,2,0,0,1,3,2,0
TCK-004415,Telefone,Plataforma Web,Dúvida / Como Fazer,Média,Free,Centro-Oeste,40,152.3,0,14,3,9,0,53,9,0,0,0.0227,0,0,0,0,3,2,0
TCK-004416,Chat,Faturamento,Cancelamento,Crítica,Free,Norte,27,25.1,0,5,2,4,0,85,13,0,0,0.0282,2,0,0,1,3,2,0
TCK-004417,Redes Sociais,Relatórios,Problema Técnico,Média,Free,Centro-Oeste,70,205.5,0,16,4,9,1,56,11,0,0,0.0222,0,0,0,0,3,2,0
TCK-004418,Email,Plataforma Web,Acesso e Conta,Média,Free,Norte,38,150.0,0,23,6,1,0,54,10,0,0,0.0233,0,0,0,0,3,2,0
TCK-004419,Email,Relatórios,Faturamento,Média,Free,Centro-Oeste,37,105.0,0,2,2,10,0,59,9,1,0,0.0204,0,0,0,0,3,2,0
TCK-004420,Redes Sociais,App Mobile,Bug / Defeito,Alta,Free,Sudeste,56,183.4,0,10,4,3,1,91,17,0,1,0.0294,3,0,0,1,3,2,0
TCK-004421,Chat,Relatórios,Problema Técnico,Média,Free,Norte,51,187.8,0,7,1,4,0,59,10,0,0,0.0204,1,0,0,1,3,2,0
TCK-004422,Email,Integrações,Cancelamento,Alta,Enterprise,Nordeste,10,56.2,0,13,1,1,0,55,8,0,0,0.0217,1,0,1,0,3,2,0
TCK-004423,Email,Plataforma Web,Bug / Defeito,Baixa,Basic,Nordeste,16,138.8,0,1,0,9,0,46,9,0,0,0.0303,2,0,0,1,3,2,0
TCK-004424,Telefone,API,Problema Técnico,Baixa,Enterprise,Nordeste,23,271.0,0,0,2,6,0,161,27,0,0,0.0227,2,0,0,1,3,2,0
TCK-004425,Redes Sociais,App Mobile,Acesso e Conta,Média,Premium,Sul,59,179.0,0,12,2,7,0,54,10,0,0,0.0233,0,0,0,0,3,2,0
TCK-004426,Email,Relatórios,Dúvida / Como Fazer,Baixa,Enterprise,Norte,47,485.4,0,9,5,7,0,53,9,0,0,0.0227,0,0,0,0,3,2,0
TCK-004427,Formulário Web,App Mobile,Solicitação de Recurso,Alta,Free,Nordeste,42,81.0,0,13,1,7,1,57,9,1,0,0.0208,0,0,0,0,3,2,0
TCK-004428,Telefone,Integrações,Cancelamento,Média,Basic,Nordeste,47,191.3,0,10,1,7,0,153,23,0,0,0.0238,2,0,1,0,3,2,0
TCK-004429,Email,App Mobile,Acesso e Conta,Média,Enterprise,Centro-Oeste,38,196.4,0,11,2,12,0,171,25,0,0,0.0352,2,0,0,0,3,2,0
TCK-004430,Chat,Integrações,Problema Técnico,Média,Premium,Sul,45,115.9,1,5,0,10,0,56,11,0,0,0.0222,0,0,0,0,4,3,1
TCK-004431,Chat,Plataforma Web,Problema Técnico,Baixa,Free,Norte,45,257.4,1,15,2,1,0,59,10,0,0,0.0204,1,0,0,1,4,3,1
TCK-004432,Chat,API,Dúvida / Como Fazer,Crítica,Premium,Nordeste,43,37.4,0,8,0,6,0,157,27,2,0,0.0234,0,0,0,0,3,2,0
TCK-004433,Telefone,Faturamento,Faturamento,Alta,Free,Centro-Oeste,28,32.0,0,2,2,3,1,195,30,2,0,0.025,1,0,0,0,3,2,0
TCK-004434,Email,API,Problema Técnico,Média,Premium,Sudeste,59,121.8,0,13,3,1,0,161,27,0,0,0.0227,2,0,0,1,3,2,0
TCK-004435,Email,Faturamento,Acesso e Conta,Média,Premium,Norte,13,86.5,0,5,6,4,0,64,9,0,0,0.037,1,0,0,0,3,2,0
TCK-004436,Telefone,Integrações,Problema Técnico,Média,Enterprise,Norte,48,84.1,0,21,2,6,0,59,10,0,0,0.0204,1,0,0,1,3,2,0
TCK-004437,Email,Faturamento,Dúvida / Como Fazer,Média,Premium,Norte,0,108.6,0,22,6,12,0,53,9,0,0,0.0227,0,0,0,0,3,2,0
TCK-004438,Formulário Web,App Mobile,Faturamento,Alta,Free,Norte,70,87.1,0,11,4,4,0,62,11,0,0,0.02,1,1,0,0,3,2,0
TCK-004439,Formulário Web,Integrações,Dúvida / Como Fazer,Baixa,Basic,Centro-Oeste,41,317.9,0,14,5,8,0,53,9,0,0,0.0227,0,0,0,0,3,2,0
TCK-004440,Redes Sociais,Relatórios,Faturamento,Alta,Basic,Norte,48,83.8,0,10,1,8,0,45,8,0,0,0.027,0,0,0,0,3,2,0
TCK-004441,Chat,App Mobile,Solicitação de Recurso,Média,Basic,Sudeste,57,100.9,0,17,3,1,0,57,9,1,0,0.0208,0,0,0,0,3,2,0
TCK-004442,Redes Sociais,API,Faturamento,Baixa,Basic,Sul,7,229.3,0,19,3,1,0,59,9,1,0,0.0204,0,0,0,0,3,2,0
TCK-004443,Redes Sociais,Faturamento,Bug / Defeito,Alta,Free,Sudeste,0,20.5,0,17,4,7,1,105,17,0,0,0.0235,1,0,0,1,3,2,0
TCK-004444,Redes Sociais,Plataforma Web,Acesso e Conta,Baixa,Free,Sudeste,20,357.7,0,6,3,11,0,64,9,0,0,0.037,1,0,0,0,3,2,0
TCK-004445,Redes Sociais,Plataforma Web,Problema Técnico,Baixa,Premium,Sul,34,170.7,0,22,4,6,0,55,10,0,0,0.0222,0,0,0,0,3,2,0
TCK-004446,Chat,Faturamento,Dúvida / Como Fazer,Média,Basic,Norte,27,111.6,0,22,2,3,0,56,10,1,0,0.0217,0,0,0,0,3,2,0
TCK-004447,Chat,Relatórios,Acesso e Conta,Média,Basic,Sul,9,76.6,0,22,3,5,0,54,10,0,0,0.0233,0,0,0,0,3,2,0
TCK-004448,Chat,Plataforma Web,Faturamento,Alta,Free,Sudeste,17,46.9,0,19,2,5,0,45,8,0,0,0.027,0,0,0,0,3,2,0
TCK-004449,Email,API,Faturamento,Baixa,Basic,Sul,37,135.7,0,8,5,10,0,45,8,0,0,0.027,0,0,0,0,3,2,0
TCK-004450,Email,Faturamento,Problema Técnico,Baixa,Free,Norte,27,477.9,0,5,3,11,0,59,10,0,0,0.0204,1,0,0,1,3,2,0
TCK-004451,Chat,App Mobile,Bug / Defeito,Média,Enterprise,Norte,104,150.0,1,13,6,12,0,46,9,0,0,0.0303,2,0,0,1,4,3,1
TCK-004452,Chat,App Mobile,Dúvida / Como Fazer,Alta,Free,Norte,56,53.7,0,12,1,6,0,90,15,1,0,0.027,1,0,0,0,3,2,0
TCK-004453,Chat,Plataforma Web,Acesso e Conta,Baixa,Basic,Norte,25,183.9,0,0,5,2,0,54,10,0,0,0.0233,0,0,0,0,3,2,0
TCK-004454,Formulário Web,Plataforma Web,Bug / Defeito,Crítica,Basic,Centro-Oeste,53,46.7,0,21,6,9,1,61,11,0,0,0.0408,0,0,0,1,3,2,0
TCK-004455,Formulário Web,API,Bug / Defeito,Média,Enterprise,Centro-Oeste,33,238.5,0,12,4,2,0,61,10,0,0,0.02,1,0,0,1,3,2,0
TCK-004456,Email,API,Cancelamento,Média,Free,Norte,21,120.6,0,7,2,1,0,61,10,0,0,0.02,1,0,1,0,3,2,0
TCK-004457,Telefone,Relatórios,Solicitação de Recurso,Média,Premium,Centro-Oeste,27,50.9,0,8,5,11,1,55,8,0,0,0.0638,0,0,0,0,3,2,0
TCK-004458,Email,Faturamento,Cancelamento,Média,Premium,Centro-Oeste,26,94.9,0,17,1,3,0,55,8,0,0,0.0217,1,0,1,0,3,2,0
TCK-004459,Formulário Web,App Mobile,Solicitação de Recurso,Alta,Premium,Sul,26,44.8,1,5,5,9,1,99,15,0,0,0.0488,0,0,0,0,4,3,1
TCK-004460,Email,Plataforma Web,Acesso e Conta,Baixa,Basic,Nordeste,48,202.8,0,1,2,9,0,64,9,0,0,0.037,1,0,0,0,3,2,0
TCK-004461,Email,Relatórios,Solicitação de Recurso,Alta,Free,Sudeste,55,71.2,0,19,0,2,1,40,7,0,0,0.0303,0,0,0,0,3,2,0
TCK-004462,Formulário Web,Faturamento,Dúvida / Como Fazer,Média,Enterprise,Sudeste,38,115.4,0,9,5,2,0,56,10,1,0,0.0217,0,0,0,0,3,2,0
TCK-004463,Email,Plataforma Web,Acesso e Conta,Alta,Free,Norte,59,59.7,0,6,0,10,1,98,17,0,0,0.025,1,0,0,0,3,2,0
TCK-004464,Telefone,Plataforma Web,Acesso e Conta,Baixa,Premium,Nordeste,34,156.1,0,6,0,3,0,64,9,0,0,0.037,1,0,0,0,3,2,0
TCK-004465,Formulário Web,Faturamento,Dúvida / Como Fazer,Baixa,Premium,Norte,13,173.9,0,0,3,1,0,53,9,0,0,0.0227,0,0,0,0,3,2,0
TCK-004466,Chat,Plataforma Web,Problema Técnico,Baixa,Basic,Sul,15,222.2,0,12,5,8,0,161,27,0,0,0.0227,2,0,0,1,3,2,0
TCK-004467,Chat,App Mobile,Acesso e Conta,Alta,Premium,Norte,56,66.5,0,17,4,5,0,64,9,0,0,0.037,1,0,0,0,3,2,0
TCK-004468,Chat,Faturamento,Solicitação de Recurso,Alta,Premium,Sul,44,45.9,0,3,4,1,1,100,16,0,1,0.0488,1,0,0,0,3,2,0
TCK-004469,Telefone,Plataforma Web,Bug / Defeito,Baixa,Free,Centro-Oeste,29,244.4,0,19,3,8,0,46,9,0,0,0.0303,2,0,0,1,3,2,0
TCK-004470,Telefone,Relatórios,Acesso e Conta,Alta,Basic,Nordeste,33,60.0,0,0,3,4,0,151,27,0,0,0.025,0,0,0,0,3,2,0
TCK-004471,Email,Plataforma Web,Problema Técnico,Baixa,Free,Sul,55,227.3,0,13,1,8,0,55,10,0,0,0.0222,0,0,0,0,3,2,0
TCK-004472,Telefone,Faturamento,Problema Técnico,Alta,Free,Sudeste,37,44.8,0,7,2,8,1,55,10,0,0,0.0222,0,0,0,0,3,2,0
TCK-004473,Email,Relatórios,Bug / Defeito,Média,Basic,Centro-Oeste,42,104.8,1,17,1,9,1,61,10,0,0,0.02,1,0,0,1,4,3,1
TCK-004474,Redes Sociais,App Mobile,Problema Técnico,Média,Free,Centro-Oeste,31,152.1,0,5,0,5,1,56,11,0,0,0.0222,0,0,0,0,3,2,0
TCK-004475,Telefone,App Mobile,Solicitação de Recurso,Média,Free,Sudeste,50,87.7,0,19,0,11,1,55,8,0,0,0.0638,0,0,0,0,3,2,0
TCK-004476,Email,Integrações,Dúvida / Como Fazer,Baixa,Free,Centro-Oeste,54,245.0,0,16,0,9,0,57,10,1,0,0.0213,0,0,0,0,3,2,0
TCK-004477,Email,API,Problema Técnico,Média,Basic,Sul,48,196.3,0,1,6,5,0,55,10,0,0,0.0222,0,0,0,0,3,2,0
TCK-004478,Telefone,Plataforma Web,Dúvida / Como Fazer,Alta,Free,Sul,85,61.0,0,9,3,6,0,57,10,1,0,0.0213,0,0,0,0,3,2,0
TCK-004479,Redes Sociais,App Mobile,Acesso e Conta,Média,Free,Norte,50,141.4,0,14,2,6,0,64,12,0,0,0.0192,0,0,0,0,3,2,0
TCK-004480,Email,Relatórios,Acesso e Conta,Baixa,Free,Sudeste,15,200.1,0,4,2,2,0,64,12,0,0,0.0192,0,0,0,0,3,2,0
TCK-004481,Chat,App Mobile,Cancelamento,Baixa,Premium,Nordeste,1,204.3,0,7,6,12,0,61,10,0,0,0.02,1,0,1,0,3,2,0
TCK-004482,Email,Faturamento,Faturamento,Média,Free,Nordeste,51,133.6,0,16,3,10,0,62,11,0,0,0.02,1,1,0,0,3,2,0
TCK-004483,Chat,API,Solicitação de Recurso,Alta,Premium,Sudeste,22,72.8,0,21,4,4,1,40,7,0,0,0.0303,0,0,0,0,3,2,0
TCK-004484,Email,Faturamento,Acesso e Conta,Baixa,Basic,Norte,26,207.2,0,7,4,11,0,64,9,0,0,0.037,1,0,0,0,3,2,0
TCK-004485,Formulário Web,Plataforma Web,Acesso e Conta,Baixa,Enterprise,Nordeste,49,309.4,0,23,4,8,0,64,9,0,0,0.037,1,0,0,0,3,2,0
TCK-004486,Formulário Web,App Mobile,Faturamento,Média,Basic,Sul,43,185.8,1,1,3,10,0,45,8,0,0,0.027,0,0,0,0,4,3,1
TCK-004487,Chat,App Mobile,Cancelamento,Baixa,Basic,Sul,51,158.8,1,14,4,7,0,51,8,0,0,0.0233,1,0,0,1,4,3,1
TCK-004488,Email,Relatórios,Acesso e Conta,Baixa,Free,Norte,53,478.1,1,10,3,6,0,54,10,0,0,0.0233,0,0,0,0,4,3,1
TCK-004489,Chat,Plataforma Web,Dúvida / Como Fazer,Alta,Free,Norte,24,72.2,0,23,0,10,0,53,9,0,0,0.0227,0,0,0,0,3,2,0
TCK-004490,Chat,App Mobile,Faturamento,Média,Enterprise,Norte,30,86.4,0,13,0,5,0,59,9,1,0,0.0204,0,0,0,0,3,2,0
TCK-004491,Formulário Web,Plataforma Web,Faturamento,Baixa,Basic,Sul,87,852.6,0,12,1,4,0,59,9,1,0,0.0204,0,0,0,0,3,2,0
TCK-004492,Chat,API,Solicitação de Recurso,Alta,Basic,Centro-Oeste,42,44.7,1,9,3,12,1,40,7,0,0,0.0303,0,0,0,0,4,3,1
TCK-004493,Chat,API,Solicitação de Recurso,Baixa,Premium,Sul,29,203.7,1,15,1,12,0,55,8,0,0,0.0638,0,0,0,0,4,3,1
TCK-004494,Telefone,API,Problema Técnico,Baixa,Premium,Norte,16,212.0,0,6,4,8,0,56,11,0,0,0.0222,0,0,0,0,3,2,0
TCK-004495,Redes Sociais,App Mobile,Faturamento,Média,Enterprise,Nordeste,59,120.3,0,23,3,1,0,62,11,0,0,0.02,1,1,0,0,3,2,0
TCK-004496,Telefone,Faturamento,Cancelamento,Média,Premium,Sudeste,81,175.8,0,11,0,6,0,55,8,0,0,0.0217,1,0,1,0,3,2,0
TCK-004497,Telefone,Relatórios,Dúvida / Como Fazer,Média,Free,Sudeste,40,109.0,0,16,2,5,0,57,10,1,0,0.0213,0,0,0,0,3,2,0
TCK-004498,Chat,Relatórios,Faturamento,Média,Free,Norte,50,66.2,0,5,6,6,0,59,9,1,0,0.0204,0,0,0,0,3,2,0
TCK-004499,Formulário Web,Relatórios,Acesso e Conta,Baixa,Basic,Norte,66,237.7,0,12,3,11,0,151,27,0,0,0.025,0,0,0,0,3,2,0
TCK-004500,Chat,Integrações,Problema Técnico,Média,Free,Norte,27,364.3,0,22,2,6,0,55,10,0,0,0.0222,0,0,0,0,3,2,0
TCK-004501,Formulário Web,Plataforma Web,Solicitação de Recurso,Baixa,Free,Nordeste,0,235.0,0,8,5,11,0,55,8,0,0,0.0638,0,0,0,0,3,2,0
TCK-004502,Email,App Mobile,Faturamento,Baixa,Basic,Sudeste,35,389.6,0,5,3,10,0,45,8,0,0,0.027,0,0,0,0,3,2,0
TCK-004503,Redes Sociais,Integrações,Dúvida / Como Fazer,Alta,Free,Centro-Oeste,15,83.8,0,19,4,12,0,57,10,1,0,0.0213,0,0,0,0,3,2,0
TCK-004504,Email,Relatórios,Faturamento,Média,Enterprise,Centro-Oeste,3,92.9,0,8,3,1,0,45,8,0,0,0.027,0,0,0,0,3,2,0
TCK-004505,Email,API,Problema Técnico,Média,Premium,Nordeste,43,135.8,0,3,6,12,0,161,27,0,0,0.0227,2,0,0,1,3,2,0
TCK-004506,Email,App Mobile,Acesso e Conta,Média,Enterprise,Centro-Oeste,10,284.6,0,0,1,1,0,54,10,0,0,0.0233,0,0,0,0,3,2,0
TCK-004507,Formulário Web,Faturamento,Cancelamento,Média,Free,Centro-Oeste,56,167.1,0,13,0,3,0,51,8,0,0,0.0233,1,0,0,1,3,2,0
TCK-004508,Formulário Web,Relatórios,Problema Técnico,Alta,Free,Norte,54,60.4,1,22,5,9,1,59,10,0,0,0.0204,1,0,0,1,4,3,1
TCK-004509,Chat,API,Faturamento,Baixa,Premium,Centro-Oeste,26,280.8,0,19,6,3,0,45,8,0,0,0.027,0,0,0,0,3,2,0
TCK-004510,Chat,Faturamento,Faturamento,Baixa,Premium,Norte,60,285.9,0,16,2,8,0,62,11,0,0,0.02,1,1,0,0,3,2,0
TCK-004511,Email,Relatórios,Bug / Defeito,Média,Premium,Nordeste,18,204.5,0,20,6,7,1,46,9,0,0,0.0303,2,0,0,1,3,2,0
TCK-004512,Formulário Web,Faturamento,Solicitação de Recurso,Baixa,Basic,Norte,4,278.1,0,19,4,9,0,55,8,0,0,0.0638,0,0,0,0,3,2,0
TCK-004513,Email,Faturamento,Solicitação de Recurso,Média,Free,Sul,39,152.7,0,11,3,1,1,40,7,0,0,0.0303,0,0,0,0,3,2,0
TCK-004514,Chat,App Mobile,Acesso e Conta,Média,Free,Norte,62,124.9,0,11,5,11,0,64,12,0,0,0.0192,0,0,0,0,3,2,0
TCK-004515,Chat,App Mobile,Dúvida / Como Fazer,Baixa,Basic,Sul,47,323.8,0,20,3,9,0,155,27,2,0,0.0238,0,0,0,0,3,2,0
TCK-004516,Chat,Integrações,Faturamento,Média,Basic,Sul,27,56.2,0,18,1,8,0,45,8,0,0,0.027,0,0,0,0,3,2,0
TCK-004517,Email,App Mobile,Acesso e Conta,Média,Basic,Norte,22,156.6,0,6,6,10,0,54,10,0,0,0.0233,0,0,0,0,3,2,0
TCK-004518,Telefone,Plataforma Web,Dúvida / Como Fazer,Média,Free,Nordeste,60,127.9,0,9,0,9,0,57,10,1,0,0.0213,0,0,0,0,3,2,0
TCK-004519,Telefone,App Mobile,Acesso e Conta,Baixa,Basic,Nordeste,19,336.8,0,23,4,3,0,54,10,0,0,0.0233,0,0,0,0,3,2,0
TCK-004520,Chat,API,Dúvida / Como Fazer,Média,Basic,Sul,26,53.9,0,17,5,4,0,53,9,0,0,0.0227,0,0,0,0,3,2,0
TCK-004521,Email,Faturamento,Dúvida / Como Fazer,Baixa,Basic,Sudeste,60,298.1,0,13,2,2,0,57,10,1,0,0.0213,0,0,0,0,3,2,0
TCK-004522,Chat,Faturamento,Dúvida / Como Fazer,Baixa,Free,Norte,58,167.1,0,15,5,1,0,57,10,1,0,0.0213,0,0,0,0,3,2,0
TCK-004523,Redes Sociais,API,Problema Técnico,Baixa,Free,Sudeste,53,305.4,0,9,6,6,0,55,10,0,0,0.0222,0,0,0,0,3,2,0
TCK-004524,Email,Faturamento,Problema Técnico,Média,Free,Norte,55,180.6,0,21,5,8,0,59,10,0,0,0.0204,1,0,0,1,3,2,0
TCK-004525,Email,Faturamento,Dúvida / Como Fazer,Baixa,Basic,Centro-Oeste,70,273.4,0,17,4,7,0,56,10,1,0,0.0217,0,0,0,0,3,2,0
TCK-004526,Email,Relatórios,Cancelamento,Baixa,Premium,Sul,83,269.9,1,6,1,8,0,51,8,0,0,0.0233,1,0,0,1,4,3,1
TCK-004527,Telefone,Plataforma Web,Bug / Defeito,Média,Free,Sudeste,0,121.6,1,22,3,7,0,61,10,0,0,0.02,1,0,0,1,4,3,1
TCK-004528,Email,Faturamento,Dúvida / Como Fazer,Média,Enterprise,Norte,61,191.4,0,18,4,12,0,155,27,2,0,0.0238,0,0,0,0,3,2,0
TCK-004529,Redes Sociais,Faturamento,Acesso e Conta,Média,Basic,Norte,67,219.7,0,10,3,2,0,151,27,0,0,0.025,0,0,0,0,3,2,0
TCK-004530,Email,App Mobile,Dúvida / Como Fazer,Crítica,Free,Centro-Oeste,72,62.9,0,9,1,4,0,57,10,1,0,0.0213,0,0,0,0,3,2,0
TCK-004531,Telefone,Integrações,Problema Técnico,Média,Enterprise,Centro-Oeste,20,94.4,0,3,6,2,0,155,29,0,0,0.0242,0,0,0,0,3,2,0
TCK-004532,Chat,App Mobile,Solicitação de Recurso,Baixa,Free,Norte,37,129.0,0,11,0,1,0,40,7,0,0,0.0303,0,0,0,0,3,2,0
TCK-004533,Email,Relatórios,Cancelamento,Baixa,Basic,Centro-Oeste,28,357.9,1,23,5,10,0,153,23,0,0,0.0238,2,0,1,0,4,3,1
TCK-004534,Email,Faturamento,Acesso e Conta,Baixa,Free,Norte,50,291.5,0,9,3,3,0,64,9,0,0,0.037,1,0,0,0,3,2,0
TCK-004535,Email,Plataforma Web,Dúvida / Como Fazer,Crítica,Enterprise,Sul,51,86.6,0,2,3,6,0,87,14,0,0,0.0278,1,0,0,0,3,2,0
TCK-004536,Chat,App Mobile,Problema Técnico,Baixa,Free,Sudeste,7,107.1,0,21,1,2,0,56,11,0,0,0.0222,0,0,0,0,3,2,0
TCK-004537,Chat,API,Acesso e Conta,Média,Premium,Norte,30,188.3,0,2,0,6,0,171,25,0,0,0.0352,2,0,0,0,3,2,0
TCK-004538,Telefone,App Mobile,Bug / Defeito,Média,Free,Nordeste,24,54.6,0,1,5,8,0,61,10,0,0,0.02,1,0,0,1,3,2,0
TCK-004539,Formulário Web,API,Faturamento,Alta,Free,Sul,45,68.4,0,4,0,6,0,45,8,0,0,0.027,0,0,0,0,3,2,0
TCK-004540,Formulário Web,API,Dúvida / Como Fazer,Baixa,Premium,Norte,36,142.3,0,23,6,1,0,57,10,1,0,0.0213,0,0,0,0,3,2,0
TCK-004541,Email,Plataforma Web,Faturamento,Baixa,Free,Sudeste,73,296.2,0,15,2,11,0,62,11,0,0,0.02,1,1,0,0,3,2,0
TCK-004542,Email,Faturamento,Acesso e Conta,Alta,Premium,Sul,62,99.1,0,22,5,7,0,64,12,0,0,0.0192,0,0,0,0,3,2,0
TCK-004543,Chat,App Mobile,Faturamento,Alta,Free,Sudeste,78,67.1,0,15,4,2,1,201,34,0,0,0.0247,3,1,0,0,3,2,0
TCK-004544,Email,Faturamento,Faturamento,Alta,Premium,Nordeste,62,83.8,0,11,1,4,0,79,13,0,0,0.0308,1,0,0,0,3,2,0
TCK-004545,Chat,App Mobile,Solicitação de Recurso,Média,Free,Centro-Oeste,40,97.2,0,16,4,6,1,55,8,0,0,0.0638,0,0,0,0,3,2,0
TCK-004546,Email,App Mobile,Cancelamento,Baixa,Premium,Norte,56,111.4,0,17,0,7,0,55,8,0,0,0.0217,1,0,1,0,3,2,0
TCK-004547,Chat,Integrações,Solicitação de Recurso,Alta,Free,Nordeste,44,79.7,0,3,4,5,1,57,9,1,0,0.0208,0,0,0,0,3,2,0
TCK-004548,Telefone,Integrações,Acesso e Conta,Baixa,Basic,Norte,39,202.7,0,12,6,3,0,54,10,0,0,0.0233,0,0,0,0,3,2,0
TCK-004549,Email,Faturamento,Acesso e Conta,Média,Premium,Sudeste,4,125.5,0,23,2,8,0,54,10,0,0,0.0233,0,0,0,0,3,2,0
TCK-004550,Formulário Web,App Mobile,Problema Técnico,Média,Basic,Nordeste,79,146.8,1,13,1,7,1,55,10,0,0,0.0222,0,0,0,0,4,3,1
TCK-004551,Chat,Relatórios,Acesso e Conta,Média,Basic,Norte,24,123.5,0,23,2,10,0,64,9,0,0,0.037,1,0,0,0,3,2,0
TCK-004552,Formulário Web,API,Faturamento,Baixa,Free,Norte,19,230.8,0,11,4,3,0,59,9,1,0,0.0204,0,0,0,0,3,2,0
TCK-004553,Chat,Relatórios,Dúvida / Como Fazer,Baixa,Basic,Nordeste,35,134.1,0,7,0,4,0,56,10,1,0,0.0217,0,0,0,0,3,2,0
TCK-004554,Chat,Integrações,Solicitação de Recurso,Baixa,Free,Norte,64,173.4,0,10,0,12,1,57,9,1,0,0.0208,0,0,0,0,3,2,0
TCK-004555,Formulário Web,API,Acesso e Conta,Crítica,Basic,Nordeste,59,52.4,1,13,6,7,1,109,17,0,1,0.0337,2,0,0,0,4,3,1
TCK-004556,Email,App Mobile,Dúvida / Como Fazer,Baixa,Free,Nordeste,18,255.8,0,9,0,5,0,157,27,2,0,0.0234,0,0,0,0,3,2,0
TCK-004557,Email,Plataforma Web,Cancelamento,Baixa,Free,Sudeste,69,168.3,0,12,1,12,0,51,8,0,0,0.0233,1,0,0,1,3,2,0
TCK-004558,Email,App Mobile,Cancelamento,Alta,Free,Sudeste,27,45.3,0,3,5,12,0,100,16,0,1,0.0247,2,0,1,0,3,2,0
TCK-004559,Telefone,Plataforma Web,Dúvida / Como Fazer,Média,Enterprise,Sudeste,45,76.7,0,21,4,8,0,53,9,0,0,0.0227,0,0,0,0,3,2,0
TCK-004560,Redes Sociais,Faturamento,Solicitação de Recurso,Média,Basic,Sudeste,56,168.5,0,9,3,1,1,40,7,0,0,0.0303,0,0,0,0,3,2,0
TCK-004561,Formulário Web,Relatórios,Solicitação de Recurso,Média,Free,Norte,36,244.4,0,5,0,8,1,55,8,0,0,0.0638,0,0,0,0,3,2,0
TCK-004562,Redes Sociais,App Mobile,Acesso e Conta,Média,Basic,Centro-Oeste,49,115.7,0,13,1,2,0,64,12,0,0,0.0192,0,0,0,0,3,2,0
TCK-004563,Formulário Web,Faturamento,Dúvida / Como Fazer,Alta,Premium,Centro-Oeste,107,98.4,0,9,3,8,0,56,10,1,0,0.0217,0,0,0,0,3,2,0
TCK-004564,Formulário Web,Faturamento,Dúvida / Como Fazer,Média,Basic,Sudeste,26,105.4,0,10,6,3,0,53,9,0,0,0.0227,0,0,0,0,3,2,0
TCK-004565,Telefone,Relatórios,Problema Técnico,Alta,Free,Centro-Oeste,36,57.8,1,16,3,12,1,59,10,0,0,0.0204,1,0,0,1,4,3,1
TCK-004566,Email,App Mobile,Acesso e Conta,Média,Basic,Centro-Oeste,12,180.6,0,4,3,2,0,171,31,0,0,0.0217,0,0,0,0,3,2,0
TCK-004567,Telefone,App Mobile,Dúvida / Como Fazer,Média,Free,Norte,60,210.0,0,13,2,10,0,57,10,1,0,0.0213,0,0,0,0,3,2,0
TCK-004568,Email,Relatórios,Bug / Defeito,Crítica,Premium,Nordeste,36,26.6,0,3,0,12,1,135,25,0,0,0.03,4,0,0,1,3,2,0
TCK-004569,Telefone,App Mobile,Faturamento,Média,Enterprise,Sul,60,129.1,0,10,4,8,0,133,23,0,0,0.0278,0,0,0,0,3,2,0
TCK-004570,Email,API,Acesso e Conta,Média,Premium,Nordeste,46,219.3,0,14,3,12,0,64,9,0,0,0.037,1,0,0,0,3,2,0
TCK-004571,Telefone,Integrações,Dúvida / Como Fazer,Média,Enterprise,Centro-Oeste,60,129.6,0,17,0,8,0,56,10,1,0,0.0217,0,0,0,0,3,2,0
TCK-004572,Email,Relatórios,Acesso e Conta,Média,Free,Norte,26,134.0,0,1,3,9,0,64,12,0,0,0.0192,0,0,0,0,3,2,0
TCK-004573,Formulário Web,App Mobile,Bug / Defeito,Média,Premium,Nordeste,58,81.5,1,13,3,1,1,135,25,0,0,0.03,4,0,0,1,4,3,1
TCK-004574,Telefone,Integrações,Bug / Defeito,Média,Free,Nordeste,52,155.3,0,8,4,6,0,165,29,0,0,0.0379,0,0,0,1,3,2,0
TCK-004575,Email,Faturamento,Acesso e Conta,Baixa,Enterprise,Sul,20,309.4,0,21,6,3,0,171,25,0,0,0.0352,2,0,0,0,3,2,0
TCK-004576,Email,Integrações,Problema Técnico,Crítica,Basic,Nordeste,38,29.5,0,18,0,6,1,55,10,0,0,0.0222,0,0,0,0,3,2,0
TCK-004577,Chat,Integrações,Problema Técnico,Média,Basic,Norte,40,89.2,0,22,0,3,0,153,27,0,0,0.0242,0,0,0,0,3,2,0
TCK-004578,Formulário Web,Integrações,Dúvida / Como Fazer,Média,Free,Sul,14,74.0,0,23,6,6,0,155,27,2,0,0.0238,0,0,0,0,3,2,0
TCK-004579,Email,API,Cancelamento,Média,Free,Centro-Oeste,59,121.0,0,18,5,6,0,61,10,0,0,0.02,1,0,1,0,3,2,0
TCK-004580,Email,Faturamento,Solicitação de Recurso,Média,Premium,Sudeste,36,286.3,0,0,2,4,1,40,7,0,0,0.0303,0,0,0,0,3,2,0
TCK-004581,Email,Plataforma Web,Bug / Defeito,Baixa,Basic,Centro-Oeste,2,111.7,0,23,0,6,0,61,10,0,0,0.02,1,0,0,1,3,2,0
TCK-004582,Formulário Web,Plataforma Web,Dúvida / Como Fazer,Baixa,Free,Sul,26,420.5,0,6,0,1,0,53,9,0,0,0.0227,0,0,0,0,3,2,0
TCK-004583,Chat,API,Acesso e Conta,Baixa,Free,Nordeste,60,196.3,0,15,2,2,0,64,9,0,0,0.037,1,0,0,0,3,2,0
TCK-004584,Email,Faturamento,Acesso e Conta,Crítica,Free,Nordeste,62,52.1,1,12,1,10,1,64,9,0,0,0.037,1,0,0,0,4,3,1
TCK-004585,Chat,Relatórios,Bug / Defeito,Alta,Free,Sul,66,50.3,1,14,3,12,1,135,25,0,0,0.03,4,0,0,1,4,3,1
TCK-004586,Email,Plataforma Web,Solicitação de Recurso,Média,Free,Sudeste,59,139.7,1,23,4,5,1,55,8,0,0,0.0638,0,0,0,0,4,3,1
TCK-004587,Email,App Mobile,Problema Técnico,Média,Premium,Sul,22,100.5,0,19,0,1,0,161,27,0,0,0.0227,2,0,0,1,3,2,0
TCK-004588,Email,API,Faturamento,Média,Free,Sudeste,33,153.7,0,6,0,3,0,62,11,0,0,0.02,1,1,0,0,3,2,0
TCK-004589,Formulário Web,Plataforma Web,Acesso e Conta,Alta,Enterprise,Norte,52,57.4,0,0,6,11,0,54,10,0,0,0.0233,0,0,0,0,3,2,0
TCK-004590,Formulário Web,Plataforma Web,Bug / Defeito,Baixa,Enterprise,Centro-Oeste,32,269.3,0,20,2,3,0,61,10,0,0,0.02,1,0,0,1,3,2,0
TCK-004591,Email,App Mobile,Solicitação de Recurso,Alta,Free,Nordeste,24,116.6,0,4,6,8,1,55,8,0,0,0.0638,0,0,0,0,3,2,0
TCK-004592,Email,Relatórios,Faturamento,Baixa,Enterprise,Sudeste,31,216.4,0,21,0,8,0,59,9,1,0,0.0204,0,0,0,0,3,2,0
TCK-004593,Chat,Faturamento,Bug / Defeito,Alta,Basic,Sudeste,42,42.6,0,17,5,4,1,61,11,0,0,0.0408,0,0,0,1,3,2,0
TCK-004594,Telefone,App Mobile,Acesso e Conta,Baixa,Free,Nordeste,22,271.9,0,23,3,4,0,64,9,0,0,0.037,1,0,0,0,3,2,0
TCK-004595,Chat,Integrações,Dúvida / Como Fazer,Média,Basic,Norte,74,153.9,0,15,0,6,0,57,10,1,0,0.0213,0,0,0,0,3,2,0
TCK-004596,Formulário Web,Faturamento,Acesso e Conta,Média,Free,Norte,67,96.7,0,12,6,3,0,64,9,0,0,0.037,1,0,0,0,3,2,0
TCK-004597,Chat,Plataforma Web,Dúvida / Como Fazer,Baixa,Free,Norte,3,459.6,0,0,4,4,0,57,10,1,0,0.0213,0,0,0,0,3,2,0
TCK-004598,Email,Plataforma Web,Dúvida / Como Fazer,Crítica,Free,Sudeste,62,45.3,1,16,5,11,0,191,32,2,0,0.0256,1,0,0,0,4,3,1
TCK-004599,Email,App Mobile,Faturamento,Média,Free,Sudeste,48,84.8,0,18,5,2,0,167,29,0,0,0.0224,2,1,0,0,3,2,0
TCK-004600,Email,Faturamento,Dúvida / Como Fazer,Baixa,Premium,Sudeste,28,225.1,0,23,1,9,0,57,10,1,0,0.0213,0,0,0,0,3,2,0
TCK-004601,Email,App Mobile,Problema Técnico,Média,Premium,Sudeste,48,196.4,1,14,2,7,0,59,10,0,0,0.0204,1,0,0,1,4,3,1
TCK-004602,Redes Sociais,API,Problema Técnico,Média,Premium,Nordeste,5,110.6,0,3,5,8,0,161,27,0,0,0.0227,2,0,0,1,3,2,0
TCK-004603,Chat,API,Cancelamento,Média,Enterprise,Sudeste,53,196.1,0,18,3,11,0,51,8,0,0,0.0233,1,0,0,1,3,2,0
TCK-004604,Redes Sociais,Relatórios,Problema Técnico,Alta,Enterprise,Sul,12,29.8,0,7,0,6,1,55,10,0,0,0.0222,0,0,0,0,3,2,0
TCK-004605,Redes Sociais,Relatórios,Solicitação de Recurso,Alta,Enterprise,Norte,26,63.4,0,19,5,11,1,85,15,0,1,0.0294,1,0,0,0,3,2,0
TCK-004606,Redes Sociais,Faturamento,Faturamento,Alta,Premium,Sudeste,27,39.6,0,4,6,11,0,62,11,0,0,0.02,1,1,0,0,3,2,0
TCK-004607,Chat,API,Acesso e Conta,Média,Free,Sudeste,64,206.7,0,9,0,10,0,64,12,0,0,0.0192,0,0,0,0,3,2,0
TCK-004608,Redes Sociais,API,Dúvida / Como Fazer,Alta,Enterprise,Sul,55,84.0,0,9,6,12,0,56,10,1,0,0.0217,0,0,0,0,3,2,0
TCK-004609,Email,Faturamento,Dúvida / Como Fazer,Alta,Premium,Sudeste,60,46.8,0,23,5,6,0,193,32,0,0,0.0255,0,0,0,0,3,2,0
TCK-004610,Telefone,Plataforma Web,Solicitação de Recurso,Alta,Enterprise,Sul,8,25.0,0,19,0,6,0,102,17,1,1,0.0241,1,0,0,0,3,2,0
TCK-004611,Redes Sociais,App Mobile,Cancelamento,Alta,Free,Norte,60,72.1,0,9,4,2,1,99,15,0,0,0.0247,1,0,1,0,3,2,0
TCK-004612,Email,Plataforma Web,Dúvida / Como Fazer,Média,Enterprise,Sudeste,58,187.4,1,5,5,8,0,57,10,1,0,0.0213,0,0,0,0,4,3,1
TCK-004613,Formulário Web,Plataforma Web,Bug / Defeito,Alta,Premium,Norte,32,46.5,0,0,6,10,1,61,10,0,0,0.02,1,0,0,1,3,2,0
TCK-004614,Chat,Faturamento,Problema Técnico,Baixa,Premium,Nordeste,38,222.4,0,20,0,9,0,59,10,0,0,0.0204,1,0,0,1,3,2,0
TCK-004615,Email,Integrações,Problema Técnico,Média,Free,Centro-Oeste,26,132.5,0,2,4,7,0,59,10,0,0,0.0204,1,0,0,1,3,2,0
TCK-004616,Telefone,Integrações,Faturamento,Baixa,Free,Centro-Oeste,61,169.6,0,6,3,5,0,59,9,1,0,0.0204,0,0,0,0,3,2,0
TCK-004617,Telefone,App Mobile,Faturamento,Média,Enterprise,Sul,48,75.3,0,16,3,11,0,59,9,1,0,0.0204,0,0,0,0,3,2,0
TCK-004618,Chat,Faturamento,Acesso e Conta,Baixa,Basic,Norte,69,126.7,0,17,4,3,0,64,9,0,0,0.037,1,0,0,0,3,2,0
TCK-004619,Telefone,Relatórios,Solicitação de Recurso,Média,Basic,Sudeste,49,99.1,0,2,6,10,1,55,8,0,0,0.0638,0,0,0,0,3,2,0
TCK-004620,Redes Sociais,API,Solicitação de Recurso,Média,Free,Nordeste,29,169.4,0,9,3,6,1,57,9,1,0,0.0208,0,0,0,0,3,2,0
TCK-004621,Telefone,Integrações,Acesso e Conta,Baixa,Free,Nordeste,27,320.9,0,2,2,8,0,64,9,0,0,0.037,1,0,0,0,3,2,0
TCK-004622,Chat,API,Problema Técnico,Média,Free,Centro-Oeste,41,270.8,0,5,2,11,0,59,10,0,0,0.0204,1,0,0,1,3,2,0
TCK-004623,Email,API,Solicitação de Recurso,Média,Premium,Sul,6,286.4,0,2,5,10,1,55,8,0,0,0.0638,0,0,0,0,3,2,0
TCK-004624,Redes Sociais,App Mobile,Bug / Defeito,Baixa,Basic,Nordeste,67,255.6,1,1,5,6,1,61,10,0,0,0.02,1,0,0,1,4,3,1
TCK-004625,Telefone,App Mobile,Dúvida / Como Fazer,Alta,Free,Norte,0,25.5,0,21,2,3,0,155,27,2,0,0.0238,0,0,0,0,3,2,0
TCK-004626,Formulário Web,Faturamento,Dúvida / Como Fazer,Média,Basic,Centro-Oeste,55,109.0,0,8,2,5,0,155,27,2,0,0.0238,0,0,0,0,3,2,0
TCK-004627,Email,API,Problema Técnico,Média,Free,Sudeste,53,123.7,0,11,6,8,0,59,10,0,0,0.0204,1,0,0,1,3,2,0
TCK-004628,Email,App Mobile,Bug / Defeito,Crítica,Basic,Centro-Oeste,67,52.8,0,16,6,5,1,90,16,0,0,0.0294,2,0,0,1,3,2,0
TCK-004629,Email,Relatórios,Dúvida / Como Fazer,Média,Basic,Centro-Oeste,24,207.2,0,7,2,12,0,56,10,1,0,0.0217,0,0,0,0,3,2,0
TCK-004630,Email,Integrações,Solicitação de Recurso,Alta,Enterprise,Centro-Oeste,56,72.8,0,13,0,12,1,40,7,0,0,0.0303,0,0,0,0,3,2,0
TCK-004631,Email,Integrações,Cancelamento,Alta,Basic,Norte,38,134.4,0,14,5,12,0,55,8,0,0,0.0217,1,0,1,0,3,2,0
TCK-004632,Email,Plataforma Web,Cancelamento,Média,Free,Sul,16,61.0,0,7,4,2,0,55,8,0,0,0.0217,1,0,1,0,3,2,0
TCK-004633,Formulário Web,Relatórios,Solicitação de Recurso,Média,Basic,Sudeste,33,210.3,0,15,0,11,1,40,7,0,0,0.0303,0,0,0,0,3,2,0
TCK-004634,Chat,Relatórios,Bug / Defeito,Baixa,Free,Sudeste,18,224.3,1,23,1,7,0,61,10,0,0,0.02,1,0,0,1,4,3,1
TCK-004635,Email,Plataforma Web,Solicitação de Recurso,Baixa,Basic,Nordeste,33,632.4,0,1,3,5,0,40,7,0,0,0.0303,0,0,0,0,3,2,0
TCK-004636,Redes Sociais,API,Dúvida / Como Fazer,Baixa,Basic,Norte,36,357.5,0,17,1,3,0,53,9,0,0,0.0227,0,0,0,0,3,2,0
TCK-004637,Telefone,Plataforma Web,Problema Técnico,Alta,Enterprise,Centro-Oeste,27,57.4,0,16,3,6,0,55,10,0,0,0.0222,0,0,0,0,3,2,0
TCK-004638,Email,App Mobile,Faturamento,Alta,Premium,Sul,50,67.5,1,4,3,5,0,59,9,1,0,0.0204,0,0,0,0,4,3,1
TCK-004639,Formulário Web,Plataforma Web,Solicitação de Recurso,Média,Enterprise,Sul,51,115.6,0,17,1,4,0,55,8,0,0,0.0638,0,0,0,0,3,2,0
TCK-004640,Redes Sociais,Relatórios,Bug / Defeito,Média,Enterprise,Centro-Oeste,31,84.2,0,2,1,4,0,135,25,0,0,0.03,4,0,0,1,3,2,0
TCK-004641,Email,Integrações,Dúvida / Como Fazer,Média,Enterprise,Centro-Oeste,34,232.1,0,18,1,3,0,53,9,0,0,0.0227,0,0,0,0,3,2,0
TCK-004642,Telefone,App Mobile,Problema Técnico,Alta,Free,Centro-Oeste,52,68.6,0,10,3,6,1,55,10,0,0,0.0222,0,0,0,0,3,2,0
TCK-004643,Chat,Relatórios,Faturamento,Média,Enterprise,Nordeste,29,45.7,0,14,6,11,0,45,8,0,0,0.027,0,0,0,0,3,2,0
TCK-004644,Chat,Relatórios,Bug / Defeito,Baixa,Free,Centro-Oeste,59,204.4,0,10,2,1,0,61,10,0,0,0.02,1,0,0,1,3,2,0
TCK-004645,Email,API,Acesso e Conta,Média,Basic,Norte,27,104.9,0,2,0,3,0,54,10,0,0,0.0233,0,0,0,0,3,2,0
TCK-004646,Chat,Faturamento,Problema Técnico,Média,Basic,Nordeste,46,113.9,0,17,0,6,0,55,10,0,0,0.0222,0,0,0,0,3,2,0
TCK-004647,Formulário Web,API,Acesso e Conta,Crítica,Free,Norte,17,26.9,0,23,6,11,0,108,16,0,0,0.0337,1,0,0,0,3,2,0
TCK-004648,Chat,Integrações,Bug / Defeito,Baixa,Enterprise,Nordeste,66,130.4,0,18,5,5,0,61,10,0,0,0.02,1,0,0,1,3,2,0
TCK-004649,Email,Integrações,Problema Técnico,Média,Basic,Norte,52,220.2,0,4,0,4,0,55,10,0,0,0.0222,0,0,0,0,3,2,0
TCK-004650,Telefone,Integrações,Faturamento,Baixa,Basic,Norte,0,75.1,0,21,3,12,0,45,8,0,0,0.027,0,0,0,0,3,2,0
TCK-004651,Email,Plataforma Web,Problema Técnico,Média,Free,Norte,59,200.1,0,0,5,1,0,56,11,0,0,0.0222,0,0,0,0,3,2,0
TCK-004652,Email,Integrações,Problema Técnico,Crítica,Free,Norte,40,41.1,1,12,1,9,1,90,16,0,0,0.0274,1,0,0,0,4,3,1
TCK-004653,Formulário Web,Relatórios,Dúvida / Como Fazer,Média,Basic,Sul,53,102.1,0,11,5,6,0,56,10,1,0,0.0217,0,0,0,0,3,2,0
TCK-004654,Telefone,Plataforma Web,Dúvida / Como Fazer,Média,Free,Norte,38,153.9,0,20,3,2,0,53,9,0,0,0.0227,0,0,0,0,3,2,0
TCK-004655,Email,API,Solicitação de Recurso,Baixa,Enterprise,Sudeste,38,189.6,1,11,0,10,0,123,21,0,0,0.03,0,0,0,0,4,3,1
TCK-004656,Telefone,Integrações,Problema Técnico,Média,Basic,Nordeste,30,87.6,1,1,5,11,1,56,11,0,0,0.0222,0,0,0,0,4,3,1
TCK-004657,Email,Relatórios,Bug / Defeito,Baixa,Free,Nordeste,41,244.1,0,21,2,12,0,165,27,0,0,0.0224,2,0,0,1,3,2,0
TCK-004658,Email,Integrações,Acesso e Conta,Alta,Enterprise,Centro-Oeste,39,50.0,0,23,6,11,0,54,10,0,0,0.0233,0,0,0,0,3,2,0
TCK-004659,Formulário Web,App Mobile,Problema Técnico,Média,Free,Sudeste,25,100.0,0,3,0,11,1,56,11,0,0,0.0222,0,0,0,0,3,2,0
TCK-004660,Formulário Web,App Mobile,Solicitação de Recurso,Alta,Free,Sudeste,26,47.7,0,22,0,4,1,40,7,0,0,0.0303,0,0,0,0,3,2,0
TCK-004661,Telefone,Faturamento,Dúvida / Como Fazer,Média,Enterprise,Centro-Oeste,60,145.8,0,10,1,2,0,56,10,1,0,0.0217,0,0,0,0,3,2,0
TCK-004662,Formulário Web,Faturamento,Dúvida / Como Fazer,Alta,Free,Sul,76,98.3,0,16,6,7,0,98,17,0,1,0.0253,1,0,0,0,3,2,0
TCK-004663,Chat,API,Cancelamento,Média,Enterprise,Sul,0,182.4,0,21,1,1,0,55,8,0,0,0.0217,1,0,1,0,3,2,0
TCK-004664,Redes Sociais,API,Dúvida / Como Fazer,Alta,Free,Sul,25,66.7,0,22,5,6,0,56,10,1,0,0.0217,0,0,0,0,3,2,0
TCK-004665,Telefone,Faturamento,Problema Técnico,Alta,Free,Sudeste,29,73.2,1,20,6,5,1,55,10,0,0,0.0222,0,0,0,0,4,3,1
TCK-004666,Chat,Faturamento,Acesso e Conta,Crítica,Free,Centro-Oeste,32,33.2,0,4,5,8,0,64,12,0,0,0.0192,0,0,0,0,3,2,0
TCK-004667,Email,API,Bug / Defeito,Baixa,Free,Sul,42,223.3,0,20,5,3,0,61,10,0,0,0.02,1,0,0,1,3,2,0
TCK-004668,Email,Integrações,Acesso e Conta,Média,Basic,Centro-Oeste,0,72.4,0,8,3,7,0,54,10,0,0,0.0233,0,0,0,0,3,2,0
TCK-004669,Email,Integrações,Problema Técnico,Baixa,Premium,Nordeste,43,183.1,0,5,4,9,0,55,10,0,0,0.0222,0,0,0,0,3,2,0
TCK-004670,Chat,Faturamento,Solicitação de Recurso,Alta,Basic,Norte,48,123.4,0,20,5,2,1,40,7,0,0,0.0303,0,0,0,0,3,2,0
TCK-004671,Email,App Mobile,Acesso e Conta,Alta,Free,Centro-Oeste,34,65.0,0,13,5,4,0,64,9,0,0,0.037,1,0,0,0,3,2,0
TCK-004672,Chat,Plataforma Web,Acesso e Conta,Crítica,Free,Sul,42,35.6,0,22,3,3,0,64,9,0,0,0.037,1,0,0,0,3,2,0
TCK-004673,Formulário Web,API,Problema Técnico,Baixa,Basic,Nordeste,30,483.0,0,11,4,6,1,55,10,0,0,0.0222,0,0,0,0,3,2,0
TCK-004674,Telefone,App Mobile,Bug / Defeito,Baixa,Basic,Nordeste,44,200.1,0,20,1,11,0,46,9,0,0,0.0303,2,0,0,1,3,2,0
TCK-004675,Email,Faturamento,Solicitação de Recurso,Baixa,Premium,Norte,40,333.5,0,18,2,10,0,57,9,1,0,0.0208,0,0,0,0,3,2,0
TCK-004676,Email,Faturamento,Acesso e Conta,Baixa,Basic,Sul,24,345.6,0,19,4,7,0,64,12,0,0,0.0192,0,0,0,0,3,2,0
TCK-004677,Formulário Web,Relatórios,Solicitação de Recurso,Média,Free,Centro-Oeste,57,200.5,0,21,0,5,1,40,7,0,0,0.0303,0,0,0,0,3,2,0
TCK-004678,Email,Relatórios,Solicitação de Recurso,Média,Basic,Nordeste,53,189.3,0,21,0,2,1,40,7,0,0,0.0303,0,0,0,0,3,2,0
TCK-004679,Email,Integrações,Bug / Defeito,Baixa,Enterprise,Norte,38,272.0,0,10,5,8,0,46,9,0,0,0.0303,2,0,0,1,3,2,0
TCK-004680,Email,API,Faturamento,Alta,Basic,Norte,75,79.5,0,14,6,2,0,45,8,0,0,0.027,0,0,0,0,3,2,0
TCK-004681,Email,Integrações,Faturamento,Média,Basic,Norte,15,173.1,0,1,4,9,0,45,8,0,0,0.027,0,0,0,0,3,2,0
TCK-004682,Formulário Web,Relatórios,Bug / Defeito,Baixa,Basic,Norte,12,182.8,0,2,2,3,0,61,11,0,0,0.0408,0,0,0,1,3,2,0
TCK-004683,Chat,Plataforma Web,Bug / Defeito,Média,Free,Norte,41,147.1,0,1,4,3,0,165,29,0,0,0.0379,0,0,0,1,3,2,0
TCK-004684,Email,App Mobile,Acesso e Conta,Média,Enterprise,Sul,33,104.1,0,0,5,11,0,54,10,0,0,0.0233,0,0,0,0,3,2,0
TCK-004685,Telefone,Faturamento,Faturamento,Média,Free,Centro-Oeste,16,96.7,0,0,6,3,0,133,23,0,0,0.0278,0,0,0,0,3,2,0
TCK-004686,Telefone,API,Acesso e Conta,Média,Basic,Norte,34,193.5,0,5,1,7,0,54,10,0,0,0.0233,0,0,0,0,3,2,0
TCK-004687,Chat,Faturamento,Solicitação de Recurso,Média,Free,Norte,23,64.3,0,9,3,12,0,153,23,0,0,0.0547,0,0,0,0,3,2,0
TCK-004688,Email,Relatórios,Solicitação de Recurso,Média,Basic,Centro-Oeste,38,119.2,0,19,0,3,0,57,9,1,0,0.0208,0,0,0,0,3,2,0
TCK-004689,Chat,Integrações,Bug / Defeito,Alta,Free,Sul,0,21.4,0,5,1,5,1,46,9,0,0,0.0303,2,0,0,1,3,2,0
TCK-004690,Redes Sociais,App Mobile,Solicitação de Recurso,Baixa,Premium,Centro-Oeste,73,206.7,0,17,6,8,0,55,8,0,0,0.0638,0,0,0,0,3,2,0
TCK-004691,Email,App Mobile,Dúvida / Como Fazer,Média,Free,Centro-Oeste,22,171.3,0,20,0,6,0,56,10,1,0,0.0217,0,0,0,0,3,2,0
TCK-004692,Redes Sociais,Relatórios,Cancelamento,Alta,Enterprise,Nordeste,51,70.2,0,14,2,7,0,61,10,0,0,0.02,1,0,1,0,3,2,0
TCK-004693,Formulário Web,Plataforma Web,Acesso e Conta,Média,Free,Sudeste,25,89.9,0,8,0,9,0,64,9,0,0,0.037,1,0,0,0,3,2,0
TCK-004694,Chat,Plataforma Web,Bug / Defeito,Média,Basic,Nordeste,53,72.2,0,13,3,1,1,61,10,0,0,0.02,1,0,0,1,3,2,0
TCK-004695,Email,API,Acesso e Conta,Média,Premium,Nordeste,53,142.2,0,14,2,4,0,64,9,0,0,0.037,1,0,0,0,3,2,0
TCK-004696,Email,App Mobile,Cancelamento,Média,Premium,Norte,48,248.4,0,13,4,6,0,55,8,0,0,0.0217,1,0,1,0,3,2,0
TCK-004697,Formulário Web,API,Cancelamento,Média,Premium,Centro-Oeste,59,106.1,0,17,2,1,0,55,8,0,0,0.0217,1,0,1,0,3,2,0
TCK-004698,Formulário Web,Plataforma Web,Cancelamento,Baixa,Free,Sudeste,29,146.0,0,6,5,6,0,51,8,0,0,0.0233,1,0,0,1,3,2,0
TCK-004699,Redes Sociais,API,Solicitação de Recurso,Média,Premium,Centro-Oeste,24,140.0,0,0,1,3,1,55,8,0,0,0.0638,0,0,0,0,3,2,0
TCK-004700,Chat,Faturamento,Faturamento,Alta,Free,Centro-Oeste,52,78.0,0,14,6,2,0,62,11,0,0,0.02,1,1,0,0,3,2,0
TCK-004701,Chat,Integrações,Faturamento,Média,Free,Nordeste,62,155.9,0,16,1,4,0,45,8,0,0,0.027,0,0,0,0,3,2,0
TCK-004702,Redes Sociais,Integrações,Acesso e Conta,Baixa,Basic,Centro-Oeste,12,107.6,0,22,3,5,0,64,12,0,0,0.0192,0,0,0,0,3,2,0
TCK-004703,Formulário Web,Integrações,Dúvida / Como Fazer,Média,Enterprise,Centro-Oeste,27,175.0,0,14,5,4,0,56,10,1,0,0.0217,0,0,0,0,3,2,0
TCK-004704,Telefone,Plataforma Web,Faturamento,Baixa,Free,Norte,27,486.1,0,3,1,11,0,133,23,0,0,0.0278,0,0,0,0,3,2,0
TCK-004705,Chat,Faturamento,Problema Técnico,Baixa,Basic,Norte,2,200.6,0,3,1,2,0,55,10,0,0,0.0222,0,0,0,0,3,2,0
TCK-004706,Email,Plataforma Web,Dúvida / Como Fazer,Baixa,Free,Sul,26,269.9,0,4,4,1,0,53,9,0,0,0.0227,0,0,0,0,3,2,0
TCK-004707,Formulário Web,Integrações,Dúvida / Como Fazer,Baixa,Free,Norte,37,281.4,0,10,2,12,0,53,9,0,0,0.0227,0,0,0,0,3,2,0
TCK-004708,Email,Integrações,Solicitação de Recurso,Média,Basic,Sudeste,35,192.6,0,18,1,10,0,57,9,1,0,0.0208,0,0,0,0,3,2,0
TCK-004709,Telefone,Faturamento,Dúvida / Como Fazer,Média,Free,Centro-Oeste,45,168.3,0,8,5,11,0,57,10,1,0,0.0213,0,0,0,0,3,2,0
TCK-004710,Email,Integrações,Faturamento,Baixa,Premium,Sudeste,33,139.0,0,1,2,8,0,62,11,0,0,0.02,1,1,0,0,3,2,0
TCK-004711,Redes Sociais,Integrações,Dúvida / Como Fazer,Média,Basic,Centro-Oeste,74,142.6,0,14,4,3,0,155,27,2,0,0.0238,0,0,0,0,3,2,0
TCK-004712,Email,Integrações,Acesso e Conta,Baixa,Free,Norte,31,218.9,0,13,1,9,0,64,12,0,0,0.0192,0,0,0,0,3,2,0
TCK-004713,Email,Relatórios,Problema Técnico,Baixa,Free,Nordeste,20,295.0,0,7,4,7,0,56,11,0,0,0.0222,0,0,0,0,3,2,0
TCK-004714,Formulário Web,Integrações,Dúvida / Como Fazer,Média,Premium,Nordeste,7,128.1,0,0,2,3,0,56,10,1,0,0.0217,0,0,0,0,3,2,0
TCK-004715,Email,Integrações,Bug / Defeito,Média,Free,Centro-Oeste,41,107.4,1,18,3,4,0,61,10,0,0,0.02,1,0,0,1,4,3,1
TCK-004716,Telefone,Integrações,Problema Técnico,Crítica,Enterprise,Sul,22,18.1,0,11,6,6,1,89,15,0,0,0.0274,1,0,0,0,3,2,0
TCK-004717,Formulário Web,API,Solicitação de Recurso,Baixa,Enterprise,Sudeste,22,629.0,0,15,4,4,1,157,25,2,0,0.0231,0,0,0,0,3,2,0
TCK-004718,Email,Faturamento,Bug / Defeito,Baixa,Basic,Centro-Oeste,27,254.2,0,1,5,3,0,61,10,0,0,0.02,1,0,0,1,3,2,0
TCK-004719,Email,Relatórios,Problema Técnico,Média,Premium,Sudeste,35,244.2,1,8,4,9,0,59,10,0,0,0.0204,1,0,0,1,4,3,1
TCK-004720,Chat,Faturamento,Dúvida / Como Fazer,Baixa,Basic,Sudeste,27,76.4,0,19,2,5,0,57,10,1,0,0.0213,0,0,0,0,3,2,0
TCK-004721,Email,Relatórios,Dúvida / Como Fazer,Alta,Basic,Sul,60,57.0,0,8,3,1,0,56,10,1,0,0.0217,0,0,0,0,3,2,0
TCK-004722,Chat,Faturamento,Problema Técnico,Baixa,Free,Sudeste,8,314.5,0,6,5,7,0,55,10,0,0,0.0222,0,0,0,0,3,2,0
TCK-004723,Email,App Mobile,Faturamento,Crítica,Basic,Sudeste,62,49.2,0,15,2,12,1,96,16,0,0,0.0256,2,1,0,0,3,2,0
TCK-004724,Redes Sociais,Plataforma Web,Problema Técnico,Baixa,Basic,Sul,51,294.6,0,15,5,6,0,55,10,0,0,0.0222,0,0,0,0,3,2,0
TCK-004725,Redes Sociais,Faturamento,Faturamento,Média,Basic,Centro-Oeste,73,147.2,0,18,5,12,0,59,9,1,0,0.0204,0,0,0,0,3,2,0
TCK-004726,Email,Plataforma Web,Cancelamento,Média,Free,Nordeste,10,70.0,0,21,3,4,0,51,8,0,0,0.0233,1,0,0,1,3,2,0
TCK-004727,Redes Sociais,Faturamento,Dúvida / Como Fazer,Baixa,Basic,Norte,41,175.0,0,15,2,9,0,157,27,2,0,0.0234,0,0,0,0,3,2,0
TCK-004728,Chat,Plataforma Web,Acesso e Conta,Alta,Basic,Centro-Oeste,49,67.9,0,0,4,8,0,98,17,0,0,0.025,1,0,0,0,3,2,0
TCK-004729,Email,Integrações,Problema Técnico,Média,Free,Centro-Oeste,13,434.5,0,8,2,10,0,55,10,0,0,0.0222,0,0,0,0,3,2,0
TCK-004730,Telefone,Faturamento,Faturamento,Média,Basic,Norte,23,114.4,0,3,2,12,0,167,29,0,0,0.0224,2,1,0,0,3,2,0
TCK-004731,Email,Integrações,Dúvida / Como Fazer,Média,Free,Sudeste,11,66.4,0,21,4,11,0,57,10,1,0,0.0213,0,0,0,0,3,2,0
TCK-004732,Email,Faturamento,Faturamento,Baixa,Basic,Norte,41,164.6,0,13,2,12,0,59,9,1,0,0.0204,0,0,0,0,3,2,0
TCK-004733,Redes Sociais,Relatórios,Faturamento,Alta,Premium,Norte,23,56.8,0,19,3,8,0,45,8,0,0,0.027,0,0,0,0,3,2,0
TCK-004734,Email,Faturamento,Acesso e Conta,Média,Premium,Centro-Oeste,76,136.3,0,10,0,12,0,54,10,0,0,0.0233,0,0,0,0,3,2,0
TCK-004735,Chat,Relatórios,Faturamento,Média,Free,Sul,53,270.9,0,12,5,12,0,59,9,1,0,0.0204,0,0,0,0,3,2,0
TCK-004736,Telefone,Relatórios,Dúvida / Como Fazer,Média,Premium,Sudeste,57,97.7,0,10,0,11,0,155,27,2,0,0.0238,0,0,0,0,3,2,0
TCK-004737,Redes Sociais,Relatórios,Bug / Defeito,Média,Basic,Centro-Oeste,76,134.9,0,13,5,9,0,61,11,0,0,0.0408,0,0,0,1,3,2,0
TCK-004738,Chat,API,Faturamento,Média,Premium,Sul,64,195.8,0,11,2,10,0,59,9,1,0,0.0204,0,0,0,0,3,2,0
TCK-004739,Email,App Mobile,Cancelamento,Média,Enterprise,Nordeste,41,99.5,0,4,3,7,0,153,23,0,0,0.0238,2,0,1,0,3,2,0
TCK-004740,Telefone,Plataforma Web,Dúvida / Como Fazer,Crítica,Premium,Norte,53,58.8,0,22,2,2,0,90,15,1,0,0.027,1,0,0,0,3,2,0
TCK-004741,Chat,Faturamento,Bug / Defeito,Baixa,Enterprise,Norte,38,286.0,1,7,6,6,0,61,10,0,0,0.02,1,0,0,1,4,3,1
TCK-004742,Chat,Plataforma Web,Problema Técnico,Baixa,Premium,Centro-Oeste,72,159.5,0,13,3,2,0,56,11,0,0,0.0222,0,0,0,0,3,2,0
TCK-004743,Email,API,Problema Técnico,Baixa,Basic,Sul,38,389.4,0,12,6,7,0,56,11,0,0,0.0222,0,0,0,0,3,2,0
TCK-004744,Formulário Web,Faturamento,Faturamento,Média,Basic,Nordeste,32,105.1,0,19,5,9,0,62,11,0,0,0.02,1,1,0,0,3,2,0
TCK-004745,Telefone,API,Acesso e Conta,Baixa,Free,Centro-Oeste,43,188.2,0,12,1,5,0,64,9,0,0,0.037,1,0,0,0,3,2,0
TCK-004746,Email,API,Cancelamento,Média,Free,Nordeste,3,152.2,0,20,6,1,0,51,8,0,0,0.0233,1,0,0,1,3,2,0
TCK-004747,Redes Sociais,Plataforma Web,Problema Técnico,Média,Basic,Norte,24,117.3,0,2,6,1,0,59,10,0,0,0.0204,1,0,0,1,3,2,0
TCK-004748,Chat,App Mobile,Acesso e Conta,Média,Free,Sul,43,114.6,0,18,6,10,0,54,10,0,0,0.0233,0,0,0,0,3,2,0
TCK-004749,Chat,App Mobile,Dúvida / Como Fazer,Baixa,Free,Centro-Oeste,0,205.7,0,23,5,9,0,56,10,1,0,0.0217,0,0,0,0,3,2,0
TCK-004750,Chat,Relatórios,Cancelamento,Baixa,Enterprise,Sudeste,31,289.0,0,21,0,7,0,55,8,0,0,0.0217,1,0,1,0,3,2,0
TCK-004751,Formulário Web,App Mobile,Problema Técnico,Crítica,Premium,Sul,19,55.3,0,9,2,12,0,55,10,0,0,0.0222,0,0,0,0,3,2,0
TCK-004752,Formulário Web,Relatórios,Dúvida / Como Fazer,Média,Free,Nordeste,25,103.6,0,19,2,12,0,53,9,0,0,0.0227,0,0,0,0,3,2,0
TCK-004753,Email,Integrações,Acesso e Conta,Crítica,Basic,Centro-Oeste,38,28.2,0,22,3,9,0,64,12,0,0,0.0192,0,0,0,0,3,2,0
TCK-004754,Formulário Web,Integrações,Problema Técnico,Média,Free,Sul,56,175.3,0,9,5,10,0,56,11,0,0,0.0222,0,0,0,0,3,2,0
TCK-004755,Email,App Mobile,Dúvida / Como Fazer,Alta,Free,Norte,34,92.9,0,16,5,6,0,57,10,1,0,0.0213,0,0,0,0,3,2,0
TCK-004756,Redes Sociais,Integrações,Acesso e Conta,Média,Premium,Sudeste,37,278.6,0,12,1,3,0,64,9,0,0,0.037,1,0,0,0,3,2,0
TCK-004757,Email,Relatórios,Problema Técnico,Alta,Free,Nordeste,41,54.1,0,8,5,10,1,55,10,0,0,0.0222,0,0,0,0,3,2,0
TCK-004758,Redes Sociais,API,Bug / Defeito,Média,Basic,Sudeste,59,150.7,0,8,6,2,0,61,11,0,0,0.0408,0,0,0,1,3,2,0
TCK-004759,Chat,API,Solicitação de Recurso,Baixa,Premium,Sul,32,275.0,0,7,0,8,0,40,7,0,0,0.0303,0,0,0,0,3,2,0
TCK-004760,Redes Sociais,API,Faturamento,Alta,Premium,Centro-Oeste,30,49.7,0,8,5,5,0,167,29,0,0,0.0224,2,1,0,0,3,2,0
TCK-004761,Email,App Mobile,Problema Técnico,Média,Premium,Sudeste,43,103.6,0,19,3,9,0,59,10,0,0,0.0204,1,0,0,1,3,2,0
TCK-004762,Telefone,API,Solicitação de Recurso,Baixa,Enterprise,Sul,2,38.2,0,0,3,2,0,57,9,1,0,0.0208,0,0,0,0,3,2,0
TCK-004763,Telefone,App Mobile,Dúvida / Como Fazer,Média,Basic,Norte,48,112.1,0,22,2,7,0,56,10,1,0,0.0217,0,0,0,0,3,2,0
TCK-004764,Formulário Web,Plataforma Web,Bug / Defeito,Baixa,Premium,Norte,15,263.3,1,23,0,1,0,61,11,0,0,0.0408,0,0,0,1,4,3,1
TCK-004765,Telefone,Integrações,Problema Técnico,Média,Free,Centro-Oeste,24,202.9,0,23,3,7,0,59,10,0,0,0.0204,1,0,0,1,3,2,0
TCK-004766,Email,Integrações,Problema Técnico,Alta,Free,Sudeste,0,9.3,0,20,2,4,0,59,10,0,0,0.0204,1,0,0,1,3,2,0
TCK-004767,Chat,App Mobile,Cancelamento,Crítica,Free,Nordeste,28,31.3,0,22,5,4,1,61,10,0,0,0.02,1,0,1,0,3,2,0
TCK-004768,Email,Relatórios,Cancelamento,Alta,Free,Norte,56,54.7,0,11,6,12,1,61,10,0,0,0.02,1,0,1,0,3,2,0
TCK-004769,Redes Sociais,Integrações,Solicitação de Recurso,Baixa,Free,Sudeste,25,624.6,1,16,1,7,1,40,7,0,0,0.0303,0,0,0,0,4,3,1
TCK-004770,Redes Sociais,App Mobile,Bug / Defeito,Média,Free,Sul,25,113.9,0,14,0,3,0,61,11,0,0,0.0408,0,0,0,1,3,2,0
TCK-004771,Email,App Mobile,Dúvida / Como Fazer,Baixa,Free,Centro-Oeste,0,215.2,0,19,4,12,0,57,10,1,0,0.0213,0,0,0,0,3,2,0
TCK-004772,Redes Sociais,App Mobile,Solicitação de Recurso,Baixa,Premium,Centro-Oeste,45,425.7,0,9,3,10,1,40,7,0,0,0.0303,0,0,0,0,3,2,0
TCK-004773,Email,API,Dúvida / Como Fazer,Média,Enterprise,Norte,37,103.0,0,7,4,3,0,57,10,1,0,0.0213,0,0,0,0,3,2,0
TCK-004774,Chat,App Mobile,Solicitação de Recurso,Baixa,Free,Nordeste,47,485.5,0,9,5,2,0,123,21,0,0,0.03,0,0,0,0,3,2,0
TCK-004775,Chat,Plataforma Web,Cancelamento,Alta,Free,Sul,15,56.7,0,21,6,6,0,95,15,0,0,0.0256,1,0,0,1,3,2,0
TCK-004776,Email,Integrações,Solicitação de Recurso,Baixa,Basic,Sul,18,370.2,0,3,2,6,0,55,8,0,0,0.0638,0,0,0,0,3,2,0
TCK-004777,Formulário Web,Relatórios,Faturamento,Média,Enterprise,Sudeste,15,130.3,0,19,3,10,0,45,8,0,0,0.027,0,0,0,0,3,2,0
TCK-004778,Formulário Web,Integrações,Dúvida / Como Fazer,Média,Premium,Centro-Oeste,60,298.2,1,23,1,12,0,57,10,1,0,0.0213,0,0,0,0,4,3,1
TCK-004779,Email,Plataforma Web,Faturamento,Alta,Free,Sul,43,39.3,0,20,2,1,0,62,11,0,0,0.02,1,1,0,0,3,2,0
TCK-004780,Chat,Plataforma Web,Faturamento,Alta,Premium,Centro-Oeste,79,82.4,0,17,6,10,0,59,9,1,0,0.0204,0,0,0,0,3,2,0
TCK-004781,Chat,Plataforma Web,Bug / Defeito,Média,Free,Centro-Oeste,39,96.2,0,23,2,2,0,46,9,0,0,0.0303,2,0,0,1,3,2,0
TCK-004782,Formulário Web,Plataforma Web,Problema Técnico,Média,Free,Sul,24,97.1,1,19,1,8,1,161,27,0,0,0.0227,2,0,0,1,4,3,1
TCK-004783,Formulário Web,App Mobile,Acesso e Conta,Crítica,Free,Sudeste,20,22.2,0,0,6,4,0,98,14,0,0,0.0366,2,0,0,0,3,2,0
TCK-004784,Email,Plataforma Web,Solicitação de Recurso,Baixa,Free,Sul,64,779.5,0,13,5,11,1,153,23,0,0,0.0547,0,0,0,0,3,2,0
TCK-004785,Email,API,Acesso e Conta,Baixa,Free,Sul,22,414.8,0,18,5,4,0,54,10,0,0,0.0233,0,0,0,0,3,2,0
TCK-004786,Chat,Relatórios,Problema Técnico,Média,Free,Sudeste,42,194.5,0,1,5,1,0,59,10,0,0,0.0204,1,0,0,1,3,2,0
TCK-004787,Email,Relatórios,Problema Técnico,Média,Premium,Centro-Oeste,24,120.2,0,23,5,11,0,56,11,0,0,0.0222,0,0,0,0,3,2,0
TCK-004788,Email,Faturamento,Problema Técnico,Baixa,Basic,Norte,66,190.5,1,9,0,11,0,59,10,0,0,0.0204,1,0,0,1,4,3,1
TCK-004789,Email,API,Cancelamento,Baixa,Basic,Centro-Oeste,42,577.3,0,12,2,2,0,61,10,0,0,0.02,1,0,1,0,3,2,0
TCK-004790,Email,Relatórios,Faturamento,Média,Basic,Sul,19,117.9,0,22,5,5,0,62,11,0,0,0.02,1,1,0,0,3,2,0
TCK-004791,Formulário Web,Integrações,Solicitação de Recurso,Baixa,Free,Norte,23,76.4,1,19,0,9,1,55,8,0,0,0.0638,0,0,0,0,4,3,1
TCK-004792,Chat,Plataforma Web,Bug / Defeito,Alta,Free,Sudeste,52,71.9,1,16,5,2,1,105,18,0,0,0.0357,0,0,0,1,4,3,1
TCK-004793,Email,Faturamento,Dúvida / Como Fazer,Crítica,Free,Sudeste,50,39.6,0,17,4,5,0,90,15,1,0,0.027,1,0,0,0,3,2,0
TCK-004794,Telefone,Plataforma Web,Bug / Defeito,Média,Basic,Norte,2,164.0,1,20,0,6,0,46,9,0,0,0.0303,2,0,0,1,4,3,1
TCK-004795,Email,App Mobile,Cancelamento,Baixa,Free,Sul,64,201.7,0,18,3,3,0,51,8,0,0,0.0233,1,0,0,1,3,2,0
TCK-004796,Redes Sociais,Integrações,Cancelamento,Alta,Free,Sul,57,82.5,0,20,4,9,1,145,23,0,0,0.025,2,0,0,1,3,2,0
TCK-004797,Email,Faturamento,Acesso e Conta,Baixa,Free,Centro-Oeste,46,173.6,0,8,5,3,0,151,27,0,0,0.025,0,0,0,0,3,2,0
TCK-004798,Telefone,Plataforma Web,Cancelamento,Média,Free,Nordeste,0,137.7,0,7,3,11,0,51,8,0,0,0.0233,1,0,0,1,3,2,0
TCK-004799,Telefone,Faturamento,Problema Técnico,Crítica,Basic,Sudeste,5,14.6,1,23,1,2,1,56,11,0,0,0.0222,0,0,0,0,4,3,1
TCK-004800,Email,Faturamento,Dúvida / Como Fazer,Média,Free,Norte,75,92.8,0,18,6,8,0,53,9,0,0,0.0227,0,0,0,0,3,2,0
TCK-004801,Chat,Plataforma Web,Dúvida / Como Fazer,Baixa,Free,Sul,36,232.4,0,2,3,7,0,53,9,0,0,0.0227,0,0,0,0,3,2,0
TCK-004802,Chat,Faturamento,Problema Técnico,Média,Premium,Sudeste,47,202.7,0,7,1,6,0,59,10,0,0,0.0204,1,0,0,1,3,2,0
TCK-004803,Email,Plataforma Web,Problema Técnico,Alta,Basic,Centro-Oeste,51,76.6,0,8,1,2,1,56,11,0,0,0.0222,0,0,0,0,3,2,0
TCK-004804,Telefone,Faturamento,Problema Técnico,Média,Enterprise,Norte,50,190.2,0,6,3,9,0,55,10,0,0,0.0222,0,0,0,0,3,2,0
TCK-004805,Formulário Web,Plataforma Web,Dúvida / Como Fazer,Média,Basic,Centro-Oeste,42,244.6,0,18,4,4,0,56,10,1,0,0.0217,0,0,0,0,3,2,0
TCK-004806,Telefone,Faturamento,Faturamento,Crítica,Premium,Nordeste,36,37.1,0,1,6,8,1,59,9,1,0,0.0204,0,0,0,0,3,2,0
TCK-004807,Redes Sociais,Plataforma Web,Problema Técnico,Alta,Basic,Norte,4,30.7,0,5,0,7,1,93,15,0,0,0.026,2,0,0,1,3,2,0
TCK-004808,Redes Sociais,Integrações,Bug / Defeito,Média,Free,Nordeste,51,147.7,1,9,5,5,1,46,9,0,0,0.0303,2,0,0,1,4,3,1
TCK-004809,Chat,App Mobile,Bug / Defeito,Média,Basic,Nordeste,56,106.7,1,3,4,7,0,61,11,0,0,0.0408,0,0,0,1,4,3,1
TCK-004810,Formulário Web,Relatórios,Faturamento,Média,Basic,Norte,38,114.0,0,9,4,9,0,45,8,0,0,0.027,0,0,0,0,3,2,0
TCK-004811,Email,Integrações,Dúvida / Como Fazer,Baixa,Premium,Sudeste,19,94.2,0,20,4,12,0,57,10,1,0,0.0213,0,0,0,0,3,2,0
TCK-004812,Formulário Web,App Mobile,Acesso e Conta,Média,Enterprise,Nordeste,5,174.7,0,22,6,6,0,64,12,0,0,0.0192,0,0,0,0,3,2,0
TCK-004813,Formulário Web,API,Bug / Defeito,Média,Free,Norte,19,138.5,0,1,1,10,0,61,10,0,0,0.02,1,0,0,1,3,2,0
TCK-004814,Formulário Web,Integrações,Dúvida / Como Fazer,Média,Free,Sul,23,80.1,0,21,2,4,0,155,27,2,0,0.0238,0,0,0,0,3,2,0
TCK-004815,Email,App Mobile,Problema Técnico,Média,Enterprise,Sudeste,42,110.8,0,3,6,11,0,56,11,0,0,0.0222,0,0,0,0,3,2,0
TCK-004816,Redes Sociais,App Mobile,Bug / Defeito,Média,Free,Norte,27,100.0,0,1,4,5,0,46,9,0,0,0.0303,2,0,0,1,3,2,0
TCK-004817,Formulário Web,Faturamento,Cancelamento,Baixa,Enterprise,Centro-Oeste,32,104.4,0,19,5,7,0,61,10,0,0,0.02,1,0,1,0,3,2,0
TCK-004818,Chat,App Mobile,Cancelamento,Média,Free,Sul,41,313.2,0,12,1,8,0,51,8,0,0,0.0233,1,0,0,1,3,2,0
TCK-004819,Telefone,Integrações,Faturamento,Alta,Premium,Sudeste,62,51.0,0,10,1,10,0,103,16,1,0,0.0238,0,0,0,0,3,2,0
TCK-004820,Email,API,Solicitação de Recurso,Média,Enterprise,Centro-Oeste,26,243.0,0,3,6,8,1,40,7,0,0,0.0303,0,0,0,0,3,2,0
TCK-004821,Chat,Integrações,Problema Técnico,Baixa,Basic,Centro-Oeste,50,112.4,0,15,3,11,0,55,10,0,0,0.0222,0,0,0,0,3,2,0
TCK-004822,Telefone,API,Bug / Defeito,Alta,Premium,Sul,24,28.8,0,6,6,1,1,61,11,0,0,0.0408,0,0,0,1,3,2,0
TCK-004823,Chat,API,Problema Técnico,Baixa,Free,Sudeste,32,169.4,0,7,1,12,0,55,10,0,0,0.0222,0,0,0,0,3,2,0
TCK-004824,Chat,Plataforma Web,Problema Técnico,Alta,Basic,Norte,19,57.3,0,8,4,12,1,59,10,0,0,0.0204,1,0,0,1,3,2,0
TCK-004825,Formulário Web,Integrações,Faturamento,Média,Premium,Sul,67,129.8,0,12,3,4,0,62,11,0,0,0.02,1,1,0,0,3,2,0
TCK-004826,Chat,App Mobile,Cancelamento,Média,Basic,Sudeste,8,82.6,0,8,6,12,0,55,8,0,0,0.0217,1,0,1,0,3,2,0
TCK-004827,Redes Sociais,Relatórios,Acesso e Conta,Baixa,Enterprise,Sudeste,34,249.8,0,4,2,11,0,54,10,0,0,0.0233,0,0,0,0,3,2,0
TCK-004828,Email,Relatórios,Problema Técnico,Baixa,Enterprise,Centro-Oeste,57,354.0,0,9,2,1,0,55,10,0,0,0.0222,0,0,0,0,3,2,0
TCK-004829,Chat,Relatórios,Dúvida / Como Fazer,Alta,Enterprise,Sudeste,0,36.1,0,21,2,4,0,155,27,2,0,0.0238,0,0,0,0,3,2,0
TCK-004830,Email,API,Faturamento,Média,Free,Sudeste,8,60.9,0,19,1,11,0,59,9,1,0,0.0204,0,0,0,0,3,2,0
TCK-004831,Formulário Web,Relatórios,Problema Técnico,Média,Premium,Norte,69,233.9,0,13,0,10,0,56,11,0,0,0.0222,0,0,0,0,3,2,0
TCK-004832,Chat,Plataforma Web,Problema Técnico,Média,Basic,Sudeste,42,199.5,0,8,5,3,0,59,10,0,0,0.0204,1,0,0,1,3,2,0
TCK-004833,Formulário Web,Plataforma Web,Faturamento,Média,Basic,Norte,37,118.9,1,12,3,7,0,62,11,0,0,0.02,1,1,0,0,4,3,1
TCK-004834,Chat,App Mobile,Problema Técnico,Baixa,Free,Norte,59,255.1,0,4,4,9,0,59,10,0,0,0.0204,1,0,0,1,3,2,0
TCK-004835,Email,Integrações,Problema Técnico,Baixa,Basic,Centro-Oeste,51,265.8,0,13,3,5,0,55,10,0,0,0.0222,0,0,0,0,3,2,0
TCK-004836,Email,App Mobile,Problema Técnico,Média,Free,Sudeste,26,182.7,1,13,5,12,0,55,10,0,0,0.0222,0,0,0,0,4,3,1
TCK-004837,Chat,App Mobile,Dúvida / Como Fazer,Média,Free,Sudeste,25,82.0,0,10,4,3,0,53,9,0,0,0.0227,0,0,0,0,3,2,0
TCK-004838,Redes Sociais,Integrações,Problema Técnico,Média,Free,Sul,62,203.0,0,17,3,2,1,59,10,0,0,0.0204,1,0,0,1,3,2,0
TCK-004839,Chat,Plataforma Web,Dúvida / Como Fazer,Média,Basic,Nordeste,45,88.2,0,10,4,3,0,53,9,0,0,0.0227,0,0,0,0,3,2,0
TCK-004840,Redes Sociais,API,Problema Técnico,Baixa,Basic,Nordeste,24,384.5,0,2,5,5,0,56,11,0,0,0.0222,0,0,0,0,3,2,0
TCK-004841,Email,App Mobile,Solicitação de Recurso,Média,Free,Norte,13,124.5,0,22,1,10,1,40,7,0,0,0.0303,0,0,0,0,3,2,0
TCK-004842,Chat,Faturamento,Bug / Defeito,Baixa,Enterprise,Norte,0,336.6,0,0,3,10,0,61,11,0,0,0.0408,0,0,0,1,3,2,0
TCK-004843,Email,App Mobile,Bug / Defeito,Alta,Premium,Sul,35,67.9,0,18,6,5,1,46,9,0,0,0.0303,2,0,0,1,3,2,0
TCK-004844,Formulário Web,Faturamento,Acesso e Conta,Baixa,Free,Sul,26,311.6,0,15,6,6,0,64,12,0,0,0.0192,0,0,0,0,3,2,0
TCK-004845,Email,Relatórios,Faturamento,Baixa,Free,Nordeste,68,535.1,1,12,2,4,0,62,11,0,0,0.02,1,1,0,0,4,3,1
TCK-004846,Formulário Web,Relatórios,Problema Técnico,Alta,Basic,Centro-Oeste,1,112.8,0,23,3,5,1,99,17,0,0,0.025,0,0,0,0,3,2,0
TCK-004847,Redes Sociais,App Mobile,Faturamento,Média,Premium,Sudeste,60,119.3,0,11,6,2,0,62,11,0,0,0.02,1,1,0,0,3,2,0
TCK-004848,Email,Relatórios,Faturamento,Média,Basic,Sul,8,172.0,0,6,2,2,0,62,11,0,0,0.02,1,1,0,0,3,2,0
TCK-004849,Email,Relatórios,Problema Técnico,Baixa,Free,Nordeste,32,258.3,0,7,2,10,0,59,10,0,0,0.0204,1,0,0,1,3,2,0
TCK-004850,Telefone,Faturamento,Problema Técnico,Baixa,Basic,Sul,79,556.2,0,10,0,3,0,59,10,0,0,0.0204,1,0,0,1,3,2,0
TCK-004851,Formulário Web,Relatórios,Acesso e Conta,Baixa,Enterprise,Sudeste,45,464.6,0,11,3,12,0,64,12,0,0,0.0192,0,0,0,0,3,2,0
TCK-004852,Formulário Web,Plataforma Web,Cancelamento,Baixa,Basic,Norte,26,331.2,0,5,2,8,0,51,8,0,0,0.0233,1,0,0,1,3,2,0
TCK-004853,Formulário Web,Relatórios,Solicitação de Recurso,Média,Premium,Sul,33,120.2,0,6,4,10,1,57,9,1,0,0.0208,0,0,0,0,3,2,0
TCK-004854,Chat,API,Faturamento,Alta,Premium,Nordeste,57,47.5,0,10,0,2,0,62,11,0,0,0.02,1,1,0,0,3,2,0
TCK-004855,Chat,App Mobile,Acesso e Conta,Baixa,Free,Sudeste,89,274.7,0,15,4,2,0,171,25,0,0,0.0352,2,0,0,0,3,2,0
TCK-004856,Email,App Mobile,Acesso e Conta,Média,Enterprise,Sul,23,191.7,0,0,5,6,0,64,12,0,0,0.0192,0,0,0,0,3,2,0
TCK-004857,Chat,API,Acesso e Conta,Baixa,Free,Nordeste,60,254.7,0,10,0,3,0,64,12,0,0,0.0192,0,0,0,0,3,2,0
TCK-004858,Chat,Plataforma Web,Cancelamento,Média,Basic,Norte,32,69.6,0,19,3,6,0,55,8,0,0,0.0217,1,0,1,0,3,2,0
TCK-004859,Chat,API,Faturamento,Alta,Premium,Nordeste,67,67.8,0,10,3,9,0,62,11,0,0,0.02,1,1,0,0,3,2,0
TCK-004860,Formulário Web,Faturamento,Acesso e Conta,Média,Free,Centro-Oeste,31,137.4,0,20,6,11,0,54,10,0,0,0.0233,0,0,0,0,3,2,0
TCK-004861,Email,Relatórios,Dúvida / Como Fazer,Baixa,Enterprise,Sudeste,79,551.6,0,14,6,12,0,56,10,1,0,0.0217,0,0,0,0,3,2,0
TCK-004862,Formulário Web,Faturamento,Bug / Defeito,Alta,Free,Centro-Oeste,6,29.1,0,4,1,12,1,61,10,0,0,0.02,1,0,0,1,3,2,0
TCK-004863,Email,Integrações,Solicitação de Recurso,Média,Basic,Centro-Oeste,21,100.9,0,23,3,7,0,40,7,0,0,0.0303,0,0,0,0,3,2,0
TCK-004864,Chat,Plataforma Web,Problema Técnico,Crítica,Basic,Sul,21,44.7,0,20,2,8,1,59,10,0,0,0.0204,1,0,0,1,3,2,0
TCK-004865,Telefone,Integrações,Dúvida / Como Fazer,Baixa,Basic,Sul,17,149.2,0,19,5,2,0,56,10,1,0,0.0217,0,0,0,0,3,2,0
TCK-004866,Formulário Web,App Mobile,Cancelamento,Alta,Enterprise,Centro-Oeste,53,52.7,0,10,3,6,0,55,8,0,0,0.0217,1,0,1,0,3,2,0
TCK-004867,Email,App Mobile,Acesso e Conta,Média,Premium,Sudeste,46,151.1,0,5,5,6,0,64,12,0,0,0.0192,0,0,0,0,3,2,0
TCK-004868,Chat,API,Dúvida / Como Fazer,Baixa,Basic,Norte,22,54.9,0,4,0,6,0,57,10,1,0,0.0213,0,0,0,0,3,2,0
TCK-004869,Telefone,API,Bug / Defeito,Média,Free,Sul,29,137.4,0,12,1,11,1,61,11,0,0,0.0408,0,0,0,1,3,2,0
TCK-004870,Email,API,Cancelamento,Baixa,Premium,Centro-Oeste,60,324.4,0,1,1,8,0,55,8,0,0,0.0217,1,0,1,0,3,2,0
TCK-004871,Chat,Integrações,Dúvida / Como Fazer,Baixa,Basic,Sul,40,210.2,0,18,3,3,0,57,10,1,0,0.0213,0,0,0,0,3,2,0
TCK-004872,Chat,App Mobile,Bug / Defeito,Alta,Premium,Sul,31,39.3,1,12,1,10,1,46,9,0,0,0.0303,2,0,0,1,4,3,1
TCK-004873,Chat,Plataforma Web,Dúvida / Como Fazer,Baixa,Free,Sul,22,115.8,0,6,5,10,0,56,10,1,0,0.0217,0,0,0,0,3,2,0
TCK-004874,Redes Sociais,Integrações,Dúvida / Como Fazer,Média,Enterprise,Norte,13,124.8,0,4,2,10,0,56,10,1,0,0.0217,0,0,0,0,3,2,0
TCK-004875,Chat,API,Cancelamento,Média,Basic,Nordeste,49,153.4,0,15,6,10,0,61,10,0,0,0.02,1,0,1,0,3,2,0
TCK-004876,Chat,App Mobile,Dúvida / Como Fazer,Média,Basic,Nordeste,0,95.5,0,19,1,7,0,53,9,0,0,0.0227,0,0,0,0,3,2,0
TCK-004877,Telefone,Integrações,Dúvida / Como Fazer,Média,Free,Norte,45,97.7,0,1,6,7,0,56,10,1,0,0.0217,0,0,0,0,3,2,0
TCK-004878,Email,API,Problema Técnico,Alta,Basic,Norte,19,58.9,1,4,6,5,0,55,10,0,0,0.0222,0,0,0,0,4,3,1
TCK-004879,Telefone,Integrações,Dúvida / Como Fazer,Crítica,Free,Nordeste,26,25.9,0,4,2,2,0,101,18,1,1,0.0247,1,0,0,0,3,2,0
TCK-004880,Chat,Integrações,Acesso e Conta,Alta,Basic,Norte,4,101.8,0,21,2,8,0,98,14,0,0,0.0366,2,0,0,0,3,2,0
TCK-004881,Formulário Web,App Mobile,Problema Técnico,Média,Basic,Centro-Oeste,26,159.7,0,4,6,2,0,59,10,0,0,0.0204,1,0,0,1,3,2,0
TCK-004882,Email,App Mobile,Faturamento,Baixa,Free,Sul,34,127.8,0,1,2,12,0,45,8,0,0,0.027,0,0,0,0,3,2,0
TCK-004883,Email,Relatórios,Bug / Defeito,Média,Premium,Sul,53,521.9,0,22,2,8,0,61,11,0,0,0.0408,0,0,0,1,3,2,0
TCK-004884,Chat,Faturamento,Solicitação de Recurso,Média,Basic,Sul,48,112.3,0,15,4,8,0,40,7,0,0,0.0303,0,0,0,0,3,2,0
TCK-004885,Formulário Web,Plataforma Web,Problema Técnico,Crítica,Basic,Norte,10,13.2,0,6,5,3,1,59,10,0,0,0.0204,1,0,0,1,3,2,0
TCK-004886,Formulário Web,Plataforma Web,Problema Técnico,Alta,Free,Centro-Oeste,21,41.1,0,0,4,8,1,59,10,0,0,0.0204,1,0,0,1,3,2,0
TCK-004887,Formulário Web,Plataforma Web,Faturamento,Alta,Basic,Centro-Oeste,36,55.8,0,13,3,12,0,45,8,0,0,0.027,0,0,0,0,3,2,0
TCK-004888,Chat,Plataforma Web,Faturamento,Média,Premium,Centro-Oeste,39,128.1,0,1,5,3,0,45,8,0,0,0.027,0,0,0,0,3,2,0
TCK-004889,Formulário Web,API,Faturamento,Média,Enterprise,Centro-Oeste,29,81.3,0,15,6,1,0,45,8,0,0,0.027,0,0,0,0,3,2,0
TCK-004890,Formulário Web,Faturamento,Faturamento,Baixa,Premium,Sudeste,56,190.1,0,12,5,8,0,59,9,1,0,0.0204,0,0,0,0,3,2,0
TCK-004891,Chat,Integrações,Acesso e Conta,Média,Free,Centro-Oeste,22,86.6,0,1,2,6,0,64,9,0,0,0.037,1,0,0,0,3,2,0
TCK-004892,Redes Sociais,App Mobile,Solicitação de Recurso,Média,Basic,Norte,44,133.1,0,15,5,1,1,55,8,0,0,0.0638,0,0,0,0,3,2,0
TCK-004893,Email,Integrações,Solicitação de Recurso,Média,Premium,Centro-Oeste,47,172.4,0,9,3,12,0,55,8,0,0,0.0638,0,0,0,0,3,2,0
TCK-004894,Email,Plataforma Web,Dúvida / Como Fazer,Baixa,Free,Sul,19,507.3,0,5,0,9,0,57,10,1,0,0.0213,0,0,0,0,3,2,0
TCK-004895,Telefone,Relatórios,Cancelamento,Alta,Free,Sul,0,29.8,0,0,6,3,0,61,10,0,0,0.02,1,0,1,0,3,2,0
TCK-004896,Chat,Plataforma Web,Problema Técnico,Média,Free,Norte,22,76.5,0,4,0,12,0,55,10,0,0,0.0222,0,0,0,0,3,2,0
TCK-004897,Chat,API,Problema Técnico,Baixa,Free,Sul,5,318.8,0,6,5,5,0,55,10,0,0,0.0222,0,0,0,0,3,2,0
TCK-004898,Redes Sociais,Plataforma Web,Dúvida / Como Fazer,Média,Free,Sudeste,39,518.8,0,13,2,10,0,57,10,1,0,0.0213,0,0,0,0,3,2,0
TCK-004899,Email,Plataforma Web,Bug / Defeito,Média,Free,Sul,50,177.2,0,2,1,6,1,46,9,0,0,0.0303,2,0,0,1,3,2,0
TCK-004900,Email,Relatórios,Bug / Defeito,Baixa,Basic,Sudeste,51,333.6,0,16,1,7,0,61,11,0,0,0.0408,0,0,0,1,3,2,0
TCK-004901,Chat,Integrações,Dúvida / Como Fazer,Média,Basic,Nordeste,27,127.3,0,20,0,9,0,149,25,0,0,0.0246,0,0,0,0,3,2,0
TCK-004902,Chat,App Mobile,Acesso e Conta,Alta,Premium,Norte,20,42.3,0,4,5,6,0,98,17,0,0,0.0256,0,0,0,0,3,2,0
TCK-004903,Telefone,Plataforma Web,Dúvida / Como Fazer,Média,Premium,Norte,40,128.1,0,10,4,10,0,53,9,0,0,0.0227,0,0,0,0,3,2,0
TCK-004904,Telefone,Relatórios,Acesso e Conta,Alta,Basic,Norte,3,19.2,1,22,6,5,0,108,16,0,0,0.0337,1,0,0,0,4,3,1
TCK-004905,Telefone,API,Cancelamento,Média,Premium,Nordeste,54,108.0,0,11,6,1,0,61,10,0,0,0.02,1,0,1,0,3,2,0
TCK-004906,Chat,Integrações,Dúvida / Como Fazer,Alta,Enterprise,Centro-Oeste,42,84.8,0,4,6,9,0,57,10,1,0,0.0213,0,0,0,0,3,2,0
TCK-004907,Chat,App Mobile,Acesso e Conta,Média,Free,Nordeste,24,77.4,0,5,5,8,0,54,10,0,0,0.0233,0,0,0,0,3,2,0
TCK-004908,Redes Sociais,Plataforma Web,Cancelamento,Alta,Basic,Sudeste,48,68.6,0,9,3,1,1,145,23,0,0,0.025,2,0,0,1,3,2,0
TCK-004909,Redes Sociais,Relatórios,Bug / Defeito,Crítica,Basic,Sul,83,67.1,0,13,6,1,1,106,18,0,1,0.0235,2,0,0,1,3,2,0
TCK-004910,Formulário Web,App Mobile,Acesso e Conta,Alta,Basic,Sudeste,33,48.3,0,15,4,1,0,64,12,0,0,0.0192,0,0,0,0,3,2,0
TCK-004911,Email,App Mobile,Bug / Defeito,Alta,Basic,Norte,42,55.7,0,14,0,6,1,61,10,0,0,0.02,1,0,0,1,3,2,0
TCK-004912,Chat,Integrações,Faturamento,Crítica,Free,Centro-Oeste,43,41.0,0,15,2,10,1,96,16,0,0,0.0256,2,1,0,0,3,2,0
TCK-004913,Chat,Relatórios,Dúvida / Como Fazer,Média,Basic,Nordeste,83,147.1,0,13,2,1,0,53,9,0,0,0.0227,0,0,0,0,3,2,0
TCK-004914,Email,Relatórios,Cancelamento,Média,Enterprise,Sul,7,67.6,0,0,2,9,0,55,8,0,0,0.0217,1,0,1,0,3,2,0
TCK-004915,Redes Sociais,API,Bug / Defeito,Média,Basic,Norte,17,125.9,0,4,1,10,1,46,9,0,0,0.0303,2,0,0,1,3,2,0
TCK-004916,Formulário Web,App Mobile,Faturamento,Média,Free,Centro-Oeste,74,133.1,0,11,0,7,0,62,11,0,0,0.02,1,1,0,0,3,2,0
TCK-004917,Email,Faturamento,Problema Técnico,Baixa,Premium,Sudeste,47,102.5,0,7,1,12,0,55,10,0,0,0.0222,0,0,0,0,3,2,0
TCK-004918,Email,Integrações,Faturamento,Média,Premium,Centro-Oeste,53,132.1,0,13,0,1,0,62,11,0,0,0.02,1,1,0,0,3,2,0
TCK-004919,Chat,API,Problema Técnico,Alta,Free,Sul,11,42.4,1,2,6,5,1,59,10,0,0,0.0204,1,0,0,1,4,3,1
TCK-004920,Chat,Faturamento,Cancelamento,Baixa,Free,Nordeste,51,421.7,0,11,1,11,0,61,10,0,0,0.02,1,0,1,0,3,2,0
TCK-004921,Formulário Web,Plataforma Web,Acesso e Conta,Média,Enterprise,Sul,60,286.6,0,16,6,12,0,151,27,0,0,0.025,0,0,0,0,3,2,0
TCK-004922,Chat,Plataforma Web,Problema Técnico,Baixa,Basic,Centro-Oeste,49,223.8,0,18,4,5,0,56,11,0,0,0.0222,0,0,0,0,3,2,0
TCK-004923,Email,Relatórios,Solicitação de Recurso,Alta,Enterprise,Centro-Oeste,17,47.9,0,0,4,5,1,57,9,1,0,0.0208,0,0,0,0,3,2,0
TCK-004924,Redes Sociais,API,Acesso e Conta,Média,Basic,Norte,21,147.4,0,4,6,3,0,54,10,0,0,0.0233,0,0,0,0,3,2,0
TCK-004925,Formulário Web,Faturamento,Bug / Defeito,Média,Premium,Nordeste,13,124.1,0,9,3,8,0,61,11,0,0,0.0408,0,0,0,1,3,2,0
TCK-004926,Chat,Plataforma Web,Problema Técnico,Baixa,Basic,Norte,25,263.0,0,6,3,3,0,55,10,0,0,0.0222,0,0,0,0,3,2,0
TCK-004927,Email,App Mobile,Problema Técnico,Média,Enterprise,Sul,36,91.0,1,17,1,4,0,55,10,0,0,0.0222,0,0,0,0,4,3,1
TCK-004928,Redes Sociais,Integrações,Faturamento,Crítica,Free,Centro-Oeste,57,39.5,0,13,4,10,1,133,23,0,0,0.0278,0,0,0,0,3,2,0
TCK-004929,Formulário Web,Plataforma Web,Bug / Defeito,Média,Premium,Centro-Oeste,42,107.1,0,23,0,10,0,46,9,0,0,0.0303,2,0,0,1,3,2,0
TCK-004930,Formulário Web,Relatórios,Faturamento,Média,Basic,Nordeste,34,107.6,0,15,6,7,0,45,8,0,0,0.027,0,0,0,0,3,2,0
TCK-004931,Formulário Web,Plataforma Web,Faturamento,Média,Free,Norte,29,114.2,0,19,5,6,0,167,29,0,0,0.0224,2,1,0,0,3,2,0
TCK-004932,Email,Plataforma Web,Dúvida / Como Fazer,Alta,Free,Sul,46,122.6,0,3,1,6,0,100,17,1,0,0.0247,0,0,0,0,3,2,0
TCK-004933,Formulário Web,API,Dúvida / Como Fazer,Média,Basic,Nordeste,41,158.8,0,21,6,9,0,149,25,0,0,0.0246,0,0,0,0,3,2,0
TCK-004934,Chat,App Mobile,Cancelamento,Baixa,Free,Nordeste,35,157.2,0,2,3,7,0,55,8,0,0,0.0217,1,0,1,0,3,2,0
TCK-004935,Chat,Relatórios,Cancelamento,Crítica,Free,Centro-Oeste,65,55.5,0,16,5,7,1,165,27,0,0,0.0224,2,0,1,0,3,2,0
TCK-004936,Telefone,API,Problema Técnico,Alta,Enterprise,Norte,12,33.6,0,1,1,2,1,155,29,0,0,0.0242,0,0,0,0,3,2,0
TCK-004937,Chat,Integrações,Dúvida / Como Fazer,Baixa,Basic,Norte,55,122.9,0,0,0,11,0,53,9,0,0,0.0227,0,0,0,0,3,2,0
TCK-004938,Redes Sociais,Faturamento,Faturamento,Alta,Basic,Nordeste,27,41.8,0,0,6,12,0,59,9,1,0,0.0204,0,0,0,0,3,2,0
TCK-004939,Redes Sociais,API,Bug / Defeito,Média,Premium,Norte,56,258.3,0,10,6,11,0,61,11,0,0,0.0408,0,0,0,1,3,2,0
TCK-004940,Email,Plataforma Web,Faturamento,Média,Basic,Nordeste,74,204.2,0,17,5,5,0,45,8,0,0,0.027,0,0,0,0,3,2,0
TCK-004941,Chat,Integrações,Cancelamento,Média,Basic,Sul,56,85.1,0,7,5,11,0,55,8,0,0,0.0217,1,0,1,0,3,2,0
TCK-004942,Telefone,App Mobile,Dúvida / Como Fazer,Média,Free,Norte,28,166.5,1,4,4,10,0,149,25,0,0,0.0246,0,0,0,0,4,3,1
TCK-004943,Redes Sociais,API,Acesso e Conta,Média,Basic,Centro-Oeste,56,126.5,0,10,4,7,0,54,10,0,0,0.0233,0,0,0,0,3,2,0
TCK-004944,Formulário Web,Integrações,Bug / Defeito,Alta,Premium,Centro-Oeste,14,73.9,1,6,5,9,1,46,9,0,0,0.0303,2,0,0,1,4,3,1
TCK-004945,Email,App Mobile,Solicitação de Recurso,Média,Free,Nordeste,86,220.5,0,9,0,8,1,57,9,1,0,0.0208,0,0,0,0,3,2,0
TCK-004946,Formulário Web,App Mobile,Faturamento,Baixa,Free,Norte,61,156.1,1,11,1,7,0,59,9,1,0,0.0204,0,0,0,0,4,3,1
TCK-004947,Email,Relatórios,Bug / Defeito,Baixa,Free,Sul,10,101.9,0,5,5,9,0,61,10,0,0,0.02,1,0,0,1,3,2,0
TCK-004948,Chat,App Mobile,Problema Técnico,Média,Free,Norte,36,75.8,0,15,2,3,0,59,10,0,0,0.0204,1,0,0,1,3,2,0
TCK-004949,Email,Plataforma Web,Cancelamento,Média,Basic,Norte,26,149.6,0,21,5,12,0,55,8,0,0,0.0217,1,0,1,0,3,2,0
TCK-004950,Email,Relatórios,Dúvida / Como Fazer,Média,Premium,Centro-Oeste,21,261.1,0,1,1,4,0,56,10,1,0,0.0217,0,0,0,0,3,2,0
TCK-004951,Email,Integrações,Solicitação de Recurso,Média,Enterprise,Nordeste,62,100.1,0,20,6,4,1,57,9,1,0,0.0208,0,0,0,0,3,2,0
TCK-004952,Redes Sociais,Integrações,Acesso e Conta,Média,Enterprise,Sul,33,162.3,0,7,4,8,0,64,12,0,0,0.0192,0,0,0,0,3,2,0
TCK-004953,Redes Sociais,App Mobile,Bug / Defeito,Média,Enterprise,Sul,50,198.1,0,12,3,5,1,46,9,0,0,0.0303,2,0,0,1,3,2,0
TCK-004954,Redes Sociais,Relatórios,Solicitação de Recurso,Crítica,Free,Sul,18,15.1,1,0,3,6,1,57,9,1,0,0.0208,0,0,0,0,4,3,1
TCK-004955,Redes Sociais,Plataforma Web,Solicitação de Recurso,Baixa,Basic,Sul,18,411.1,0,5,0,1,0,123,21,0,0,0.03,0,0,0,0,3,2,0
TCK-004956,Chat,API,Bug / Defeito,Baixa,Free,Nordeste,47,177.8,0,15,6,7,0,61,10,0,0,0.02,1,0,0,1,3,2,0
TCK-004957,Telefone,Integrações,Solicitação de Recurso,Alta,Free,Sudeste,49,97.8,0,1,2,3,1,40,7,0,0,0.0303,0,0,0,0,3,2,0
TCK-004958,Telefone,Integrações,Bug / Defeito,Alta,Premium,Sudeste,11,62.5,0,4,3,6,0,46,9,0,0,0.0303,2,0,0,1,3,2,0
TCK-004959,Chat,App Mobile,Solicitação de Recurso,Média,Free,Sul,52,174.3,0,10,5,7,1,40,7,0,0,0.0303,0,0,0,0,3,2,0
TCK-004960,Formulário Web,Integrações,Acesso e Conta,Média,Free,Norte,20,161.6,0,9,3,3,0,171,31,0,0,0.0217,0,0,0,0,3,2,0
TCK-004961,Formulário Web,Plataforma Web,Bug / Defeito,Baixa,Basic,Sul,52,382.4,1,12,5,7,1,61,10,0,0,0.02,1,0,0,1,4,3,1
TCK-004962,Formulário Web,API,Cancelamento,Média,Free,Centro-Oeste,32,77.8,0,1,6,9,0,51,8,0,0,0.0233,1,0,0,1,3,2,0
TCK-004963,Chat,Integrações,Cancelamento,Média,Free,Norte,0,114.1,0,7,3,2,0,61,10,0,0,0.02,1,0,1,0,3,2,0
TCK-004964,Email,App Mobile,Bug / Defeito,Baixa,Basic,Nordeste,5,298.5,0,3,1,2,0,165,29,0,0,0.0379,0,0,0,1,3,2,0
TCK-004965,Email,API,Problema Técnico,Alta,Basic,Centro-Oeste,29,58.5,0,19,3,7,0,59,10,0,0,0.0204,1,0,0,1,3,2,0
TCK-004966,Redes Sociais,Relatórios,Dúvida / Como Fazer,Baixa,Free,Centro-Oeste,60,396.4,0,12,2,10,0,56,10,1,0,0.0217,0,0,0,0,3,2,0
TCK-004967,Formulário Web,App Mobile,Problema Técnico,Baixa,Enterprise,Sudeste,12,224.1,0,10,2,1,0,153,27,0,0,0.0242,0,0,0,0,3,2,0
TCK-004968,Telefone,API,Bug / Defeito,Baixa,Enterprise,Norte,47,128.4,0,14,3,1,0,46,9,0,0,0.0303,2,0,0,1,3,2,0
TCK-004969,Telefone,Relatórios,Acesso e Conta,Alta,Free,Sul,44,34.5,0,14,3,9,0,205,36,0,0,0.0241,1,0,0,0,3,2,0
TCK-004970,Formulário Web,App Mobile,Cancelamento,Média,Enterprise,Sudeste,56,86.9,0,8,2,12,0,61,10,0,0,0.02,1,0,1,0,3,2,0
TCK-004971,Telefone,API,Cancelamento,Baixa,Free,Sudeste,1,156.6,0,19,4,1,0,55,8,0,0,0.0217,1,0,1,0,3,2,0
TCK-004972,Email,Relatórios,Cancelamento,Alta,Free,Centro-Oeste,0,50.5,0,6,1,3,1,55,8,0,0,0.0217,1,0,1,0,3,2,0
TCK-004973,Formulário Web,API,Cancelamento,Crítica,Enterprise,Sudeste,50,52.5,0,22,5,8,1,100,16,0,1,0.0247,2,0,1,0,3,2,0
TCK-004974,Email,Integrações,Dúvida / Como Fazer,Média,Enterprise,Sudeste,21,252.1,0,22,5,4,0,56,10,1,0,0.0217,0,0,0,0,3,2,0
TCK-004975,Chat,App Mobile,Dúvida / Como Fazer,Média,Enterprise,Norte,30,120.1,0,11,5,8,0,56,10,1,0,0.0217,0,0,0,0,3,2,0
TCK-004976,Email,Faturamento,Dúvida / Como Fazer,Média,Basic,Sul,20,182.3,0,23,3,7,0,57,10,1,0,0.0213,0,0,0,0,3,2,0
TCK-004977,Formulário Web,App Mobile,Acesso e Conta,Alta,Basic,Sudeste,18,81.5,0,2,2,9,0,98,17,0,0,0.025,1,0,0,0,3,2,0
TCK-004978,Chat,App Mobile,Problema Técnico,Média,Basic,Sul,67,267.9,0,9,0,8,0,55,10,0,0,0.0222,0,0,0,0,3,2,0
TCK-004979,Telefone,Faturamento,Problema Técnico,Média,Premium,Norte,54,117.7,0,21,6,12,0,56,11,0,0,0.0222,0,0,0,0,3,2,0
TCK-004980,Chat,API,Dúvida / Como Fazer,Média,Premium,Sul,31,73.5,0,14,6,8,0,56,10,1,0,0.0217,0,0,0,0,3,2,0
TCK-004981,Telefone,Plataforma Web,Cancelamento,Média,Enterprise,Nordeste,33,78.7,0,19,6,12,0,51,8,0,0,0.0233,1,0,0,1,3,2,0
TCK-004982,Telefone,Integrações,Faturamento,Baixa,Free,Centro-Oeste,52,399.4,0,17,4,11,0,59,9,1,0,0.0204,0,0,0,0,3,2,0
TCK-004983,Email,Faturamento,Faturamento,Crítica,Premium,Sudeste,38,31.5,0,6,6,6,1,161,25,2,0,0.0227,0,0,0,0,3,2,0
TCK-004984,Email,Plataforma Web,Faturamento,Alta,Free,Centro-Oeste,65,77.5,1,17,4,7,1,45,8,0,0,0.027,0,0,0,0,4,3,1
TCK-004985,Email,App Mobile,Bug / Defeito,Alta,Basic,Sudeste,56,69.8,1,18,0,12,1,61,11,0,0,0.0408,0,0,0,1,4,3,1
TCK-004986,Email,App Mobile,Dúvida / Como Fazer,Média,Enterprise,Nordeste,44,184.5,0,13,0,6,0,53,9,0,0,0.0227,0,0,0,0,3,2,0
TCK-004987,Redes Sociais,Faturamento,Problema Técnico,Baixa,Basic,Sul,11,97.0,0,1,4,7,0,55,10,0,0,0.0222,0,0,0,0,3,2,0
TCK-004988,Email,Integrações,Dúvida / Como Fazer,Crítica,Free,Sudeste,39,29.4,0,11,4,6,0,57,10,1,0,0.0213,0,0,0,0,3,2,0
TCK-004989,Email,Faturamento,Acesso e Conta,Média,Enterprise,Sul,47,227.0,0,0,2,11,0,64,9,0,0,0.037,1,0,0,0,3,2,0
TCK-004990,Telefone,Relatórios,Problema Técnico,Baixa,Enterprise,Norte,64,282.0,0,14,3,12,0,161,27,0,0,0.0227,2,0,0,1,3,2,0
TCK-004991,Formulário Web,Integrações,Bug / Defeito,Média,Basic,Sudeste,37,82.2,1,4,1,7,0,61,11,0,0,0.0408,0,0,0,1,4,3,1
TCK-004992,Email,Plataforma Web,Faturamento,Média,Free,Nordeste,41,118.5,0,6,6,6,0,59,9,1,0,0.0204,0,0,0,0,3,2,0
TCK-004993,Chat,Faturamento,Faturamento,Média,Free,Sudeste,2,78.0,0,2,5,8,0,62,11,0,0,0.02,1,1,0,0,3,2,0
TCK-004994,Redes Sociais,Faturamento,Faturamento,Média,Basic,Sudeste,56,74.2,0,7,1,4,0,45,8,0,0,0.027,0,0,0,0,3,2,0
TCK-004995,Chat,Integrações,Problema Técnico,Baixa,Enterprise,Norte,5,176.2,0,3,5,7,0,55,10,0,0,0.0222,0,0,0,0,3,2,0
TCK-004996,Email,App Mobile,Acesso e Conta,Baixa,Basic,Sudeste,60,507.6,0,17,6,11,0,171,25,0,0,0.0352,2,0,0,0,3,2,0
TCK-004997,Redes Sociais,API,Bug / Defeito,Média,Premium,Norte,57,140.9,0,8,0,5,1,61,10,0,0,0.02,1,0,0,1,3,2,0
TCK-004998,Chat,Plataforma Web,Problema Técnico,Crítica,Premium,Sul,66,52.2,0,12,2,9,1,104,18,0,1,0.0238,2,0,0,1,3,2,0
TCK-004999,Redes Sociais,Plataforma Web,Faturamento,Baixa,Basic,Nordeste,11,418.7,0,21,3,2,0,59,9,1,0,0.0204,0,0,0,0,3,2,0
TCK-005000,Email,Faturamento,Solicitação de Recurso,Média,Free,Sul,17,105.1,0,23,2,4,1,57,9,1,0,0.0208,0,0,0,0,3,2,0
TCK-005001,Chat,API,Cancelamento,Média,Basic,Sudeste,55,117.1,0,15,2,7,0,51,8,0,0,0.0233,1,0,0,1,3,2,0
TCK-005002,Chat,Faturamento,Faturamento,Baixa,Basic,Centro-Oeste,39,141.3,0,21,5,3,0,45,8,0,0,0.027,0,0,0,0,3,2,0
TCK-005003,Chat,Integrações,Solicitação de Recurso,Média,Free,Nordeste,73,178.4,0,17,3,2,1,55,8,0,0,0.0638,0,0,0,0,3,2,0
TCK-005004,Email,Faturamento,Bug / Defeito,Alta,Free,Sudeste,2,24.5,0,2,6,2,1,46,9,0,0,0.0303,2,0,0,1,3,2,0
TCK-005005,Telefone,Integrações,Bug / Defeito,Média,Enterprise,Norte,61,107.1,0,11,1,4,0,61,11,0,0,0.0408,0,0,0,1,3,2,0
TCK-005006,Telefone,App Mobile,Problema Técnico,Média,Free,Norte,15,120.7,0,8,4,8,0,56,11,0,0,0.0222,0,0,0,0,3,2,0
TCK-005007,Email,API,Cancelamento,Baixa,Premium,Sul,24,211.6,0,13,1,1,0,55,8,0,0,0.0217,1,0,1,0,3,2,0
TCK-005008,Redes Sociais,Integrações,Bug / Defeito,Média,Free,Nordeste,19,117.3,0,19,6,6,1,61,10,0,0,0.02,1,0,0,1,3,2,0
TCK-005009,Telefone,Faturamento,Dúvida / Como Fazer,Alta,Premium,Nordeste,25,29.6,0,7,1,10,0,56,10,1,0,0.0217,0,0,0,0,3,2,0
TCK-005010,Chat,App Mobile,Dúvida / Como Fazer,Baixa,Basic,Norte,56,208.1,0,9,0,10,0,56,10,1,0,0.0217,0,0,0,0,3,2,0
TCK-005011,Telefone,Relatórios,Bug / Defeito,Média,Basic,Sudeste,33,106.6,0,20,5,6,0,61,11,0,0,0.0408,0,0,0,1,3,2,0
TCK-005012,Telefone,API,Problema Técnico,Baixa,Basic,Nordeste,60,224.4,1,17,5,7,0,56,11,0,0,0.0222,0,0,0,0,4,3,1
TCK-005013,Formulário Web,Plataforma Web,Problema Técnico,Alta,Free,Nordeste,84,87.9,0,13,3,9,1,56,11,0,0,0.0222,0,0,0,0,3,2,0
TCK-005014,Chat,API,Faturamento,Média,Basic,Sudeste,45,121.2,0,17,3,6,0,62,11,0,0,0.02,1,1,0,0,3,2,0
TCK-005015,Email,Integrações,Cancelamento,Baixa,Premium,Nordeste,55,154.8,0,13,0,9,0,61,10,0,0,0.02,1,0,1,0,3,2,0
TCK-005016,Chat,API,Bug / Defeito,Alta,Basic,Sul,42,45.5,0,8,4,7,1,165,27,0,0,0.0224,2,0,0,1,3,2,0
TCK-005017,Telefone,Relatórios,Dúvida / Como Fazer,Média,Basic,Norte,23,90.1,0,22,0,6,0,56,10,1,0,0.0217,0,0,0,0,3,2,0
TCK-005018,Chat,Integrações,Faturamento,Baixa,Free,Norte,58,144.2,0,13,2,12,0,62,11,0,0,0.02,1,1,0,0,3,2,0
TCK-005019,Chat,App Mobile,Cancelamento,Baixa,Enterprise,Sul,12,186.9,0,4,5,10,0,145,23,0,0,0.025,2,0,0,1,3,2,0
TCK-005020,Email,Faturamento,Problema Técnico,Baixa,Free,Nordeste,0,203.3,0,0,3,6,0,56,11,0,0,0.0222,0,0,0,0,3,2,0
TCK-005021,Telefone,App Mobile,Dúvida / Como Fazer,Baixa,Free,Sudeste,38,241.1,0,7,0,11,0,53,9,0,0,0.0227,0,0,0,0,3,2,0
TCK-005022,Telefone,App Mobile,Acesso e Conta,Média,Free,Norte,19,64.6,0,16,1,12,0,64,12,0,0,0.0192,0,0,0,0,3,2,0
TCK-005023,Formulário Web,Integrações,Solicitação de Recurso,Média,Basic,Sudeste,45,300.2,0,20,3,4,1,40,7,0,0,0.0303,0,0,0,0,3,2,0
TCK-005024,Redes Sociais,Integrações,Cancelamento,Crítica,Basic,Nordeste,29,31.9,0,23,3,5,1,61,10,0,0,0.02,1,0,1,0,3,2,0
TCK-005025,Email,Relatórios,Faturamento,Média,Basic,Norte,51,301.8,0,5,3,8,0,45,8,0,0,0.027,0,0,0,0,3,2,0
TCK-005026,Email,Integrações,Acesso e Conta,Média,Premium,Nordeste,59,120.2,0,15,1,7,0,64,9,0,0,0.037,1,0,0,0,3,2,0
TCK-005027,Telefone,Faturamento,Bug / Defeito,Média,Enterprise,Norte,0,55.5,0,8,2,1,0,135,25,0,0,0.03,4,0,0,1,3,2,0
TCK-005028,Email,Integrações,Problema Técnico,Alta,Enterprise,Nordeste,17,40.2,0,18,2,10,0,55,10,0,0,0.0222,0,0,0,0,3,2,0
TCK-005029,Formulário Web,Plataforma Web,Bug / Defeito,Baixa,Free,Norte,36,424.4,1,0,5,12,0,46,9,0,0,0.0303,2,0,0,1,4,3,1
TCK-005030,Chat,Relatórios,Acesso e Conta,Baixa,Enterprise,Centro-Oeste,51,254.8,0,18,0,11,0,64,9,0,0,0.037,1,0,0,0,3,2,0
TCK-005031,Telefone,Faturamento,Acesso e Conta,Média,Enterprise,Nordeste,20,118.1,0,15,0,5,0,171,31,0,0,0.0217,0,0,0,0,3,2,0
TCK-005032,Redes Sociais,App Mobile,Dúvida / Como Fazer,Baixa,Basic,Centro-Oeste,27,308.4,0,4,3,12,0,53,9,0,0,0.0227,0,0,0,0,3,2,0
TCK-005033,Chat,API,Cancelamento,Baixa,Basic,Nordeste,39,103.5,0,18,4,6,0,51,8,0,0,0.0233,1,0,0,1,3,2,0
TCK-005034,Redes Sociais,Faturamento,Acesso e Conta,Média,Free,Sudeste,12,127.8,0,0,2,7,0,171,25,0,0,0.0352,2,0,0,0,3,2,0
TCK-005035,Redes Sociais,Relatórios,Bug / Defeito,Crítica,Free,Nordeste,41,50.8,0,18,0,8,1,61,11,0,0,0.0408,0,0,0,1,3,2,0
TCK-005036,Formulário Web,Plataforma Web,Bug / Defeito,Média,Free,Sudeste,40,157.5,0,23,6,2,0,61,10,0,0,0.02,1,0,0,1,3,2,0
TCK-005037,Chat,Relatórios,Acesso e Conta,Média,Basic,Norte,34,190.8,0,7,6,2,0,54,10,0,0,0.0233,0,0,0,0,3,2,0
TCK-005038,Email,Integrações,Bug / Defeito,Alta,Free,Norte,68,131.8,0,17,6,9,1,61,10,0,0,0.02,1,0,0,1,3,2,0
TCK-005039,Formulário Web,Relatórios,Cancelamento,Baixa,Premium,Sudeste,0,109.4,0,8,1,4,0,61,10,0,0,0.02,1,0,1,0,3,2,0
TCK-005040,Chat,Relatórios,Solicitação de Recurso,Baixa,Premium,Sudeste,42,169.1,1,10,1,9,0,57,9,1,0,0.0208,0,0,0,0,4,3,1
TCK-005041,Chat,Faturamento,Problema Técnico,Baixa,Free,Nordeste,55,215.3,0,15,3,8,0,55,10,0,0,0.0222,0,0,0,0,3,2,0
TCK-005042,Email,Plataforma Web,Bug / Defeito,Média,Free,Sul,64,206.7,0,10,4,11,1,165,29,0,0,0.0379,0,0,0,1,3,2,0
TCK-005043,Telefone,Integrações,Dúvida / Como Fazer,Média,Enterprise,Nordeste,57,97.8,0,19,3,2,0,53,9,0,0,0.0227,0,0,0,0,3,2,0
TCK-005044,Email,Relatórios,Acesso e Conta,Média,Basic,Norte,52,144.5,0,21,4,8,0,64,12,0,0,0.0192,0,0,0,0,3,2,0
TCK-005045,Telefone,API,Cancelamento,Média,Basic,Centro-Oeste,5,151.1,0,6,6,1,0,145,23,0,0,0.025,2,0,0,1,3,2,0
TCK-005046,Redes Sociais,App Mobile,Problema Técnico,Alta,Premium,Norte,63,71.0,0,18,4,7,1,59,10,0,0,0.0204,1,0,0,1,3,2,0
TCK-005047,Formulário Web,App Mobile,Dúvida / Como Fazer,Média,Premium,Sul,60,179.7,0,14,6,12,0,56,10,1,0,0.0217,0,0,0,0,3,2,0
TCK-005048,Telefone,API,Acesso e Conta,Média,Basic,Norte,65,122.3,0,18,1,2,0,64,9,0,0,0.037,1,0,0,0,3,2,0
TCK-005049,Chat,Plataforma Web,Faturamento,Crítica,Basic,Norte,22,17.5,0,19,5,3,0,167,29,0,0,0.0224,2,1,0,0,3,2,0
TCK-005050,Chat,API,Cancelamento,Média,Basic,Sul,31,102.9,0,14,5,12,0,145,23,0,0,0.025,2,0,0,1,3,2,0
TCK-005051,Email,App Mobile,Faturamento,Baixa,Enterprise,Sul,76,304.2,0,11,0,6,0,59,9,1,0,0.0204,0,0,0,0,3,2,0
TCK-005052,Telefone,Relatórios,Problema Técnico,Baixa,Free,Sudeste,34,182.1,0,2,0,3,0,55,10,0,0,0.0222,0,0,0,0,3,2,0
TCK-005053,Telefone,Faturamento,Problema Técnico,Baixa,Basic,Nordeste,0,237.3,0,0,3,2,0,55,10,0,0,0.0222,0,0,0,0,3,2,0
TCK-005054,Redes Sociais,App Mobile,Acesso e Conta,Média,Basic,Sudeste,0,221.8,0,20,5,1,0,64,12,0,0,0.0192,0,0,0,0,3,2,0
TCK-005055,Email,Plataforma Web,Cancelamento,Baixa,Enterprise,Centro-Oeste,25,214.8,0,5,0,5,0,55,8,0,0,0.0217,1,0,1,0,3,2,0
TCK-005056,Chat,App Mobile,Dúvida / Como Fazer,Alta,Premium,Norte,23,55.2,0,7,3,12,0,53,9,0,0,0.0227,0,0,0,0,3,2,0
TCK-005057,Chat,API,Problema Técnico,Baixa,Free,Sul,61,211.7,0,15,3,10,0,59,10,0,0,0.0204,1,0,0,1,3,2,0
TCK-005058,Email,App Mobile,Bug / Defeito,Alta,Free,Norte,26,44.5,0,22,6,1,1,61,10,0,0,0.02,1,0,0,1,3,2,0
TCK-005059,Email,Plataforma Web,Cancelamento,Média,Free,Nordeste,40,111.3,0,10,6,3,0,51,8,0,0,0.0233,1,0,0,1,3,2,0
TCK-005060,Chat,Integrações,Acesso e Conta,Alta,Enterprise,Centro-Oeste,59,52.8,0,17,1,4,0,64,12,0,0,0.0192,0,0,0,0,3,2,0
TCK-005061,Formulário Web,Faturamento,Cancelamento,Média,Free,Nordeste,9,147.4,0,7,1,4,0,51,8,0,0,0.0233,1,0,0,1,3,2,0
TCK-005062,Chat,Plataforma Web,Acesso e Conta,Média,Premium,Nordeste,9,199.0,0,0,2,7,0,54,10,0,0,0.0233,0,0,0,0,3,2,0
TCK-005063,Formulário Web,App Mobile,Cancelamento,Média,Free,Norte,7,162.7,0,20,2,5,0,61,10,0,0,0.02,1,0,1,0,3,2,0
TCK-005064,Chat,Integrações,Dúvida / Como Fazer,Baixa,Premium,Norte,13,145.3,0,7,3,5,0,53,9,0,0,0.0227,0,0,0,0,3,2,0
TCK-005065,Email,Relatórios,Bug / Defeito,Média,Free,Sul,41,143.0,0,5,3,11,0,165,27,0,0,0.0224,2,0,0,1,3,2,0
TCK-005066,Chat,API,Bug / Defeito,Baixa,Basic,Sudeste,30,107.3,0,1,5,2,0,61,10,0,0,0.02,1,0,0,1,3,2,0
TCK-005067,Formulário Web,Plataforma Web,Acesso e Conta,Alta,Premium,Sudeste,67,89.2,0,13,1,2,0,64,9,0,0,0.037,1,0,0,0,3,2,0
TCK-005068,Email,Relatórios,Faturamento,Alta,Free,Norte,32,48.5,0,1,6,10,0,205,32,2,0,0.024,0,0,0,0,3,2,0
TCK-005069,Chat,Plataforma Web,Solicitação de Recurso,Média,Free,Sul,9,79.4,0,6,0,11,1,55,8,0,0,0.0638,0,0,0,0,3,2,0
TCK-005070,Formulário Web,Faturamento,Bug / Defeito,Crítica,Enterprise,Norte,44,51.8,0,5,1,1,1,165,29,0,0,0.0379,0,0,0,1,3,2,0
TCK-005071,Email,Faturamento,Cancelamento,Alta,Free,Sudeste,38,62.1,0,9,3,1,1,61,10,0,0,0.02,1,0,1,0,3,2,0
TCK-005072,Formulário Web,Integrações,Acesso e Conta,Média,Premium,Sudeste,50,151.5,0,18,3,7,0,64,12,0,0,0.0192,0,0,0,0,3,2,0
TCK-005073,Telefone,Integrações,Problema Técnico,Crítica,Premium,Nordeste,25,29.7,0,8,0,4,1,89,15,0,0,0.0274,1,0,0,0,3,2,0
TCK-005074,Email,Integrações,Problema Técnico,Baixa,Free,Sul,56,128.9,0,15,6,8,0,56,11,0,0,0.0222,0,0,0,0,3,2,0
TCK-005075,Chat,API,Faturamento,Média,Basic,Centro-Oeste,72,93.1,0,15,1,12,0,167,29,0,0,0.0224,2,1,0,0,3,2,0
TCK-005076,Email,Integrações,Bug / Defeito,Alta,Free,Nordeste,19,43.2,0,18,4,3,1,95,16,0,0,0.039,1,0,0,1,3,2,0
TCK-005077,Formulário Web,Plataforma Web,Acesso e Conta,Baixa,Basic,Nordeste,16,329.1,0,8,6,8,0,64,9,0,0,0.037,1,0,0,0,3,2,0
TCK-005078,Formulário Web,App Mobile,Faturamento,Alta,Basic,Nordeste,64,77.2,0,9,4,8,0,89,15,0,0,0.0278,0,0,0,0,3,2,0
TCK-005079,Email,Plataforma Web,Problema Técnico,Alta,Free,Sul,61,117.1,0,13,5,4,1,59,10,0,0,0.0204,1,0,0,1,3,2,0
TCK-005080,Chat,Relatórios,Bug / Defeito,Baixa,Enterprise,Nordeste,42,205.7,0,8,1,3,0,61,11,0,0,0.0408,0,0,0,1,3,2,0
TCK-005081,Email,Integrações,Bug / Defeito,Alta,Basic,Sudeste,11,63.1,0,5,6,2,1,106,18,0,1,0.0235,2,0,0,1,3,2,0
TCK-005082,Redes Sociais,Faturamento,Bug / Defeito,Média,Free,Centro-Oeste,61,278.2,0,9,2,2,0,61,11,0,0,0.0408,0,0,0,1,3,2,0
TCK-005083,Email,App Mobile,Solicitação de Recurso,Média,Premium,Nordeste,36,90.8,0,17,1,9,0,123,21,0,0,0.03,0,0,0,0,3,2,0
TCK-005084,Email,API,Dúvida / Como Fazer,Baixa,Free,Sul,53,308.6,0,13,4,5,0,53,9,0,0,0.0227,0,0,0,0,3,2,0
TCK-005085,Chat,Integrações,Dúvida / Como Fazer,Baixa,Free,Sul,38,379.9,0,19,1,7,0,155,27,2,0,0.0238,0,0,0,0,3,2,0
TCK-005086,Email,API,Bug / Defeito,Média,Free,Sudeste,34,223.4,0,9,2,10,0,165,29,0,0,0.0379,0,0,0,1,3,2,0
TCK-005087,Email,App Mobile,Acesso e Conta,Média,Free,Sudeste,31,262.7,0,22,4,7,0,64,9,0,0,0.037,1,0,0,0,3,2,0
TCK-005088,Redes Sociais,Plataforma Web,Solicitação de Recurso,Crítica,Basic,Sudeste,31,39.3,0,4,4,11,1,55,8,0,0,0.0638,0,0,0,0,3,2,0
TCK-005089,Email,Integrações,Faturamento,Baixa,Free,Norte,23,200.5,0,5,3,8,0,45,8,0,0,0.027,0,0,0,0,3,2,0
TCK-005090,Chat,Integrações,Solicitação de Recurso,Média,Basic,Centro-Oeste,22,104.8,0,14,1,12,1,123,21,0,0,0.03,0,0,0,0,3,2,0
TCK-005091,Chat,Relatórios,Faturamento,Média,Free,Sul,25,124.5,0,10,1,5,0,59,9,1,0,0.0204,0,0,0,0,3,2,0
TCK-005092,Telefone,Plataforma Web,Problema Técnico,Média,Enterprise,Centro-Oeste,31,249.0,0,1,2,4,0,59,10,0,0,0.0204,1,0,0,1,3,2,0
TCK-005093,Chat,Relatórios,Acesso e Conta,Média,Free,Sul,27,211.0,0,16,1,10,0,54,10,0,0,0.0233,0,0,0,0,3,2,0
TCK-005094,Email,Integrações,Problema Técnico,Alta,Premium,Sul,37,67.1,0,1,2,1,1,199,36,0,0,0.0252,0,0,0,0,3,2,0
TCK-005095,Email,Plataforma Web,Acesso e Conta,Crítica,Free,Sudeste,24,24.2,0,4,6,3,1,151,27,0,0,0.025,0,0,0,0,3,2,0
TCK-005096,Formulário Web,App Mobile,Acesso e Conta,Crítica,Premium,Centro-Oeste,78,69.5,0,15,1,8,0,109,17,0,1,0.0337,2,0,0,0,3,2,0
TCK-005097,Chat,App Mobile,Dúvida / Como Fazer,Alta,Basic,Norte,45,55.7,0,13,0,7,0,53,9,0,0,0.0227,0,0,0,0,3,2,0
TCK-005098,Chat,Integrações,Dúvida / Como Fazer,Média,Enterprise,Sul,17,178.9,0,23,1,10,0,53,9,0,0,0.0227,0,0,0,0,3,2,0
TCK-005099,Email,App Mobile,Faturamento,Média,Premium,Sudeste,48,185.5,0,18,0,4,0,59,9,1,0,0.0204,0,0,0,0,3,2,0
TCK-005100,Email,Faturamento,Cancelamento,Baixa,Free,Sul,30,330.3,0,19,5,11,0,55,8,0,0,0.0217,1,0,1,0,3,2,0
TCK-005101,Chat,API,Acesso e Conta,Média,Free,Sul,29,102.2,0,1,3,4,0,151,27,0,0,0.025,0,0,0,0,3,2,0
TCK-005102,Email,Faturamento,Cancelamento,Média,Free,Sudeste,33,325.1,0,1,6,11,0,55,8,0,0,0.0217,1,0,1,0,3,2,0
TCK-005103,Chat,Integrações,Acesso e Conta,Média,Free,Nordeste,53,114.5,0,17,5,6,0,64,12,0,0,0.0192,0,0,0,0,3,2,0
TCK-005104,Email,Relatórios,Faturamento,Baixa,Free,Sul,32,322.6,0,11,6,9,0,59,9,1,0,0.0204,0,0,0,0,3,2,0
TCK-005105,Email,App Mobile,Solicitação de Recurso,Crítica,Basic,Nordeste,7,11.4,0,10,0,9,1,57,9,1,0,0.0208,0,0,0,0,3,2,0
TCK-005106,Formulário Web,Relatórios,Problema Técnico,Baixa,Free,Sudeste,59,214.3,1,5,6,4,0,59,10,0,0,0.0204,1,0,0,1,4,3,1
TCK-005107,Email,Plataforma Web,Solicitação de Recurso,Média,Free,Sul,7,131.1,0,19,3,11,1,55,8,0,0,0.0638,0,0,0,0,3,2,0
TCK-005108,Chat,Plataforma Web,Problema Técnico,Baixa,Enterprise,Sudeste,18,227.8,0,3,6,9,0,55,10,0,0,0.0222,0,0,0,0,3,2,0
TCK-005109,Redes Sociais,Plataforma Web,Dúvida / Como Fazer,Média,Basic,Sul,49,113.8,0,23,5,8,0,53,9,0,0,0.0227,0,0,0,0,3,2,0
TCK-005110,Email,App Mobile,Problema Técnico,Média,Enterprise,Nordeste,32,118.5,0,3,1,10,0,55,10,0,0,0.0222,0,0,0,0,3,2,0
TCK-005111,Telefone,Integrações,Acesso e Conta,Média,Free,Norte,0,78.9,0,19,4,5,0,64,12,0,0,0.0192,0,0,0,0,3,2,0
TCK-005112,Telefone,Relatórios,Faturamento,Média,Basic,Norte,49,128.3,0,14,6,6,0,62,11,0,0,0.02,1,1,0,0,3,2,0
TCK-005113,Email,Plataforma Web,Faturamento,Média,Free,Sul,52,267.6,0,16,2,4,0,62,11,0,0,0.02,1,1,0,0,3,2,0
TCK-005114,Formulário Web,App Mobile,Faturamento,Alta,Enterprise,Nordeste,36,169.4,0,15,5,5,0,59,9,1,0,0.0204,0,0,0,0,3,2,0
TCK-005115,Chat,API,Acesso e Conta,Média,Premium,Nordeste,52,73.4,0,8,3,9,0,64,9,0,0,0.037,1,0,0,0,3,2,0
TCK-005116,Formulário Web,Faturamento,Problema Técnico,Baixa,Enterprise,Sul,22,181.5,0,7,3,10,0,155,29,0,0,0.0242,0,0,0,0,3,2,0
TCK-005117,Email,Relatórios,Solicitação de Recurso,Baixa,Free,Sul,53,334.1,0,13,0,6,0,40,7,0,0,0.0303,0,0,0,0,3,2,0
TCK-005118,Chat,Faturamento,Dúvida / Como Fazer,Média,Premium,Norte,43,105.8,0,10,4,7,0,56,10,1,0,0.0217,0,0,0,0,3,2,0
TCK-005119,Email,API,Problema Técnico,Média,Premium,Nordeste,41,164.8,0,4,4,9,0,55,10,0,0,0.0222,0,0,0,0,3,2,0
TCK-005120,Redes Sociais,Faturamento,Bug / Defeito,Baixa,Premium,Sul,68,224.5,0,20,5,4,0,61,10,0,0,0.02,1,0,0,1,3,2,0
TCK-005121,Redes Sociais,App Mobile,Acesso e Conta,Baixa,Premium,Norte,0,905.2,0,0,1,4,0,64,12,0,0,0.0192,0,0,0,0,3,2,0
TCK-005122,Formulário Web,Plataforma Web,Problema Técnico,Média,Premium,Norte,10,148.7,0,23,6,1,0,59,10,0,0,0.0204,1,0,0,1,3,2,0
TCK-005123,Chat,API,Bug / Defeito,Baixa,Premium,Sudeste,39,215.7,0,8,2,4,0,165,27,0,0,0.0224,2,0,0,1,3,2,0
TCK-005124,Telefone,Faturamento,Dúvida / Como Fazer,Média,Premium,Norte,23,106.7,0,4,0,10,0,57,10,1,0,0.0213,0,0,0,0,3,2,0
TCK-005125,Formulário Web,Faturamento,Bug / Defeito,Média,Enterprise,Norte,30,283.0,1,22,2,6,0,61,11,0,0,0.0408,0,0,0,1,4,3,1
TCK-005126,Email,Integrações,Cancelamento,Baixa,Basic,Norte,22,297.4,0,22,4,5,0,55,8,0,0,0.0217,1,0,1,0,3,2,0
TCK-005127,Formulário Web,Plataforma Web,Acesso e Conta,Baixa,Premium,Norte,92,248.0,0,15,0,12,0,64,12,0,0,0.0192,0,0,0,0,3,2,0
TCK-005128,Chat,Plataforma Web,Solicitação de Recurso,Média,Basic,Sudeste,61,114.6,0,14,2,8,1,55,8,0,0,0.0638,0,0,0,0,3,2,0
TCK-005129,Chat,Faturamento,Dúvida / Como Fazer,Média,Premium,Sul,38,155.7,0,11,0,11,0,149,25,0,0,0.0246,0,0,0,0,3,2,0
TCK-005130,Chat,App Mobile,Bug / Defeito,Alta,Basic,Sudeste,52,55.9,1,7,6,6,1,46,9,0,0,0.0303,2,0,0,1,4,3,1
TCK-005131,Formulário Web,Faturamento,Acesso e Conta,Média,Free,Nordeste,25,420.7,0,4,2,2,0,171,31,0,0,0.0217,0,0,0,0,3,2,0
TCK-005132,Chat,Integrações,Dúvida / Como Fazer,Alta,Basic,Nordeste,8,33.7,0,3,2,12,0,57,10,1,0,0.0213,0,0,0,0,3,2,0
TCK-005133,Telefone,Integrações,Cancelamento,Alta,Enterprise,Sul,43,51.6,0,10,5,8,0,189,30,0,0,0.0258,2,0,0,1,3,2,0
TCK-005134,Email,Faturamento,Acesso e Conta,Crítica,Free,Sul,51,41.2,0,11,2,9,1,64,9,0,0,0.037,1,0,0,0,3,2,0
TCK-005135,Chat,API,Bug / Defeito,Alta,Free,Nordeste,76,69.7,1,16,6,9,1,61,11,0,0,0.0408,0,0,0,1,4,3,1
TCK-005136,Email,App Mobile,Dúvida / Como Fazer,Baixa,Basic,Norte,53,240.4,0,21,5,6,0,56,10,1,0,0.0217,0,0,0,0,3,2,0
TCK-005137,Chat,Plataforma Web,Problema Técnico,Alta,Free,Centro-Oeste,38,67.8,0,5,3,4,1,56,11,0,0,0.0222,0,0,0,0,3,2,0
TCK-005138,Email,Faturamento,Problema Técnico,Baixa,Basic,Norte,0,349.0,0,3,5,8,0,56,11,0,0,0.0222,0,0,0,0,3,2,0
TCK-005139,Chat,Relatórios,Problema Técnico,Média,Free,Sul,23,146.3,0,21,1,11,0,56,11,0,0,0.0222,0,0,0,0,3,2,0
TCK-005140,Email,Integrações,Faturamento,Baixa,Premium,Sul,47,684.7,1,23,6,10,0,59,9,1,0,0.0204,0,0,0,0,4,3,1
TCK-005141,Email,API,Acesso e Conta,Baixa,Free,Centro-Oeste,75,217.9,0,17,2,12,0,54,10,0,0,0.0233,0,0,0,0,3,2,0
TCK-005142,Telefone,API,Solicitação de Recurso,Média,Enterprise,Sudeste,61,122.0,0,9,0,7,1,40,7,0,0,0.0303,0,0,0,0,3,2,0
TCK-005143,Email,Relatórios,Problema Técnico,Baixa,Free,Centro-Oeste,47,257.8,0,13,1,10,0,59,10,0,0,0.0204,1,0,0,1,3,2,0
TCK-005144,Chat,Relatórios,Problema Técnico,Crítica,Premium,Nordeste,8,25.9,0,5,1,2,1,59,10,0,0,0.0204,1,0,0,1,3,2,0
TCK-005145,Redes Sociais,Relatórios,Problema Técnico,Média,Free,Sul,42,111.1,0,6,4,11,0,55,10,0,0,0.0222,0,0,0,0,3,2,0
TCK-005146,Chat,Integrações,Problema Técnico,Crítica,Free,Norte,25,23.6,0,2,4,9,1,55,10,0,0,0.0222,0,0,0,0,3,2,0
TCK-005147,Redes Sociais,Plataforma Web,Acesso e Conta,Baixa,Free,Sudeste,21,359.8,0,4,3,5,0,151,27,0,0,0.025,0,0,0,0,3,2,0
TCK-005148,Telefone,API,Bug / Defeito,Média,Basic,Sudeste,47,72.1,0,6,5,3,0,46,9,0,0,0.0303,2,0,0,1,3,2,0
TCK-005149,Chat,Integrações,Problema Técnico,Média,Enterprise,Centro-Oeste,34,217.3,0,10,3,10,0,155,29,0,0,0.0242,0,0,0,0,3,2,0
TCK-005150,Telefone,Relatórios,Faturamento,Baixa,Basic,Sudeste,38,151.9,0,15,6,9,0,133,23,0,0,0.0278,0,0,0,0,3,2,0
TCK-005151,Formulário Web,App Mobile,Acesso e Conta,Crítica,Free,Sul,38,32.1,0,5,6,4,0,64,9,0,0,0.037,1,0,0,0,3,2,0
TCK-005152,Chat,App Mobile,Bug / Defeito,Alta,Free,Norte,54,61.1,0,12,0,5,1,46,9,0,0,0.0303,2,0,0,1,3,2,0
TCK-005153,Email,Relatórios,Cancelamento,Alta,Basic,Nordeste,58,75.4,0,9,1,5,0,55,8,0,0,0.0217,1,0,1,0,3,2,0
TCK-005154,Chat,Plataforma Web,Problema Técnico,Média,Basic,Sul,39,175.0,0,19,0,8,0,59,10,0,0,0.0204,1,0,0,1,3,2,0
TCK-005155,Email,Relatórios,Faturamento,Alta,Premium,Nordeste,38,51.2,0,14,0,5,0,59,9,1,0,0.0204,0,0,0,0,3,2,0
TCK-005156,Email,App Mobile,Faturamento,Média,Premium,Centro-Oeste,36,121.0,0,20,4,8,0,45,8,0,0,0.027,0,0,0,0,3,2,0
TCK-005157,Email,Relatórios,Dúvida / Como Fazer,Média,Premium,Nordeste,0,143.8,0,2,5,9,0,57,10,1,0,0.0213,0,0,0,0,3,2,0
TCK-005158,Email,Integrações,Problema Técnico,Alta,Free,Sul,37,81.9,0,13,1,3,1,56,11,0,0,0.0222,0,0,0,0,3,2,0
TCK-005159,Formulário Web,Faturamento,Dúvida / Como Fazer,Baixa,Basic,Sul,28,310.8,0,11,0,10,0,157,27,2,0,0.0234,0,0,0,0,3,2,0
TCK-005160,Telefone,Integrações,Dúvida / Como Fazer,Média,Free,Nordeste,27,274.8,0,21,5,11,0,53,9,0,0,0.0227,0,0,0,0,3,2,0
TCK-005161,Chat,API,Cancelamento,Média,Free,Nordeste,3,97.4,0,7,2,4,0,61,10,0,0,0.02,1,0,1,0,3,2,0
TCK-005162,Telefone,App Mobile,Acesso e Conta,Crítica,Free,Centro-Oeste,61,53.3,0,5,4,3,1,64,9,0,0,0.037,1,0,0,0,3,2,0
TCK-005163,Email,Plataforma Web,Dúvida / Como Fazer,Crítica,Free,Centro-Oeste,33,27.5,0,23,4,10,0,100,17,1,0,0.0247,0,0,0,0,3,2,0
TCK-005164,Email,Faturamento,Problema Técnico,Alta,Basic,Sudeste,79,103.6,0,17,4,7,1,161,27,0,0,0.0227,2,0,0,1,3,2,0
TCK-005165,Formulário Web,App Mobile,Bug / Defeito,Média,Basic,Sul,30,122.9,0,0,6,5,1,46,9,0,0,0.0303,2,0,0,1,3,2,0
TCK-005166,Email,App Mobile,Dúvida / Como Fazer,Crítica,Free,Norte,15,22.8,0,22,0,1,0,57,10,1,0,0.0213,0,0,0,0,3,2,0
TCK-005167,Email,Faturamento,Acesso e Conta,Baixa,Premium,Nordeste,35,232.1,0,1,2,12,0,171,25,0,0,0.0352,2,0,0,0,3,2,0
TCK-005168,Email,App Mobile,Problema Técnico,Baixa,Basic,Sudeste,54,444.7,0,17,5,12,0,155,29,0,0,0.0242,0,0,0,0,3,2,0
TCK-005169,Formulário Web,App Mobile,Acesso e Conta,Baixa,Basic,Norte,29,290.5,0,19,2,8,0,64,12,0,0,0.0192,0,0,0,0,3,2,0
TCK-005170,Telefone,App Mobile,Solicitação de Recurso,Média,Premium,Nordeste,9,46.2,0,8,6,5,0,57,9,1,0,0.0208,0,0,0,0,3,2,0
TCK-005171,Formulário Web,Relatórios,Bug / Defeito,Média,Free,Nordeste,31,124.5,1,1,0,4,1,61,11,0,0,0.0408,0,0,0,1,4,3,1
TCK-005172,Email,Relatórios,Dúvida / Como Fazer,Baixa,Basic,Sudeste,57,450.9,0,18,0,10,0,53,9,0,0,0.0227,0,0,0,0,3,2,0
TCK-005173,Formulário Web,Relatórios,Acesso e Conta,Média,Premium,Sul,14,136.4,0,19,6,11,0,64,9,0,0,0.037,1,0,0,0,3,2,0
TCK-005174,Email,Plataforma Web,Problema Técnico,Média,Premium,Centro-Oeste,43,432.2,0,6,3,10,1,55,10,0,0,0.0222,0,0,0,0,3,2,0
TCK-005175,Chat,Plataforma Web,Acesso e Conta,Média,Free,Sul,55,122.6,0,13,3,4,0,64,9,0,0,0.037,1,0,0,0,3,2,0
TCK-005176,Email,Integrações,Acesso e Conta,Alta,Premium,Centro-Oeste,54,70.0,0,14,2,1,0,108,19,0,0,0.023,0,0,0,0,3,2,0
TCK-005177,Formulário Web,Faturamento,Dúvida / Como Fazer,Média,Basic,Sul,37,74.1,0,23,2,2,0,56,10,1,0,0.0217,0,0,0,0,3,2,0
TCK-005178,Email,Relatórios,Dúvida / Como Fazer,Alta,Premium,Nordeste,31,52.0,0,19,4,5,0,100,17,1,0,0.0247,0,0,0,0,3,2,0
TCK-005179,Telefone,Plataforma Web,Bug / Defeito,Média,Premium,Norte,50,144.3,0,18,1,11,0,61,11,0,0,0.0408,0,0,0,1,3,2,0
TCK-005180,Email,Faturamento,Problema Técnico,Média,Free,Nordeste,37,130.7,1,12,6,12,0,56,11,0,0,0.0222,0,0,0,0,4,3,1
TCK-005181,Formulário Web,API,Faturamento,Alta,Free,Norte,41,62.9,0,22,2,3,1,206,33,2,1,0.024,1,0,0,0,3,2,0
TCK-005182,Chat,Relatórios,Problema Técnico,Alta,Basic,Centro-Oeste,24,27.5,1,1,0,11,1,56,11,0,0,0.0222,0,0,0,0,4,3,1
TCK-005183,Email,Faturamento,Cancelamento,Alta,Free,Nordeste,82,120.5,0,17,6,9,0,145,23,0,0,0.025,2,0,0,1,3,2,0
TCK-005184,Formulário Web,Plataforma Web,Cancelamento,Média,Free,Sul,62,225.5,0,21,5,1,0,51,8,0,0,0.0233,1,0,0,1,3,2,0
TCK-005185,Chat,API,Dúvida / Como Fazer,Média,Free,Centro-Oeste,44,147.4,0,4,4,3,0,57,10,1,0,0.0213,0,0,0,0,3,2,0
TCK-005186,Redes Sociais,Integrações,Faturamento,Baixa,Free,Centro-Oeste,38,628.7,0,5,0,10,0,59,9,1,0,0.0204,0,0,0,0,3,2,0
TCK-005187,Email,Faturamento,Problema Técnico,Média,Premium,Sul,56,132.9,0,16,1,12,0,56,11,0,0,0.0222,0,0,0,0,3,2,0
TCK-005188,Redes Sociais,App Mobile,Acesso e Conta,Baixa,Premium,Sudeste,67,546.8,0,10,2,10,0,64,12,0,0,0.0192,0,0,0,0,3,2,0
TCK-005189,Chat,Relatórios,Problema Técnico,Média,Premium,Centro-Oeste,38,105.2,0,11,3,8,0,56,11,0,0,0.0222,0,0,0,0,3,2,0
TCK-005190,Redes Sociais,Relatórios,Dúvida / Como Fazer,Média,Premium,Sul,21,78.5,0,21,0,11,0,57,10,1,0,0.0213,0,0,0,0,3,2,0
TCK-005191,Formulário Web,Faturamento,Problema Técnico,Média,Premium,Norte,15,195.4,0,8,0,5,0,153,27,0,0,0.0242,0,0,0,0,3,2,0
TCK-005192,Telefone,App Mobile,Solicitação de Recurso,Média,Free,Centro-Oeste,52,360.5,1,11,0,12,1,40,7,0,0,0.0303,0,0,0,0,4,3,1
TCK-005193,Chat,Plataforma Web,Acesso e Conta,Alta,Free,Centro-Oeste,25,66.1,0,13,4,5,0,98,17,0,0,0.0256,0,0,0,0,3,2,0
TCK-005194,Email,Integrações,Solicitação de Recurso,Alta,Basic,Sudeste,8,19.8,0,21,0,7,1,153,23,0,0,0.0547,0,0,0,0,3,2,0
TCK-005195,Formulário Web,Integrações,Faturamento,Média,Basic,Sul,15,95.9,0,21,1,6,0,62,11,0,0,0.02,1,1,0,0,3,2,0
TCK-005196,Formulário Web,Plataforma Web,Dúvida / Como Fazer,Baixa,Enterprise,Norte,33,224.5,0,23,1,12,0,53,9,0,0,0.0227,0,0,0,0,3,2,0
TCK-005197,Telefone,Faturamento,Acesso e Conta,Crítica,Premium,Centro-Oeste,17,27.5,0,22,6,10,0,64,12,0,0,0.0192,0,0,0,0,3,2,0
TCK-005198,Email,Relatórios,Acesso e Conta,Média,Premium,Sudeste,10,87.2,0,22,6,1,0,64,9,0,0,0.037,1,0,0,0,3,2,0
TCK-005199,Formulário Web,Relatórios,Dúvida / Como Fazer,Média,Premium,Centro-Oeste,68,112.9,0,9,0,5,0,53,9,0,0,0.0227,0,0,0,0,3,2,0
TCK-005200,Email,Relatórios,Acesso e Conta,Baixa,Premium,Norte,15,160.8,0,9,4,5,0,64,12,0,0,0.0192,0,0,0,0,3,2,0
TCK-005201,Redes Sociais,API,Dúvida / Como Fazer,Alta,Free,Centro-Oeste,83,68.2,0,12,1,1,0,53,9,0,0,0.0227,0,0,0,0,3,2,0
TCK-005202,Email,Integrações,Bug / Defeito,Baixa,Premium,Norte,27,365.7,1,22,4,9,0,61,10,0,0,0.02,1,0,0,1,4,3,1
TCK-005203,Chat,Faturamento,Faturamento,Média,Basic,Sul,0,69.4,0,1,6,9,0,45,8,0,0,0.027,0,0,0,0,3,2,0
TCK-005204,Chat,API,Bug / Defeito,Baixa,Premium,Sul,56,296.8,0,11,3,3,0,61,10,0,0,0.02,1,0,0,1,3,2,0
TCK-005205,Email,API,Faturamento,Alta,Free,Nordeste,23,69.4,0,21,2,11,1,93,14,1,0,0.026,1,0,0,0,3,2,0
TCK-005206,Formulário Web,Integrações,Faturamento,Alta,Basic,Sudeste,0,86.2,0,1,0,7,1,89,15,0,0,0.0278,0,0,0,0,3,2,0
TCK-005207,Redes Sociais,Integrações,Faturamento,Baixa,Free,Nordeste,6,134.2,0,3,2,7,0,167,29,0,0,0.0224,2,1,0,0,3,2,0
TCK-005208,Redes Sociais,Faturamento,Solicitação de Recurso,Média,Premium,Sul,1,170.9,0,12,4,10,1,55,8,0,0,0.0638,0,0,0,0,3,2,0
TCK-005209,Telefone,Integrações,Acesso e Conta,Alta,Basic,Nordeste,17,25.9,0,8,2,1,0,64,9,0,0,0.037,1,0,0,0,3,2,0
TCK-005210,Email,App Mobile,Dúvida / Como Fazer,Alta,Enterprise,Sudeste,48,71.2,0,18,0,3,0,53,9,0,0,0.0227,0,0,0,0,3,2,0
TCK-005211,Redes Sociais,Plataforma Web,Problema Técnico,Alta,Free,Sul,40,62.5,0,18,0,7,1,55,10,0,0,0.0222,0,0,0,0,3,2,0
TCK-005212,Email,App Mobile,Solicitação de Recurso,Baixa,Free,Sudeste,54,283.9,1,10,0,1,1,123,21,0,0,0.03,0,0,0,0,4,3,1
TCK-005213,Chat,API,Solicitação de Recurso,Média,Free,Norte,55,105.8,0,20,3,1,1,153,23,0,0,0.0547,0,0,0,0,3,2,0
TCK-005214,Formulário Web,API,Bug / Defeito,Média,Enterprise,Norte,0,147.1,0,20,1,8,0,61,11,0,0,0.0408,0,0,0,1,3,2,0
TCK-005215,Formulário Web,API,Dúvida / Como Fazer,Média,Enterprise,Centro-Oeste,45,74.6,0,6,0,11,0,57,10,1,0,0.0213,0,0,0,0,3,2,0
TCK-005216,Email,Relatórios,Solicitação de Recurso,Média,Enterprise,Nordeste,44,139.8,0,21,4,3,1,57,9,1,0,0.0208,0,0,0,0,3,2,0
TCK-005217,Email,API,Cancelamento,Baixa,Free,Sudeste,65,263.6,0,13,5,6,0,55,8,0,0,0.0217,1,0,1,0,3,2,0
TCK-005218,Email,Faturamento,Problema Técnico,Baixa,Free,Sudeste,60,562.1,0,16,2,4,0,55,10,0,0,0.0222,0,0,0,0,3,2,0
TCK-005219,Email,Plataforma Web,Dúvida / Como Fazer,Alta,Premium,Sudeste,58,54.0,0,12,0,6,0,53,9,0,0,0.0227,0,0,0,0,3,2,0
TCK-005220,Email,Relatórios,Cancelamento,Baixa,Basic,Centro-Oeste,41,220.2,0,2,1,7,0,51,8,0,0,0.0233,1,0,0,1,3,2,0
TCK-005221,Chat,App Mobile,Acesso e Conta,Crítica,Free,Sudeste,20,27.6,0,0,1,1,0,64,12,0,0,0.0192,0,0,0,0,3,2,0
TCK-005222,Telefone,Plataforma Web,Solicitação de Recurso,Média,Basic,Norte,24,97.8,0,4,0,3,0,55,8,0,0,0.0638,0,0,0,0,3,2,0
TCK-005223,Chat,Faturamento,Problema Técnico,Média,Free,Centro-Oeste,55,80.7,0,17,1,5,0,59,10,0,0,0.0204,1,0,0,1,3,2,0
TCK-005224,Chat,Faturamento,Acesso e Conta,Baixa,Premium,Sudeste,37,282.9,0,23,4,5,0,54,10,0,0,0.0233,0,0,0,0,3,2,0
TCK-005225,Email,API,Faturamento,Baixa,Basic,Sul,38,258.8,1,1,4,4,0,62,11,0,0,0.02,1,1,0,0,4,3,1
TCK-005226,Email,Faturamento,Acesso e Conta,Média,Enterprise,Sul,39,154.8,0,1,2,6,0,64,12,0,0,0.0192,0,0,0,0,3,2,0
TCK-005227,Formulário Web,Plataforma Web,Problema Técnico,Baixa,Premium,Sudeste,55,495.8,0,18,1,8,0,155,29,0,0,0.0242,0,0,0,0,3,2,0
TCK-005228,Formulário Web,API,Faturamento,Média,Premium,Nordeste,34,135.8,0,1,5,7,0,45,8,0,0,0.027,0,0,0,0,3,2,0
TCK-005229,Email,API,Dúvida / Como Fazer,Média,Enterprise,Sul,22,134.7,0,7,3,7,0,53,9,0,0,0.0227,0,0,0,0,3,2,0
TCK-005230,Telefone,Faturamento,Dúvida / Como Fazer,Alta,Free,Sudeste,21,26.6,0,23,5,12,0,100,17,1,0,0.0247,0,0,0,0,3,2,0
TCK-005231,Chat,Faturamento,Problema Técnico,Alta,Premium,Sul,27,64.2,0,0,6,6,1,59,10,0,0,0.0204,1,0,0,1,3,2,0
TCK-005232,Chat,App Mobile,Problema Técnico,Média,Enterprise,Norte,37,111.6,0,1,3,9,0,59,10,0,0,0.0204,1,0,0,1,3,2,0
TCK-005233,Email,API,Cancelamento,Alta,Free,Sul,19,61.2,0,6,4,12,0,165,27,0,0,0.0224,2,0,1,0,3,2,0
TCK-005234,Telefone,API,Bug / Defeito,Baixa,Premium,Centro-Oeste,39,260.6,0,17,2,10,0,61,11,0,0,0.0408,0,0,0,1,3,2,0
TCK-005235,Formulário Web,Integrações,Problema Técnico,Alta,Free,Norte,31,58.3,1,20,1,6,1,161,27,0,0,0.0227,2,0,0,1,4,3,1
TCK-005236,Email,API,Faturamento,Alta,Basic,Sul,32,61.3,0,9,4,4,1,90,16,0,1,0.0278,1,0,0,0,3,2,0
TCK-005237,Telefone,Relatórios,Dúvida / Como Fazer,Alta,Free,Norte,29,32.5,0,23,5,8,0,53,9,0,0,0.0227,0,0,0,0,3,2,0
TCK-005238,Email,Plataforma Web,Problema Técnico,Média,Basic,Sudeste,37,189.3,0,13,2,8,1,55,10,0,0,0.0222,0,0,0,0,3,2,0
TCK-005239,Chat,Relatórios,Acesso e Conta,Baixa,Premium,Norte,35,347.8,0,20,5,11,0,54,10,0,0,0.0233,0,0,0,0,3,2,0
TCK-005240,Chat,Integrações,Faturamento,Média,Basic,Nordeste,9,81.0,0,19,2,2,0,161,25,2,0,0.0227,0,0,0,0,3,2,0
TCK-005241,Chat,API,Problema Técnico,Média,Free,Centro-Oeste,8,118.9,0,21,5,11,0,56,11,0,0,0.0222,0,0,0,0,3,2,0
TCK-005242,Email,App Mobile,Dúvida / Como Fazer,Alta,Premium,Nordeste,74,81.6,0,13,0,10,0,53,9,0,0,0.0227,0,0,0,0,3,2,0
TCK-005243,Email,Relatórios,Cancelamento,Média,Basic,Sul,36,226.1,0,20,0,7,0,55,8,0,0,0.0217,1,0,1,0,3,2,0
TCK-005244,Chat,App Mobile,Problema Técnico,Média,Free,Sudeste,10,164.7,0,22,0,11,0,59,10,0,0,0.0204,1,0,0,1,3,2,0
TCK-005245,Chat,API,Dúvida / Como Fazer,Alta,Basic,Centro-Oeste,0,27.1,0,6,0,8,0,53,9,0,0,0.0227,0,0,0,0,3,2,0
TCK-005246,Formulário Web,API,Problema Técnico,Baixa,Enterprise,Centro-Oeste,33,258.4,0,11,1,12,0,55,10,0,0,0.0222,0,0,0,0,3,2,0
TCK-005247,Email,Relatórios,Bug / Defeito,Baixa,Premium,Sudeste,37,209.3,0,9,2,10,0,61,10,0,0,0.02,1,0,0,1,3,2,0
TCK-005248,Email,Plataforma Web,Solicitação de Recurso,Alta,Basic,Centro-Oeste,71,85.3,0,23,3,5,1,57,9,1,0,0.0208,0,0,0,0,3,2,0
TCK-005249,Formulário Web,Relatórios,Acesso e Conta,Média,Free,Sul,45,83.9,0,16,4,9,0,54,10,0,0,0.0233,0,0,0,0,3,2,0
TCK-005250,Redes Sociais,Plataforma Web,Bug / Defeito,Média,Free,Sul,13,78.1,1,18,2,2,1,61,10,0,0,0.02,1,0,0,1,4,3,1
TCK-005251,Telefone,Faturamento,Problema Técnico,Alta,Basic,Norte,91,72.6,0,17,2,5,1,161,27,0,0,0.0227,2,0,0,1,3,2,0
TCK-005252,Formulário Web,App Mobile,Bug / Defeito,Média,Free,Centro-Oeste,47,167.1,0,1,4,10,0,61,10,0,0,0.02,1,0,0,1,3,2,0
TCK-005253,Chat,Faturamento,Problema Técnico,Média,Premium,Sudeste,1,58.8,0,7,3,7,0,56,11,0,0,0.0222,0,0,0,0,3,2,0
TCK-005254,Chat,Integrações,Bug / Defeito,Alta,Enterprise,Norte,30,152.4,1,22,1,8,1,46,9,0,0,0.0303,2,0,0,1,4,3,1
TCK-005255,Telefone,App Mobile,Acesso e Conta,Baixa,Basic,Norte,12,134.6,0,3,4,7,0,64,9,0,0,0.037,1,0,0,0,3,2,0
TCK-005256,Chat,Integrações,Solicitação de Recurso,Média,Basic,Centro-Oeste,66,127.1,1,14,6,7,1,55,8,0,0,0.0638,0,0,0,0,4,3,1
TCK-005257,Chat,API,Bug / Defeito,Alta,Basic,Norte,75,62.3,0,15,0,4,1,91,17,0,1,0.0294,3,0,0,1,3,2,0
TCK-005258,Chat,Integrações,Faturamento,Média,Premium,Nordeste,63,193.2,0,14,5,9,0,45,8,0,0,0.027,0,0,0,0,3,2,0
TCK-005259,Chat,Integrações,Dúvida / Como Fazer,Média,Enterprise,Norte,50,77.3,0,11,6,4,0,149,25,0,0,0.0246,0,0,0,0,3,2,0
TCK-005260,Email,Relatórios,Acesso e Conta,Média,Free,Norte,83,268.4,0,9,0,7,0,64,12,0,0,0.0192,0,0,0,0,3,2,0
TCK-005261,Email,Plataforma Web,Acesso e Conta,Média,Premium,Norte,41,109.2,0,11,1,9,0,64,12,0,0,0.0192,0,0,0,0,3,2,0
TCK-005262,Chat,API,Dúvida / Como Fazer,Baixa,Premium,Nordeste,49,332.7,0,16,3,3,0,53,9,0,0,0.0227,0,0,0,0,3,2,0
TCK-005263,Email,Relatórios,Faturamento,Alta,Basic,Sudeste,67,95.6,0,4,0,11,1,103,16,1,0,0.0238,0,0,0,0,3,2,0
TCK-005264,Email,Integrações,Acesso e Conta,Alta,Basic,Nordeste,1,21.6,0,5,5,5,0,64,9,0,0,0.037,1,0,0,0,3,2,0
TCK-005265,Email,API,Cancelamento,Média,Basic,Nordeste,22,220.9,0,5,2,2,0,61,10,0,0,0.02,1,0,1,0,3,2,0
TCK-005266,Email,Plataforma Web,Problema Técnico,Baixa,Free,Nordeste,63,313.7,0,17,6,8,0,59,10,0,0,0.0204,1,0,0,1,3,2,0
TCK-005267,Chat,App Mobile,Dúvida / Como Fazer,Média,Premium,Centro-Oeste,77,179.3,0,9,4,11,0,56,10,1,0,0.0217,0,0,0,0,3,2,0
TCK-005268,Email,Faturamento,Problema Técnico,Média,Free,Norte,32,250.5,0,18,5,2,0,56,11,0,0,0.0222,0,0,0,0,3,2,0
TCK-005269,Chat,Plataforma Web,Faturamento,Baixa,Premium,Sudeste,65,189.5,0,10,3,5,0,45,8,0,0,0.027,0,0,0,0,3,2,0
TCK-005270,Chat,Relatórios,Dúvida / Como Fazer,Média,Premium,Centro-Oeste,41,196.4,1,11,6,11,0,53,9,0,0,0.0227,0,0,0,0,4,3,1
TCK-005271,Redes Sociais,App Mobile,Faturamento,Média,Premium,Nordeste,58,100.6,0,14,5,7,0,45,8,0,0,0.027,0,0,0,0,3,2,0
TCK-005272,Redes Sociais,Plataforma Web,Dúvida / Como Fazer,Média,Basic,Sul,47,130.4,0,7,3,12,0,157,27,2,0,0.0234,0,0,0,0,3,2,0
TCK-005273,Formulário Web,Faturamento,Faturamento,Média,Basic,Norte,69,294.8,0,10,1,7,0,45,8,0,0,0.027,0,0,0,0,3,2,0
TCK-005274,Email,Faturamento,Bug / Defeito,Crítica,Basic,Norte,16,19.5,0,0,0,4,1,61,11,0,0,0.0408,0,0,0,1,3,2,0
TCK-005275,Telefone,Plataforma Web,Problema Técnico,Alta,Enterprise,Norte,22,38.0,0,20,0,11,1,55,10,0,0,0.0222,0,0,0,0,3,2,0
TCK-005276,Formulário Web,Integrações,Faturamento,Alta,Basic,Sul,13,32.2,0,3,3,8,0,62,11,0,0,0.02,1,1,0,0,3,2,0
TCK-005277,Formulário Web,Faturamento,Problema Técnico,Média,Premium,Centro-Oeste,18,148.2,1,0,0,8,0,59,10,0,0,0.0204,1,0,0,1,4,3,1
TCK-005278,Chat,Plataforma Web,Bug / Defeito,Alta,Premium,Centro-Oeste,30,64.4,0,1,1,12,1,61,10,0,0,0.02,1,0,0,1,3,2,0
TCK-005279,Email,API,Problema Técnico,Baixa,Premium,Norte,9,312.4,0,6,4,10,0,55,10,0,0,0.0222,0,0,0,0,3,2,0
TCK-005280,Redes Sociais,App Mobile,Dúvida / Como Fazer,Crítica,Free,Norte,27,25.9,0,23,2,9,0,194,33,0,1,0.0255,1,0,0,0,3,2,0
TCK-005281,Email,Integrações,Cancelamento,Baixa,Free,Centro-Oeste,35,166.0,0,22,3,1,0,51,8,0,0,0.0233,1,0,0,1,3,2,0
TCK-005282,Chat,Integrações,Solicitação de Recurso,Alta,Basic,Centro-Oeste,56,48.4,0,6,1,2,1,99,15,0,0,0.0488,0,0,0,0,3,2,0
TCK-005283,Email,Plataforma Web,Dúvida / Como Fazer,Alta,Free,Centro-Oeste,7,98.7,0,21,0,9,0,97,16,0,0,0.0253,0,0,0,0,3,2,0
TCK-005284,Formulário Web,Plataforma Web,Faturamento,Média,Free,Nordeste,40,129.2,0,0,1,9,0,59,9,1,0,0.0204,0,0,0,0,3,2,0
TCK-005285,Formulário Web,API,Cancelamento,Média,Free,Centro-Oeste,27,289.7,0,6,3,8,0,55,8,0,0,0.0217,1,0,1,0,3,2,0
TCK-005286,Chat,Faturamento,Cancelamento,Média,Enterprise,Nordeste,83,272.7,0,14,6,9,0,55,8,0,0,0.0217,1,0,1,0,3,2,0
TCK-005287,Telefone,App Mobile,Cancelamento,Alta,Basic,Sul,43,72.7,0,18,1,6,0,51,8,0,0,0.0233,1,0,0,1,3,2,0
TCK-005288,Email,Plataforma Web,Problema Técnico,Média,Enterprise,Sudeste,18,108.1,1,6,4,7,0,56,11,0,0,0.0222,0,0,0,0,4,3,1
TCK-005289,Telefone,App Mobile,Solicitação de Recurso,Alta,Enterprise,Nordeste,6,22.7,1,4,2,8,1,40,7,0,0,0.0303,0,0,0,0,4,3,1
TCK-005290,Telefone,App Mobile,Problema Técnico,Alta,Premium,Centro-Oeste,54,57.8,0,13,2,10,1,59,10,0,0,0.0204,1,0,0,1,3,2,0
TCK-005291,Chat,Relatórios,Faturamento,Baixa,Basic,Norte,7,458.6,0,1,1,5,0,45,8,0,0,0.027,0,0,0,0,3,2,0
TCK-005292,Email,Integrações,Bug / Defeito,Alta,Premium,Sudeste,31,79.2,0,21,1,4,1,106,18,0,1,0.0235,2,0,0,1,3,2,0
TCK-005293,Telefone,API,Cancelamento,Média,Basic,Sudeste,60,92.9,0,13,1,8,0,51,8,0,0,0.0233,1,0,0,1,3,2,0
TCK-005294,Telefone,Plataforma Web,Dúvida / Como Fazer,Alta,Premium,Sudeste,115,84.7,0,10,4,8,0,57,10,1,0,0.0213,0,0,0,0,3,2,0
TCK-005295,Chat,Faturamento,Problema Técnico,Média,Basic,Sul,50,112.0,0,22,6,5,1,161,27,0,0,0.0227,2,0,0,1,3,2,0
TCK-005296,Telefone,Faturamento,Dúvida / Como Fazer,Baixa,Free,Centro-Oeste,32,265.2,0,7,4,10,0,57,10,1,0,0.0213,0,0,0,0,3,2,0
TCK-005297,Chat,Faturamento,Faturamento,Baixa,Basic,Nordeste,73,225.3,0,13,2,4,0,62,11,0,0,0.02,1,1,0,0,3,2,0
TCK-005298,Telefone,Relatórios,Acesso e Conta,Alta,Basic,Nordeste,57,48.7,1,21,2,3,0,64,9,0,0,0.037,1,0,0,0,4,3,1
TCK-005299,Formulário Web,App Mobile,Dúvida / Como Fazer,Crítica,Enterprise,Nordeste,5,20.5,0,0,4,11,0,53,9,0,0,0.0227,0,0,0,0,3,2,0
TCK-005300,Telefone,Integrações,Dúvida / Como Fazer,Média,Free,Centro-Oeste,27,102.0,0,23,6,10,0,53,9,0,0,0.0227,0,0,0,0,3,2,0
TCK-005301,Telefone,Plataforma Web,Solicitação de Recurso,Média,Enterprise,Centro-Oeste,82,455.2,0,12,2,1,1,40,7,0,0,0.0303,0,0,0,0,3,2,0
TCK-005302,Chat,Faturamento,Problema Técnico,Média,Premium,Norte,17,92.4,0,7,0,3,0,55,10,0,0,0.0222,0,0,0,0,3,2,0
TCK-005303,Chat,Integrações,Cancelamento,Alta,Free,Sudeste,8,21.9,0,21,4,10,0,61,10,0,0,0.02,1,0,1,0,3,2,0
TCK-005304,Email,App Mobile,Solicitação de Recurso,Baixa,Free,Centro-Oeste,27,649.1,0,11,1,2,1,123,21,0,0,0.03,0,0,0,0,3,2,0
TCK-005305,Telefone,App Mobile,Faturamento,Alta,Premium,Norte,43,40.1,0,21,4,11,0,104,17,1,1,0.0238,1,0,0,0,3,2,0
TCK-005306,Chat,App Mobile,Bug / Defeito,Média,Premium,Nordeste,4,107.3,0,3,0,4,0,165,27,0,0,0.0224,2,0,0,1,3,2,0
TCK-005307,Formulário Web,Relatórios,Faturamento,Média,Basic,Sudeste,40,119.9,0,11,4,4,0,62,11,0,0,0.02,1,1,0,0,3,2,0
TCK-005308,Email,Integrações,Dúvida / Como Fazer,Média,Premium,Nordeste,63,182.6,0,15,1,9,0,57,10,1,0,0.0213,0,0,0,0,3,2,0
TCK-005309,Chat,API,Solicitação de Recurso,Alta,Premium,Norte,51,53.9,0,17,4,8,1,84,14,0,0,0.0294,0,0,0,0,3,2,0
TCK-005310,Chat,Integrações,Faturamento,Média,Basic,Centro-Oeste,40,137.0,0,14,2,12,0,45,8,0,0,0.027,0,0,0,0,3,2,0
TCK-005311,Email,App Mobile,Dúvida / Como Fazer,Média,Basic,Norte,1,224.2,0,1,6,4,0,149,25,0,0,0.0246,0,0,0,0,3,2,0
TCK-005312,Redes Sociais,API,Solicitação de Recurso,Baixa,Basic,Sul,57,188.0,0,21,5,12,1,40,7,0,0,0.0303,0,0,0,0,3,2,0
TCK-005313,Telefone,App Mobile,Faturamento,Baixa,Basic,Sudeste,39,169.7,0,3,5,6,0,62,11,0,0,0.02,1,1,0,0,3,2,0
TCK-005314,Redes Sociais,Relatórios,Faturamento,Alta,Enterprise,Sul,8,47.3,0,17,6,2,0,45,8,0,0,0.027,0,0,0,0,3,2,0
TCK-005315,Email,API,Bug / Defeito,Média,Enterprise,Nordeste,43,501.1,0,9,2,12,0,46,9,0,0,0.0303,2,0,0,1,3,2,0
TCK-005316,Email,Plataforma Web,Solicitação de Recurso,Baixa,Premium,Sul,57,135.7,0,15,6,11,0,57,9,1,0,0.0208,0,0,0,0,3,2,0
TCK-005317,Redes Sociais,API,Dúvida / Como Fazer,Baixa,Premium,Sudeste,44,316.7,0,20,0,9,0,56,10,1,0,0.0217,0,0,0,0,3,2,0
TCK-005318,Email,Integrações,Faturamento,Baixa,Basic,Nordeste,9,355.2,0,6,1,11,0,62,11,0,0,0.02,1,1,0,0,3,2,0
TCK-005319,Email,App Mobile,Solicitação de Recurso,Média,Free,Sul,52,222.8,0,8,1,7,1,123,21,0,0,0.03,0,0,0,0,3,2,0
TCK-005320,Chat,Plataforma Web,Faturamento,Alta,Basic,Centro-Oeste,32,65.0,0,10,2,9,0,45,8,0,0,0.027,0,0,0,0,3,2,0
TCK-005321,Chat,App Mobile,Problema Técnico,Média,Basic,Norte,8,45.7,0,19,1,11,0,56,11,0,0,0.0222,0,0,0,0,3,2,0
TCK-005322,Email,Relatórios,Acesso e Conta,Baixa,Free,Centro-Oeste,55,94.6,0,18,3,1,0,64,12,0,0,0.0192,0,0,0,0,3,2,0
TCK-005323,Email,API,Dúvida / Como Fazer,Alta,Basic,Sudeste,55,88.4,0,11,0,3,0,101,18,1,1,0.0247,1,0,0,0,3,2,0
TCK-005324,Chat,App Mobile,Bug / Defeito,Baixa,Basic,Nordeste,52,99.0,0,13,5,10,0,61,10,0,0,0.02,1,0,0,1,3,2,0
TCK-005325,Email,Faturamento,Bug / Defeito,Média,Basic,Norte,35,95.4,1,18,5,3,0,46,9,0,0,0.0303,2,0,0,1,4,3,1
TCK-005326,Formulário Web,API,Dúvida / Como Fazer,Média,Basic,Centro-Oeste,1,109.6,0,8,6,6,0,56,10,1,0,0.0217,0,0,0,0,3,2,0
TCK-005327,Telefone,App Mobile,Acesso e Conta,Baixa,Free,Nordeste,20,190.6,0,0,1,5,0,54,10,0,0,0.0233,0,0,0,0,3,2,0
TCK-005328,Formulário Web,Relatórios,Bug / Defeito,Alta,Basic,Nordeste,41,82.9,0,11,0,5,1,46,9,0,0,0.0303,2,0,0,1,3,2,0
TCK-005329,Redes Sociais,Plataforma Web,Faturamento,Média,Free,Sudeste,79,186.2,0,17,5,6,0,161,25,2,0,0.0227,0,0,0,0,3,2,0
TCK-005330,Redes Sociais,Plataforma Web,Solicitação de Recurso,Média,Free,Norte,29,109.4,0,23,0,11,1,40,7,0,0,0.0303,0,0,0,0,3,2,0
TCK-005331,Formulário Web,Integrações,Faturamento,Baixa,Enterprise,Sul,20,354.7,1,1,6,7,0,45,8,0,0,0.027,0,0,0,0,4,3,1
TCK-005332,Email,Relatórios,Problema Técnico,Alta,Free,Sul,34,85.7,0,17,2,9,1,59,10,0,0,0.0204,1,0,0,1,3,2,0
TCK-005333,Formulário Web,Integrações,Dúvida / Como Fazer,Média,Free,Sudeste,48,135.4,0,5,0,9,0,57,10,1,0,0.0213,0,0,0,0,3,2,0
TCK-005334,Chat,Plataforma Web,Dúvida / Como Fazer,Média,Basic,Sudeste,27,88.9,0,15,5,6,0,57,10,1,0,0.0213,0,0,0,0,3,2,0
TCK-005335,Chat,API,Dúvida / Como Fazer,Crítica,Basic,Sul,53,36.9,0,13,6,9,0,101,17,1,0,0.0244,0,0,0,0,3,2,0
TCK-005336,Telefone,App Mobile,Dúvida / Como Fazer,Baixa,Basic,Sul,31,250.8,0,16,0,10,0,53,9,0,0,0.0227,0,0,0,0,3,2,0
TCK-005337,Email,Plataforma Web,Solicitação de Recurso,Média,Enterprise,Nordeste,9,95.6,0,9,2,12,0,40,7,0,0,0.0303,0,0,0,0,3,2,0
TCK-005338,Email,Integrações,Problema Técnico,Alta,Free,Norte,40,38.9,0,22,6,9,1,59,10,0,0,0.0204,1,0,0,1,3,2,0
TCK-005339,Redes Sociais,Integrações,Solicitação de Recurso,Média,Free,Sudeste,33,109.7,0,13,3,12,1,55,8,0,0,0.0638,0,0,0,0,3,2,0
TCK-005340,Telefone,Faturamento,Bug / Defeito,Alta,Free,Centro-Oeste,56,72.6,0,13,0,2,1,61,10,0,0,0.02,1,0,0,1,3,2,0
TCK-005341,Telefone,Relatórios,Acesso e Conta,Baixa,Premium,Sudeste,23,335.6,0,1,3,9,0,64,9,0,0,0.037,1,0,0,0,3,2,0
TCK-005342,Email,API,Dúvida / Como Fazer,Alta,Premium,Sudeste,81,98.3,0,15,0,6,0,53,9,0,0,0.0227,0,0,0,0,3,2,0
TCK-005343,Email,API,Faturamento,Média,Enterprise,Sudeste,28,183.1,0,0,5,12,0,45,8,0,0,0.027,0,0,0,0,3,2,0
TCK-005344,Formulário Web,Plataforma Web,Bug / Defeito,Média,Premium,Norte,32,186.2,0,4,1,3,0,61,10,0,0,0.02,1,0,0,1,3,2,0
TCK-005345,Chat,App Mobile,Cancelamento,Média,Basic,Nordeste,77,76.3,0,11,0,6,0,55,8,0,0,0.0217,1,0,1,0,3,2,0
TCK-005346,Chat,API,Acesso e Conta,Alta,Premium,Centro-Oeste,12,43.0,1,7,6,6,0,151,27,0,0,0.025,0,0,0,0,4,3,1
TCK-005347,Email,Relatórios,Acesso e Conta,Crítica,Free,Norte,59,51.5,0,16,1,11,1,64,9,0,0,0.037,1,0,0,0,3,2,0
TCK-005348,Email,Integrações,Solicitação de Recurso,Média,Free,Sul,43,135.6,0,4,1,5,1,153,23,0,0,0.0547,0,0,0,0,3,2,0
TCK-005349,Telefone,Integrações,Problema Técnico,Baixa,Basic,Norte,49,225.0,0,14,3,4,0,155,29,0,0,0.0242,0,0,0,0,3,2,0
TCK-005350,Chat,App Mobile,Faturamento,Crítica,Free,Nordeste,41,46.2,0,8,0,5,0,59,9,1,0,0.0204,0,0,0,0,3,2,0
TCK-005351,Email,App Mobile,Bug / Defeito,Média,Free,Nordeste,39,200.5,0,21,6,11,1,165,29,0,0,0.0379,0,0,0,1,3,2,0
TCK-005352,Email,App Mobile,Bug / Defeito,Média,Basic,Sudeste,21,204.6,1,2,0,2,1,61,10,0,0,0.02,1,0,0,1,4,3,1
TCK-005353,Email,Plataforma Web,Acesso e Conta,Baixa,Enterprise,Nordeste,44,130.4,0,18,4,8,0,64,12,0,0,0.0192,0,0,0,0,3,2,0
TCK-005354,Chat,Integrações,Dúvida / Como Fazer,Alta,Basic,Sudeste,16,31.1,1,2,3,10,0,53,9,0,0,0.0227,0,0,0,0,4,3,1
TCK-005355,Email,Plataforma Web,Solicitação de Recurso,Média,Basic,Sul,46,133.1,0,18,0,2,1,57,9,1,0,0.0208,0,0,0,0,3,2,0
TCK-005356,Formulário Web,Relatórios,Faturamento,Média,Basic,Sudeste,9,145.8,0,21,5,8,0,45,8,0,0,0.027,0,0,0,0,3,2,0
TCK-005357,Chat,Relatórios,Faturamento,Média,Free,Nordeste,85,154.9,0,9,2,9,0,133,23,0,0,0.0278,0,0,0,0,3,2,0
TCK-005358,Formulário Web,Relatórios,Acesso e Conta,Baixa,Premium,Sul,33,295.9,0,18,2,3,0,54,10,0,0,0.0233,0,0,0,0,3,2,0
TCK-005359,Chat,Relatórios,Dúvida / Como Fazer,Baixa,Free,Centro-Oeste,54,306.7,0,8,6,2,0,157,27,2,0,0.0234,0,0,0,0,3,2,0
TCK-005360,Telefone,Integrações,Solicitação de Recurso,Baixa,Free,Nordeste,10,277.5,0,7,4,8,1,55,8,0,0,0.0638,0,0,0,0,3,2,0
TCK-005361,Telefone,App Mobile,Solicitação de Recurso,Alta,Premium,Sudeste,44,48.2,0,2,0,3,1,40,7,0,0,0.0303,0,0,0,0,3,2,0
TCK-005362,Telefone,App Mobile,Dúvida / Como Fazer,Média,Basic,Sul,59,140.1,0,15,2,10,0,155,27,2,0,0.0238,0,0,0,0,3,2,0
TCK-005363,Telefone,Plataforma Web,Dúvida / Como Fazer,Média,Premium,Sudeste,10,173.2,0,2,6,10,0,56,10,1,0,0.0217,0,0,0,0,3,2,0
TCK-005364,Chat,Faturamento,Acesso e Conta,Baixa,Free,Sudeste,57,300.7,0,16,5,10,0,64,9,0,0,0.037,1,0,0,0,3,2,0
TCK-005365,Chat,Faturamento,Bug / Defeito,Baixa,Basic,Nordeste,35,174.7,0,16,3,8,0,165,27,0,0,0.0224,2,0,0,1,3,2,0
TCK-005366,Telefone,Relatórios,Dúvida / Como Fazer,Baixa,Premium,Sul,22,64.1,0,23,6,11,0,57,10,1,0,0.0213,0,0,0,0,3,2,0
TCK-005367,Chat,Faturamento,Bug / Defeito,Alta,Free,Centro-Oeste,62,53.4,0,19,0,12,1,61,11,0,0,0.0408,0,0,0,1,3,2,0
TCK-005368,Formulário Web,Relatórios,Acesso e Conta,Média,Free,Sudeste,18,147.6,0,4,1,7,0,64,9,0,0,0.037,1,0,0,0,3,2,0
TCK-005369,Chat,Plataforma Web,Problema Técnico,Baixa,Enterprise,Sul,62,270.4,0,12,0,7,0,55,10,0,0,0.0222,0,0,0,0,3,2,0
TCK-005370,Formulário Web,Relatórios,Bug / Defeito,Média,Basic,Sul,50,107.2,0,13,1,4,1,61,11,0,0,0.0408,0,0,0,1,3,2,0
TCK-005371,Chat,Relatórios,Faturamento,Alta,Basic,Norte,36,47.3,0,7,1,10,0,90,16,0,1,0.0278,1,0,0,0,3,2,0
TCK-005372,Redes Sociais,API,Acesso e Conta,Alta,Enterprise,Nordeste,46,70.3,1,14,1,2,0,216,39,0,1,0.0231,1,0,0,0,4,3,1
TCK-005373,Email,Relatórios,Acesso e Conta,Baixa,Free,Sudeste,5,161.1,0,5,3,4,0,54,10,0,0,0.0233,0,0,0,0,3,2,0
TCK-005374,Redes Sociais,Relatórios,Faturamento,Baixa,Premium,Norte,17,682.2,0,15,1,8,0,45,8,0,0,0.027,0,0,0,0,3,2,0
TCK-005375,Telefone,Plataforma Web,Solicitação de Recurso,Alta,Enterprise,Sudeste,6,64.3,0,13,5,8,1,40,7,0,0,0.0303,0,0,0,0,3,2,0
TCK-005376,Chat,Integrações,Problema Técnico,Média,Free,Sudeste,51,94.0,0,16,2,7,0,55,10,0,0,0.0222,0,0,0,0,3,2,0
TCK-005377,Email,Relatórios,Acesso e Conta,Média,Free,Nordeste,33,158.4,0,5,2,6,0,151,27,0,0,0.025,0,0,0,0,3,2,0
TCK-005378,Email,Integrações,Acesso e Conta,Média,Free,Norte,67,93.3,0,14,5,8,0,171,25,0,0,0.0352,2,0,0,0,3,2,0
TCK-005379,Email,Relatórios,Cancelamento,Alta,Basic,Centro-Oeste,14,72.3,0,1,3,7,0,145,23,0,0,0.025,2,0,0,1,3,2,0
TCK-005380,Email,Integrações,Acesso e Conta,Baixa,Free,Nordeste,4,308.6,0,4,1,5,0,54,10,0,0,0.0233,0,0,0,0,3,2,0
TCK-005381,Email,API,Acesso e Conta,Alta,Enterprise,Norte,39,102.4,0,9,6,6,0,108,19,0,0,0.023,0,0,0,0,3,2,0
TCK-005382,Chat,App Mobile,Dúvida / Como Fazer,Baixa,Basic,Centro-Oeste,42,155.7,0,13,4,10,0,56,10,1,0,0.0217,0,0,0,0,3,2,0
TCK-005383,Formulário Web,Integrações,Problema Técnico,Baixa,Basic,Sudeste,47,574.3,0,10,0,6,0,59,10,0,0,0.0204,1,0,0,1,3,2,0
TCK-005384,Email,Faturamento,Faturamento,Alta,Basic,Sudeste,34,45.8,0,2,4,5,0,161,25,2,0,0.0227,0,0,0,0,3,2,0
TCK-005385,Formulário Web,App Mobile,Solicitação de Recurso,Alta,Free,Sul,25,51.6,1,0,1,6,1,40,7,0,0,0.0303,0,0,0,0,4,3,1
TCK-005386,Email,API,Solicitação de Recurso,Média,Basic,Centro-Oeste,34,163.1,0,1,0,5,1,57,9,1,0,0.0208,0,0,0,0,3,2,0
TCK-005387,Telefone,API,Acesso e Conta,Média,Enterprise,Centro-Oeste,60,197.6,0,15,4,4,0,64,9,0,0,0.037,1,0,0,0,3,2,0
TCK-005388,Email,Relatórios,Problema Técnico,Baixa,Free,Centro-Oeste,30,111.6,0,15,4,12,0,55,10,0,0,0.0222,0,0,0,0,3,2,0
TCK-005389,Email,API,Bug / Defeito,Média,Premium,Nordeste,43,103.8,0,19,1,1,1,61,10,0,0,0.02,1,0,0,1,3,2,0
TCK-005390,Chat,API,Bug / Defeito,Média,Basic,Nordeste,47,107.4,0,8,2,4,0,61,11,0,0,0.0408,0,0,0,1,3,2,0
TCK-005391,Telefone,App Mobile,Bug / Defeito,Alta,Basic,Centro-Oeste,51,65.4,1,16,2,11,1,61,11,0,0,0.0408,0,0,0,1,4,3,1
TCK-005392,Email,Faturamento,Faturamento,Baixa,Free,Centro-Oeste,55,228.2,0,17,5,11,0,59,9,1,0,0.0204,0,0,0,0,3,2,0
TCK-005393,Redes Sociais,Faturamento,Problema Técnico,Média,Basic,Centro-Oeste,43,94.1,0,13,0,11,0,56,11,0,0,0.0222,0,0,0,0,3,2,0
TCK-005394,Email,Faturamento,Faturamento,Baixa,Basic,Norte,38,129.0,0,19,5,7,0,45,8,0,0,0.027,0,0,0,0,3,2,0
TCK-005395,Telefone,Plataforma Web,Acesso e Conta,Alta,Premium,Centro-Oeste,58,68.2,0,10,1,5,0,54,10,0,0,0.0233,0,0,0,0,3,2,0
TCK-005396,Telefone,Faturamento,Bug / Defeito,Alta,Enterprise,Sudeste,28,31.8,0,6,2,5,1,61,11,0,0,0.0408,0,0,0,1,3,2,0
TCK-005397,Telefone,App Mobile,Solicitação de Recurso,Baixa,Premium,Nordeste,60,150.4,0,10,5,5,0,55,8,0,0,0.0638,0,0,0,0,3,2,0
TCK-005398,Email,Integrações,Cancelamento,Média,Free,Nordeste,46,91.4,0,12,1,7,0,55,8,0,0,0.0217,1,0,1,0,3,2,0
TCK-005399,Email,API,Problema Técnico,Média,Free,Sul,63,107.4,0,3,4,12,0,55,10,0,0,0.0222,0,0,0,0,3,2,0
TCK-005400,Chat,App Mobile,Problema Técnico,Média,Enterprise,Nordeste,0,101.9,0,19,6,5,0,55,10,0,0,0.0222,0,0,0,0,3,2,0
TCK-005401,Email,App Mobile,Faturamento,Média,Basic,Sudeste,33,270.1,0,20,3,7,0,167,29,0,0,0.0224,2,1,0,0,3,2,0
TCK-005402,Email,Relatórios,Dúvida / Como Fazer,Média,Free,Norte,33,154.0,0,0,4,6,0,155,27,2,0,0.0238,0,0,0,0,3,2,0
TCK-005403,Email,Integrações,Bug / Defeito,Crítica,Premium,Nordeste,31,63.7,1,19,3,3,1,61,11,0,0,0.0408,0,0,0,1,4,3,1
TCK-005404,Formulário Web,App Mobile,Problema Técnico,Média,Premium,Centro-Oeste,35,522.2,0,0,1,7,0,56,11,0,0,0.0222,0,0,0,0,3,2,0
TCK-005405,Redes Sociais,Plataforma Web,Problema Técnico,Média,Free,Norte,11,68.3,0,5,0,7,0,161,27,0,0,0.0227,2,0,0,1,3,2,0
TCK-005406,Email,App Mobile,Dúvida / Como Fazer,Alta,Enterprise,Sul,76,90.1,0,11,4,2,0,100,17,1,0,0.0247,0,0,0,0,3,2,0
TCK-005407,Email,Integrações,Solicitação de Recurso,Crítica,Premium,Sudeste,23,21.6,0,19,5,8,1,57,9,1,0,0.0208,0,0,0,0,3,2,0
TCK-005408,Telefone,Plataforma Web,Problema Técnico,Alta,Free,Centro-Oeste,26,30.0,0,20,6,11,1,89,15,0,0,0.0274,1,0,0,0,3,2,0
TCK-005409,Telefone,App Mobile,Problema Técnico,Baixa,Basic,Sudeste,44,101.2,0,18,4,7,0,153,27,0,0,0.0242,0,0,0,0,3,2,0
TCK-005410,Email,App Mobile,Acesso e Conta,Média,Premium,Sudeste,50,145.8,0,11,5,3,0,64,12,0,0,0.0192,0,0,0,0,3,2,0
TCK-005411,Chat,Faturamento,Cancelamento,Baixa,Free,Sudeste,28,579.5,0,0,4,2,0,55,8,0,0,0.0217,1,0,1,0,3,2,0
TCK-005412,Chat,API,Cancelamento,Média,Premium,Centro-Oeste,29,85.6,0,21,0,2,0,61,10,0,0,0.02,1,0,1,0,3,2,0
TCK-005413,Email,Plataforma Web,Problema Técnico,Baixa,Basic,Nordeste,64,340.9,0,20,0,2,0,153,27,0,0,0.0242,0,0,0,0,3,2,0
TCK-005414,Chat,Faturamento,Cancelamento,Média,Premium,Nordeste,62,309.5,0,8,0,11,0,55,8,0,0,0.0217,1,0,1,0,3,2,0
TCK-005415,Formulário Web,Integrações,Faturamento,Média,Basic,Sul,18,78.8,0,4,0,3,0,45,8,0,0,0.027,0,0,0,0,3,2,0
TCK-005416,Email,API,Acesso e Conta,Alta,Premium,Sudeste,31,50.2,0,19,1,8,0,171,25,0,0,0.0352,2,0,0,0,3,2,0
TCK-005417,Chat,Integrações,Dúvida / Como Fazer,Baixa,Enterprise,Sul,55,206.7,0,22,6,3,0,149,25,0,0,0.0246,0,0,0,0,3,2,0
TCK-005418,Formulário Web,App Mobile,Problema Técnico,Baixa,Premium,Norte,47,168.6,1,15,3,5,1,55,10,0,0,0.0222,0,0,0,0,4,3,1
TCK-005419,Telefone,Plataforma Web,Problema Técnico,Baixa,Basic,Sul,1,90.2,0,1,1,5,0,59,10,0,0,0.0204,1,0,0,1,3,2,0
TCK-005420,Email,Plataforma Web,Dúvida / Como Fazer,Média,Basic,Sudeste,30,151.3,0,23,4,11,0,157,27,2,0,0.0234,0,0,0,0,3,2,0
TCK-005421,Email,Relatórios,Bug / Defeito,Média,Free,Norte,17,109.7,0,19,4,11,1,46,9,0,0,0.0303,2,0,0,1,3,2,0
TCK-005422,Telefone,API,Faturamento,Baixa,Free,Sul,26,196.4,0,2,0,1,0,62,11,0,0,0.02,1,1,0,0,3,2,0
TCK-005423,Telefone,Integrações,Bug / Defeito,Média,Basic,Centro-Oeste,55,144.5,0,12,3,12,0,61,11,0,0,0.0408,0,0,0,1,3,2,0
TCK-005424,Email,API,Dúvida / Como Fazer,Média,Premium,Centro-Oeste,20,109.2,0,20,4,10,0,57,10,1,0,0.0213,0,0,0,0,3,2,0
TCK-005425,Telefone,App Mobile,Dúvida / Como Fazer,Média,Basic,Sul,48,98.5,0,4,2,6,0,56,10,1,0,0.0217,0,0,0,0,3,2,0
TCK-005426,Email,Integrações,Bug / Defeito,Média,Basic,Norte,87,138.5,0,17,1,5,0,61,11,0,0,0.0408,0,0,0,1,3,2,0
TCK-005427,Formulário Web,App Mobile,Acesso e Conta,Média,Enterprise,Norte,26,74.2,0,11,1,9,0,64,12,0,0,0.0192,0,0,0,0,3,2,0
TCK-005428,Chat,App Mobile,Dúvida / Como Fazer,Média,Premium,Norte,34,79.9,0,9,1,7,0,56,10,1,0,0.0217,0,0,0,0,3,2,0
TCK-005429,Chat,API,Problema Técnico,Baixa,Free,Sul,36,199.1,0,7,0,8,0,59,10,0,0,0.0204,1,0,0,1,3,2,0
TCK-005430,Chat,App Mobile,Problema Técnico,Média,Free,Sudeste,51,121.5,1,10,1,5,1,56,11,0,0,0.0222,0,0,0,0,4,3,1
TCK-005431,Email,App Mobile,Cancelamento,Alta,Basic,Nordeste,55,67.9,0,7,1,9,1,55,8,0,0,0.0217,1,0,1,0,3,2,0
TCK-005432,Telefone,Plataforma Web,Dúvida / Como Fazer,Alta,Basic,Nordeste,0,103.1,0,19,1,3,0,56,10,1,0,0.0217,0,0,0,0,3,2,0
TCK-005433,Email,Faturamento,Bug / Defeito,Alta,Premium,Norte,43,58.6,0,8,2,1,1,61,10,0,0,0.02,1,0,0,1,3,2,0
TCK-005434,Chat,Faturamento,Faturamento,Média,Free,Nordeste,37,196.0,0,18,3,6,0,45,8,0,0,0.027,0,0,0,0,3,2,0
TCK-005435,Email,Plataforma Web,Bug / Defeito,Crítica,Free,Nordeste,39,39.8,1,1,0,10,1,106,19,0,1,0.0357,1,0,0,1,4,3,1
TCK-005436,Chat,App Mobile,Cancelamento,Alta,Free,Centro-Oeste,29,37.4,0,5,2,9,0,51,8,0,0,0.0233,1,0,0,1,3,2,0
TCK-005437,Chat,Integrações,Acesso e Conta,Crítica,Premium,Norte,50,40.1,0,13,3,10,0,171,25,0,0,0.0352,2,0,0,0,3,2,0
TCK-005438,Formulário Web,App Mobile,Problema Técnico,Alta,Free,Sul,57,116.2,0,2,1,7,1,56,11,0,0,0.0222,0,0,0,0,3,2,0
TCK-005439,Email,Faturamento,Solicitação de Recurso,Baixa,Premium,Sudeste,74,523.4,0,18,3,10,1,55,8,0,0,0.0638,0,0,0,0,3,2,0
TCK-005440,Email,Relatórios,Bug / Defeito,Alta,Free,Centro-Oeste,47,56.3,0,6,2,12,1,61,11,0,0,0.0408,0,0,0,1,3,2,0
TCK-005441,Telefone,Plataforma Web,Dúvida / Como Fazer,Baixa,Enterprise,Centro-Oeste,14,197.3,0,2,1,10,0,157,27,2,0,0.0234,0,0,0,0,3,2,0
TCK-005442,Email,Plataforma Web,Cancelamento,Média,Premium,Norte,17,117.6,0,6,6,9,0,55,8,0,0,0.0217,1,0,1,0,3,2,0
TCK-005443,Email,Integrações,Cancelamento,Crítica,Basic,Sul,14,19.1,0,1,6,1,1,95,15,0,0,0.0256,1,0,0,1,3,2,0
TCK-005444,Telefone,Integrações,Acesso e Conta,Média,Free,Centro-Oeste,21,96.0,0,21,1,2,0,64,12,0,0,0.0192,0,0,0,0,3,2,0
TCK-005445,Chat,Plataforma Web,Solicitação de Recurso,Média,Free,Centro-Oeste,17,64.9,0,4,4,7,0,57,9,1,0,0.0208,0,0,0,0,3,2,0
TCK-005446,Formulário Web,Relatórios,Solicitação de Recurso,Média,Free,Centro-Oeste,31,136.6,0,17,6,10,1,40,7,0,0,0.0303,0,0,0,0,3,2,0
TCK-005447,Email,API,Solicitação de Recurso,Baixa,Premium,Nordeste,49,386.5,0,14,3,10,0,57,9,1,0,0.0208,0,0,0,0,3,2,0
TCK-005448,Email,Faturamento,Solicitação de Recurso,Média,Premium,Nordeste,47,101.3,0,20,0,6,0,40,7,0,0,0.0303,0,0,0,0,3,2,0
TCK-005449,Email,Faturamento,Dúvida / Como Fazer,Alta,Free,Centro-Oeste,48,45.7,0,18,1,4,0,56,10,1,0,0.0217,0,0,0,0,3,2,0
TCK-005450,Email,API,Acesso e Conta,Baixa,Free,Centro-Oeste,62,356.0,0,12,5,8,0,64,12,0,0,0.0192,0,0,0,0,3,2,0
TCK-005451,Formulário Web,Plataforma Web,Acesso e Conta,Crítica,Basic,Norte,47,40.5,0,10,5,1,1,64,9,0,0,0.037,1,0,0,0,3,2,0
TCK-005452,Chat,Relatórios,Faturamento,Média,Basic,Centro-Oeste,17,59.1,0,3,4,10,0,133,23,0,0,0.0278,0,0,0,0,3,2,0
TCK-005453,Chat,API,Cancelamento,Média,Enterprise,Sudeste,66,166.0,0,12,1,2,0,61,10,0,0,0.02,1,0,1,0,3,2,0
TCK-005454,Telefone,Relatórios,Cancelamento,Alta,Free,Centro-Oeste,37,58.9,1,20,6,6,1,165,27,0,0,0.0224,2,0,1,0,4,3,1
TCK-005455,Chat,Relatórios,Problema Técnico,Média,Premium,Norte,4,100.2,0,20,6,7,0,56,11,0,0,0.0222,0,0,0,0,3,2,0
TCK-005456,Telefone,App Mobile,Faturamento,Média,Free,Nordeste,0,57.6,0,23,6,3,0,62,11,0,0,0.02,1,1,0,0,3,2,0
TCK-005457,Telefone,Relatórios,Cancelamento,Baixa,Free,Centro-Oeste,48,270.1,0,14,2,7,0,165,27,0,0,0.0224,2,0,1,0,3,2,0
TCK-005458,Email,API,Problema Técnico,Média,Basic,Nordeste,58,222.3,0,13,1,10,0,59,10,0,0,0.0204,1,0,0,1,3,2,0
TCK-005459,Telefone,Plataforma Web,Bug / Defeito,Baixa,Free,Nordeste,24,259.0,0,7,5,3,0,61,11,0,0,0.0408,0,0,0,1,3,2,0
TCK-005460,Email,API,Acesso e Conta,Baixa,Basic,Sul,26,182.8,0,6,4,9,0,64,12,0,0,0.0192,0,0,0,0,3,2,0
TCK-005461,Telefone,Plataforma Web,Bug / Defeito,Alta,Free,Nordeste,29,43.4,0,14,1,7,1,106,18,0,1,0.0235,2,0,0,1,3,2,0
TCK-005462,Email,Integrações,Cancelamento,Baixa,Free,Centro-Oeste,16,159.3,0,4,0,7,0,55,8,0,0,0.0217,1,0,1,0,3,2,0
TCK-005463,Email,Faturamento,Faturamento,Baixa,Basic,Norte,60,311.6,0,9,2,6,0,45,8,0,0,0.027,0,0,0,0,3,2,0
TCK-005464,Chat,Relatórios,Dúvida / Como Fazer,Baixa,Basic,Sul,48,219.4,0,10,2,10,0,53,9,0,0,0.0227,0,0,0,0,3,2,0
TCK-005465,Formulário Web,Faturamento,Problema Técnico,Média,Basic,Sudeste,16,160.2,0,4,4,4,0,56,11,0,0,0.0222,0,0,0,0,3,2,0
TCK-005466,Formulário Web,Plataforma Web,Solicitação de Recurso,Alta,Premium,Sudeste,33,52.3,0,16,3,1,1,40,7,0,0,0.0303,0,0,0,0,3,2,0
TCK-005467,Chat,Integrações,Problema Técnico,Alta,Basic,Sul,49,63.7,0,17,1,8,0,56,11,0,0,0.0222,0,0,0,0,3,2,0
TCK-005468,Telefone,Faturamento,Cancelamento,Baixa,Enterprise,Centro-Oeste,20,287.4,0,22,5,8,0,55,8,0,0,0.0217,1,0,1,0,3,2,0
TCK-005469,Telefone,Plataforma Web,Cancelamento,Média,Basic,Nordeste,46,232.7,0,1,2,3,0,55,8,0,0,0.0217,1,0,1,0,3,2,0
TCK-005470,Email,Faturamento,Bug / Defeito,Baixa,Enterprise,Sul,5,245.9,0,7,1,4,0,61,10,0,0,0.02,1,0,0,1,3,2,0
TCK-005471,Telefone,Faturamento,Problema Técnico,Baixa,Free,Centro-Oeste,57,136.3,0,1,3,10,0,56,11,0,0,0.0222,0,0,0,0,3,2,0
TCK-005472,Email,Integrações,Solicitação de Recurso,Crítica,Free,Sudeste,63,68.0,0,15,4,10,1,201,32,2,0,0.0242,0,0,0,0,3,2,0
TCK-005473,Telefone,Plataforma Web,Faturamento,Alta,Premium,Nordeste,18,112.9,0,4,3,12,0,89,15,0,0,0.0278,0,0,0,0,3,2,0
TCK-005474,Formulário Web,App Mobile,Faturamento,Média,Basic,Sul,77,129.9,0,16,5,11,0,59,9,1,0,0.0204,0,0,0,0,3,2,0
TCK-005475,Email,App Mobile,Problema Técnico,Baixa,Premium,Nordeste,52,442.2,0,10,5,11,0,161,27,0,0,0.0227,2,0,0,1,3,2,0
TCK-005476,Telefone,API,Problema Técnico,Baixa,Basic,Sul,52,314.5,0,23,5,11,0,59,10,0,0,0.0204,1,0,0,1,3,2,0
TCK-005477,Email,Relatórios,Solicitação de Recurso,Média,Basic,Sudeste,56,206.7,0,14,6,11,0,57,9,1,0,0.0208,0,0,0,0,3,2,0
TCK-005478,Chat,Plataforma Web,Acesso e Conta,Alta,Free,Sudeste,24,59.7,0,5,2,10,0,185,32,0,0,0.027,1,0,0,0,3,2,0
TCK-005479,Email,Faturamento,Faturamento,Crítica,Premium,Nordeste,57,62.7,0,13,5,5,1,62,11,0,0,0.02,1,1,0,0,3,2,0
TCK-005480,Chat,App Mobile,Solicitação de Recurso,Alta,Free,Sul,33,31.4,0,8,6,1,1,40,7,0,0,0.0303,0,0,0,0,3,2,0
TCK-005481,Formulário Web,Faturamento,Problema Técnico,Média,Basic,Nordeste,62,128.9,0,10,0,12,0,59,10,0,0,0.0204,1,0,0,1,3,2,0
TCK-005482,Email,Integrações,Cancelamento,Média,Premium,Sul,36,69.8,0,13,0,1,0,145,23,0,0,0.025,2,0,0,1,3,2,0
TCK-005483,Chat,App Mobile,Problema Técnico,Baixa,Basic,Centro-Oeste,64,217.1,0,11,3,7,0,59,10,0,0,0.0204,1,0,0,1,3,2,0
TCK-005484,Telefone,App Mobile,Problema Técnico,Média,Free,Centro-Oeste,12,73.4,0,4,5,11,0,56,11,0,0,0.0222,0,0,0,0,3,2,0
TCK-005485,Email,Integrações,Acesso e Conta,Crítica,Free,Sudeste,57,51.8,0,11,1,2,1,54,10,0,0,0.0233,0,0,0,0,3,2,0
TCK-005486,Email,Plataforma Web,Faturamento,Média,Free,Centro-Oeste,74,312.8,0,14,0,7,0,59,9,1,0,0.0204,0,0,0,0,3,2,0
TCK-005487,Email,Relatórios,Problema Técnico,Baixa,Free,Centro-Oeste,11,209.5,0,0,2,9,0,56,11,0,0,0.0222,0,0,0,0,3,2,0
TCK-005488,Redes Sociais,Relatórios,Cancelamento,Média,Premium,Centro-Oeste,36,197.0,0,18,1,5,0,51,8,0,0,0.0233,1,0,0,1,3,2,0
TCK-005489,Telefone,Integrações,Solicitação de Recurso,Alta,Basic,Sul,53,70.8,0,9,6,2,1,57,9,1,0,0.0208,0,0,0,0,3,2,0
TCK-005490,Formulário Web,Integrações,Faturamento,Baixa,Basic,Centro-Oeste,10,154.5,0,21,1,12,0,62,11,0,0,0.02,1,1,0,0,3,2,0
TCK-005491,Email,Relatórios,Problema Técnico,Média,Premium,Nordeste,28,49.3,1,2,5,7,0,56,11,0,0,0.0222,0,0,0,0,4,3,1
TCK-005492,Email,Faturamento,Problema Técnico,Média,Free,Nordeste,11,99.2,0,20,2,9,0,59,10,0,0,0.0204,1,0,0,1,3,2,0
TCK-005493,Email,Faturamento,Solicitação de Recurso,Alta,Premium,Centro-Oeste,35,40.1,0,19,6,6,1,153,23,0,0,0.0547,0,0,0,0,3,2,0
TCK-005494,Chat,Faturamento,Dúvida / Como Fazer,Baixa,Enterprise,Centro-Oeste,19,209.4,0,0,2,3,0,57,10,1,0,0.0213,0,0,0,0,3,2,0
TCK-005495,Email,Plataforma Web,Bug / Defeito,Média,Free,Norte,40,68.5,0,9,2,11,1,46,9,0,0,0.0303,2,0,0,1,3,2,0
TCK-005496,Chat,Relatórios,Problema Técnico,Média,Basic,Centro-Oeste,7,104.1,0,0,5,2,0,55,10,0,0,0.0222,0,0,0,0,3,2,0
TCK-005497,Telefone,Plataforma Web,Cancelamento,Média,Premium,Norte,41,70.3,0,21,2,9,0,51,8,0,0,0.0233,1,0,0,1,3,2,0
TCK-005498,Email,API,Cancelamento,Baixa,Free,Centro-Oeste,41,239.7,0,10,5,7,0,55,8,0,0,0.0217,1,0,1,0,3,2,0
TCK-005499,Telefone,Plataforma Web,Cancelamento,Crítica,Premium,Centro-Oeste,29,29.4,0,11,5,2,0,61,10,0,0,0.02,1,0,1,0,3,2,0
TCK-005500,Email,Integrações,Dúvida / Como Fazer,Média,Basic,Nordeste,22,218.5,0,19,5,10,0,155,27,2,0,0.0238,0,0,0,0,3,2,0
TCK-005501,Formulário Web,Faturamento,Problema Técnico,Alta,Basic,Norte,46,52.4,0,15,3,1,0,100,18,0,1,0.025,1,0,0,0,3,2,0
TCK-005502,Email,App Mobile,Problema Técnico,Baixa,Basic,Centro-Oeste,82,549.5,0,11,6,4,0,55,10,0,0,0.0222,0,0,0,0,3,2,0
TCK-005503,Telefone,Relatórios,Bug / Defeito,Média,Basic,Sul,70,107.9,0,1,5,4,0,61,10,0,0,0.02,1,0,0,1,3,2,0
TCK-005504,Chat,API,Faturamento,Alta,Premium,Sudeste,18,34.1,0,0,5,11,0,59,9,1,0,0.0204,0,0,0,0,3,2,0
TCK-005505,Email,Plataforma Web,Bug / Defeito,Alta,Free,Centro-Oeste,18,38.6,1,23,4,1,1,95,15,0,0,0.0256,2,0,0,1,4,3,1
TCK-005506,Email,App Mobile,Solicitação de Recurso,Baixa,Basic,Sudeste,54,344.7,0,16,1,6,0,40,7,0,0,0.0303,0,0,0,0,3,2,0
TCK-005507,Email,Relatórios,Problema Técnico,Média,Premium,Centro-Oeste,48,105.9,0,16,6,12,0,56,11,0,0,0.0222,0,0,0,0,3,2,0
TCK-005508,Telefone,Integrações,Problema Técnico,Baixa,Basic,Sudeste,57,318.9,0,13,6,11,0,59,10,0,0,0.0204,1,0,0,1,3,2,0
TCK-005509,Email,Integrações,Problema Técnico,Média,Enterprise,Centro-Oeste,40,95.2,0,11,4,5,0,55,10,0,0,0.0222,0,0,0,0,3,2,0
TCK-005510,Redes Sociais,Faturamento,Dúvida / Como Fazer,Média,Basic,Nordeste,90,104.0,0,11,1,1,0,57,10,1,0,0.0213,0,0,0,0,3,2,0
TCK-005511,Email,API,Cancelamento,Alta,Premium,Centro-Oeste,71,84.3,0,12,0,2,0,51,8,0,0,0.0233,1,0,0,1,3,2,0
TCK-005512,Chat,Plataforma Web,Acesso e Conta,Média,Basic,Sul,0,95.4,0,21,0,4,0,64,9,0,0,0.037,1,0,0,0,3,2,0
TCK-005513,Email,App Mobile,Bug / Defeito,Baixa,Enterprise,Centro-Oeste,18,362.3,0,2,6,11,0,61,11,0,0,0.0408,0,0,0,1,3,2,0
TCK-005514,Chat,Relatórios,Cancelamento,Média,Free,Sudeste,18,114.6,0,5,1,12,0,153,23,0,0,0.0238,2,0,1,0,3,2,0
TCK-005515,Email,App Mobile,Problema Técnico,Alta,Premium,Sudeste,83,61.6,0,18,4,6,1,55,10,0,0,0.0222,0,0,0,0,3,2,0
TCK-005516,Formulário Web,Relatórios,Problema Técnico,Alta,Premium,Sul,80,88.2,0,13,3,7,1,56,11,0,0,0.0222,0,0,0,0,3,2,0
TCK-005517,Email,Relatórios,Cancelamento,Alta,Premium,Norte,35,44.7,0,11,1,10,0,61,10,0,0,0.02,1,0,1,0,3,2,0
TCK-005518,Chat,App Mobile,Faturamento,Alta,Free,Centro-Oeste,37,124.0,0,12,6,12,1,106,18,0,0,0.0235,1,1,0,0,3,2,0
TCK-005519,Email,Relatórios,Solicitação de Recurso,Baixa,Free,Norte,55,640.9,0,18,1,3,1,157,25,2,0,0.0231,0,0,0,0,3,2,0
TCK-005520,Chat,Plataforma Web,Bug / Defeito,Alta,Premium,Norte,6,34.2,0,8,0,10,1,95,16,0,0,0.039,1,0,0,1,3,2,0
TCK-005521,Redes Sociais,Faturamento,Dúvida / Como Fazer,Crítica,Premium,Norte,49,41.3,0,2,3,12,0,155,27,2,0,0.0238,0,0,0,0,3,2,0
TCK-005522,Chat,App Mobile,Problema Técnico,Crítica,Free,Nordeste,6,7.7,0,5,5,5,1,56,11,0,0,0.0222,0,0,0,0,3,2,0
TCK-005523,Chat,Faturamento,Cancelamento,Crítica,Free,Centro-Oeste,66,48.4,0,6,1,8,1,106,18,0,1,0.0235,2,0,1,0,3,2,0
TCK-005524,Telefone,Plataforma Web,Acesso e Conta,Baixa,Enterprise,Nordeste,87,429.9,0,15,5,10,0,64,9,0,0,0.037,1,0,0,0,3,2,0
TCK-005525,Telefone,API,Acesso e Conta,Baixa,Free,Norte,25,179.9,0,1,6,9,0,64,9,0,0,0.037,1,0,0,0,3,2,0
TCK-005526,Email,Faturamento,Dúvida / Como Fazer,Média,Premium,Sul,49,413.8,0,12,4,3,0,155,27,2,0,0.0238,0,0,0,0,3,2,0
TCK-005527,Telefone,Plataforma Web,Bug / Defeito,Média,Premium,Norte,4,87.5,0,3,3,12,0,61,11,0,0,0.0408,0,0,0,1,3,2,0
TCK-005528,Telefone,Plataforma Web,Problema Técnico,Média,Free,Nordeste,36,127.5,0,12,2,10,0,55,10,0,0,0.0222,0,0,0,0,3,2,0
TCK-005529,Email,API,Acesso e Conta,Baixa,Basic,Centro-Oeste,31,190.2,0,12,4,2,0,151,27,0,0,0.025,0,0,0,0,3,2,0
TCK-005530,Chat,Relatórios,Faturamento,Média,Free,Sudeste,55,248.4,0,10,2,1,0,59,9,1,0,0.0204,0,0,0,0,3,2,0
TCK-005531,Chat,App Mobile,Problema Técnico,Baixa,Basic,Centro-Oeste,53,144.9,0,1,5,3,0,56,11,0,0,0.0222,0,0,0,0,3,2,0
TCK-005532,Redes Sociais,App Mobile,Bug / Defeito,Crítica,Basic,Nordeste,26,29.0,1,0,0,4,1,61,10,0,0,0.02,1,0,0,1,4,3,1
TCK-005533,Email,Relatórios,Bug / Defeito,Baixa,Premium,Sudeste,50,147.7,0,18,4,10,0,46,9,0,0,0.0303,2,0,0,1,3,2,0
TCK-005534,Formulário Web,Relatórios,Bug / Defeito,Alta,Basic,Sudeste,10,44.5,1,23,1,11,1,80,14,0,0,0.0328,3,0,0,1,4,3,1
TCK-005535,Email,Plataforma Web,Problema Técnico,Média,Free,Norte,72,141.4,1,9,1,10,0,56,11,0,0,0.0222,0,0,0,0,4,3,1
TCK-005536,Chat,Integrações,Cancelamento,Baixa,Free,Sul,22,123.2,0,2,5,2,0,51,8,0,0,0.0233,1,0,0,1,3,2,0
TCK-005537,Chat,Plataforma Web,Acesso e Conta,Baixa,Free,Sudeste,60,242.2,1,12,5,7,0,171,25,0,0,0.0352,2,0,0,0,4,3,1
TCK-005538,Chat,App Mobile,Faturamento,Média,Basic,Sudeste,17,77.2,0,3,0,3,0,45,8,0,0,0.027,0,0,0,0,3,2,0
TCK-005539,Formulário Web,Integrações,Problema Técnico,Média,Basic,Sudeste,43,105.1,0,21,6,11,0,55,10,0,0,0.0222,0,0,0,0,3,2,0
TCK-005540,Email,Plataforma Web,Acesso e Conta,Média,Basic,Nordeste,5,45.4,0,0,6,1,0,64,12,0,0,0.0192,0,0,0,0,3,2,0
TCK-005541,Email,Relatórios,Solicitação de Recurso,Média,Basic,Centro-Oeste,11,286.4,0,19,2,4,1,40,7,0,0,0.0303,0,0,0,0,3,2,0
TCK-005542,Email,Integrações,Faturamento,Baixa,Basic,Nordeste,83,476.6,1,11,6,9,0,161,25,2,0,0.0227,0,0,0,0,4,3,1
TCK-005543,Email,App Mobile,Problema Técnico,Alta,Premium,Nordeste,22,36.2,0,4,2,2,1,56,11,0,0,0.0222,0,0,0,0,3,2,0
TCK-005544,Chat,Relatórios,Cancelamento,Alta,Free,Sudeste,34,32.2,0,8,4,4,1,55,8,0,0,0.0217,1,0,1,0,3,2,0
TCK-005545,Email,Faturamento,Problema Técnico,Média,Basic,Norte,27,223.5,1,2,0,6,0,56,11,0,0,0.0222,0,0,0,0,4,3,1
TCK-005546,Formulário Web,Plataforma Web,Problema Técnico,Baixa,Free,Nordeste,93,381.6,0,14,5,11,0,55,10,0,0,0.0222,0,0,0,0,3,2,0
TCK-005547,Telefone,API,Bug / Defeito,Baixa,Basic,Nordeste,45,245.6,0,1,6,4,0,61,10,0,0,0.02,1,0,0,1,3,2,0
TCK-005548,Chat,API,Dúvida / Como Fazer,Média,Premium,Norte,18,50.8,0,1,0,3,0,157,27,2,0,0.0234,0,0,0,0,3,2,0
TCK-005549,Email,Plataforma Web,Problema Técnico,Média,Basic,Centro-Oeste,17,237.7,0,2,4,8,1,59,10,0,0,0.0204,1,0,0,1,3,2,0
TCK-005550,Formulário Web,Plataforma Web,Solicitação de Recurso,Alta,Enterprise,Centro-Oeste,47,78.7,0,1,4,7,1,40,7,0,0,0.0303,0,0,0,0,3,2,0
TCK-005551,Email,Faturamento,Problema Técnico,Média,Basic,Norte,36,202.1,0,20,1,8,0,56,11,0,0,0.0222,0,0,0,0,3,2,0
TCK-005552,Email,App Mobile,Faturamento,Média,Enterprise,Sudeste,61,186.1,0,14,1,3,0,45,8,0,0,0.027,0,0,0,0,3,2,0
TCK-005553,Chat,Relatórios,Acesso e Conta,Baixa,Premium,Sudeste,56,237.6,0,13,6,7,0,54,10,0,0,0.0233,0,0,0,0,3,2,0
TCK-005554,Formulário Web,Plataforma Web,Bug / Defeito,Média,Premium,Sul,55,101.6,0,22,2,11,0,61,11,0,0,0.0408,0,0,0,1,3,2,0
TCK-005555,Chat,App Mobile,Acesso e Conta,Alta,Premium,Sudeste,18,35.6,0,10,2,2,0,54,10,0,0,0.0233,0,0,0,0,3,2,0
TCK-005556,Redes Sociais,API,Dúvida / Como Fazer,Média,Premium,Nordeste,27,269.1,0,16,4,3,0,56,10,1,0,0.0217,0,0,0,0,3,2,0
TCK-005557,Email,Plataforma Web,Problema Técnico,Média,Premium,Nordeste,11,170.0,0,5,0,10,0,56,11,0,0,0.0222,0,0,0,0,3,2,0
TCK-005558,Email,App Mobile,Bug / Defeito,Baixa,Premium,Centro-Oeste,32,180.2,0,19,1,5,0,46,9,0,0,0.0303,2,0,0,1,3,2,0
TCK-005559,Email,Integrações,Problema Técnico,Alta,Basic,Sul,13,53.7,0,10,4,9,1,55,10,0,0,0.0222,0,0,0,0,3,2,0
TCK-005560,Telefone,App Mobile,Faturamento,Média,Enterprise,Sudeste,28,239.4,0,12,3,2,0,45,8,0,0,0.027,0,0,0,0,3,2,0
TCK-005561,Email,Integrações,Cancelamento,Média,Free,Nordeste,25,63.8,0,3,0,6,0,55,8,0,0,0.0217,1,0,1,0,3,2,0
TCK-005562,Chat,API,Cancelamento,Média,Free,Centro-Oeste,63,256.4,0,4,0,1,0,51,8,0,0,0.0233,1,0,0,1,3,2,0
TCK-005563,Email,Plataforma Web,Solicitação de Recurso,Baixa,Enterprise,Norte,34,210.5,0,20,1,4,0,55,8,0,0,0.0638,0,0,0,0,3,2,0
TCK-005564,Email,API,Acesso e Conta,Média,Enterprise,Centro-Oeste,28,84.0,0,23,1,11,0,54,10,0,0,0.0233,0,0,0,0,3,2,0
TCK-005565,Formulário Web,Plataforma Web,Faturamento,Baixa,Free,Sudeste,45,224.6,0,9,1,11,0,133,23,0,0,0.0278,0,0,0,0,3,2,0
TCK-005566,Chat,Relatórios,Faturamento,Média,Premium,Norte,32,155.5,0,14,0,6,0,45,8,0,0,0.027,0,0,0,0,3,2,0
TCK-005567,Telefone,API,Acesso e Conta,Baixa,Enterprise,Centro-Oeste,73,317.1,0,19,5,3,0,64,9,0,0,0.037,1,0,0,0,3,2,0
TCK-005568,Telefone,Faturamento,Faturamento,Alta,Free,Nordeste,72,70.1,0,18,2,11,0,195,30,2,0,0.025,1,0,0,0,3,2,0
TCK-005569,Chat,Relatórios,Problema Técnico,Alta,Premium,Sudeste,71,67.3,0,18,5,1,1,56,11,0,0,0.0222,0,0,0,0,3,2,0
TCK-005570,Chat,App Mobile,Faturamento,Alta,Free,Nordeste,35,64.1,1,3,6,11,1,107,19,0,1,0.0235,2,1,0,0,4,3,1
TCK-005571,Email,Relatórios,Dúvida / Como Fazer,Média,Basic,Centro-Oeste,50,145.5,0,23,2,9,0,56,10,1,0,0.0217,0,0,0,0,3,2,0
TCK-005572,Email,Integrações,Bug / Defeito,Baixa,Free,Norte,15,361.1,0,5,5,6,0,46,9,0,0,0.0303,2,0,0,1,3,2,0
TCK-005573,Formulário Web,Integrações,Dúvida / Como Fazer,Alta,Free,Sudeste,49,83.4,0,10,2,3,0,53,9,0,0,0.0227,0,0,0,0,3,2,0
TCK-005574,Telefone,Integrações,Dúvida / Como Fazer,Média,Basic,Norte,58,181.7,0,12,2,1,0,56,10,1,0,0.0217,0,0,0,0,3,2,0
TCK-005575,Email,Relatórios,Acesso e Conta,Crítica,Enterprise,Sul,27,29.6,0,20,3,5,0,88,15,0,0,0.0282,1,0,0,0,3,2,0
TCK-005576,Email,App Mobile,Cancelamento,Baixa,Free,Sudeste,29,654.4,0,2,2,9,0,61,10,0,0,0.02,1,0,1,0,3,2,0
TCK-005577,Email,App Mobile,Cancelamento,Baixa,Free,Sul,26,373.4,0,17,0,2,0,51,8,0,0,0.0233,1,0,0,1,3,2,0
TCK-005578,Chat,Integrações,Dúvida / Como Fazer,Alta,Premium,Nordeste,25,48.7,0,5,1,2,0,53,9,0,0,0.0227,0,0,0,0,3,2,0
TCK-005579,Email,Faturamento,Dúvida / Como Fazer,Média,Free,Nordeste,7,101.5,0,5,6,10,0,56,10,1,0,0.0217,0,0,0,0,3,2,0
TCK-005580,Email,Integrações,Problema Técnico,Alta,Premium,Sul,52,91.0,1,7,5,7,1,90,16,0,0,0.0274,1,0,0,0,4,3,1
TCK-005581,Email,API,Solicitação de Recurso,Média,Basic,Centro-Oeste,56,215.9,0,13,4,3,1,123,21,0,0,0.03,0,0,0,0,3,2,0
TCK-005582,Redes Sociais,Plataforma Web,Problema Técnico,Alta,Enterprise,Nordeste,22,99.4,0,2,4,8,1,59,10,0,0,0.0204,1,0,0,1,3,2,0
TCK-005583,Chat,Relatórios,Cancelamento,Média,Free,Sul,67,144.3,0,15,3,5,0,61,10,0,0,0.02,1,0,1,0,3,2,0
TCK-005584,Redes Sociais,App Mobile,Dúvida / Como Fazer,Média,Basic,Sul,35,199.0,1,7,5,6,0,53,9,0,0,0.0227,0,0,0,0,4,3,1
TCK-005585,Email,Integrações,Problema Técnico,Alta,Free,Nordeste,68,56.5,1,14,1,10,1,99,17,0,0,0.025,0,0,0,0,4,3,1
TCK-005586,Chat,Faturamento,Faturamento,Baixa,Basic,Centro-Oeste,18,114.6,0,19,0,11,0,161,25,2,0,0.0227,0,0,0,0,3,2,0
TCK-005587,Chat,Relatórios,Cancelamento,Média,Premium,Nordeste,50,155.3,0,12,6,7,0,61,10,0,0,0.02,1,0,1,0,3,2,0
TCK-005588,Redes Sociais,Relatórios,Problema Técnico,Alta,Free,Norte,37,62.1,0,4,3,3,1,101,19,0,1,0.025,1,0,0,0,3,2,0
TCK-005589,Chat,Faturamento,Acesso e Conta,Média,Free,Nordeste,33,121.3,0,4,6,3,0,54,10,0,0,0.0233,0,0,0,0,3,2,0
TCK-005590,Chat,API,Bug / Defeito,Média,Enterprise,Norte,67,290.6,1,16,5,9,0,61,11,0,0,0.0408,0,0,0,1,4,3,1
TCK-005591,Redes Sociais,Relatórios,Dúvida / Como Fazer,Média,Enterprise,Sul,75,201.2,0,18,2,12,0,53,9,0,0,0.0227,0,0,0,0,3,2,0
TCK-005592,Telefone,Plataforma Web,Cancelamento,Baixa,Premium,Nordeste,33,185.7,0,6,1,9,0,165,27,0,0,0.0224,2,0,1,0,3,2,0
TCK-005593,Formulário Web,Integrações,Cancelamento,Média,Enterprise,Sudeste,56,95.9,0,11,2,11,0,51,8,0,0,0.0233,1,0,0,1,3,2,0
TCK-005594,Chat,Integrações,Problema Técnico,Média,Basic,Nordeste,13,132.3,0,1,6,11,0,56,11,0,0,0.0222,0,0,0,0,3,2,0
TCK-005595,Email,Relatórios,Cancelamento,Baixa,Basic,Norte,36,257.1,0,8,4,9,0,55,8,0,0,0.0217,1,0,1,0,3,2,0
TCK-005596,Email,Faturamento,Cancelamento,Média,Premium,Sul,33,303.4,0,18,1,5,0,165,27,0,0,0.0224,2,0,1,0,3,2,0
TCK-005597,Email,Integrações,Bug / Defeito,Alta,Enterprise,Norte,43,71.3,0,7,3,8,1,61,10,0,0,0.02,1,0,0,1,3,2,0
TCK-005598,Redes Sociais,Plataforma Web,Problema Técnico,Média,Premium,Norte,16,195.2,0,1,5,11,0,56,11,0,0,0.0222,0,0,0,0,3,2,0
TCK-005599,Email,API,Acesso e Conta,Média,Enterprise,Centro-Oeste,14,90.7,0,4,6,5,0,151,27,0,0,0.025,0,0,0,0,3,2,0
TCK-005600,Telefone,API,Bug / Defeito,Média,Free,Sudeste,9,61.1,1,7,5,4,0,61,11,0,0,0.0408,0,0,0,1,4,3,1
TCK-005601,Email,App Mobile,Bug / Defeito,Baixa,Basic,Sul,0,297.1,1,4,2,4,0,61,11,0,0,0.0408,0,0,0,1,4,3,1
TCK-005602,Formulário Web,Plataforma Web,Dúvida / Como Fazer,Baixa,Basic,Sudeste,34,293.6,0,3,6,3,0,56,10,1,0,0.0217,0,0,0,0,3,2,0
TCK-005603,Email,Relatórios,Problema Técnico,Média,Premium,Norte,38,318.4,0,2,1,7,0,55,10,0,0,0.0222,0,0,0,0,3,2,0
TCK-005604,Telefone,API,Cancelamento,Média,Free,Centro-Oeste,44,76.7,0,21,0,12,0,61,10,0,0,0.02,1,0,1,0,3,2,0
TCK-005605,Chat,API,Acesso e Conta,Média,Free,Centro-Oeste,43,188.2,0,7,2,8,0,64,9,0,0,0.037,1,0,0,0,3,2,0
TCK-005606,Formulário Web,Integrações,Solicitação de Recurso,Média,Basic,Centro-Oeste,23,118.3,0,7,3,10,1,40,7,0,0,0.0303,0,0,0,0,3,2,0
TCK-005607,Email,Plataforma Web,Problema Técnico,Média,Free,Centro-Oeste,47,203.4,0,7,5,9,0,55,10,0,0,0.0222,0,0,0,0,3,2,0
TCK-005608,Chat,Relatórios,Faturamento,Média,Premium,Centro-Oeste,47,81.3,0,21,0,4,0,62,11,0,0,0.02,1,1,0,0,3,2,0
TCK-005609,Chat,Faturamento,Faturamento,Média,Enterprise,Nordeste,64,196.6,0,6,0,10,0,62,11,0,0,0.02,1,1,0,0,3,2,0
TCK-005610,Formulário Web,Faturamento,Dúvida / Como Fazer,Baixa,Enterprise,Nordeste,37,237.2,0,0,0,10,0,57,10,1,0,0.0213,0,0,0,0,3,2,0
TCK-005611,Telefone,Plataforma Web,Bug / Defeito,Alta,Free,Centro-Oeste,17,25.0,0,3,0,5,1,61,10,0,0,0.02,1,0,0,1,3,2,0
TCK-005612,Chat,Plataforma Web,Cancelamento,Baixa,Premium,Sul,87,264.9,0,16,3,6,0,55,8,0,0,0.0217,1,0,1,0,3,2,0
TCK-005613,Chat,API,Solicitação de Recurso,Alta,Free,Nordeste,46,105.5,0,7,1,3,1,157,25,2,0,0.0231,0,0,0,0,3,2,0
TCK-005614,Redes Sociais,API,Solicitação de Recurso,Alta,Premium,Sul,38,40.7,0,2,2,12,1,99,15,0,0,0.0488,0,0,0,0,3,2,0
TCK-005615,Telefone,App Mobile,Faturamento,Alta,Basic,Sudeste,21,47.3,0,20,1,4,0,93,14,1,0,0.026,1,0,0,0,3,2,0
TCK-005616,Redes Sociais,Integrações,Dúvida / Como Fazer,Média,Free,Nordeste,27,210.1,0,2,2,1,0,56,10,1,0,0.0217,0,0,0,0,3,2,0
TCK-005617,Email,Plataforma Web,Dúvida / Como Fazer,Alta,Premium,Nordeste,37,90.5,0,17,6,7,0,155,27,2,0,0.0238,0,0,0,0,3,2,0
TCK-005618,Telefone,API,Cancelamento,Baixa,Basic,Sul,36,289.9,0,5,4,5,0,51,8,0,0,0.0233,1,0,0,1,3,2,0
TCK-005619,Redes Sociais,API,Solicitação de Recurso,Baixa,Enterprise,Norte,19,580.4,0,7,2,8,0,40,7,0,0,0.0303,0,0,0,0,3,2,0
TCK-005620,Email,App Mobile,Faturamento,Baixa,Basic,Norte,29,173.7,0,5,4,8,0,161,25,2,0,0.0227,0,0,0,0,3,2,0
TCK-005621,Email,App Mobile,Problema Técnico,Baixa,Enterprise,Norte,44,399.7,0,18,0,7,0,56,11,0,0,0.0222,0,0,0,0,3,2,0
TCK-005622,Telefone,Integrações,Acesso e Conta,Média,Basic,Norte,45,60.9,0,12,3,5,0,64,9,0,0,0.037,1,0,0,0,3,2,0
TCK-005623,Email,App Mobile,Bug / Defeito,Baixa,Premium,Sul,51,215.2,1,18,0,10,0,61,11,0,0,0.0408,0,0,0,1,4,3,1
TCK-005624,Email,API,Problema Técnico,Média,Basic,Norte,35,116.4,0,6,2,10,0,56,11,0,0,0.0222,0,0,0,0,3,2,0
TCK-005625,Chat,Plataforma Web,Dúvida / Como Fazer,Média,Enterprise,Centro-Oeste,19,148.1,0,20,1,11,0,157,27,2,0,0.0234,0,0,0,0,3,2,0
TCK-005626,Email,Plataforma Web,Dúvida / Como Fazer,Média,Enterprise,Sul,31,117.2,0,23,2,4,0,53,9,0,0,0.0227,0,0,0,0,3,2,0
TCK-005627,Chat,Plataforma Web,Dúvida / Como Fazer,Crítica,Basic,Centro-Oeste,39,34.6,0,7,1,4,0,90,15,1,0,0.027,1,0,0,0,3,2,0
TCK-005628,Telefone,Plataforma Web,Problema Técnico,Média,Premium,Norte,31,57.1,1,5,6,10,1,59,10,0,0,0.0204,1,0,0,1,4,3,1
TCK-005629,Telefone,Plataforma Web,Acesso e Conta,Média,Free,Sul,32,102.8,0,4,4,8,0,64,9,0,0,0.037,1,0,0,0,3,2,0
TCK-005630,Email,Faturamento,Solicitação de Recurso,Alta,Enterprise,Norte,51,51.8,0,23,3,2,1,57,9,1,0,0.0208,0,0,0,0,3,2,0
TCK-005631,Telefone,API,Bug / Defeito,Alta,Free,Sudeste,89,75.9,0,13,2,7,1,105,17,0,0,0.0235,1,0,0,1,3,2,0
TCK-005632,Telefone,Plataforma Web,Problema Técnico,Baixa,Free,Sudeste,49,363.7,0,3,3,2,0,153,27,0,0,0.0242,0,0,0,0,3,2,0
TCK-005633,Chat,Faturamento,Faturamento,Média,Basic,Norte,16,208.6,0,2,6,1,0,45,8,0,0,0.027,0,0,0,0,3,2,0
TCK-005634,Formulário Web,Faturamento,Problema Técnico,Alta,Free,Sul,50,90.0,0,3,4,2,1,200,37,0,1,0.0252,1,0,0,0,3,2,0
TCK-005635,Telefone,Faturamento,Bug / Defeito,Média,Free,Nordeste,32,80.5,0,6,0,8,0,61,11,0,0,0.0408,0,0,0,1,3,2,0
TCK-005636,Email,App Mobile,Problema Técnico,Baixa,Free,Sudeste,37,235.2,0,12,0,4,0,59,10,0,0,0.0204,1,0,0,1,3,2,0
TCK-005637,Chat,API,Dúvida / Como Fazer,Baixa,Basic,Sul,39,242.1,0,21,5,10,0,157,27,2,0,0.0234,0,0,0,0,3,2,0
TCK-005638,Telefone,Relatórios,Problema Técnico,Baixa,Free,Norte,51,195.4,0,11,3,3,0,56,11,0,0,0.0222,0,0,0,0,3,2,0
TCK-005639,Chat,Integrações,Problema Técnico,Média,Basic,Nordeste,55,96.4,0,10,3,1,0,55,10,0,0,0.0222,0,0,0,0,3,2,0
TCK-005640,Telefone,Integrações,Bug / Defeito,Baixa,Premium,Centro-Oeste,66,216.0,1,16,2,3,0,135,25,0,0,0.03,4,0,0,1,4,3,1
TCK-005641,Telefone,Relatórios,Bug / Defeito,Baixa,Basic,Sudeste,65,274.4,0,5,0,12,0,165,29,0,0,0.0379,0,0,0,1,3,2,0
TCK-005642,Redes Sociais,Integrações,Bug / Defeito,Alta,Free,Sul,27,46.8,1,22,5,5,1,61,10,0,0,0.02,1,0,0,1,4,3,1
TCK-005643,Redes Sociais,Faturamento,Cancelamento,Média,Enterprise,Sul,30,294.6,0,4,5,11,0,55,8,0,0,0.0217,1,0,1,0,3,2,0
TCK-005644,Chat,Relatórios,Acesso e Conta,Baixa,Free,Nordeste,19,265.5,0,17,6,10,0,171,25,0,0,0.0352,2,0,0,0,3,2,0
TCK-005645,Email,App Mobile,Faturamento,Crítica,Basic,Norte,35,42.3,0,11,5,8,0,161,25,2,0,0.0227,0,0,0,0,3,2,0
TCK-005646,Formulário Web,Integrações,Faturamento,Média,Premium,Sudeste,58,239.6,0,3,2,2,0,59,9,1,0,0.0204,0,0,0,0,3,2,0
TCK-005647,Formulário Web,Faturamento,Dúvida / Como Fazer,Média,Premium,Sul,14,218.4,0,8,2,5,0,56,10,1,0,0.0217,0,0,0,0,3,2,0
TCK-005648,Chat,Faturamento,Acesso e Conta,Alta,Basic,Norte,35,49.7,0,17,3,2,0,54,10,0,0,0.0233,0,0,0,0,3,2,0
TCK-005649,Email,App Mobile,Faturamento,Média,Premium,Norte,46,178.5,0,8,4,8,0,45,8,0,0,0.027,0,0,0,0,3,2,0
TCK-005650,Email,Integrações,Bug / Defeito,Alta,Free,Norte,22,27.3,0,6,2,9,1,61,10,0,0,0.02,1,0,0,1,3,2,0
TCK-005651,Redes Sociais,Faturamento,Bug / Defeito,Alta,Free,Norte,8,27.6,1,19,5,9,1,61,10,0,0,0.02,1,0,0,1,4,3,1
TCK-005652,Email,Plataforma Web,Acesso e Conta,Crítica,Premium,Sul,8,10.0,0,3,6,3,0,64,9,0,0,0.037,1,0,0,0,3,2,0
TCK-005653,Chat,Plataforma Web,Acesso e Conta,Média,Basic,Nordeste,17,89.6,0,20,5,12,0,54,10,0,0,0.0233,0,0,0,0,3,2,0
TCK-005654,Email,App Mobile,Problema Técnico,Crítica,Basic,Norte,25,18.7,0,7,0,1,1,59,10,0,0,0.0204,1,0,0,1,3,2,0
TCK-005655,Chat,Plataforma Web,Dúvida / Como Fazer,Baixa,Free,Nordeste,44,153.4,0,11,3,10,0,56,10,1,0,0.0217,0,0,0,0,3,2,0
TCK-005656,Formulário Web,Integrações,Bug / Defeito,Média,Basic,Sul,45,145.4,1,9,6,5,0,46,9,0,0,0.0303,2,0,0,1,4,3,1
TCK-005657,Redes Sociais,API,Solicitação de Recurso,Média,Enterprise,Centro-Oeste,21,109.0,0,4,0,4,1,57,9,1,0,0.0208,0,0,0,0,3,2,0
TCK-005658,Telefone,API,Solicitação de Recurso,Crítica,Premium,Centro-Oeste,59,45.4,0,18,2,1,1,74,12,0,0,0.0328,1,0,0,0,3,2,0
TCK-005659,Email,App Mobile,Faturamento,Média,Free,Norte,36,179.6,0,22,2,4,0,59,9,1,0,0.0204,0,0,0,0,3,2,0
TCK-005660,Chat,App Mobile,Faturamento,Média,Premium,Norte,18,147.3,0,22,0,1,0,161,25,2,0,0.0227,0,0,0,0,3,2,0
TCK-005661,Telefone,App Mobile,Cancelamento,Baixa,Free,Sul,43,323.5,0,8,2,6,0,165,27,0,0,0.0224,2,0,1,0,3,2,0
TCK-005662,Chat,Plataforma Web,Dúvida / Como Fazer,Crítica,Premium,Sul,24,26.0,0,4,5,10,0,56,10,1,0,0.0217,0,0,0,0,3,2,0
TCK-005663,Email,Faturamento,Bug / Defeito,Média,Premium,Sudeste,19,173.1,0,20,1,11,1,46,9,0,0,0.0303,2,0,0,1,3,2,0
TCK-005664,Redes Sociais,App Mobile,Acesso e Conta,Média,Free,Norte,75,103.1,0,18,6,11,0,151,27,0,0,0.025,0,0,0,0,3,2,0
TCK-005665,Redes Sociais,Plataforma Web,Dúvida / Como Fazer,Alta,Basic,Norte,19,69.3,0,22,4,4,0,149,25,0,0,0.0246,0,0,0,0,3,2,0
TCK-005666,Chat,Plataforma Web,Acesso e Conta,Média,Basic,Centro-Oeste,27,78.6,0,2,3,11,0,171,25,0,0,0.0352,2,0,0,0,3,2,0
TCK-005667,Chat,Integrações,Bug / Defeito,Baixa,Basic,Nordeste,57,162.8,0,0,6,5,0,61,11,0,0,0.0408,0,0,0,1,3,2,0
TCK-005668,Email,App Mobile,Acesso e Conta,Média,Premium,Norte,45,78.3,0,18,1,7,0,54,10,0,0,0.0233,0,0,0,0,3,2,0
TCK-005669,Redes Sociais,App Mobile,Problema Técnico,Alta,Enterprise,Centro-Oeste,39,106.6,0,5,3,9,1,100,18,0,0,0.025,0,0,0,0,3,2,0
TCK-005670,Email,API,Faturamento,Alta,Free,Norte,31,62.8,0,10,4,12,1,161,25,2,0,0.0227,0,0,0,0,3,2,0
TCK-005671,Telefone,API,Problema Técnico,Baixa,Premium,Nordeste,43,71.8,0,3,6,8,0,56,11,0,0,0.0222,0,0,0,0,3,2,0
TCK-005672,Email,Faturamento,Faturamento,Baixa,Free,Centro-Oeste,22,144.3,0,19,5,2,0,59,9,1,0,0.0204,0,0,0,0,3,2,0
TCK-005673,Chat,Plataforma Web,Problema Técnico,Média,Enterprise,Norte,43,177.8,0,3,5,7,0,59,10,0,0,0.0204,1,0,0,1,3,2,0
TCK-005674,Telefone,App Mobile,Solicitação de Recurso,Baixa,Basic,Nordeste,0,113.4,0,1,1,4,0,40,7,0,0,0.0303,0,0,0,0,3,2,0
TCK-005675,Telefone,App Mobile,Problema Técnico,Alta,Premium,Nordeste,28,57.9,1,6,0,1,1,198,35,0,1,0.0252,1,0,0,0,4,3,1
TCK-005676,Email,Relatórios,Faturamento,Baixa,Premium,Centro-Oeste,0,176.3,0,8,4,3,0,62,11,0,0,0.02,1,1,0,0,3,2,0
TCK-005677,Redes Sociais,Integrações,Dúvida / Como Fazer,Baixa,Premium,Norte,43,381.9,0,14,2,1,0,56,10,1,0,0.0217,0,0,0,0,3,2,0
TCK-005678,Email,Relatórios,Dúvida / Como Fazer,Baixa,Free,Sul,33,150.8,0,0,1,5,0,56,10,1,0,0.0217,0,0,0,0,3,2,0
TCK-005679,Chat,App Mobile,Problema Técnico,Baixa,Premium,Centro-Oeste,54,109.4,0,9,1,1,0,59,10,0,0,0.0204,1,0,0,1,3,2,0
TCK-005680,Formulário Web,Faturamento,Problema Técnico,Alta,Basic,Sudeste,3,35.3,0,6,0,1,1,59,10,0,0,0.0204,1,0,0,1,3,2,0
TCK-005681,Email,Plataforma Web,Problema Técnico,Alta,Premium,Sul,49,73.6,0,3,5,11,1,99,17,0,0,0.025,0,0,0,0,3,2,0
TCK-005682,Chat,App Mobile,Cancelamento,Média,Enterprise,Nordeste,32,116.6,0,3,5,8,0,61,10,0,0,0.02,1,0,1,0,3,2,0
TCK-005683,Telefone,Integrações,Bug / Defeito,Baixa,Basic,Sul,45,229.7,0,12,6,5,0,61,11,0,0,0.0408,0,0,0,1,3,2,0
TCK-005684,Email,Faturamento,Dúvida / Como Fazer,Média,Free,Sul,54,145.1,0,20,3,6,0,57,10,1,0,0.0213,0,0,0,0,3,2,0
TCK-005685,Telefone,Integrações,Dúvida / Como Fazer,Média,Premium,Centro-Oeste,25,97.0,0,17,3,9,0,57,10,1,0,0.0213,0,0,0,0,3,2,0
TCK-005686,Formulário Web,Integrações,Dúvida / Como Fazer,Média,Free,Nordeste,16,154.9,0,8,0,1,0,56,10,1,0,0.0217,0,0,0,0,3,2,0
TCK-005687,Formulário Web,Faturamento,Problema Técnico,Média,Basic,Norte,34,98.0,0,21,5,10,0,55,10,0,0,0.0222,0,0,0,0,3,2,0
TCK-005688,Formulário Web,API,Acesso e Conta,Baixa,Free,Nordeste,61,216.9,0,3,5,12,0,64,12,0,0,0.0192,0,0,0,0,3,2,0
TCK-005689,Email,App Mobile,Bug / Defeito,Média,Premium,Sul,38,162.5,0,15,5,7,1,61,10,0,0,0.02,1,0,0,1,3,2,0
TCK-005690,Chat,App Mobile,Dúvida / Como Fazer,Baixa,Basic,Sudeste,43,215.7,0,9,4,6,0,149,25,0,0,0.0246,0,0,0,0,3,2,0
TCK-005691,Email,App Mobile,Faturamento,Crítica,Basic,Centro-Oeste,59,52.1,0,0,4,9,0,45,8,0,0,0.027,0,0,0,0,3,2,0
TCK-005692,Email,API,Dúvida / Como Fazer,Alta,Free,Sudeste,62,94.3,0,4,4,3,0,101,18,1,1,0.0247,1,0,0,0,3,2,0
TCK-005693,Formulário Web,Integrações,Problema Técnico,Média,Free,Sul,62,232.9,0,7,3,12,0,55,10,0,0,0.0222,0,0,0,0,3,2,0
TCK-005694,Email,Relatórios,Dúvida / Como Fazer,Alta,Basic,Centro-Oeste,22,32.8,0,19,2,5,0,97,16,0,0,0.0253,0,0,0,0,3,2,0
TCK-005695,Telefone,Plataforma Web,Problema Técnico,Média,Basic,Norte,53,154.2,0,23,0,5,0,59,10,0,0,0.0204,1,0,0,1,3,2,0
TCK-005696,Telefone,Integrações,Faturamento,Baixa,Free,Sudeste,50,116.6,0,12,0,1,0,45,8,0,0,0.027,0,0,0,0,3,2,0
TCK-005697,Redes Sociais,Plataforma Web,Faturamento,Baixa,Basic,Centro-Oeste,45,489.1,0,7,4,7,0,45,8,0,0,0.027,0,0,0,0,3,2,0
TCK-005698,Formulário Web,Integrações,Dúvida / Como Fazer,Alta,Basic,Sudeste,38,48.7,0,21,1,2,0,199,34,2,0,0.0248,0,0,0,0,3,2,0
TCK-005699,Email,Integrações,Problema Técnico,Baixa,Enterprise,Nordeste,32,187.2,0,21,5,6,0,59,10,0,0,0.0204,1,0,0,1,3,2,0
TCK-005700,Email,Plataforma Web,Solicitação de Recurso,Média,Enterprise,Norte,73,156.0,0,16,2,6,1,153,23,0,0,0.0547,0,0,0,0,3,2,0
TCK-005701,Chat,App Mobile,Acesso e Conta,Alta,Basic,Nordeste,70,69.3,0,15,5,11,0,98,14,0,0,0.0366,2,0,0,0,3,2,0
TCK-005702,Email,Relatórios,Cancelamento,Média,Basic,Sul,65,176.0,0,11,4,11,0,61,10,0,0,0.02,1,0,1,0,3,2,0
TCK-005703,Formulário Web,Relatórios,Cancelamento,Média,Premium,Sul,27,72.5,0,16,2,11,0,153,23,0,0,0.0238,2,0,1,0,3,2,0
TCK-005704,Email,App Mobile,Problema Técnico,Alta,Free,Sul,61,90.6,0,17,3,5,0,161,27,0,0,0.0227,2,0,0,1,3,2,0
TCK-005705,Email,Integrações,Cancelamento,Baixa,Premium,Norte,39,313.6,0,17,5,12,0,153,23,0,0,0.0238,2,0,1,0,3,2,0
TCK-005706,Email,Plataforma Web,Dúvida / Como Fazer,Crítica,Enterprise,Sudeste,15,16.0,0,22,2,5,0,202,35,2,1,0.0245,1,0,0,0,3,2,0
TCK-005707,Chat,Plataforma Web,Cancelamento,Média,Basic,Norte,48,84.0,0,17,2,7,0,61,10,0,0,0.02,1,0,1,0,3,2,0
TCK-005708,Email,App Mobile,Solicitação de Recurso,Baixa,Free,Centro-Oeste,31,476.0,0,1,6,11,0,57,9,1,0,0.0208,0,0,0,0,3,2,0
TCK-005709,Redes Sociais,Integrações,Problema Técnico,Média,Basic,Nordeste,35,171.8,0,12,0,12,1,59,10,0,0,0.0204,1,0,0,1,3,2,0
TCK-005710,Email,Integrações,Bug / Defeito,Crítica,Free,Sul,44,39.4,0,14,4,9,1,91,17,0,1,0.0294,3,0,0,1,3,2,0
TCK-005711,Email,App Mobile,Problema Técnico,Média,Enterprise,Nordeste,47,165.6,0,14,4,2,0,56,11,0,0,0.0222,0,0,0,0,3,2,0
TCK-005712,Formulário Web,Plataforma Web,Faturamento,Média,Free,Norte,57,229.9,1,5,1,1,0,59,9,1,0,0.0204,0,0,0,0,4,3,1
TCK-005713,Chat,Plataforma Web,Cancelamento,Média,Premium,Centro-Oeste,94,197.2,0,17,2,11,0,51,8,0,0,0.0233,1,0,0,1,3,2,0
TCK-005714,Email,Plataforma Web,Acesso e Conta,Baixa,Free,Sul,6,280.1,0,2,6,9,0,54,10,0,0,0.0233,0,0,0,0,3,2,0
TCK-005715,Email,Integrações,Bug / Defeito,Média,Free,Nordeste,23,199.5,1,2,3,10,1,61,11,0,0,0.0408,0,0,0,1,4,3,1
TCK-005716,Redes Sociais,Integrações,Dúvida / Como Fazer,Baixa,Free,Nordeste,30,120.8,0,20,2,6,0,56,10,1,0,0.0217,0,0,0,0,3,2,0
TCK-005717,Email,Plataforma Web,Acesso e Conta,Alta,Premium,Centro-Oeste,39,103.7,0,2,0,8,0,108,19,0,0,0.023,0,0,0,0,3,2,0
TCK-005718,Chat,Faturamento,Dúvida / Como Fazer,Média,Free,Centro-Oeste,45,142.9,0,18,4,1,0,56,10,1,0,0.0217,0,0,0,0,3,2,0
TCK-005719,Chat,Plataforma Web,Dúvida / Como Fazer,Baixa,Premium,Norte,56,355.6,0,13,0,1,0,157,27,2,0,0.0234,0,0,0,0,3,2,0
TCK-005720,Chat,App Mobile,Solicitação de Recurso,Alta,Premium,Sudeste,47,63.3,0,22,4,9,1,99,15,0,0,0.0488,0,0,0,0,3,2,0
TCK-005721,Redes Sociais,App Mobile,Problema Técnico,Média,Enterprise,Norte,20,172.0,1,3,5,11,0,56,11,0,0,0.0222,0,0,0,0,4,3,1
TCK-005722,Telefone,Integrações,Problema Técnico,Baixa,Basic,Nordeste,28,152.9,0,1,0,12,0,55,10,0,0,0.0222,0,0,0,0,3,2,0
TCK-005723,Email,App Mobile,Problema Técnico,Média,Basic,Norte,73,140.9,0,12,5,12,0,59,10,0,0,0.0204,1,0,0,1,3,2,0
TCK-005724,Chat,App Mobile,Problema Técnico,Média,Basic,Norte,0,56.1,0,2,1,5,0,55,10,0,0,0.0222,0,0,0,0,3,2,0
TCK-005725,Email,API,Faturamento,Alta,Free,Centro-Oeste,53,46.4,0,18,2,12,0,45,8,0,0,0.027,0,0,0,0,3,2,0
TCK-005726,Email,API,Problema Técnico,Crítica,Premium,Sul,50,47.6,0,14,5,3,1,56,11,0,0,0.0222,0,0,0,0,3,2,0
TCK-005727,Email,Faturamento,Bug / Defeito,Crítica,Free,Nordeste,63,55.9,1,16,3,11,1,106,19,0,1,0.0357,1,0,0,1,4,3,1
TCK-005728,Email,API,Faturamento,Média,Enterprise,Sudeste,37,94.8,0,2,5,10,0,167,29,0,0,0.0224,2,1,0,0,3,2,0
TCK-005729,Email,API,Cancelamento,Crítica,Basic,Sudeste,42,46.9,0,23,6,3,0,96,16,0,1,0.0256,2,0,0,1,3,2,0
TCK-005730,Email,App Mobile,Bug / Defeito,Baixa,Free,Nordeste,55,225.8,0,12,0,1,0,61,11,0,0,0.0408,0,0,0,1,3,2,0
TCK-005731,Email,App Mobile,Faturamento,Média,Free,Nordeste,40,115.2,0,20,0,11,0,45,8,0,0,0.027,0,0,0,0,3,2,0
TCK-005732,Chat,Integrações,Dúvida / Como Fazer,Alta,Basic,Nordeste,30,39.5,0,1,2,12,0,155,27,2,0,0.0238,0,0,0,0,3,2,0
TCK-005733,Email,API,Acesso e Conta,Média,Premium,Centro-Oeste,30,177.7,0,18,5,4,0,54,10,0,0,0.0233,0,0,0,0,3,2,0
TCK-005734,Telefone,Integrações,Dúvida / Como Fazer,Baixa,Basic,Norte,47,190.9,0,1,3,1,0,57,10,1,0,0.0213,0,0,0,0,3,2,0
TCK-005735,Telefone,Integrações,Acesso e Conta,Média,Basic,Sudeste,57,135.4,0,6,0,6,0,54,10,0,0,0.0233,0,0,0,0,3,2,0
TCK-005736,Chat,Faturamento,Dúvida / Como Fazer,Média,Premium,Sul,50,113.2,0,23,1,9,0,57,10,1,0,0.0213,0,0,0,0,3,2,0
TCK-005737,Email,Relatórios,Cancelamento,Média,Enterprise,Centro-Oeste,35,86.3,0,9,2,4,0,61,10,0,0,0.02,1,0,1,0,3,2,0
TCK-005738,Formulário Web,Faturamento,Dúvida / Como Fazer,Média,Free,Sudeste,46,112.4,0,16,1,7,0,53,9,0,0,0.0227,0,0,0,0,3,2,0
TCK-005739,Telefone,Integrações,Problema Técnico,Média,Free,Sudeste,30,103.5,0,23,0,5,0,59,10,0,0,0.0204,1,0,0,1,3,2,0
TCK-005740,Redes Sociais,Relatórios,Cancelamento,Baixa,Basic,Nordeste,66,262.2,0,9,5,2,0,51,8,0,0,0.0233,1,0,0,1,3,2,0
TCK-005741,Formulário Web,Plataforma Web,Solicitação de Recurso,Alta,Premium,Sudeste,31,35.6,0,10,6,8,1,55,8,0,0,0.0638,0,0,0,0,3,2,0
TCK-005742,Chat,API,Bug / Defeito,Baixa,Enterprise,Sul,22,389.5,0,3,0,2,0,165,29,0,0,0.0379,0,0,0,1,3,2,0
TCK-005743,Email,Relatórios,Dúvida / Como Fazer,Alta,Free,Sudeste,62,76.4,0,20,6,3,0,183,30,0,0,0.0267,1,0,0,0,3,2,0
TCK-005744,Chat,Relatórios,Problema Técnico,Alta,Free,Norte,0,17.3,0,22,3,7,1,59,10,0,0,0.0204,1,0,0,1,3,2,0
TCK-005745,Formulário Web,Plataforma Web,Dúvida / Como Fazer,Alta,Free,Centro-Oeste,16,52.6,0,20,0,9,0,183,30,0,0,0.0267,1,0,0,0,3,2,0
TCK-005746,Formulário Web,Relatórios,Faturamento,Alta,Premium,Sudeste,36,82.0,1,1,2,8,0,62,11,0,0,0.02,1,1,0,0,4,3,1
TCK-005747,Chat,Plataforma Web,Acesso e Conta,Média,Basic,Sudeste,42,118.3,0,12,2,6,0,171,25,0,0,0.0352,2,0,0,0,3,2,0
TCK-005748,Telefone,Integrações,Dúvida / Como Fazer,Alta,Basic,Sudeste,66,66.5,0,15,6,3,0,53,9,0,0,0.0227,0,0,0,0,3,2,0
TCK-005749,Formulário Web,Relatórios,Problema Técnico,Alta,Free,Norte,40,67.6,0,19,1,10,1,56,11,0,0,0.0222,0,0,0,0,3,2,0
TCK-005750,Email,Plataforma Web,Solicitação de Recurso,Alta,Basic,Sul,65,85.4,0,4,1,10,1,100,16,0,1,0.0488,1,0,0,0,3,2,0
TCK-005751,Email,API,Faturamento,Baixa,Free,Nordeste,68,251.8,1,13,0,1,0,62,11,0,0,0.02,1,1,0,0,4,3,1
TCK-005752,Formulário Web,Faturamento,Dúvida / Como Fazer,Baixa,Free,Nordeste,10,293.5,0,19,2,8,0,56,10,1,0,0.0217,0,0,0,0,3,2,0
TCK-005753,Chat,App Mobile,Faturamento,Alta,Free,Nordeste,35,31.7,0,22,0,3,0,62,11,0,0,0.02,1,1,0,0,3,2,0
TCK-005754,Chat,App Mobile,Cancelamento,Baixa,Enterprise,Nordeste,45,232.0,0,6,2,6,0,61,10,0,0,0.02,1,0,1,0,3,2,0
TCK-005755,Chat,Faturamento,Dúvida / Como Fazer,Baixa,Basic,Sul,55,210.8,0,10,1,12,0,57,10,1,0,0.0213,0,0,0,0,3,2,0
TCK-005756,Chat,API,Problema Técnico,Baixa,Enterprise,Norte,5,119.5,1,22,5,8,0,55,10,0,0,0.0222,0,0,0,0,4,3,1
TCK-005757,Email,Plataforma Web,Problema Técnico,Média,Free,Centro-Oeste,40,215.9,0,23,3,4,0,153,27,0,0,0.0242,0,0,0,0,3,2,0
TCK-005758,Chat,Relatórios,Problema Técnico,Média,Premium,Sul,50,112.3,0,5,5,2,0,55,10,0,0,0.0222,0,0,0,0,3,2,0
TCK-005759,Email,Integrações,Problema Técnico,Alta,Premium,Sul,50,64.6,0,18,1,12,1,155,29,0,0,0.0242,0,0,0,0,3,2,0
TCK-005760,Redes Sociais,Faturamento,Dúvida / Como Fazer,Média,Basic,Centro-Oeste,78,227.6,0,15,5,3,0,56,10,1,0,0.0217,0,0,0,0,3,2,0
TCK-005761,Email,Integrações,Cancelamento,Média,Premium,Centro-Oeste,0,149.9,0,22,6,3,0,51,8,0,0,0.0233,1,0,0,1,3,2,0
TCK-005762,Email,Integrações,Solicitação de Recurso,Alta,Basic,Norte,40,77.7,0,13,6,6,1,40,7,0,0,0.0303,0,0,0,0,3,2,0
TCK-005763,Email,Plataforma Web,Problema Técnico,Crítica,Basic,Sudeste,48,49.2,0,9,3,12,1,59,10,0,0,0.0204,1,0,0,1,3,2,0
TCK-005764,Email,API,Cancelamento,Alta,Free,Sul,64,91.7,0,20,3,1,0,95,15,0,0,0.0256,1,0,0,1,3,2,0
TCK-005765,Email,Relatórios,Faturamento,Alta,Enterprise,Nordeste,60,102.9,0,13,5,2,1,167,28,0,0,0.0294,1,0,0,0,3,2,0
TCK-005766,Email,Plataforma Web,Dúvida / Como Fazer,Média,Basic,Sudeste,52,207.1,0,12,2,7,0,57,10,1,0,0.0213,0,0,0,0,3,2,0
TCK-005767,Telefone,Relatórios,Dúvida / Como Fazer,Baixa,Enterprise,Sul,6,63.9,0,5,0,9,0,56,10,1,0,0.0217,0,0,0,0,3,2,0
TCK-005768,Email,Relatórios,Acesso e Conta,Baixa,Basic,Norte,50,322.2,0,19,0,3,0,64,9,0,0,0.037,1,0,0,0,3,2,0
TCK-005769,Email,Relatórios,Solicitação de Recurso,Alta,Premium,Norte,46,41.5,0,15,2,4,1,55,8,0,0,0.0638,0,0,0,0,3,2,0
TCK-005770,Email,Plataforma Web,Dúvida / Como Fazer,Média,Premium,Centro-Oeste,41,157.7,0,5,3,5,0,149,25,0,0,0.0246,0,0,0,0,3,2,0
TCK-005771,Telefone,Plataforma Web,Faturamento,Crítica,Enterprise,Centro-Oeste,27,21.6,0,0,0,1,0,62,11,0,0,0.02,1,1,0,0,3,2,0
TCK-005772,Telefone,API,Acesso e Conta,Baixa,Premium,Norte,52,225.4,1,14,6,3,0,64,12,0,0,0.0192,0,0,0,0,4,3,1
TCK-005773,Redes Sociais,Integrações,Solicitação de Recurso,Baixa,Enterprise,Centro-Oeste,39,256.4,0,16,2,1,1,40,7,0,0,0.0303,0,0,0,0,3,2,0
TCK-005774,Chat,Integrações,Dúvida / Como Fazer,Alta,Basic,Norte,13,32.3,0,6,0,5,0,87,14,0,0,0.0278,1,0,0,0,3,2,0
TCK-005775,Chat,Faturamento,Dúvida / Como Fazer,Baixa,Free,Sudeste,51,111.9,0,18,6,4,0,57,10,1,0,0.0213,0,0,0,0,3,2,0
TCK-005776,Chat,Faturamento,Solicitação de Recurso,Média,Basic,Norte,50,123.0,0,9,5,11,1,123,21,0,0,0.03,0,0,0,0,3,2,0
TCK-005777,Telefone,App Mobile,Bug / Defeito,Média,Free,Centro-Oeste,35,91.3,1,21,5,6,0,46,9,0,0,0.0303,2,0,0,1,4,3,1
TCK-005778,Formulário Web,API,Dúvida / Como Fazer,Baixa,Basic,Sudeste,38,380.1,0,12,2,9,0,57,10,1,0,0.0213,0,0,0,0,3,2,0
TCK-005779,Formulário Web,App Mobile,Acesso e Conta,Média,Basic,Sul,22,226.0,0,4,5,12,0,54,10,0,0,0.0233,0,0,0,0,3,2,0
TCK-005780,Redes Sociais,Relatórios,Faturamento,Média,Basic,Nordeste,37,231.9,1,4,6,5,0,45,8,0,0,0.027,0,0,0,0,4,3,1
TCK-005781,Email,API,Solicitação de Recurso,Crítica,Premium,Nordeste,54,44.4,0,11,0,1,1,55,8,0,0,0.0638,0,0,0,0,3,2,0
TCK-005782,Chat,App Mobile,Solicitação de Recurso,Média,Basic,Nordeste,28,32.9,0,10,0,10,1,57,9,1,0,0.0208,0,0,0,0,3,2,0
TCK-005783,Formulário Web,Faturamento,Dúvida / Como Fazer,Baixa,Premium,Centro-Oeste,7,327.2,0,2,3,5,0,56,10,1,0,0.0217,0,0,0,0,3,2,0
TCK-005784,Email,Plataforma Web,Cancelamento,Média,Free,Norte,25,104.9,0,4,5,5,0,145,23,0,0,0.025,2,0,0,1,3,2,0
TCK-005785,Telefone,Integrações,Faturamento,Alta,Enterprise,Sul,17,29.7,0,2,6,6,0,62,11,0,0,0.02,1,1,0,0,3,2,0
TCK-005786,Formulário Web,Integrações,Solicitação de Recurso,Média,Basic,Sudeste,45,151.9,1,9,1,2,1,55,8,0,0,0.0638,0,0,0,0,4,3,1
TCK-005787,Email,Plataforma Web,Cancelamento,Baixa,Free,Norte,30,208.3,0,2,0,4,0,55,8,0,0,0.0217,1,0,1,0,3,2,0
TCK-005788,Email,Integrações,Dúvida / Como Fazer,Média,Free,Centro-Oeste,66,133.1,1,20,6,6,0,57,10,1,0,0.0213,0,0,0,0,4,3,1
TCK-005789,Formulário Web,App Mobile,Dúvida / Como Fazer,Baixa,Basic,Sudeste,43,240.3,0,8,4,11,0,149,25,0,0,0.0246,0,0,0,0,3,2,0
TCK-005790,Email,Relatórios,Problema Técnico,Média,Basic,Sul,44,95.8,0,3,5,7,1,56,11,0,0,0.0222,0,0,0,0,3,2,0
TCK-005791,Redes Sociais,API,Dúvida / Como Fazer,Média,Free,Centro-Oeste,63,98.9,0,20,4,3,0,149,25,0,0,0.0246,0,0,0,0,3,2,0
TCK-005792,Email,API,Problema Técnico,Média,Free,Norte,0,403.6,0,20,0,6,0,59,10,0,0,0.0204,1,0,0,1,3,2,0
TCK-005793,Redes Sociais,Plataforma Web,Cancelamento,Média,Basic,Norte,65,175.0,1,8,2,9,0,61,10,0,0,0.02,1,0,1,0,4,3,1
TCK-005794,Email,Integrações,Dúvida / Como Fazer,Crítica,Enterprise,Sudeste,32,29.0,0,5,6,5,0,57,10,1,0,0.0213,0,0,0,0,3,2,0
TCK-005795,Chat,App Mobile,Bug / Defeito,Crítica,Enterprise,Sul,26,24.3,0,3,2,6,1,209,34,0,0,0.0237,2,0,0,1,3,2,0
TCK-005796,Formulário Web,API,Solicitação de Recurso,Média,Basic,Sudeste,52,150.3,0,23,2,7,1,123,21,0,0,0.03,0,0,0,0,3,2,0
TCK-005797,Chat,API,Acesso e Conta,Baixa,Basic,Sudeste,0,39.5,0,4,2,5,0,151,27,0,0,0.025,0,0,0,0,3,2,0
TCK-005798,Email,Integrações,Acesso e Conta,Alta,Free,Nordeste,43,51.2,0,19,4,4,0,171,31,0,0,0.0217,0,0,0,0,3,2,0
TCK-005799,Redes Sociais,API,Acesso e Conta,Baixa,Basic,Sul,3,358.7,0,2,2,8,0,64,12,0,0,0.0192,0,0,0,0,3,2,0
TCK-005800,Email,API,Acesso e Conta,Crítica,Basic,Norte,46,32.9,0,7,0,4,0,64,12,0,0,0.0192,0,0,0,0,3,2,0
TCK-005801,Telefone,Relatórios,Cancelamento,Alta,Enterprise,Centro-Oeste,0,31.8,0,19,2,11,0,61,10,0,0,0.02,1,0,1,0,3,2,0
TCK-005802,Telefone,API,Faturamento,Média,Free,Sudeste,15,85.9,0,19,4,5,0,45,8,0,0,0.027,0,0,0,0,3,2,0
TCK-005803,Chat,Integrações,Solicitação de Recurso,Média,Basic,Sudeste,57,107.2,0,19,6,9,1,57,9,1,0,0.0208,0,0,0,0,3,2,0
TCK-005804,Email,Faturamento,Faturamento,Média,Enterprise,Nordeste,57,141.5,0,18,6,1,0,167,29,0,0,0.0224,2,1,0,0,3,2,0
TCK-005805,Telefone,Integrações,Cancelamento,Baixa,Free,Sul,81,246.9,0,11,2,8,0,61,10,0,0,0.02,1,0,1,0,3,2,0
TCK-005806,Chat,Integrações,Solicitação de Recurso,Média,Free,Sudeste,38,79.5,0,19,6,6,1,157,25,2,0,0.0231,0,0,0,0,3,2,0
TCK-005807,Formulário Web,Faturamento,Bug / Defeito,Média,Premium,Sudeste,40,134.7,0,11,6,6,0,61,11,0,0,0.0408,0,0,0,1,3,2,0
TCK-005808,Formulário Web,Relatórios,Solicitação de Recurso,Média,Free,Centro-Oeste,72,97.2,0,15,1,10,1,55,8,0,0,0.0638,0,0,0,0,3,2,0
TCK-005809,Formulário Web,Integrações,Dúvida / Como Fazer,Média,Basic,Sul,14,116.9,0,8,3,10,0,149,25,0,0,0.0246,0,0,0,0,3,2,0
TCK-005810,Email,App Mobile,Bug / Defeito,Alta,Free,Centro-Oeste,32,85.9,1,2,2,12,1,80,14,0,0,0.0328,3,0,0,1,4,3,1
TCK-005811,Redes Sociais,App Mobile,Dúvida / Como Fazer,Baixa,Enterprise,Sul,80,321.9,0,14,1,4,0,56,10,1,0,0.0217,0,0,0,0,3,2,0
TCK-005812,Chat,Relatórios,Dúvida / Como Fazer,Média,Free,Norte,11,95.8,0,5,6,8,0,57,10,1,0,0.0213,0,0,0,0,3,2,0
TCK-005813,Email,Relatórios,Bug / Defeito,Média,Free,Norte,30,161.3,1,6,1,3,1,61,10,0,0,0.02,1,0,0,1,4,3,1
TCK-005814,Chat,Plataforma Web,Faturamento,Baixa,Premium,Nordeste,56,224.0,0,17,6,3,0,45,8,0,0,0.027,0,0,0,0,3,2,0
TCK-005815,Redes Sociais,Integrações,Problema Técnico,Baixa,Enterprise,Centro-Oeste,69,462.1,0,12,0,7,0,56,11,0,0,0.0222,0,0,0,0,3,2,0
TCK-005816,Formulário Web,Faturamento,Dúvida / Como Fazer,Média,Free,Nordeste,23,111.9,0,5,1,4,0,56,10,1,0,0.0217,0,0,0,0,3,2,0
TCK-005817,Telefone,API,Faturamento,Alta,Free,Norte,68,67.5,0,10,5,5,1,103,16,1,0,0.0238,0,0,0,0,3,2,0
TCK-005818,Email,Plataforma Web,Solicitação de Recurso,Crítica,Premium,Sudeste,34,28.4,0,15,1,9,1,55,8,0,0,0.0638,0,0,0,0,3,2,0
TCK-005819,Telefone,API,Cancelamento,Baixa,Basic,Nordeste,10,353.2,0,4,4,7,0,51,8,0,0,0.0233,1,0,0,1,3,2,0
TCK-005820,Email,API,Acesso e Conta,Alta,Free,Sudeste,57,80.8,0,11,3,6,0,54,10,0,0,0.0233,0,0,0,0,3,2,0
TCK-005821,Redes Sociais,Plataforma Web,Acesso e Conta,Baixa,Premium,Nordeste,69,196.9,0,13,4,1,0,64,9,0,0,0.037,1,0,0,0,3,2,0
TCK-005822,Email,Plataforma Web,Faturamento,Baixa,Free,Nordeste,26,471.2,0,0,2,1,0,45,8,0,0,0.027,0,0,0,0,3,2,0
TCK-005823,Email,Relatórios,Problema Técnico,Média,Free,Norte,56,155.6,0,12,1,7,0,55,10,0,0,0.0222,0,0,0,0,3,2,0
TCK-005824,Telefone,API,Bug / Defeito,Baixa,Free,Sul,35,244.5,0,0,0,2,0,46,9,0,0,0.0303,2,0,0,1,3,2,0
TCK-005825,Chat,API,Acesso e Conta,Média,Free,Sudeste,63,187.2,0,17,4,1,0,171,25,0,0,0.0352,2,0,0,0,3,2,0
TCK-005826,Telefone,Integrações,Problema Técnico,Média,Enterprise,Sul,33,163.9,1,4,3,4,0,55,10,0,0,0.0222,0,0,0,0,4,3,1
TCK-005827,Email,API,Problema Técnico,Média,Basic,Sul,79,142.2,0,8,5,11,0,56,11,0,0,0.0222,0,0,0,0,3,2,0
TCK-005828,Redes Sociais,Integrações,Dúvida / Como Fazer,Média,Free,Sudeste,60,185.8,0,2,1,1,0,57,10,1,0,0.0213,0,0,0,0,3,2,0
TCK-005829,Redes Sociais,Integrações,Bug / Defeito,Média,Basic,Norte,41,134.1,1,19,5,1,1,61,11,0,0,0.0408,0,0,0,1,4,3,1
TCK-005830,Email,API,Bug / Defeito,Alta,Free,Sul,27,88.0,0,7,2,12,1,90,16,0,0,0.0294,2,0,0,1,3,2,0
TCK-005831,Formulário Web,API,Problema Técnico,Média,Basic,Sudeste,45,172.8,0,23,1,7,0,56,11,0,0,0.0222,0,0,0,0,3,2,0
TCK-005832,Telefone,API,Faturamento,Crítica,Free,Norte,22,32.0,0,5,0,6,1,106,18,0,0,0.0235,1,1,0,0,3,2,0
TCK-005833,Chat,API,Dúvida / Como Fazer,Alta,Free,Nordeste,73,65.5,0,1,1,8,0,56,10,1,0,0.0217,0,0,0,0,3,2,0
TCK-005834,Telefone,App Mobile,Problema Técnico,Baixa,Basic,Centro-Oeste,48,199.8,0,17,4,11,0,55,10,0,0,0.0222,0,0,0,0,3,2,0
TCK-005835,Chat,Relatórios,Bug / Defeito,Média,Basic,Sudeste,52,95.2,1,18,6,8,0,61,11,0,0,0.0408,0,0,0,1,4,3,1
TCK-005836,Email,Integrações,Dúvida / Como Fazer,Média,Premium,Nordeste,13,180.7,0,20,6,9,0,56,10,1,0,0.0217,0,0,0,0,3,2,0
TCK-005837,Formulário Web,App Mobile,Solicitação de Recurso,Crítica,Premium,Centro-Oeste,49,37.5,0,10,5,5,1,55,8,0,0,0.0638,0,0,0,0,3,2,0
TCK-005838,Email,Plataforma Web,Faturamento,Crítica,Enterprise,Norte,32,37.0,0,21,6,10,1,201,34,0,0,0.0247,3,1,0,0,3,2,0
TCK-005839,Formulário Web,Plataforma Web,Cancelamento,Crítica,Enterprise,Sudeste,85,66.2,0,13,3,12,1,85,13,0,0,0.0282,2,0,0,1,3,2,0
TCK-005840,Chat,Relatórios,Solicitação de Recurso,Média,Free,Sul,20,101.3,0,5,6,4,1,55,8,0,0,0.0638,0,0,0,0,3,2,0
TCK-005841,Formulário Web,Relatórios,Bug / Defeito,Alta,Premium,Nordeste,23,57.8,0,19,1,11,1,61,11,0,0,0.0408,0,0,0,1,3,2,0
TCK-005842,Telefone,Integrações,Cancelamento,Baixa,Premium,Norte,64,233.7,0,22,0,3,0,55,8,0,0,0.0217,1,0,1,0,3,2,0
TCK-005843,Formulário Web,API,Acesso e Conta,Alta,Basic,Sul,17,40.7,0,16,0,6,0,54,10,0,0,0.0233,0,0,0,0,3,2,0
TCK-005844,Email,Integrações,Dúvida / Como Fazer,Média,Premium,Centro-Oeste,50,119.4,0,8,0,5,0,57,10,1,0,0.0213,0,0,0,0,3,2,0
TCK-005845,Formulário Web,Integrações,Bug / Defeito,Baixa,Free,Centro-Oeste,27,287.8,0,4,1,8,0,61,10,0,0,0.02,1,0,0,1,3,2,0
TCK-005846,Email,App Mobile,Bug / Defeito,Média,Basic,Nordeste,42,199.6,0,11,0,8,1,61,10,0,0,0.02,1,0,0,1,3,2,0
TCK-005847,Redes Sociais,Faturamento,Cancelamento,Média,Free,Norte,17,101.7,0,3,4,4,0,51,8,0,0,0.0233,1,0,0,1,3,2,0
TCK-005848,Email,Plataforma Web,Bug / Defeito,Alta,Free,Norte,58,101.7,0,13,1,8,1,61,11,0,0,0.0408,0,0,0,1,3,2,0
TCK-005849,Email,Integrações,Problema Técnico,Baixa,Basic,Norte,27,281.9,0,4,2,10,0,59,10,0,0,0.0204,1,0,0,1,3,2,0
TCK-005850,Email,App Mobile,Cancelamento,Alta,Basic,Norte,54,65.0,0,12,6,6,0,95,15,0,0,0.0256,2,0,1,0,3,2,0
TCK-005851,Telefone,Faturamento,Faturamento,Alta,Premium,Norte,46,75.1,0,20,5,8,0,45,8,0,0,0.027,0,0,0,0,3,2,0
TCK-005852,Email,Plataforma Web,Dúvida / Como Fazer,Média,Premium,Sudeste,48,170.9,0,20,3,1,0,56,10,1,0,0.0217,0,0,0,0,3,2,0
TCK-005853,Email,Integrações,Acesso e Conta,Média,Enterprise,Centro-Oeste,62,279.3,0,10,5,5,0,54,10,0,0,0.0233,0,0,0,0,3,2,0
TCK-005854,Email,API,Acesso e Conta,Alta,Premium,Sudeste,46,73.1,0,22,1,5,0,64,9,0,0,0.037,1,0,0,0,3,2,0
TCK-005855,Chat,Plataforma Web,Solicitação de Recurso,Média,Free,Nordeste,27,130.9,0,19,3,9,1,55,8,0,0,0.0638,0,0,0,0,3,2,0
TCK-005856,Formulário Web,API,Faturamento,Baixa,Free,Centro-Oeste,47,259.7,0,22,1,10,0,62,11,0,0,0.02,1,1,0,0,3,2,0
TCK-005857,Telefone,Faturamento,Acesso e Conta,Média,Basic,Sul,49,79.4,1,5,4,1,0,54,10,0,0,0.0233,0,0,0,0,4,3,1
TCK-005858,Email,API,Problema Técnico,Baixa,Free,Centro-Oeste,1,75.3,0,19,4,3,0,59,10,0,0,0.0204,1,0,0,1,3,2,0
TCK-005859,Email,Relatórios,Problema Técnico,Baixa,Basic,Norte,24,169.2,0,19,6,8,0,55,10,0,0,0.0222,0,0,0,0,3,2,0
TCK-005860,Email,Integrações,Acesso e Conta,Baixa,Free,Centro-Oeste,9,231.6,1,4,1,6,0,54,10,0,0,0.0233,0,0,0,0,4,3,1
TCK-005861,Telefone,Integrações,Cancelamento,Baixa,Premium,Centro-Oeste,55,298.1,0,18,5,3,0,61,10,0,0,0.02,1,0,1,0,3,2,0
TCK-005862,Redes Sociais,Faturamento,Acesso e Conta,Média,Free,Nordeste,50,224.8,0,2,5,9,0,54,10,0,0,0.0233,0,0,0,0,3,2,0
TCK-005863,Telefone,Relatórios,Acesso e Conta,Média,Basic,Sul,15,85.2,0,3,0,7,0,64,12,0,0,0.0192,0,0,0,0,3,2,0
TCK-005864,Email,Relatórios,Acesso e Conta,Média,Enterprise,Norte,14,329.8,0,14,2,9,0,54,10,0,0,0.0233,0,0,0,0,3,2,0
TCK-005865,Email,App Mobile,Problema Técnico,Baixa,Free,Sul,0,264.4,0,1,2,1,0,56,11,0,0,0.0222,0,0,0,0,3,2,0
TCK-005866,Telefone,App Mobile,Acesso e Conta,Média,Premium,Sul,35,185.5,0,0,6,5,0,64,9,0,0,0.037,1,0,0,0,3,2,0
TCK-005867,Chat,Relatórios,Bug / Defeito,Alta,Basic,Centro-Oeste,59,70.8,0,19,1,2,1,61,11,0,0,0.0408,0,0,0,1,3,2,0
TCK-005868,Chat,App Mobile,Cancelamento,Alta,Basic,Sul,36,47.7,0,23,5,8,1,198,31,0,1,0.0248,3,0,1,0,3,2,0
TCK-005869,Email,Faturamento,Cancelamento,Alta,Free,Centro-Oeste,7,39.5,0,3,4,10,0,51,8,0,0,0.0233,1,0,0,1,3,2,0
TCK-005870,Telefone,API,Acesso e Conta,Baixa,Free,Centro-Oeste,64,189.0,0,1,5,3,0,54,10,0,0,0.0233,0,0,0,0,3,2,0
TCK-005871,Email,API,Problema Técnico,Alta,Premium,Nordeste,15,138.2,1,1,3,8,1,59,10,0,0,0.0204,1,0,0,1,4,3,1
TCK-005872,Email,API,Dúvida / Como Fazer,Baixa,Basic,Sudeste,41,196.8,0,16,3,4,0,53,9,0,0,0.0227,0,0,0,0,3,2,0
TCK-005873,Email,Relatórios,Solicitação de Recurso,Média,Premium,Norte,42,133.5,0,4,2,10,1,153,23,0,0,0.0547,0,0,0,0,3,2,0
TCK-005874,Email,Integrações,Problema Técnico,Média,Premium,Norte,29,235.8,0,2,4,10,0,55,10,0,0,0.0222,0,0,0,0,3,2,0
TCK-005875,Formulário Web,Faturamento,Cancelamento,Média,Basic,Nordeste,23,89.1,0,7,3,4,0,61,10,0,0,0.02,1,0,1,0,3,2,0
TCK-005876,Chat,Integrações,Problema Técnico,Média,Free,Norte,41,120.2,0,18,2,12,0,161,27,0,0,0.0227,2,0,0,1,3,2,0
TCK-005877,Email,Relatórios,Bug / Defeito,Média,Basic,Centro-Oeste,0,54.6,0,19,5,7,0,61,11,0,0,0.0408,0,0,0,1,3,2,0
TCK-005878,Email,Integrações,Acesso e Conta,Crítica,Free,Centro-Oeste,47,41.7,0,12,2,4,1,64,12,0,0,0.0192,0,0,0,0,3,2,0
TCK-005879,Email,API,Acesso e Conta,Crítica,Free,Norte,19,24.6,0,1,2,1,0,109,20,0,1,0.023,1,0,0,0,3,2,0
TCK-005880,Email,Integrações,Acesso e Conta,Média,Free,Norte,33,77.3,0,4,6,7,0,171,31,0,0,0.0217,0,0,0,0,3,2,0
TCK-005881,Email,Relatórios,Problema Técnico,Baixa,Free,Sudeste,39,221.9,0,16,3,11,0,56,11,0,0,0.0222,0,0,0,0,3,2,0
TCK-005882,Email,Faturamento,Bug / Defeito,Baixa,Free,Nordeste,26,104.4,0,12,0,2,1,61,10,0,0,0.02,1,0,0,1,3,2,0
TCK-005883,Redes Sociais,App Mobile,Faturamento,Média,Basic,Sul,27,256.8,0,3,6,11,0,59,9,1,0,0.0204,0,0,0,0,3,2,0
TCK-005884,Chat,API,Problema Técnico,Baixa,Enterprise,Nordeste,31,285.4,0,0,2,2,0,56,11,0,0,0.0222,0,0,0,0,3,2,0
TCK-005885,Formulário Web,API,Bug / Defeito,Média,Premium,Sul,34,91.1,1,4,2,12,1,61,11,0,0,0.0408,0,0,0,1,4,3,1
TCK-005886,Chat,Integrações,Faturamento,Média,Free,Nordeste,34,65.6,0,23,6,6,0,59,9,1,0,0.0204,0,0,0,0,3,2,0
TCK-005887,Email,App Mobile,Acesso e Conta,Baixa,Free,Sudeste,36,121.7,0,10,0,1,0,64,9,0,0,0.037,1,0,0,0,3,2,0
TCK-005888,Formulário Web,Integrações,Acesso e Conta,Crítica,Enterprise,Centro-Oeste,37,32.4,0,8,2,10,0,151,27,0,0,0.025,0,0,0,0,3,2,0
TCK-005889,Email,Integrações,Cancelamento,Baixa,Basic,Sudeste,32,432.2,0,18,3,5,0,51,8,0,0,0.0233,1,0,0,1,3,2,0
TCK-005890,Chat,API,Dúvida / Como Fazer,Alta,Basic,Centro-Oeste,39,45.8,0,1,1,11,0,90,15,1,0,0.027,1,0,0,0,3,2,0
TCK-005891,Telefone,Integrações,Acesso e Conta,Alta,Enterprise,Centro-Oeste,62,64.5,0,12,2,7,0,98,17,0,0,0.025,1,0,0,0,3,2,0
TCK-005892,Email,Plataforma Web,Problema Técnico,Crítica,Basic,Centro-Oeste,31,25.8,0,13,2,7,1,101,19,0,1,0.025,1,0,0,0,3,2,0
TCK-005893,Redes Sociais,API,Dúvida / Como Fazer,Alta,Free,Norte,55,74.4,0,7,5,11,0,101,17,1,0,0.0244,0,0,0,0,3,2,0
TCK-005894,Telefone,API,Problema Técnico,Crítica,Basic,Sul,55,45.7,0,17,5,9,1,200,37,0,1,0.0252,1,0,0,0,3,2,0
TCK-005895,Chat,App Mobile,Faturamento,Alta,Premium,Sudeste,19,22.9,0,3,5,6,0,59,9,1,0,0.0204,0,0,0,0,3,2,0
TCK-005896,Email,Faturamento,Acesso e Conta,Média,Free,Norte,47,164.4,0,8,0,7,0,64,12,0,0,0.0192,0,0,0,0,3,2,0
TCK-005897,Email,Relatórios,Faturamento,Média,Free,Nordeste,41,124.5,0,9,3,8,0,59,9,1,0,0.0204,0,0,0,0,3,2,0
TCK-005898,Redes Sociais,App Mobile,Solicitação de Recurso,Baixa,Premium,Nordeste,17,356.1,0,0,2,4,0,40,7,0,0,0.0303,0,0,0,0,3,2,0
TCK-005899,Formulário Web,Plataforma Web,Dúvida / Como Fazer,Média,Basic,Nordeste,49,96.9,0,18,2,12,0,57,10,1,0,0.0213,0,0,0,0,3,2,0
TCK-005900,Email,Relatórios,Problema Técnico,Média,Premium,Centro-Oeste,29,104.5,0,22,4,9,0,59,10,0,0,0.0204,1,0,0,1,3,2,0
TCK-005901,Chat,API,Acesso e Conta,Média,Free,Nordeste,50,167.3,0,23,0,5,0,54,10,0,0,0.0233,0,0,0,0,3,2,0
TCK-005902,Chat,Relatórios,Acesso e Conta,Média,Enterprise,Centro-Oeste,62,222.6,0,18,3,10,0,54,10,0,0,0.0233,0,0,0,0,3,2,0
TCK-005903,Redes Sociais,Plataforma Web,Cancelamento,Baixa,Basic,Norte,20,340.4,1,4,4,5,0,61,10,0,0,0.02,1,0,1,0,4,3,1
TCK-005904,Redes Sociais,Plataforma Web,Dúvida / Como Fazer,Média,Premium,Sudeste,43,132.5,0,17,6,6,0,53,9,0,0,0.0227,0,0,0,0,3,2,0
TCK-005905,Email,Integrações,Cancelamento,Média,Enterprise,Sul,20,123.8,0,8,3,5,0,55,8,0,0,0.0217,1,0,1,0,3,2,0
TCK-005906,Telefone,Faturamento,Dúvida / Como Fazer,Alta,Enterprise,Sudeste,66,126.6,0,14,5,6,0,101,18,1,1,0.0247,1,0,0,0,3,2,0
TCK-005907,Formulário Web,App Mobile,Problema Técnico,Baixa,Free,Norte,0,308.9,0,3,4,9,1,59,10,0,0,0.0204,1,0,0,1,3,2,0
TCK-005908,Redes Sociais,App Mobile,Cancelamento,Alta,Basic,Norte,39,83.1,0,18,5,1,0,165,27,0,0,0.0224,2,0,1,0,3,2,0
TCK-005909,Email,Faturamento,Cancelamento,Média,Free,Nordeste,35,300.9,0,0,0,5,0,145,23,0,0,0.025,2,0,0,1,3,2,0
TCK-005910,Chat,Integrações,Acesso e Conta,Alta,Premium,Nordeste,20,41.0,0,19,3,10,0,64,12,0,0,0.0192,0,0,0,0,3,2,0
TCK-005911,Formulário Web,Relatórios,Acesso e Conta,Média,Free,Nordeste,50,105.5,0,8,4,5,0,64,12,0,0,0.0192,0,0,0,0,3,2,0
TCK-005912,Email,Plataforma Web,Problema Técnico,Média,Enterprise,Norte,30,124.9,0,10,3,2,0,59,10,0,0,0.0204,1,0,0,1,3,2,0
TCK-005913,Chat,Faturamento,Problema Técnico,Alta,Free,Centro-Oeste,62,43.5,0,8,1,9,1,55,10,0,0,0.0222,0,0,0,0,3,2,0
TCK-005914,Chat,Faturamento,Dúvida / Como Fazer,Média,Basic,Sudeste,45,101.4,0,15,4,11,0,155,27,2,0,0.0238,0,0,0,0,3,2,0
TCK-005915,Chat,Relatórios,Problema Técnico,Baixa,Basic,Sudeste,29,202.2,0,21,1,11,0,161,27,0,0,0.0227,2,0,0,1,3,2,0
TCK-005916,Chat,App Mobile,Problema Técnico,Média,Basic,Centro-Oeste,12,91.4,0,19,4,4,0,59,10,0,0,0.0204,1,0,0,1,3,2,0
TCK-005917,Chat,Integrações,Faturamento,Média,Premium,Nordeste,0,65.4,0,3,3,1,0,45,8,0,0,0.027,0,0,0,0,3,2,0
TCK-005918,Email,Faturamento,Faturamento,Crítica,Enterprise,Sul,62,60.3,0,8,3,11,1,90,16,0,1,0.0278,1,0,0,0,3,2,0
TCK-005919,Chat,Relatórios,Problema Técnico,Média,Enterprise,Nordeste,54,134.3,0,3,6,9,0,155,29,0,0,0.0242,0,0,0,0,3,2,0
TCK-005920,Formulário Web,Relatórios,Cancelamento,Baixa,Enterprise,Centro-Oeste,41,179.8,0,6,2,7,0,51,8,0,0,0.0233,1,0,0,1,3,2,0
TCK-005921,Formulário Web,Integrações,Solicitação de Recurso,Baixa,Free,Nordeste,52,352.8,0,8,1,11,0,40,7,0,0,0.0303,0,0,0,0,3,2,0
TCK-005922,Formulário Web,Plataforma Web,Faturamento,Baixa,Basic,Sul,8,262.0,0,7,0,8,0,133,23,0,0,0.0278,0,0,0,0,3,2,0
TCK-005923,Formulário Web,Faturamento,Dúvida / Como Fazer,Alta,Basic,Sul,3,22.7,0,3,0,7,0,53,9,0,0,0.0227,0,0,0,0,3,2,0
TCK-005924,Email,Relatórios,Acesso e Conta,Média,Enterprise,Sudeste,62,125.9,0,17,6,1,0,64,12,0,0,0.0192,0,0,0,0,3,2,0
TCK-005925,Chat,API,Acesso e Conta,Baixa,Free,Centro-Oeste,51,159.1,0,13,2,11,0,64,12,0,0,0.0192,0,0,0,0,3,2,0
TCK-005926,Chat,Plataforma Web,Acesso e Conta,Alta,Free,Norte,32,30.7,0,16,3,8,0,54,10,0,0,0.0233,0,0,0,0,3,2,0
TCK-005927,Formulário Web,Integrações,Bug / Defeito,Média,Premium,Centro-Oeste,43,122.3,0,8,6,3,1,61,11,0,0,0.0408,0,0,0,1,3,2,0
TCK-005928,Chat,App Mobile,Acesso e Conta,Baixa,Free,Nordeste,71,362.7,0,10,6,6,0,64,12,0,0,0.0192,0,0,0,0,3,2,0
TCK-005929,Telefone,Plataforma Web,Cancelamento,Baixa,Free,Nordeste,69,253.5,0,11,3,7,0,55,8,0,0,0.0217,1,0,1,0,3,2,0
TCK-005930,Chat,API,Faturamento,Crítica,Premium,Norte,26,18.9,0,17,4,9,0,161,25,2,0,0.0227,0,0,0,0,3,2,0
TCK-005931,Formulário Web,Relatórios,Cancelamento,Crítica,Basic,Norte,68,47.9,0,14,5,5,1,165,27,0,0,0.0224,2,0,1,0,3,2,0
TCK-005932,Email,Faturamento,Solicitação de Recurso,Baixa,Basic,Norte,46,239.7,0,21,5,12,0,57,9,1,0,0.0208,0,0,0,0,3,2,0
TCK-005933,Chat,Integrações,Bug / Defeito,Baixa,Premium,Sudeste,17,108.9,0,23,0,5,0,165,27,0,0,0.0224,2,0,0,1,3,2,0
TCK-005934,Formulário Web,App Mobile,Solicitação de Recurso,Crítica,Premium,Norte,46,45.3,0,19,5,4,1,89,13,0,0,0.0533,1,0,0,0,3,2,0
TCK-005935,Email,API,Solicitação de Recurso,Média,Free,Norte,33,135.2,0,19,5,9,1,40,7,0,0,0.0303,0,0,0,0,3,2,0
TCK-005936,Chat,Plataforma Web,Cancelamento,Média,Basic,Nordeste,52,217.8,0,21,4,5,0,61,10,0,0,0.02,1,0,1,0,3,2,0
TCK-005937,Redes Sociais,App Mobile,Acesso e Conta,Média,Free,Sudeste,76,177.6,0,14,3,12,0,54,10,0,0,0.0233,0,0,0,0,3,2,0
TCK-005938,Email,Faturamento,Bug / Defeito,Baixa,Free,Sul,47,224.9,0,13,2,2,0,61,10,0,0,0.02,1,0,0,1,3,2,0
TCK-005939,Telefone,Faturamento,Problema Técnico,Crítica,Basic,Nordeste,51,44.8,0,19,1,6,1,100,18,0,1,0.025,1,0,0,0,3,2,0
TCK-005940,Redes Sociais,Integrações,Dúvida / Como Fazer,Média,Free,Norte,47,63.0,0,18,0,11,0,53,9,0,0,0.0227,0,0,0,0,3,2,0
TCK-005941,Telefone,Plataforma Web,Solicitação de Recurso,Média,Basic,Nordeste,38,199.4,0,21,2,9,0,57,9,1,0,0.0208,0,0,0,0,3,2,0
TCK-005942,Telefone,Relatórios,Bug / Defeito,Alta,Basic,Centro-Oeste,39,33.4,1,3,1,1,1,46,9,0,0,0.0303,2,0,0,1,4,3,1
TCK-005943,Chat,App Mobile,Problema Técnico,Baixa,Free,Norte,16,217.5,0,23,3,10,0,59,10,0,0,0.0204,1,0,0,1,3,2,0
TCK-005944,Email,Relatórios,Faturamento,Baixa,Enterprise,Sudeste,7,343.7,1,2,6,5,0,45,8,0,0,0.027,0,0,0,0,4,3,1
TCK-005945,Email,Relatórios,Acesso e Conta,Média,Free,Centro-Oeste,32,99.9,0,11,5,4,0,64,9,0,0,0.037,1,0,0,0,3,2,0
TCK-005946,Formulário Web,Integrações,Dúvida / Como Fazer,Média,Premium,Nordeste,26,114.7,0,21,0,9,0,57,10,1,0,0.0213,0,0,0,0,3,2,0
TCK-005947,Redes Sociais,Plataforma Web,Dúvida / Como Fazer,Alta,Free,Centro-Oeste,38,41.7,0,3,1,12,0,200,35,2,1,0.0248,1,0,0,0,3,2,0
TCK-005948,Chat,Plataforma Web,Dúvida / Como Fazer,Crítica,Free,Nordeste,72,52.0,0,17,6,8,0,56,10,1,0,0.0217,0,0,0,0,3,2,0
TCK-005949,Chat,Integrações,Acesso e Conta,Média,Free,Centro-Oeste,42,148.9,0,12,6,2,0,54,10,0,0,0.0233,0,0,0,0,3,2,0
TCK-005950,Redes Sociais,Faturamento,Cancelamento,Baixa,Basic,Nordeste,10,223.1,0,2,1,8,0,55,8,0,0,0.0217,1,0,1,0,3,2,0
TCK-005951,Email,Integrações,Cancelamento,Crítica,Free,Sul,23,21.7,0,15,4,3,1,61,10,0,0,0.02,1,0,1,0,3,2,0
TCK-005952,Chat,Plataforma Web,Acesso e Conta,Média,Basic,Sudeste,31,66.9,0,3,1,11,0,64,12,0,0,0.0192,0,0,0,0,3,2,0
TCK-005953,Redes Sociais,API,Problema Técnico,Média,Basic,Norte,49,261.1,0,4,0,4,0,55,10,0,0,0.0222,0,0,0,0,3,2,0
TCK-005954,Redes Sociais,App Mobile,Solicitação de Recurso,Baixa,Premium,Centro-Oeste,68,425.6,0,15,2,2,0,57,9,1,0,0.0208,0,0,0,0,3,2,0
TCK-005955,Email,Integrações,Faturamento,Média,Basic,Sudeste,31,206.5,0,6,5,6,0,45,8,0,0,0.027,0,0,0,0,3,2,0
TCK-005956,Redes Sociais,Plataforma Web,Acesso e Conta,Baixa,Premium,Norte,25,126.0,0,5,3,12,0,171,25,0,0,0.0352,2,0,0,0,3,2,0
TCK-005957,Chat,Faturamento,Acesso e Conta,Alta,Premium,Norte,18,60.2,0,7,2,4,0,98,17,0,0,0.025,1,0,0,0,3,2,0
TCK-005958,Telefone,API,Problema Técnico,Média,Premium,Sul,8,145.9,0,21,2,10,0,56,11,0,0,0.0222,0,0,0,0,3,2,0
TCK-005959,Email,Relatórios,Faturamento,Média,Free,Sul,36,293.0,0,4,2,8,0,59,9,1,0,0.0204,0,0,0,0,3,2,0
TCK-005960,Email,Faturamento,Solicitação de Recurso,Alta,Basic,Centro-Oeste,24,39.3,0,21,1,5,1,57,9,1,0,0.0208,0,0,0,0,3,2,0
TCK-005961,Formulário Web,Faturamento,Solicitação de Recurso,Média,Enterprise,Centro-Oeste,30,425.0,0,1,1,12,0,153,23,0,0,0.0547,0,0,0,0,3,2,0
TCK-005962,Redes Sociais,App Mobile,Dúvida / Como Fazer,Baixa,Free,Nordeste,58,467.3,0,12,1,10,0,56,10,1,0,0.0217,0,0,0,0,3,2,0
TCK-005963,Chat,Integrações,Dúvida / Como Fazer,Baixa,Basic,Nordeste,18,166.7,0,5,0,5,0,53,9,0,0,0.0227,0,0,0,0,3,2,0
TCK-005964,Chat,API,Bug / Defeito,Baixa,Basic,Nordeste,54,205.6,0,11,6,8,0,61,10,0,0,0.02,1,0,0,1,3,2,0
TCK-005965,Telefone,Integrações,Dúvida / Como Fazer,Média,Enterprise,Centro-Oeste,28,153.6,0,13,0,10,0,149,25,0,0,0.0246,0,0,0,0,3,2,0
TCK-005966,Telefone,Faturamento,Problema Técnico,Média,Basic,Sul,1,65.1,0,0,6,8,0,55,10,0,0,0.0222,0,0,0,0,3,2,0
TCK-005967,Chat,App Mobile,Cancelamento,Alta,Free,Norte,60,131.4,0,19,3,5,0,145,23,0,0,0.025,2,0,0,1,3,2,0
TCK-005968,Chat,Plataforma Web,Acesso e Conta,Baixa,Free,Nordeste,49,190.1,0,15,4,2,0,64,12,0,0,0.0192,0,0,0,0,3,2,0
TCK-005969,Chat,Integrações,Dúvida / Como Fazer,Baixa,Premium,Sudeste,68,173.8,0,11,0,12,0,56,10,1,0,0.0217,0,0,0,0,3,2,0
TCK-005970,Chat,Plataforma Web,Problema Técnico,Média,Premium,Sudeste,9,62.4,1,22,6,12,0,161,27,0,0,0.0227,2,0,0,1,4,3,1
TCK-005971,Email,Plataforma Web,Acesso e Conta,Média,Basic,Centro-Oeste,15,60.6,0,20,2,4,0,54,10,0,0,0.0233,0,0,0,0,3,2,0
TCK-005972,Email,App Mobile,Cancelamento,Crítica,Premium,Norte,36,35.0,0,9,3,10,0,85,13,0,0,0.0282,2,0,0,1,3,2,0
TCK-005973,Email,API,Dúvida / Como Fazer,Alta,Basic,Sul,76,116.2,0,10,4,12,0,53,9,0,0,0.0227,0,0,0,0,3,2,0
TCK-005974,Chat,Relatórios,Dúvida / Como Fazer,Média,Premium,Nordeste,59,107.4,0,14,6,9,0,149,25,0,0,0.0246,0,0,0,0,3,2,0
TCK-005975,Formulário Web,Relatórios,Cancelamento,Média,Free,Sudeste,77,240.1,0,15,5,3,0,145,23,0,0,0.025,2,0,0,1,3,2,0
TCK-005976,Formulário Web,Integrações,Acesso e Conta,Média,Free,Centro-Oeste,54,134.8,0,23,6,5,0,64,12,0,0,0.0192,0,0,0,0,3,2,0
TCK-005977,Redes Sociais,App Mobile,Solicitação de Recurso,Alta,Premium,Sudeste,14,34.3,0,11,6,2,1,40,7,0,0,0.0303,0,0,0,0,3,2,0
TCK-005978,Email,API,Acesso e Conta,Alta,Enterprise,Sul,13,48.4,1,5,5,5,0,151,27,0,0,0.025,0,0,0,0,4,3,1
TCK-005979,Telefone,Integrações,Problema Técnico,Média,Enterprise,Centro-Oeste,30,165.9,0,13,2,7,0,56,11,0,0,0.0222,0,0,0,0,3,2,0
TCK-005980,Redes Sociais,API,Problema Técnico,Baixa,Free,Sudeste,52,276.0,0,14,0,1,1,155,29,0,0,0.0242,0,0,0,0,3,2,0
TCK-005981,Email,Faturamento,Faturamento,Média,Basic,Sudeste,14,340.8,0,22,4,10,0,62,11,0,0,0.02,1,1,0,0,3,2,0
TCK-005982,Telefone,Faturamento,Problema Técnico,Média,Premium,Sudeste,42,82.7,0,22,2,1,0,155,29,0,0,0.0242,0,0,0,0,3,2,0
TCK-005983,Chat,Faturamento,Acesso e Conta,Média,Basic,Sul,39,55.6,0,5,4,5,0,64,12,0,0,0.0192,0,0,0,0,3,2,0
TCK-005984,Email,App Mobile,Dúvida / Como Fazer,Alta,Free,Sudeste,10,31.5,0,19,3,6,0,56,10,1,0,0.0217,0,0,0,0,3,2,0
TCK-005985,Formulário Web,Relatórios,Problema Técnico,Média,Basic,Norte,63,178.7,0,19,5,8,0,161,27,0,0,0.0227,2,0,0,1,3,2,0
TCK-005986,Chat,Integrações,Problema Técnico,Crítica,Basic,Norte,46,36.0,0,3,5,8,1,59,10,0,0,0.0204,1,0,0,1,3,2,0
TCK-005987,Redes Sociais,Integrações,Acesso e Conta,Baixa,Premium,Norte,35,222.6,0,10,6,6,0,171,25,0,0,0.0352,2,0,0,0,3,2,0
TCK-005988,Email,Integrações,Faturamento,Baixa,Free,Norte,39,177.3,0,14,4,12,0,59,9,1,0,0.0204,0,0,0,0,3,2,0
TCK-005989,Formulário Web,Relatórios,Problema Técnico,Baixa,Enterprise,Nordeste,96,238.3,0,11,0,3,0,59,10,0,0,0.0204,1,0,0,1,3,2,0
TCK-005990,Email,Plataforma Web,Dúvida / Como Fazer,Média,Enterprise,Sul,42,121.3,0,2,1,5,0,56,10,1,0,0.0217,0,0,0,0,3,2,0
TCK-005991,Telefone,API,Acesso e Conta,Alta,Free,Nordeste,48,92.4,0,13,6,7,0,109,17,0,1,0.0337,2,0,0,0,3,2,0
TCK-005992,Telefone,Plataforma Web,Dúvida / Como Fazer,Crítica,Free,Centro-Oeste,8,10.4,0,12,1,7,0,57,10,1,0,0.0213,0,0,0,0,3,2,0
TCK-005993,Chat,Faturamento,Problema Técnico,Crítica,Basic,Nordeste,18,41.8,0,4,6,6,1,89,15,0,0,0.0274,1,0,0,0,3,2,0
TCK-005994,Chat,API,Problema Técnico,Alta,Basic,Centro-Oeste,13,32.1,0,15,3,6,1,59,10,0,0,0.0204,1,0,0,1,3,2,0
TCK-005995,Formulário Web,API,Faturamento,Baixa,Basic,Sudeste,9,174.7,0,20,3,2,0,59,9,1,0,0.0204,0,0,0,0,3,2,0
TCK-005996,Chat,Plataforma Web,Dúvida / Como Fazer,Baixa,Free,Centro-Oeste,32,156.7,0,2,3,4,0,56,10,1,0,0.0217,0,0,0,0,3,2,0
TCK-005997,Email,Faturamento,Problema Técnico,Média,Enterprise,Centro-Oeste,41,227.2,0,8,6,11,0,161,27,0,0,0.0227,2,0,0,1,3,2,0
TCK-005998,Telefone,App Mobile,Acesso e Conta,Baixa,Basic,Nordeste,27,248.5,0,3,2,8,0,64,9,0,0,0.037,1,0,0,0,3,2,0
TCK-005999,Email,Integrações,Acesso e Conta,Alta,Free,Norte,19,38.4,1,16,3,2,0,64,12,0,0,0.0192,0,0,0,0,4,3,1
TCK-006000,Chat,Relatórios,Problema Técnico,Baixa,Free,Norte,96,260.5,0,6,1,11,0,55,10,0,0,0.0222,0,0,0,0,3,2,0
TCK-006001,Chat,API,Cancelamento,Média,Free,Sudeste,61,90.2,0,15,6,8,0,55,8,0,0,0.0217,1,0,1,0,3,2,0
TCK-006002,Email,App Mobile,Cancelamento,Média,Free,Nordeste,36,164.4,0,21,1,11,0,55,8,0,0,0.0217,1,0,1,0,3,2,0
TCK-006003,Formulário Web,App Mobile,Acesso e Conta,Alta,Basic,Nordeste,37,107.1,0,2,2,2,0,64,12,0,0,0.0192,0,0,0,0,3,2,0
TCK-006004,Email,Relatórios,Problema Técnico,Média,Enterprise,Nordeste,32,111.7,0,21,0,7,0,55,10,0,0,0.0222,0,0,0,0,3,2,0
TCK-006005,Redes Sociais,Integrações,Acesso e Conta,Média,Premium,Sudeste,21,135.7,0,6,4,5,0,64,12,0,0,0.0192,0,0,0,0,3,2,0
TCK-006006,Email,Integrações,Problema Técnico,Alta,Basic,Centro-Oeste,32,47.7,0,22,5,8,1,100,18,0,0,0.025,0,0,0,0,3,2,0
TCK-006007,Chat,App Mobile,Bug / Defeito,Média,Enterprise,Nordeste,48,248.3,0,14,3,3,0,165,27,0,0,0.0224,2,0,0,1,3,2,0
TCK-006008,Chat,App Mobile,Dúvida / Como Fazer,Média,Basic,Centro-Oeste,54,148.5,0,15,1,2,0,57,10,1,0,0.0213,0,0,0,0,3,2,0
TCK-006009,Chat,Relatórios,Problema Técnico,Baixa,Basic,Norte,16,618.2,0,0,2,12,0,59,10,0,0,0.0204,1,0,0,1,3,2,0
TCK-006010,Chat,API,Acesso e Conta,Média,Premium,Sul,66,86.8,0,13,4,6,0,54,10,0,0,0.0233,0,0,0,0,3,2,0
TCK-006011,Chat,Faturamento,Acesso e Conta,Crítica,Enterprise,Sudeste,45,37.6,0,18,4,1,0,98,17,0,0,0.025,1,0,0,0,3,2,0
TCK-006012,Redes Sociais,Integrações,Problema Técnico,Média,Free,Sul,80,218.8,0,12,4,1,0,55,10,0,0,0.0222,0,0,0,0,3,2,0
TCK-006013,Chat,API,Bug / Defeito,Baixa,Basic,Centro-Oeste,36,125.9,0,13,0,12,0,135,25,0,0,0.03,4,0,0,1,3,2,0
TCK-006014,Formulário Web,Integrações,Cancelamento,Média,Enterprise,Sul,63,409.2,0,11,2,5,0,51,8,0,0,0.0233,1,0,0,1,3,2,0
TCK-006015,Email,App Mobile,Problema Técnico,Média,Basic,Norte,36,157.3,0,6,0,12,0,56,11,0,0,0.0222,0,0,0,0,3,2,0
TCK-006016,Telefone,Relatórios,Problema Técnico,Média,Premium,Sudeste,37,96.4,0,20,4,5,0,59,10,0,0,0.0204,1,0,0,1,3,2,0
TCK-006017,Telefone,Integrações,Faturamento,Média,Free,Centro-Oeste,23,169.0,0,7,0,8,0,59,9,1,0,0.0204,0,0,0,0,3,2,0
TCK-006018,Email,Integrações,Bug / Defeito,Baixa,Free,Nordeste,9,183.6,0,23,5,7,0,61,10,0,0,0.02,1,0,0,1,3,2,0
TCK-006019,Chat,Integrações,Bug / Defeito,Baixa,Basic,Sul,38,303.3,0,7,6,1,0,46,9,0,0,0.0303,2,0,0,1,3,2,0
TCK-006020,Chat,Faturamento,Problema Técnico,Baixa,Basic,Sul,11,133.0,0,8,4,7,0,59,10,0,0,0.0204,1,0,0,1,3,2,0
TCK-006021,Redes Sociais,Integrações,Problema Técnico,Alta,Premium,Centro-Oeste,55,101.1,0,11,3,7,1,100,18,0,0,0.025,0,0,0,0,3,2,0
TCK-006022,Chat,Plataforma Web,Problema Técnico,Média,Basic,Centro-Oeste,18,86.4,1,21,1,9,0,56,11,0,0,0.0222,0,0,0,0,4,3,1
TCK-006023,Telefone,Plataforma Web,Acesso e Conta,Alta,Free,Norte,12,22.5,1,20,4,11,0,54,10,0,0,0.0233,0,0,0,0,4,3,1
TCK-006024,Email,Faturamento,Faturamento,Baixa,Free,Nordeste,34,316.1,0,4,1,8,0,45,8,0,0,0.027,0,0,0,0,3,2,0
TCK-006025,Chat,API,Problema Técnico,Crítica,Enterprise,Sul,23,24.6,1,8,4,6,1,59,10,0,0,0.0204,1,0,0,1,4,3,1
TCK-006026,Email,Relatórios,Dúvida / Como Fazer,Média,Basic,Norte,32,80.5,0,23,3,7,0,57,10,1,0,0.0213,0,0,0,0,3,2,0
TCK-006027,Chat,App Mobile,Faturamento,Média,Basic,Norte,52,115.8,0,10,2,10,0,62,11,0,0,0.02,1,1,0,0,3,2,0
TCK-006028,Chat,Integrações,Problema Técnico,Média,Free,Nordeste,2,88.8,0,5,2,3,1,56,11,0,0,0.0222,0,0,0,0,3,2,0
TCK-006029,Chat,Relatórios,Faturamento,Média,Free,Norte,34,156.4,0,6,6,4,0,45,8,0,0,0.027,0,0,0,0,3,2,0
TCK-006030,Redes Sociais,Plataforma Web,Acesso e Conta,Baixa,Free,Sul,59,234.2,0,12,5,5,0,151,27,0,0,0.025,0,0,0,0,3,2,0
TCK-006031,Email,Faturamento,Bug / Defeito,Média,Free,Sul,64,357.6,0,13,5,9,1,61,11,0,0,0.0408,0,0,0,1,3,2,0
TCK-006032,Email,App Mobile,Dúvida / Como Fazer,Alta,Free,Nordeste,86,102.8,0,16,2,3,0,90,15,1,0,0.027,1,0,0,0,3,2,0
TCK-006033,Telefone,Plataforma Web,Dúvida / Como Fazer,Baixa,Enterprise,Sudeste,9,225.5,0,1,4,9,0,57,10,1,0,0.0213,0,0,0,0,3,2,0
TCK-006034,Email,Relatórios,Bug / Defeito,Crítica,Premium,Norte,31,24.6,0,8,6,9,1,106,19,0,1,0.0357,1,0,0,1,3,2,0
TCK-006035,Formulário Web,API,Dúvida / Como Fazer,Baixa,Basic,Centro-Oeste,85,210.2,0,11,4,12,0,53,9,0,0,0.0227,0,0,0,0,3,2,0
TCK-006036,Chat,Integrações,Acesso e Conta,Média,Basic,Nordeste,13,132.8,0,6,2,3,0,64,9,0,0,0.037,1,0,0,0,3,2,0
TCK-006037,Telefone,Faturamento,Solicitação de Recurso,Crítica,Premium,Centro-Oeste,42,37.2,0,17,2,12,1,157,25,2,0,0.0231,0,0,0,0,3,2,0
TCK-006038,Formulário Web,Plataforma Web,Cancelamento,Alta,Enterprise,Centro-Oeste,42,47.4,0,1,2,5,0,61,10,0,0,0.02,1,0,1,0,3,2,0
TCK-006039,Formulário Web,API,Cancelamento,Alta,Free,Sul,0,93.7,0,20,0,12,0,51,8,0,0,0.0233,1,0,0,1,3,2,0
TCK-006040,Formulário Web,App Mobile,Faturamento,Média,Premium,Nordeste,26,120.4,0,3,5,8,0,62,11,0,0,0.02,1,1,0,0,3,2,0
TCK-006041,Email,API,Cancelamento,Média,Free,Nordeste,35,66.5,0,9,0,5,0,51,8,0,0,0.0233,1,0,0,1,3,2,0
TCK-006042,Email,App Mobile,Faturamento,Baixa,Basic,Nordeste,29,505.6,0,8,0,3,0,59,9,1,0,0.0204,0,0,0,0,3,2,0
TCK-006043,Redes Sociais,API,Dúvida / Como Fazer,Baixa,Free,Sul,20,169.7,0,14,6,3,0,53,9,0,0,0.0227,0,0,0,0,3,2,0
TCK-006044,Formulário Web,API,Cancelamento,Alta,Basic,Sudeste,52,80.9,1,4,1,4,1,145,23,0,0,0.025,2,0,0,1,4,3,1
TCK-006045,Email,Faturamento,Problema Técnico,Alta,Basic,Nordeste,3,27.6,0,20,1,7,1,55,10,0,0,0.0222,0,0,0,0,3,2,0
TCK-006046,Email,Faturamento,Faturamento,Alta,Basic,Centro-Oeste,59,103.2,0,13,5,10,1,59,9,1,0,0.0204,0,0,0,0,3,2,0
TCK-006047,Email,Integrações,Cancelamento,Baixa,Free,Centro-Oeste,24,293.4,0,17,6,9,0,51,8,0,0,0.0233,1,0,0,1,3,2,0
TCK-006048,Email,App Mobile,Cancelamento,Média,Enterprise,Norte,50,102.4,0,5,4,5,0,51,8,0,0,0.0233,1,0,0,1,3,2,0
TCK-006049,Telefone,Plataforma Web,Solicitação de Recurso,Média,Premium,Nordeste,68,139.1,0,23,0,12,1,40,7,0,0,0.0303,0,0,0,0,3,2,0
TCK-006050,Email,Integrações,Dúvida / Como Fazer,Média,Basic,Centro-Oeste,20,80.8,0,18,1,6,0,155,27,2,0,0.0238,0,0,0,0,3,2,0
TCK-006051,Email,Faturamento,Acesso e Conta,Média,Basic,Nordeste,26,116.3,0,2,0,7,0,54,10,0,0,0.0233,0,0,0,0,3,2,0
TCK-006052,Telefone,Plataforma Web,Problema Técnico,Alta,Free,Norte,68,57.1,0,9,6,7,1,59,10,0,0,0.0204,1,0,0,1,3,2,0
TCK-006053,Redes Sociais,Plataforma Web,Problema Técnico,Média,Free,Sul,53,100.4,0,16,2,2,0,56,11,0,0,0.0222,0,0,0,0,3,2,0
TCK-006054,Email,Integrações,Solicitação de Recurso,Baixa,Free,Nordeste,51,176.7,0,10,0,9,0,57,9,1,0,0.0208,0,0,0,0,3,2,0
TCK-006055,Email,API,Dúvida / Como Fazer,Baixa,Enterprise,Centro-Oeste,38,350.6,0,5,0,9,0,53,9,0,0,0.0227,0,0,0,0,3,2,0
TCK-006056,Chat,Plataforma Web,Acesso e Conta,Média,Premium,Sul,63,94.3,0,23,6,12,0,171,31,0,0,0.0217,0,0,0,0,3,2,0
TCK-006057,Email,Relatórios,Acesso e Conta,Alta,Premium,Sul,50,49.1,0,22,2,10,0,109,17,0,1,0.0337,2,0,0,0,3,2,0
TCK-006058,Chat,API,Acesso e Conta,Baixa,Basic,Centro-Oeste,24,257.0,0,22,1,1,0,171,25,0,0,0.0352,2,0,0,0,3,2,0
TCK-006059,Formulário Web,Plataforma Web,Acesso e Conta,Baixa,Free,Sudeste,41,159.5,0,12,4,11,0,171,25,0,0,0.0352,2,0,0,0,3,2,0
TCK-006060,Redes Sociais,Relatórios,Bug / Defeito,Baixa,Free,Sudeste,38,308.2,0,6,2,3,0,61,10,0,0,0.02,1,0,0,1,3,2,0
TCK-006061,Email,API,Cancelamento,Baixa,Free,Nordeste,47,685.8,0,15,4,6,0,61,10,0,0,0.02,1,0,1,0,3,2,0
TCK-006062,Chat,Integrações,Problema Técnico,Alta,Free,Nordeste,48,62.5,1,11,3,11,1,55,10,0,0,0.0222,0,0,0,0,4,3,1
TCK-006063,Chat,Relatórios,Faturamento,Baixa,Basic,Centro-Oeste,17,194.3,0,2,6,3,0,59,9,1,0,0.0204,0,0,0,0,3,2,0
TCK-006064,Chat,Relatórios,Cancelamento,Média,Premium,Norte,38,105.3,0,1,2,11,0,55,8,0,0,0.0217,1,0,1,0,3,2,0
TCK-006065,Telefone,Plataforma Web,Faturamento,Média,Premium,Sudeste,31,160.5,0,9,1,7,0,59,9,1,0,0.0204,0,0,0,0,3,2,0
TCK-006066,Telefone,API,Faturamento,Média,Free,Centro-Oeste,25,146.5,0,1,3,12,0,133,23,0,0,0.0278,0,0,0,0,3,2,0
TCK-006067,Chat,Relatórios,Bug / Defeito,Baixa,Premium,Sul,18,243.2,0,22,6,9,0,46,9,0,0,0.0303,2,0,0,1,3,2,0
TCK-006068,Formulário Web,App Mobile,Dúvida / Como Fazer,Média,Premium,Nordeste,49,217.1,0,11,4,11,0,56,10,1,0,0.0217,0,0,0,0,3,2,0
TCK-006069,Chat,API,Bug / Defeito,Crítica,Free,Sudeste,55,43.5,0,1,1,10,1,95,15,0,0,0.0256,2,0,0,1,3,2,0
TCK-006070,Telefone,Faturamento,Bug / Defeito,Baixa,Enterprise,Sudeste,62,186.7,0,13,3,1,0,46,9,0,0,0.0303,2,0,0,1,3,2,0
TCK-006071,Telefone,Plataforma Web,Bug / Defeito,Média,Free,Sul,45,86.6,0,9,2,11,0,61,10,0,0,0.02,1,0,0,1,3,2,0
TCK-006072,Telefone,App Mobile,Dúvida / Como Fazer,Média,Enterprise,Norte,42,51.8,0,6,5,4,0,56,10,1,0,0.0217,0,0,0,0,3,2,0
TCK-006073,Email,Relatórios,Acesso e Conta,Baixa,Enterprise,Norte,65,457.7,1,14,5,7,0,54,10,0,0,0.0233,0,0,0,0,4,3,1
TCK-006074,Email,App Mobile,Solicitação de Recurso,Baixa,Premium,Norte,18,291.9,0,0,3,3,0,55,8,0,0,0.0638,0,0,0,0,3,2,0
TCK-006075,Redes Sociais,Relatórios,Problema Técnico,Média,Enterprise,Sudeste,63,170.3,0,12,0,8,0,59,10,0,0,0.0204,1,0,0,1,3,2,0
TCK-006076,Email,Plataforma Web,Dúvida / Como Fazer,Média,Basic,Nordeste,52,82.1,0,13,0,11,0,157,27,2,0,0.0234,0,0,0,0,3,2,0
TCK-006077,Chat,Plataforma Web,Acesso e Conta,Baixa,Enterprise,Nordeste,67,181.7,0,14,4,1,0,171,31,0,0,0.0217,0,0,0,0,3,2,0
TCK-006078,Email,Plataforma Web,Cancelamento,Média,Basic,Centro-Oeste,26,66.3,0,19,4,8,0,55,8,0,0,0.0217,1,0,1,0,3,2,0
TCK-006079,Email,Integrações,Faturamento,Média,Basic,Norte,0,163.1,0,19,0,8,0,59,9,1,0,0.0204,0,0,0,0,3,2,0
TCK-006080,Redes Sociais,Plataforma Web,Bug / Defeito,Média,Enterprise,Norte,42,207.4,0,0,6,6,0,61,10,0,0,0.02,1,0,0,1,3,2,0
TCK-006081,Email,API,Faturamento,Média,Basic,Norte,28,178.8,0,21,0,5,0,161,25,2,0,0.0227,0,0,0,0,3,2,0
TCK-006082,Email,App Mobile,Problema Técnico,Baixa,Free,Sudeste,71,378.6,0,18,0,1,0,59,10,0,0,0.0204,1,0,0,1,3,2,0
TCK-006083,Chat,Relatórios,Problema Técnico,Média,Free,Nordeste,24,95.8,0,4,0,1,0,59,10,0,0,0.0204,1,0,0,1,3,2,0
TCK-006084,Email,Plataforma Web,Bug / Defeito,Média,Free,Centro-Oeste,3,191.6,0,7,6,6,0,46,9,0,0,0.0303,2,0,0,1,3,2,0
TCK-006085,Email,Faturamento,Faturamento,Crítica,Premium,Nordeste,18,22.9,0,4,5,10,1,59,9,1,0,0.0204,0,0,0,0,3,2,0
TCK-006086,Telefone,API,Dúvida / Como Fazer,Média,Basic,Sul,95,208.4,0,11,3,1,0,53,9,0,0,0.0227,0,0,0,0,3,2,0
TCK-006087,Chat,App Mobile,Solicitação de Recurso,Alta,Premium,Sudeste,60,59.5,0,13,0,2,1,57,9,1,0,0.0208,0,0,0,0,3,2,0
TCK-006088,Formulário Web,Plataforma Web,Dúvida / Como Fazer,Baixa,Premium,Sudeste,26,166.7,0,7,5,9,0,57,10,1,0,0.0213,0,0,0,0,3,2,0
TCK-006089,Formulário Web,Relatórios,Cancelamento,Crítica,Free,Norte,14,25.0,0,21,2,5,0,95,15,0,0,0.0256,1,0,0,1,3,2,0
TCK-006090,Telefone,Faturamento,Acesso e Conta,Baixa,Basic,Nordeste,50,147.6,0,2,1,12,0,64,12,0,0,0.0192,0,0,0,0,3,2,0
TCK-006091,Formulário Web,Faturamento,Acesso e Conta,Alta,Free,Sul,53,64.4,0,9,3,2,0,88,15,0,0,0.0282,1,0,0,0,3,2,0
TCK-006092,Email,App Mobile,Problema Técnico,Média,Basic,Norte,63,228.3,0,13,5,7,0,55,10,0,0,0.0222,0,0,0,0,3,2,0
TCK-006093,Formulário Web,Faturamento,Cancelamento,Média,Premium,Nordeste,55,97.4,0,11,1,7,0,51,8,0,0,0.0233,1,0,0,1,3,2,0
TCK-006094,Telefone,App Mobile,Acesso e Conta,Média,Free,Sul,9,80.1,0,0,0,3,0,64,12,0,0,0.0192,0,0,0,0,3,2,0
TCK-006095,Telefone,Relatórios,Acesso e Conta,Baixa,Enterprise,Nordeste,20,239.0,0,20,5,1,0,64,9,0,0,0.037,1,0,0,0,3,2,0
TCK-006096,Telefone,API,Problema Técnico,Alta,Enterprise,Centro-Oeste,35,68.6,0,1,4,8,1,56,11,0,0,0.0222,0,0,0,0,3,2,0
TCK-006097,Email,App Mobile,Dúvida / Como Fazer,Crítica,Free,Sudeste,80,55.9,0,18,4,5,1,53,9,0,0,0.0227,0,0,0,0,3,2,0
TCK-006098,Chat,App Mobile,Faturamento,Crítica,Free,Sul,71,56.3,0,9,3,4,1,167,29,0,0,0.0224,2,1,0,0,3,2,0
TCK-006099,Telefone,App Mobile,Problema Técnico,Baixa,Basic,Sul,64,224.8,0,12,5,7,0,55,10,0,0,0.0222,0,0,0,0,3,2,0
TCK-006100,Email,Plataforma Web,Acesso e Conta,Média,Premium,Centro-Oeste,66,103.9,0,9,0,8,0,171,25,0,0,0.0352,2,0,0,0,3,2,0
TCK-006101,Chat,Relatórios,Acesso e Conta,Média,Free,Norte,56,160.3,0,23,6,1,0,64,9,0,0,0.037,1,0,0,0,3,2,0
TCK-006102,Redes Sociais,Integrações,Faturamento,Crítica,Free,Sudeste,52,46.8,0,9,4,5,1,96,16,0,0,0.0256,2,1,0,0,3,2,0
TCK-006103,Email,Faturamento,Bug / Defeito,Média,Enterprise,Sudeste,54,222.1,0,13,2,11,0,46,9,0,0,0.0303,2,0,0,1,3,2,0
TCK-006104,Chat,Relatórios,Dúvida / Como Fazer,Alta,Premium,Centro-Oeste,2,24.4,0,21,2,12,0,91,15,1,0,0.0267,1,0,0,0,3,2,0
TCK-006105,Formulário Web,App Mobile,Faturamento,Baixa,Basic,Norte,42,276.4,0,20,6,6,0,167,29,0,0,0.0224,2,1,0,0,3,2,0
TCK-006106,Email,Integrações,Dúvida / Como Fazer,Baixa,Free,Nordeste,47,476.2,0,10,4,6,0,155,27,2,0,0.0238,0,0,0,0,3,2,0
TCK-006107,Email,Faturamento,Dúvida / Como Fazer,Crítica,Basic,Sudeste,52,45.1,0,12,3,8,0,56,10,1,0,0.0217,0,0,0,0,3,2,0
TCK-006108,Email,API,Bug / Defeito,Baixa,Free,Nordeste,30,380.4,0,20,6,11,1,46,9,0,0,0.0303,2,0,0,1,3,2,0
TCK-006109,Telefone,Integrações,Problema Técnico,Alta,Free,Sul,49,49.6,0,8,3,9,1,55,10,0,0,0.0222,0,0,0,0,3,2,0
TCK-006110,Email,Integrações,Bug / Defeito,Média,Free,Centro-Oeste,20,164.9,0,20,4,7,0,61,10,0,0,0.02,1,0,0,1,3,2,0
TCK-006111,Email,Relatórios,Bug / Defeito,Baixa,Free,Sudeste,0,347.4,0,2,5,8,0,61,10,0,0,0.02,1,0,0,1,3,2,0
TCK-006112,Formulário Web,Integrações,Acesso e Conta,Média,Premium,Nordeste,21,103.4,0,15,1,10,0,64,12,0,0,0.0192,0,0,0,0,3,2,0
TCK-006113,Chat,Plataforma Web,Bug / Defeito,Alta,Enterprise,Centro-Oeste,50,49.0,0,6,4,7,1,46,9,0,0,0.0303,2,0,0,1,3,2,0
TCK-006114,Redes Sociais,Faturamento,Cancelamento,Baixa,Premium,Sul,54,762.1,0,13,3,5,0,51,8,0,0,0.0233,1,0,0,1,3,2,0
TCK-006115,Telefone,API,Problema Técnico,Média,Basic,Sudeste,28,60.5,0,22,1,7,0,59,10,0,0,0.0204,1,0,0,1,3,2,0
TCK-006116,Email,Plataforma Web,Bug / Defeito,Média,Basic,Norte,34,105.5,0,4,3,5,0,165,27,0,0,0.0224,2,0,0,1,3,2,0
TCK-006117,Formulário Web,Faturamento,Solicitação de Recurso,Média,Premium,Nordeste,7,313.8,1,18,6,9,1,157,25,2,0,0.0231,0,0,0,0,4,3,1
TCK-006118,Chat,Integrações,Dúvida / Como Fazer,Baixa,Premium,Norte,37,94.1,0,13,5,3,0,57,10,1,0,0.0213,0,0,0,0,3,2,0
TCK-006119,Email,API,Problema Técnico,Baixa,Free,Norte,19,242.0,0,7,6,11,0,155,29,0,0,0.0242,0,0,0,0,3,2,0
TCK-006120,Formulário Web,Faturamento,Dúvida / Como Fazer,Média,Basic,Sul,6,149.5,0,2,6,5,0,57,10,1,0,0.0213,0,0,0,0,3,2,0
TCK-006121,Telefone,API,Problema Técnico,Baixa,Premium,Norte,61,220.4,1,18,3,5,0,161,27,0,0,0.0227,2,0,0,1,4,3,1
TCK-006122,Chat,API,Acesso e Conta,Baixa,Basic,Sul,19,136.9,0,3,1,11,0,64,9,0,0,0.037,1,0,0,0,3,2,0
TCK-006123,Email,App Mobile,Problema Técnico,Baixa,Enterprise,Norte,31,419.5,0,17,3,8,0,59,10,0,0,0.0204,1,0,0,1,3,2,0
TCK-006124,Chat,Integrações,Problema Técnico,Alta,Basic,Sudeste,53,56.6,0,10,6,5,1,56,11,0,0,0.0222,0,0,0,0,3,2,0
TCK-006125,Chat,Integrações,Dúvida / Como Fazer,Média,Premium,Nordeste,0,107.5,0,23,4,9,0,53,9,0,0,0.0227,0,0,0,0,3,2,0
TCK-006126,Formulário Web,API,Bug / Defeito,Média,Free,Centro-Oeste,28,101.5,0,8,6,6,0,61,10,0,0,0.02,1,0,0,1,3,2,0
TCK-006127,Email,Integrações,Cancelamento,Média,Free,Centro-Oeste,45,230.6,1,9,6,1,1,55,8,0,0,0.0217,1,0,1,0,4,3,1
TCK-006128,Email,Faturamento,Solicitação de Recurso,Crítica,Free,Sul,7,21.5,0,2,6,1,1,55,8,0,0,0.0638,0,0,0,0,3,2,0
TCK-006129,Telefone,Plataforma Web,Bug / Defeito,Média,Enterprise,Sul,37,142.7,0,10,0,2,0,61,10,0,0,0.02,1,0,0,1,3,2,0
TCK-006130,Email,App Mobile,Cancelamento,Baixa,Free,Sul,14,164.8,0,19,6,9,0,61,10,0,0,0.02,1,0,1,0,3,2,0
TCK-006131,Redes Sociais,Plataforma Web,Bug / Defeito,Média,Free,Norte,46,146.3,0,11,6,2,1,135,25,0,0,0.03,4,0,0,1,3,2,0
TCK-006132,Telefone,Plataforma Web,Bug / Defeito,Média,Free,Sudeste,70,109.0,0,11,2,1,0,165,27,0,0,0.0224,2,0,0,1,3,2,0
TCK-006133,Telefone,Faturamento,Dúvida / Como Fazer,Crítica,Premium,Norte,33,27.3,1,20,3,12,0,57,10,1,0,0.0213,0,0,0,0,4,3,1
TCK-006134,Redes Sociais,Relatórios,Solicitação de Recurso,Baixa,Free,Sul,37,671.3,0,11,2,12,0,40,7,0,0,0.0303,0,0,0,0,3,2,0
TCK-006135,Chat,App Mobile,Solicitação de Recurso,Baixa,Free,Norte,19,127.4,0,9,0,4,0,40,7,0,0,0.0303,0,0,0,0,3,2,0
TCK-006136,Chat,Integrações,Acesso e Conta,Baixa,Free,Norte,24,234.6,0,17,0,11,0,64,12,0,0,0.0192,0,0,0,0,3,2,0
TCK-006137,Telefone,Integrações,Dúvida / Como Fazer,Alta,Free,Norte,49,64.0,0,3,6,3,0,199,34,2,0,0.0248,0,0,0,0,3,2,0
TCK-006138,Email,Integrações,Problema Técnico,Média,Free,Centro-Oeste,21,185.8,0,4,1,12,0,55,10,0,0,0.0222,0,0,0,0,3,2,0
TCK-006139,Formulário Web,App Mobile,Acesso e Conta,Média,Free,Sul,30,116.7,0,22,4,3,0,64,12,0,0,0.0192,0,0,0,0,3,2,0
TCK-006140,Telefone,Faturamento,Bug / Defeito,Alta,Basic,Norte,20,36.9,0,8,2,5,1,61,10,0,0,0.02,1,0,0,1,3,2,0
TCK-006141,Chat,Plataforma Web,Faturamento,Baixa,Basic,Norte,36,133.7,0,21,6,12,0,62,11,0,0,0.02,1,1,0,0,3,2,0
TCK-006142,Telefone,App Mobile,Cancelamento,Crítica,Free,Centro-Oeste,42,37.8,0,9,1,10,1,145,23,0,0,0.025,2,0,0,1,3,2,0
TCK-006143,Email,Plataforma Web,Faturamento,Média,Free,Sudeste,20,76.2,0,22,5,8,0,59,9,1,0,0.0204,0,0,0,0,3,2,0
TCK-006144,Email,Integrações,Dúvida / Como Fazer,Alta,Enterprise,Norte,56,129.6,0,20,1,2,0,101,18,1,1,0.0247,1,0,0,0,3,2,0
TCK-006145,Email,App Mobile,Faturamento,Média,Premium,Norte,0,59.1,0,7,0,8,0,59,9,1,0,0.0204,0,0,0,0,3,2,0
TCK-006146,Email,Relatórios,Dúvida / Como Fazer,Média,Basic,Centro-Oeste,44,306.9,0,16,4,3,0,155,27,2,0,0.0238,0,0,0,0,3,2,0
TCK-006147,Telefone,Plataforma Web,Acesso e Conta,Média,Premium,Norte,58,159.8,0,10,5,2,0,64,12,0,0,0.0192,0,0,0,0,3,2,0
TCK-006148,Redes Sociais,API,Faturamento,Baixa,Free,Centro-Oeste,26,334.8,0,10,0,10,0,59,9,1,0,0.0204,0,0,0,0,3,2,0
TCK-006149,Telefone,API,Solicitação de Recurso,Alta,Basic,Centro-Oeste,37,31.9,0,23,4,7,1,55,8,0,0,0.0638,0,0,0,0,3,2,0
TCK-006150,Chat,API,Bug / Defeito,Média,Free,Sudeste,40,90.1,0,12,4,9,0,46,9,0,0,0.0303,2,0,0,1,3,2,0
TCK-006151,Email,Plataforma Web,Problema Técnico,Média,Basic,Sul,52,93.1,0,3,3,7,0,55,10,0,0,0.0222,0,0,0,0,3,2,0
TCK-006152,Chat,API,Cancelamento,Baixa,Basic,Norte,43,221.6,1,23,0,9,0,55,8,0,0,0.0217,1,0,1,0,4,3,1
TCK-006153,Email,Faturamento,Solicitação de Recurso,Baixa,Basic,Sul,65,400.9,0,5,4,7,1,55,8,0,0,0.0638,0,0,0,0,3,2,0
TCK-006154,Formulário Web,Faturamento,Faturamento,Média,Free,Nordeste,52,109.4,0,17,0,7,0,45,8,0,0,0.027,0,0,0,0,3,2,0
TCK-006155,Formulário Web,API,Solicitação de Recurso,Média,Free,Norte,39,149.6,0,8,0,1,1,57,9,1,0,0.0208,0,0,0,0,3,2,0
TCK-006156,Chat,App Mobile,Solicitação de Recurso,Média,Free,Sudeste,24,93.6,0,5,5,3,0,55,8,0,0,0.0638,0,0,0,0,3,2,0
TCK-006157,Telefone,Integrações,Dúvida / Como Fazer,Média,Basic,Sudeste,30,103.7,0,12,5,5,0,157,27,2,0,0.0234,0,0,0,0,3,2,0
TCK-006158,Email,Relatórios,Dúvida / Como Fazer,Média,Basic,Nordeste,5,127.6,0,1,2,3,0,53,9,0,0,0.0227,0,0,0,0,3,2,0
TCK-006159,Formulário Web,Integrações,Faturamento,Alta,Basic,Sul,57,69.8,0,21,6,9,1,45,8,0,0,0.027,0,0,0,0,3,2,0
TCK-006160,Formulário Web,Integrações,Cancelamento,Alta,Free,Sul,85,66.3,0,16,1,2,1,61,10,0,0,0.02,1,0,1,0,3,2,0
TCK-006161,Email,App Mobile,Dúvida / Como Fazer,Alta,Free,Sudeste,34,60.7,0,7,0,9,0,53,9,0,0,0.0227,0,0,0,0,3,2,0
TCK-006162,Chat,Faturamento,Acesso e Conta,Baixa,Premium,Centro-Oeste,32,167.3,0,15,1,3,0,54,10,0,0,0.0233,0,0,0,0,3,2,0
TCK-006163,Chat,API,Acesso e Conta,Baixa,Basic,Centro-Oeste,58,161.2,0,16,0,10,0,64,9,0,0,0.037,1,0,0,0,3,2,0
TCK-006164,Email,App Mobile,Problema Técnico,Baixa,Basic,Sul,44,197.8,0,21,3,7,0,55,10,0,0,0.0222,0,0,0,0,3,2,0
TCK-006165,Formulário Web,Plataforma Web,Bug / Defeito,Alta,Basic,Centro-Oeste,81,103.6,1,14,1,2,1,61,11,0,0,0.0408,0,0,0,1,4,3,1
TCK-006166,Chat,API,Bug / Defeito,Alta,Premium,Sudeste,80,145.8,1,1,3,3,1,61,10,0,0,0.02,1,0,0,1,4,3,1
TCK-006167,Email,Integrações,Dúvida / Como Fazer,Baixa,Basic,Sul,20,140.3,1,3,5,9,0,57,10,1,0,0.0213,0,0,0,0,4,3,1
TCK-006168,Chat,App Mobile,Dúvida / Como Fazer,Média,Basic,Sudeste,38,60.9,0,3,5,8,0,57,10,1,0,0.0213,0,0,0,0,3,2,0
TCK-006169,Email,App Mobile,Faturamento,Alta,Free,Norte,23,74.6,1,22,2,2,1,62,11,0,0,0.02,1,1,0,0,4,3,1
TCK-006170,Email,App Mobile,Problema Técnico,Alta,Enterprise,Sul,50,74.7,0,16,1,7,1,59,10,0,0,0.0204,1,0,0,1,3,2,0
TCK-006171,Formulário Web,Faturamento,Solicitação de Recurso,Média,Free,Sul,24,124.8,0,19,6,2,1,153,23,0,0,0.0547,0,0,0,0,3,2,0
TCK-006172,Email,API,Problema Técnico,Média,Free,Sudeste,36,132.3,0,0,2,9,1,56,11,0,0,0.0222,0,0,0,0,3,2,0
TCK-006173,Chat,Integrações,Problema Técnico,Média,Basic,Sudeste,37,179.7,0,9,1,8,0,59,10,0,0,0.0204,1,0,0,1,3,2,0
TCK-006174,Formulário Web,Integrações,Cancelamento,Baixa,Free,Sul,30,255.0,0,14,5,11,0,51,8,0,0,0.0233,1,0,0,1,3,2,0
TCK-006175,Email,Relatórios,Bug / Defeito,Baixa,Free,Norte,22,356.9,0,4,5,5,0,61,10,0,0,0.02,1,0,0,1,3,2,0
TCK-006176,Email,Plataforma Web,Problema Técnico,Média,Basic,Sul,12,78.6,0,2,3,3,0,161,27,0,0,0.0227,2,0,0,1,3,2,0
TCK-006177,Chat,API,Solicitação de Recurso,Baixa,Free,Norte,29,143.2,0,11,4,8,0,57,9,1,0,0.0208,0,0,0,0,3,2,0
TCK-006178,Email,Relatórios,Bug / Defeito,Crítica,Enterprise,Nordeste,75,57.7,1,18,3,7,1,61,11,0,0,0.0408,0,0,0,1,4,3,1
TCK-006179,Email,Relatórios,Acesso e Conta,Média,Free,Nordeste,73,196.0,0,16,6,7,0,64,12,0,0,0.0192,0,0,0,0,3,2,0
TCK-006180,Email,Plataforma Web,Bug / Defeito,Baixa,Basic,Nordeste,38,133.2,0,6,2,7,1,46,9,0,0,0.0303,2,0,0,1,3,2,0
TCK-006181,Chat,Integrações,Dúvida / Como Fazer,Média,Basic,Nordeste,50,101.0,0,16,2,6,0,56,10,1,0,0.0217,0,0,0,0,3,2,0
TCK-006182,Chat,Plataforma Web,Problema Técnico,Média,Basic,Nordeste,12,78.9,0,20,1,2,0,55,10,0,0,0.0222,0,0,0,0,3,2,0
TCK-006183,Telefone,Relatórios,Dúvida / Como Fazer,Alta,Free,Nordeste,41,40.6,0,19,0,6,0,53,9,0,0,0.0227,0,0,0,0,3,2,0
TCK-006184,Redes Sociais,Faturamento,Bug / Defeito,Média,Free,Sul,24,103.2,1,17,5,6,1,61,11,0,0,0.0408,0,0,0,1,4,3,1
TCK-006185,Formulário Web,Plataforma Web,Dúvida / Como Fazer,Crítica,Premium,Sudeste,43,41.8,1,0,1,8,0,57,10,1,0,0.0213,0,0,0,0,4,3,1
TCK-006186,Email,Relatórios,Dúvida / Como Fazer,Baixa,Enterprise,Sul,78,175.5,0,15,3,11,0,57,10,1,0,0.0213,0,0,0,0,3,2,0
TCK-006187,Email,Integrações,Acesso e Conta,Média,Enterprise,Nordeste,29,61.8,0,12,4,3,0,64,12,0,0,0.0192,0,0,0,0,3,2,0
TCK-006188,Chat,Plataforma Web,Problema Técnico,Média,Free,Norte,30,96.0,0,0,3,7,0,55,10,0,0,0.0222,0,0,0,0,3,2,0
TCK-006189,Chat,Integrações,Problema Técnico,Alta,Premium,Sudeste,90,83.1,0,15,4,9,1,155,29,0,0,0.0242,0,0,0,0,3,2,0
TCK-006190,Chat,App Mobile,Faturamento,Alta,Basic,Centro-Oeste,60,55.9,0,23,0,1,0,96,16,0,0,0.0256,2,1,0,0,3,2,0
TCK-006191,Email,App Mobile,Faturamento,Média,Basic,Norte,44,173.3,0,19,4,10,0,59,9,1,0,0.0204,0,0,0,0,3,2,0
TCK-006192,Email,Faturamento,Faturamento,Média,Basic,Nordeste,55,144.5,0,18,1,3,0,45,8,0,0,0.027,0,0,0,0,3,2,0
TCK-006193,Formulário Web,Plataforma Web,Acesso e Conta,Alta,Basic,Sul,0,105.7,0,22,2,12,0,54,10,0,0,0.0233,0,0,0,0,3,2,0
TCK-006194,Chat,API,Cancelamento,Baixa,Basic,Nordeste,30,210.0,0,0,3,11,0,55,8,0,0,0.0217,1,0,1,0,3,2,0
TCK-006195,Telefone,Plataforma Web,Problema Técnico,Alta,Enterprise,Norte,90,85.9,0,14,3,1,0,55,10,0,0,0.0222,0,0,0,0,3,2,0
TCK-006196,Email,Integrações,Acesso e Conta,Média,Premium,Nordeste,40,220.1,0,13,1,7,0,64,9,0,0,0.037,1,0,0,0,3,2,0
TCK-006197,Chat,App Mobile,Dúvida / Como Fazer,Média,Basic,Norte,37,113.1,0,12,5,6,0,57,10,1,0,0.0213,0,0,0,0,3,2,0
TCK-006198,Telefone,API,Dúvida / Como Fazer,Média,Basic,Nordeste,45,112.0,0,13,1,3,0,56,10,1,0,0.0217,0,0,0,0,3,2,0
TCK-006199,Email,Relatórios,Faturamento,Baixa,Free,Sudeste,62,211.7,0,13,5,8,0,167,29,0,0,0.0224,2,1,0,0,3,2,0
TCK-006200,Email,Faturamento,Acesso e Conta,Média,Premium,Nordeste,0,143.2,0,6,4,10,0,64,12,0,0,0.0192,0,0,0,0,3,2,0
TCK-006201,Telefone,Relatórios,Bug / Defeito,Baixa,Free,Centro-Oeste,78,162.8,1,15,0,10,0,135,25,0,0,0.03,4,0,0,1,4,3,1
TCK-006202,Chat,Plataforma Web,Problema Técnico,Média,Enterprise,Sul,50,100.8,0,18,5,7,0,153,27,0,0,0.0242,0,0,0,0,3,2,0
TCK-006203,Email,API,Bug / Defeito,Baixa,Basic,Nordeste,28,194.0,1,10,3,11,0,61,11,0,0,0.0408,0,0,0,1,4,3,1
TCK-006204,Redes Sociais,Plataforma Web,Problema Técnico,Média,Basic,Sul,77,233.8,1,12,2,6,1,55,10,0,0,0.0222,0,0,0,0,4,3,1
TCK-006205,Email,Integrações,Dúvida / Como Fazer,Alta,Premium,Norte,50,85.9,0,8,1,1,0,56,10,1,0,0.0217,0,0,0,0,3,2,0
TCK-006206,Email,Integrações,Bug / Defeito,Média,Free,Nordeste,26,146.8,0,3,6,12,0,135,25,0,0,0.03,4,0,0,1,3,2,0
TCK-006207,Email,App Mobile,Problema Técnico,Alta,Enterprise,Sudeste,24,45.6,0,3,6,4,1,93,15,0,0,0.026,2,0,0,1,3,2,0
TCK-006208,Formulário Web,App Mobile,Bug / Defeito,Alta,Enterprise,Sudeste,44,47.2,1,17,3,5,1,61,10,0,0,0.02,1,0,0,1,4,3,1
TCK-006209,Chat,API,Acesso e Conta,Média,Basic,Norte,56,105.3,0,11,5,12,0,54,10,0,0,0.0233,0,0,0,0,3,2,0
TCK-006210,Email,Integrações,Cancelamento,Crítica,Premium,Sudeste,0,18.8,0,20,2,6,0,165,27,0,0,0.0224,2,0,1,0,3,2,0
TCK-006211,Formulário Web,API,Dúvida / Como Fazer,Alta,Free,Centro-Oeste,33,48.5,0,11,5,5,0,98,17,0,1,0.0253,1,0,0,0,3,2,0
TCK-006212,Chat,Faturamento,Acesso e Conta,Média,Premium,Norte,62,133.6,0,0,6,8,0,64,12,0,0,0.0192,0,0,0,0,3,2,0
TCK-006213,Email,Relatórios,Dúvida / Como Fazer,Alta,Free,Norte,0,25.1,0,20,3,8,0,155,27,2,0,0.0238,0,0,0,0,3,2,0
TCK-006214,Chat,Relatórios,Problema Técnico,Média,Enterprise,Centro-Oeste,0,44.0,0,20,2,9,0,155,29,0,0,0.0242,0,0,0,0,3,2,0
TCK-006215,Email,Faturamento,Cancelamento,Média,Basic,Nordeste,0,78.2,0,21,5,4,0,55,8,0,0,0.0217,1,0,1,0,3,2,0
TCK-006216,Chat,App Mobile,Problema Técnico,Alta,Premium,Norte,25,63.4,0,4,5,11,1,103,17,0,0,0.0238,1,0,0,1,3,2,0
TCK-006217,Telefone,App Mobile,Cancelamento,Média,Free,Nordeste,14,106.7,0,22,2,10,0,55,8,0,0,0.0217,1,0,1,0,3,2,0
TCK-006218,Email,Relatórios,Solicitação de Recurso,Alta,Free,Nordeste,57,65.3,0,17,0,2,1,153,23,0,0,0.0547,0,0,0,0,3,2,0
TCK-006219,Telefone,API,Bug / Defeito,Crítica,Free,Sudeste,46,37.3,0,18,6,12,1,210,35,0,1,0.0237,3,0,0,1,3,2,0
TCK-006220,Telefone,API,Dúvida / Como Fazer,Média,Free,Sul,34,141.8,0,5,2,12,0,149,25,0,0,0.0246,0,0,0,0,3,2,0
TCK-006221,Chat,Plataforma Web,Acesso e Conta,Média,Premium,Nordeste,19,89.2,0,20,0,9,0,171,25,0,0,0.0352,2,0,0,0,3,2,0
TCK-006222,Telefone,App Mobile,Solicitação de Recurso,Alta,Free,Norte,66,64.2,0,10,0,2,0,55,8,0,0,0.0638,0,0,0,0,3,2,0
TCK-006223,Email,Plataforma Web,Acesso e Conta,Média,Free,Norte,25,190.1,0,14,5,3,0,64,12,0,0,0.0192,0,0,0,0,3,2,0
TCK-006224,Email,Plataforma Web,Cancelamento,Média,Premium,Sul,37,81.3,1,16,2,11,0,51,8,0,0,0.0233,1,0,0,1,4,3,1
TCK-006225,Redes Sociais,Relatórios,Solicitação de Recurso,Baixa,Basic,Centro-Oeste,54,395.8,0,20,3,1,1,57,9,1,0,0.0208,0,0,0,0,3,2,0
TCK-006226,Email,App Mobile,Dúvida / Como Fazer,Alta,Premium,Sudeste,14,28.1,0,8,4,6,0,56,10,1,0,0.0217,0,0,0,0,3,2,0
TCK-006227,Email,Relatórios,Problema Técnico,Alta,Free,Norte,32,41.3,0,12,6,1,1,155,29,0,0,0.0242,0,0,0,0,3,2,0
TCK-006228,Redes Sociais,Faturamento,Problema Técnico,Alta,Basic,Sudeste,25,42.9,0,14,6,11,1,55,10,0,0,0.0222,0,0,0,0,3,2,0
TCK-006229,Email,Faturamento,Dúvida / Como Fazer,Média,Free,Nordeste,9,132.5,0,8,4,2,0,149,25,0,0,0.0246,0,0,0,0,3,2,0
TCK-006230,Chat,Relatórios,Faturamento,Média,Enterprise,Sudeste,27,131.7,0,4,2,10,0,45,8,0,0,0.027,0,0,0,0,3,2,0
TCK-006231,Formulário Web,Relatórios,Dúvida / Como Fazer,Média,Free,Centro-Oeste,44,127.4,0,2,2,1,0,53,9,0,0,0.0227,0,0,0,0,3,2,0
TCK-006232,Formulário Web,Plataforma Web,Problema Técnico,Baixa,Basic,Nordeste,34,146.8,0,7,2,9,0,56,11,0,0,0.0222,0,0,0,0,3,2,0
TCK-006233,Email,Faturamento,Bug / Defeito,Média,Premium,Sudeste,33,159.0,0,18,5,5,0,61,11,0,0,0.0408,0,0,0,1,3,2,0
TCK-006234,Telefone,App Mobile,Cancelamento,Média,Premium,Nordeste,56,296.3,0,14,1,4,0,61,10,0,0,0.02,1,0,1,0,3,2,0
TCK-006235,Email,Faturamento,Solicitação de Recurso,Alta,Basic,Centro-Oeste,29,56.3,0,18,6,1,1,55,8,0,0,0.0638,0,0,0,0,3,2,0
TCK-006236,Formulário Web,Plataforma Web,Problema Técnico,Baixa,Enterprise,Centro-Oeste,0,153.4,0,3,5,10,0,55,10,0,0,0.0222,0,0,0,0,3,2,0
TCK-006237,Telefone,Plataforma Web,Dúvida / Como Fazer,Média,Basic,Centro-Oeste,51,119.4,0,20,2,7,0,53,9,0,0,0.0227,0,0,0,0,3,2,0
TCK-006238,Formulário Web,App Mobile,Dúvida / Como Fazer,Média,Free,Centro-Oeste,66,132.0,0,22,1,6,0,53,9,0,0,0.0227,0,0,0,0,3,2,0
TCK-006239,Email,App Mobile,Dúvida / Como Fazer,Crítica,Enterprise,Sudeste,31,26.9,0,7,2,11,0,101,17,1,0,0.0244,0,0,0,0,3,2,0
TCK-006240,Email,Plataforma Web,Cancelamento,Baixa,Basic,Norte,34,93.3,0,22,3,7,0,61,10,0,0,0.02,1,0,1,0,3,2,0
TCK-006241,Telefone,Plataforma Web,Acesso e Conta,Média,Free,Norte,0,83.4,0,23,6,3,0,54,10,0,0,0.0233,0,0,0,0,3,2,0
TCK-006242,Email,App Mobile,Bug / Defeito,Baixa,Basic,Norte,18,154.3,0,17,1,4,0,46,9,0,0,0.0303,2,0,0,1,3,2,0
TCK-006243,Email,Relatórios,Problema Técnico,Alta,Enterprise,Norte,54,90.1,1,5,2,5,1,89,15,0,0,0.0274,1,0,0,0,4,3,1
TCK-006244,Redes Sociais,Integrações,Problema Técnico,Média,Enterprise,Sudeste,53,150.3,0,15,5,1,0,55,10,0,0,0.0222,0,0,0,0,3,2,0
TCK-006245,Email,App Mobile,Cancelamento,Alta,Premium,Norte,26,48.1,0,5,2,2,0,61,10,0,0,0.02,1,0,1,0,3,2,0
TCK-006246,Email,API,Faturamento,Crítica,Free,Sudeste,34,37.7,0,13,5,1,1,93,14,1,0,0.026,1,0,0,0,3,2,0
TCK-006247,Chat,API,Problema Técnico,Alta,Basic,Sudeste,51,67.4,0,14,6,3,1,59,10,0,0,0.0204,1,0,0,1,3,2,0
TCK-006248,Formulário Web,App Mobile,Problema Técnico,Alta,Premium,Norte,60,57.3,1,11,6,11,1,55,10,0,0,0.0222,0,0,0,0,4,3,1
TCK-006249,Telefone,API,Faturamento,Média,Enterprise,Sudeste,47,145.9,0,17,4,12,0,45,8,0,0,0.027,0,0,0,0,3,2,0
TCK-006250,Email,App Mobile,Cancelamento,Média,Free,Sudeste,30,154.2,0,12,4,5,0,51,8,0,0,0.0233,1,0,0,1,3,2,0
TCK-006251,Redes Sociais,Integrações,Bug / Defeito,Média,Basic,Sul,19,187.9,0,8,4,11,0,61,10,0,0,0.02,1,0,0,1,3,2,0
TCK-006252,Email,Relatórios,Problema Técnico,Média,Free,Nordeste,23,333.4,0,1,6,7,0,56,11,0,0,0.0222,0,0,0,0,3,2,0
TCK-006253,Chat,Integrações,Cancelamento,Média,Basic,Norte,60,110.8,0,16,0,11,0,55,8,0,0,0.0217,1,0,1,0,3,2,0
TCK-006254,Chat,Relatórios,Solicitação de Recurso,Baixa,Free,Centro-Oeste,46,254.2,0,3,4,8,0,55,8,0,0,0.0638,0,0,0,0,3,2,0
TCK-006255,Telefone,Faturamento,Acesso e Conta,Média,Premium,Norte,47,110.4,0,2,1,5,0,64,9,0,0,0.037,1,0,0,0,3,2,0
TCK-006256,Email,Faturamento,Faturamento,Média,Free,Sul,56,134.2,0,15,2,3,0,59,9,1,0,0.0204,0,0,0,0,3,2,0
TCK-006257,Formulário Web,API,Bug / Defeito,Média,Basic,Nordeste,49,88.5,0,13,5,6,0,61,11,0,0,0.0408,0,0,0,1,3,2,0
TCK-006258,Chat,Faturamento,Dúvida / Como Fazer,Média,Basic,Sudeste,22,209.5,0,1,1,1,0,57,10,1,0,0.0213,0,0,0,0,3,2,0
TCK-006259,Email,Faturamento,Problema Técnico,Média,Basic,Sudeste,58,150.4,0,13,6,9,0,55,10,0,0,0.0222,0,0,0,0,3,2,0
TCK-006260,Chat,Faturamento,Acesso e Conta,Baixa,Basic,Nordeste,0,79.3,0,8,6,2,0,64,12,0,0,0.0192,0,0,0,0,3,2,0
TCK-006261,Email,API,Cancelamento,Baixa,Premium,Sudeste,53,359.3,0,5,4,8,0,51,8,0,0,0.0233,1,0,0,1,3,2,0
TCK-006262,Redes Sociais,Relatórios,Dúvida / Como Fazer,Média,Enterprise,Centro-Oeste,69,154.1,0,12,6,6,0,157,27,2,0,0.0234,0,0,0,0,3,2,0
TCK-006263,Redes Sociais,Plataforma Web,Dúvida / Como Fazer,Média,Basic,Norte,35,106.7,0,21,1,10,0,53,9,0,0,0.0227,0,0,0,0,3,2,0
TCK-006264,Redes Sociais,API,Dúvida / Como Fazer,Média,Premium,Nordeste,74,387.3,0,17,1,5,0,56,10,1,0,0.0217,0,0,0,0,3,2,0
TCK-006265,Telefone,API,Bug / Defeito,Alta,Free,Norte,58,58.7,1,17,4,10,1,165,29,0,0,0.0379,0,0,0,1,4,3,1
TCK-006266,Chat,Relatórios,Solicitação de Recurso,Alta,Enterprise,Norte,38,42.5,0,13,5,5,1,55,8,0,0,0.0638,0,0,0,0,3,2,0
TCK-006267,Chat,Relatórios,Problema Técnico,Baixa,Enterprise,Norte,9,114.8,0,19,0,12,0,161,27,0,0,0.0227,2,0,0,1,3,2,0
TCK-006268,Redes Sociais,Faturamento,Dúvida / Como Fazer,Média,Premium,Sudeste,36,64.4,0,2,4,7,0,56,10,1,0,0.0217,0,0,0,0,3,2,0
TCK-006269,Chat,App Mobile,Faturamento,Média,Free,Norte,7,79.9,0,0,0,9,0,59,9,1,0,0.0204,0,0,0,0,3,2,0
TCK-006270,Redes Sociais,API,Problema Técnico,Alta,Premium,Norte,63,73.1,1,15,2,8,1,56,11,0,0,0.0222,0,0,0,0,4,3,1
TCK-006271,Chat,Integrações,Problema Técnico,Média,Basic,Nordeste,35,164.3,0,5,4,12,0,56,11,0,0,0.0222,0,0,0,0,3,2,0
TCK-006272,Chat,API,Faturamento,Baixa,Free,Norte,34,198.7,1,8,1,5,0,62,11,0,0,0.02,1,1,0,0,4,3,1
TCK-006273,Telefone,Faturamento,Acesso e Conta,Média,Free,Norte,49,177.4,0,4,5,8,0,64,9,0,0,0.037,1,0,0,0,3,2,0
TCK-006274,Email,API,Faturamento,Alta,Premium,Centro-Oeste,53,49.8,0,23,1,9,1,45,8,0,0,0.027,0,0,0,0,3,2,0
TCK-006275,Formulário Web,Integrações,Problema Técnico,Alta,Premium,Sul,24,48.5,0,12,4,8,1,55,10,0,0,0.0222,0,0,0,0,3,2,0
TCK-006276,Redes Sociais,Relatórios,Bug / Defeito,Baixa,Basic,Norte,22,138.0,0,7,4,3,0,165,27,0,0,0.0224,2,0,0,1,3,2,0
TCK-006277,Redes Sociais,Plataforma Web,Acesso e Conta,Média,Basic,Norte,67,243.3,0,7,1,12,0,64,12,0,0,0.0192,0,0,0,0,3,2,0
TCK-006278,Chat,Relatórios,Cancelamento,Média,Basic,Norte,36,76.1,0,13,2,9,0,145,23,0,0,0.025,2,0,0,1,3,2,0
TCK-006279,Chat,Faturamento,Cancelamento,Média,Free,Nordeste,54,144.3,0,22,2,10,0,55,8,0,0,0.0217,1,0,1,0,3,2,0
TCK-006280,Email,Plataforma Web,Solicitação de Recurso,Crítica,Free,Centro-Oeste,75,65.2,0,11,3,1,1,84,14,0,0,0.0294,0,0,0,0,3,2,0
TCK-006281,Email,Faturamento,Problema Técnico,Baixa,Free,Sudeste,16,380.8,0,2,5,4,0,59,10,0,0,0.0204,1,0,0,1,3,2,0
TCK-006282,Email,Faturamento,Acesso e Conta,Alta,Free,Sudeste,22,33.3,0,2,1,7,0,64,12,0,0,0.0192,0,0,0,0,3,2,0
TCK-006283,Email,Faturamento,Problema Técnico,Baixa,Free,Centro-Oeste,41,136.4,0,11,3,11,0,56,11,0,0,0.0222,0,0,0,0,3,2,0
TCK-006284,Chat,Plataforma Web,Bug / Defeito,Alta,Premium,Sul,1,19.8,1,6,4,11,1,46,9,0,0,0.0303,2,0,0,1,4,3,1
TCK-006285,Email,Faturamento,Acesso e Conta,Média,Free,Nordeste,46,135.8,1,4,1,8,0,171,31,0,0,0.0217,0,0,0,0,4,3,1
TCK-006286,Redes Sociais,Plataforma Web,Problema Técnico,Baixa,Basic,Norte,40,261.4,0,21,2,7,0,56,11,0,0,0.0222,0,0,0,0,3,2,0
TCK-006287,Chat,App Mobile,Solicitação de Recurso,Baixa,Basic,Sudeste,15,107.8,0,22,0,6,0,57,9,1,0,0.0208,0,0,0,0,3,2,0
TCK-006288,Chat,Relatórios,Dúvida / Como Fazer,Média,Basic,Nordeste,56,115.3,0,12,6,12,0,57,10,1,0,0.0213,0,0,0,0,3,2,0
TCK-006289,Chat,Relatórios,Problema Técnico,Média,Premium,Sudeste,80,111.0,0,11,3,7,0,56,11,0,0,0.0222,0,0,0,0,3,2,0
TCK-006290,Email,API,Dúvida / Como Fazer,Baixa,Basic,Sul,63,372.5,0,19,1,4,0,56,10,1,0,0.0217,0,0,0,0,3,2,0
TCK-006291,Redes Sociais,Relatórios,Acesso e Conta,Baixa,Basic,Sul,0,135.5,0,5,2,1,0,64,12,0,0,0.0192,0,0,0,0,3,2,0
TCK-006292,Telefone,Faturamento,Bug / Defeito,Alta,Free,Centro-Oeste,0,31.3,0,3,3,10,1,165,27,0,0,0.0224,2,0,0,1,3,2,0
TCK-006293,Chat,App Mobile,Acesso e Conta,Média,Free,Centro-Oeste,16,66.8,0,1,2,3,0,64,9,0,0,0.037,1,0,0,0,3,2,0
TCK-006294,Chat,API,Problema Técnico,Baixa,Enterprise,Centro-Oeste,0,201.1,0,0,4,1,0,55,10,0,0,0.0222,0,0,0,0,3,2,0
TCK-006295,Chat,Faturamento,Cancelamento,Baixa,Basic,Sudeste,22,256.7,0,21,1,9,0,153,23,0,0,0.0238,2,0,1,0,3,2,0
TCK-006296,Redes Sociais,Integrações,Dúvida / Como Fazer,Crítica,Premium,Sul,41,34.6,0,4,4,10,0,87,14,0,0,0.0278,1,0,0,0,3,2,0
TCK-006297,Chat,API,Dúvida / Como Fazer,Média,Enterprise,Norte,70,164.6,0,17,2,5,0,56,10,1,0,0.0217,0,0,0,0,3,2,0
TCK-006298,Telefone,Faturamento,Acesso e Conta,Média,Enterprise,Centro-Oeste,68,180.3,0,19,5,1,0,171,31,0,0,0.0217,0,0,0,0,3,2,0
TCK-006299,Email,App Mobile,Solicitação de Recurso,Média,Free,Sul,31,130.1,0,0,5,7,1,153,23,0,0,0.0547,0,0,0,0,3,2,0
TCK-006300,Telefone,App Mobile,Faturamento,Alta,Free,Sul,4,12.4,0,6,4,1,0,45,8,0,0,0.027,0,0,0,0,3,2,0
TCK-006301,Formulário Web,App Mobile,Bug / Defeito,Alta,Premium,Centro-Oeste,64,70.7,0,14,0,3,1,61,11,0,0,0.0408,0,0,0,1,3,2,0
TCK-006302,Telefone,App Mobile,Faturamento,Baixa,Premium,Centro-Oeste,42,217.2,0,20,6,4,0,62,11,0,0,0.02,1,1,0,0,3,2,0
TCK-006303,Email,API,Problema Técnico,Média,Free,Sul,35,197.3,0,9,0,11,0,55,10,0,0,0.0222,0,0,0,0,3,2,0
TCK-006304,Telefone,Plataforma Web,Acesso e Conta,Baixa,Premium,Nordeste,45,128.6,0,6,0,6,0,64,12,0,0,0.0192,0,0,0,0,3,2,0
TCK-006305,Formulário Web,API,Cancelamento,Média,Premium,Sul,44,101.3,0,10,2,12,0,51,8,0,0,0.0233,1,0,0,1,3,2,0
TCK-006306,Email,App Mobile,Cancelamento,Média,Basic,Nordeste,40,92.8,0,7,5,2,0,55,8,0,0,0.0217,1,0,1,0,3,2,0
TCK-006307,Telefone,App Mobile,Problema Técnico,Média,Free,Centro-Oeste,8,137.3,0,3,3,11,0,161,27,0,0,0.0227,2,0,0,1,3,2,0
TCK-006308,Email,API,Faturamento,Baixa,Premium,Sul,33,375.5,0,3,0,12,0,45,8,0,0,0.027,0,0,0,0,3,2,0
TCK-006309,Formulário Web,Relatórios,Problema Técnico,Baixa,Premium,Norte,49,559.5,0,8,6,7,0,155,29,0,0,0.0242,0,0,0,0,3,2,0
TCK-006310,Telefone,Relatórios,Dúvida / Como Fazer,Média,Enterprise,Nordeste,22,99.6,0,8,5,3,0,155,27,2,0,0.0238,0,0,0,0,3,2,0
TCK-006311,Formulário Web,Relatórios,Problema Técnico,Alta,Premium,Nordeste,29,84.4,0,19,0,8,0,59,10,0,0,0.0204,1,0,0,1,3,2,0
TCK-006312,Email,API,Bug / Defeito,Alta,Premium,Norte,61,99.0,1,7,6,11,1,46,9,0,0,0.0303,2,0,0,1,4,3,1
TCK-006313,Email,Integrações,Solicitação de Recurso,Média,Basic,Sul,31,112.9,0,16,1,10,1,55,8,0,0,0.0638,0,0,0,0,3,2,0
TCK-006314,Chat,Integrações,Bug / Defeito,Alta,Free,Sul,82,78.0,0,16,5,2,1,61,10,0,0,0.02,1,0,0,1,3,2,0
TCK-006315,Redes Sociais,Plataforma Web,Acesso e Conta,Alta,Enterprise,Norte,42,82.4,0,23,1,12,0,64,12,0,0,0.0192,0,0,0,0,3,2,0
TCK-006316,Email,Integrações,Problema Técnico,Média,Free,Sudeste,70,161.0,0,17,3,2,1,55,10,0,0,0.0222,0,0,0,0,3,2,0
TCK-006317,Formulário Web,Faturamento,Cancelamento,Média,Free,Norte,44,124.9,0,9,5,4,0,55,8,0,0,0.0217,1,0,1,0,3,2,0
TCK-006318,Email,Faturamento,Bug / Defeito,Alta,Enterprise,Norte,33,44.4,0,1,5,11,1,95,15,0,0,0.0256,2,0,0,1,3,2,0
TCK-006319,Chat,Relatórios,Cancelamento,Baixa,Basic,Centro-Oeste,47,190.4,0,14,2,5,0,61,10,0,0,0.02,1,0,1,0,3,2,0
TCK-006320,Telefone,Relatórios,Problema Técnico,Média,Basic,Centro-Oeste,80,178.1,0,18,3,11,0,56,11,0,0,0.0222,0,0,0,0,3,2,0
TCK-006321,Chat,Plataforma Web,Faturamento,Crítica,Free,Nordeste,64,48.4,1,13,3,10,0,59,9,1,0,0.0204,0,0,0,0,4,3,1
TCK-006322,Email,Relatórios,Solicitação de Recurso,Baixa,Free,Sul,70,167.1,0,13,3,7,0,55,8,0,0,0.0638,0,0,0,0,3,2,0
TCK-006323,Email,Faturamento,Problema Técnico,Baixa,Enterprise,Norte,40,268.7,0,4,1,4,0,161,27,0,0,0.0227,2,0,0,1,3,2,0
TCK-006324,Formulário Web,Plataforma Web,Cancelamento,Média,Basic,Centro-Oeste,37,96.8,1,1,1,6,0,55,8,0,0,0.0217,1,0,1,0,4,3,1
TCK-006325,Email,Faturamento,Acesso e Conta,Média,Basic,Nordeste,19,128.5,0,0,0,4,0,171,25,0,0,0.0352,2,0,0,0,3,2,0
TCK-006326,Redes Sociais,Relatórios,Faturamento,Alta,Basic,Sul,26,39.3,0,3,6,3,0,106,18,0,0,0.0235,1,1,0,0,3,2,0
TCK-006327,Email,Plataforma Web,Dúvida / Como Fazer,Baixa,Free,Sudeste,66,534.3,0,15,2,10,0,53,9,0,0,0.0227,0,0,0,0,3,2,0
TCK-006328,Redes Sociais,App Mobile,Acesso e Conta,Média,Basic,Centro-Oeste,26,93.9,0,4,6,11,0,64,9,0,0,0.037,1,0,0,0,3,2,0
TCK-006329,Chat,Plataforma Web,Solicitação de Recurso,Alta,Free,Nordeste,31,32.0,0,23,3,7,1,40,7,0,0,0.0303,0,0,0,0,3,2,0
TCK-006330,Chat,Plataforma Web,Problema Técnico,Baixa,Free,Norte,56,260.0,0,8,0,4,0,55,10,0,0,0.0222,0,0,0,0,3,2,0
TCK-006331,Email,Integrações,Cancelamento,Crítica,Premium,Sudeste,12,19.2,1,8,6,8,0,145,23,0,0,0.025,2,0,0,1,4,3,1
TCK-006332,Email,Integrações,Acesso e Conta,Alta,Enterprise,Centro-Oeste,43,44.6,1,15,2,9,0,151,27,0,0,0.025,0,0,0,0,4,3,1
TCK-006333,Chat,API,Dúvida / Como Fazer,Baixa,Free,Sul,78,197.0,0,13,1,10,0,53,9,0,0,0.0227,0,0,0,0,3,2,0
TCK-006334,Chat,API,Dúvida / Como Fazer,Baixa,Enterprise,Centro-Oeste,24,486.0,0,7,3,10,0,56,10,1,0,0.0217,0,0,0,0,3,2,0
TCK-006335,Telefone,App Mobile,Dúvida / Como Fazer,Baixa,Free,Centro-Oeste,26,182.4,0,20,2,4,0,157,27,2,0,0.0234,0,0,0,0,3,2,0
TCK-006336,Email,Integrações,Bug / Defeito,Baixa,Basic,Sudeste,27,220.7,1,16,2,5,1,61,10,0,0,0.02,1,0,0,1,4,3,1
TCK-006337,Email,Integrações,Dúvida / Como Fazer,Baixa,Free,Sudeste,30,273.5,0,1,1,7,0,56,10,1,0,0.0217,0,0,0,0,3,2,0
TCK-006338,Redes Sociais,Relatórios,Solicitação de Recurso,Baixa,Basic,Sudeste,18,610.3,0,6,2,10,0,40,7,0,0,0.0303,0,0,0,0,3,2,0
TCK-006339,Redes Sociais,Plataforma Web,Acesso e Conta,Crítica,Basic,Norte,77,68.3,0,10,1,6,0,64,12,0,0,0.0192,0,0,0,0,3,2,0
TCK-006340,Email,Integrações,Problema Técnico,Baixa,Basic,Centro-Oeste,29,310.3,0,18,5,7,0,59,10,0,0,0.0204,1,0,0,1,3,2,0
TCK-006341,Email,Plataforma Web,Dúvida / Como Fazer,Baixa,Free,Centro-Oeste,47,440.7,0,11,4,8,0,56,10,1,0,0.0217,0,0,0,0,3,2,0
TCK-006342,Telefone,Faturamento,Problema Técnico,Média,Enterprise,Nordeste,62,124.4,0,16,5,10,0,56,11,0,0,0.0222,0,0,0,0,3,2,0
TCK-006343,Email,Integrações,Faturamento,Baixa,Premium,Norte,32,116.8,0,11,5,3,0,59,9,1,0,0.0204,0,0,0,0,3,2,0
TCK-006344,Formulário Web,Integrações,Bug / Defeito,Média,Free,Nordeste,57,121.8,0,18,0,6,0,61,10,0,0,0.02,1,0,0,1,3,2,0
TCK-006345,Email,Faturamento,Faturamento,Média,Premium,Sudeste,42,151.0,0,21,3,4,0,62,11,0,0,0.02,1,1,0,0,3,2,0
TCK-006346,Email,Relatórios,Acesso e Conta,Média,Free,Nordeste,22,77.0,0,0,4,5,0,171,31,0,0,0.0217,0,0,0,0,3,2,0
TCK-006347,Telefone,API,Solicitação de Recurso,Média,Basic,Nordeste,39,79.1,0,23,6,8,1,57,9,1,0,0.0208,0,0,0,0,3,2,0
TCK-006348,Email,Faturamento,Problema Técnico,Média,Basic,Sul,0,114.6,0,6,6,8,0,59,10,0,0,0.0204,1,0,0,1,3,2,0
TCK-006349,Email,Plataforma Web,Cancelamento,Crítica,Premium,Sul,20,22.8,0,17,6,5,0,153,23,0,0,0.0238,2,0,1,0,3,2,0
TCK-006350,Email,App Mobile,Dúvida / Como Fazer,Baixa,Basic,Sudeste,72,204.1,0,11,2,5,0,157,27,2,0,0.0234,0,0,0,0,3,2,0
TCK-006351,Chat,Relatórios,Bug / Defeito,Baixa,Free,Centro-Oeste,39,158.2,0,5,6,11,0,46,9,0,0,0.0303,2,0,0,1,3,2,0
TCK-006352,Telefone,Faturamento,Problema Técnico,Baixa,Basic,Sul,6,202.0,1,22,0,9,0,55,10,0,0,0.0222,0,0,0,0,4,3,1
TCK-006353,Redes Sociais,API,Acesso e Conta,Média,Enterprise,Sudeste,38,119.5,1,22,1,5,0,64,9,0,0,0.037,1,0,0,0,4,3,1
TCK-006354,Chat,App Mobile,Faturamento,Média,Free,Centro-Oeste,36,252.1,0,22,4,7,0,45,8,0,0,0.027,0,0,0,0,3,2,0
TCK-006355,Chat,API,Bug / Defeito,Baixa,Premium,Norte,38,364.0,0,11,2,4,0,46,9,0,0,0.0303,2,0,0,1,3,2,0
TCK-006356,Email,Integrações,Cancelamento,Média,Premium,Centro-Oeste,46,97.7,0,2,1,7,0,61,10,0,0,0.02,1,0,1,0,3,2,0
TCK-006357,Email,Relatórios,Faturamento,Crítica,Enterprise,Sul,49,48.4,0,19,2,9,0,90,16,0,1,0.0278,1,0,0,0,3,2,0
TCK-006358,Email,API,Solicitação de Recurso,Alta,Basic,Norte,9,36.5,0,4,1,10,1,157,25,2,0,0.0231,0,0,0,0,3,2,0
TCK-006359,Email,Integrações,Faturamento,Crítica,Basic,Sudeste,27,28.1,0,7,4,11,0,59,9,1,0,0.0204,0,0,0,0,3,2,0
TCK-006360,Telefone,Integrações,Bug / Defeito,Alta,Free,Sudeste,40,47.0,0,12,6,4,1,61,11,0,0,0.0408,0,0,0,1,3,2,0
TCK-006361,Formulário Web,Relatórios,Problema Técnico,Baixa,Free,Centro-Oeste,71,273.3,0,16,0,3,0,56,11,0,0,0.0222,0,0,0,0,3,2,0
TCK-006362,Redes Sociais,App Mobile,Problema Técnico,Baixa,Premium,Nordeste,35,184.0,0,11,3,2,0,59,10,0,0,0.0204,1,0,0,1,3,2,0
TCK-006363,Chat,Integrações,Acesso e Conta,Baixa,Free,Sudeste,19,135.9,0,9,0,6,0,171,25,0,0,0.0352,2,0,0,0,3,2,0
TCK-006364,Chat,App Mobile,Dúvida / Como Fazer,Baixa,Premium,Sul,8,231.5,0,2,2,9,0,53,9,0,0,0.0227,0,0,0,0,3,2,0
TCK-006365,Email,Faturamento,Problema Técnico,Média,Free,Nordeste,31,128.4,0,23,4,9,0,153,27,0,0,0.0242,0,0,0,0,3,2,0
TCK-006366,Email,App Mobile,Problema Técnico,Média,Basic,Sul,52,128.7,0,0,0,10,0,55,10,0,0,0.0222,0,0,0,0,3,2,0
TCK-006367,Chat,Integrações,Acesso e Conta,Baixa,Free,Centro-Oeste,37,444.0,0,13,6,4,0,64,12,0,0,0.0192,0,0,0,0,3,2,0
TCK-006368,Email,API,Acesso e Conta,Média,Free,Norte,58,109.0,0,0,5,6,0,64,9,0,0,0.037,1,0,0,0,3,2,0
TCK-006369,Email,Faturamento,Faturamento,Crítica,Premium,Nordeste,61,50.3,0,22,3,1,1,62,11,0,0,0.02,1,1,0,0,3,2,0
TCK-006370,Formulário Web,API,Problema Técnico,Média,Basic,Norte,17,253.4,0,6,1,1,0,55,10,0,0,0.0222,0,0,0,0,3,2,0
TCK-006371,Email,App Mobile,Faturamento,Média,Premium,Centro-Oeste,83,177.1,0,14,4,1,0,62,11,0,0,0.02,1,1,0,0,3,2,0
TCK-006372,Telefone,App Mobile,Problema Técnico,Baixa,Enterprise,Centro-Oeste,52,173.5,0,13,1,4,0,56,11,0,0,0.0222,0,0,0,0,3,2,0
TCK-006373,Formulário Web,App Mobile,Dúvida / Como Fazer,Alta,Free,Centro-Oeste,0,23.7,0,3,2,6,0,53,9,0,0,0.0227,0,0,0,0,3,2,0
TCK-006374,Chat,Relatórios,Problema Técnico,Média,Free,Sudeste,24,70.2,1,13,4,6,0,55,10,0,0,0.0222,0,0,0,0,4,3,1
TCK-006375,Email,Plataforma Web,Bug / Defeito,Média,Basic,Norte,36,182.6,0,16,6,12,1,61,11,0,0,0.0408,0,0,0,1,3,2,0
TCK-006376,Chat,Plataforma Web,Faturamento,Alta,Free,Sul,77,94.8,0,12,3,1,0,62,11,0,0,0.02,1,1,0,0,3,2,0
TCK-006377,Email,Plataforma Web,Solicitação de Recurso,Média,Free,Sudeste,37,202.2,0,12,1,12,1,55,8,0,0,0.0638,0,0,0,0,3,2,0
TCK-006378,Email,Plataforma Web,Acesso e Conta,Alta,Free,Nordeste,59,79.1,0,17,1,11,1,215,32,0,0,0.0339,2,0,0,0,3,2,0
TCK-006379,Formulário Web,Relatórios,Bug / Defeito,Alta,Premium,Nordeste,36,31.7,0,21,4,4,1,91,17,0,1,0.0294,3,0,0,1,3,2,0
TCK-006380,Formulário Web,Relatórios,Problema Técnico,Alta,Free,Centro-Oeste,30,28.2,0,14,4,5,1,206,35,0,1,0.024,3,0,0,1,3,2,0
TCK-006381,Telefone,Integrações,Acesso e Conta,Baixa,Premium,Sudeste,50,119.4,0,23,1,4,0,54,10,0,0,0.0233,0,0,0,0,3,2,0
TCK-006382,Email,Relatórios,Solicitação de Recurso,Baixa,Enterprise,Sudeste,17,147.6,0,22,6,3,0,57,9,1,0,0.0208,0,0,0,0,3,2,0
TCK-006383,Chat,Integrações,Solicitação de Recurso,Média,Basic,Centro-Oeste,42,64.3,0,14,2,4,1,57,9,1,0,0.0208,0,0,0,0,3,2,0
TCK-006384,Formulário Web,Relatórios,Acesso e Conta,Baixa,Enterprise,Sudeste,53,292.7,0,13,4,12,0,64,9,0,0,0.037,1,0,0,0,3,2,0
TCK-006385,Chat,Integrações,Problema Técnico,Baixa,Free,Nordeste,30,221.5,1,8,5,4,0,55,10,0,0,0.0222,0,0,0,0,4,3,1
TCK-006386,Email,Integrações,Acesso e Conta,Baixa,Premium,Norte,17,257.8,0,18,1,11,0,54,10,0,0,0.0233,0,0,0,0,3,2,0
TCK-006387,Telefone,Relatórios,Cancelamento,Média,Basic,Norte,60,118.6,1,16,1,7,0,55,8,0,0,0.0217,1,0,1,0,4,3,1
TCK-006388,Chat,Integrações,Dúvida / Como Fazer,Baixa,Basic,Sul,25,192.1,0,23,2,6,0,53,9,0,0,0.0227,0,0,0,0,3,2,0
TCK-006389,Email,Relatórios,Problema Técnico,Alta,Basic,Sudeste,27,86.1,0,20,4,8,1,59,10,0,0,0.0204,1,0,0,1,3,2,0
TCK-006390,Telefone,Integrações,Problema Técnico,Média,Free,Centro-Oeste,51,76.8,0,13,3,5,0,161,27,0,0,0.0227,2,0,0,1,3,2,0
TCK-006391,Chat,Relatórios,Bug / Defeito,Média,Premium,Norte,44,100.3,0,16,1,11,0,61,11,0,0,0.0408,0,0,0,1,3,2,0
TCK-006392,Telefone,App Mobile,Problema Técnico,Alta,Basic,Nordeste,0,14.3,0,23,2,10,1,59,10,0,0,0.0204,1,0,0,1,3,2,0
TCK-006393,Formulário Web,Integrações,Acesso e Conta,Alta,Free,Sul,62,108.8,0,20,1,4,0,54,10,0,0,0.0233,0,0,0,0,3,2,0
TCK-006394,Telefone,Faturamento,Cancelamento,Alta,Premium,Sudeste,41,73.2,0,19,4,7,0,105,17,0,0,0.0235,1,0,1,0,3,2,0
TCK-006395,Redes Sociais,Faturamento,Faturamento,Média,Basic,Sudeste,11,129.8,0,7,0,1,0,62,11,0,0,0.02,1,1,0,0,3,2,0
TCK-006396,Email,Plataforma Web,Problema Técnico,Alta,Basic,Sul,28,48.5,1,4,5,4,1,55,10,0,0,0.0222,0,0,0,0,4,3,1
TCK-006397,Chat,Relatórios,Faturamento,Média,Free,Norte,58,144.6,0,23,0,1,0,59,9,1,0,0.0204,0,0,0,0,3,2,0
TCK-006398,Email,App Mobile,Cancelamento,Média,Basic,Sudeste,22,111.3,0,6,0,6,0,55,8,0,0,0.0217,1,0,1,0,3,2,0
TCK-006399,Telefone,Integrações,Problema Técnico,Baixa,Free,Sul,28,142.3,0,3,3,9,0,155,29,0,0,0.0242,0,0,0,0,3,2,0
TCK-006400,Telefone,Relatórios,Cancelamento,Baixa,Basic,Sul,28,352.6,1,20,1,5,0,165,27,0,0,0.0224,2,0,1,0,4,3,1
TCK-006401,Email,Plataforma Web,Dúvida / Como Fazer,Média,Premium,Nordeste,47,133.1,0,13,4,2,0,57,10,1,0,0.0213,0,0,0,0,3,2,0
TCK-006402,Formulário Web,Integrações,Faturamento,Média,Basic,Sul,49,66.7,0,9,1,3,0,45,8,0,0,0.027,0,0,0,0,3,2,0
TCK-006403,Formulário Web,API,Problema Técnico,Crítica,Premium,Centro-Oeste,47,56.6,0,20,3,3,1,89,15,0,0,0.0274,1,0,0,0,3,2,0
TCK-006404,Formulário Web,Plataforma Web,Problema Técnico,Baixa,Enterprise,Sudeste,43,229.7,0,19,4,5,0,56,11,0,0,0.0222,0,0,0,0,3,2,0
TCK-006405,Telefone,API,Cancelamento,Média,Premium,Nordeste,22,79.8,0,0,5,4,0,61,10,0,0,0.02,1,0,1,0,3,2,0
TCK-006406,Email,Integrações,Bug / Defeito,Alta,Basic,Centro-Oeste,49,47.0,1,1,6,4,1,106,18,0,1,0.0235,2,0,0,1,4,3,1
TCK-006407,Telefone,API,Dúvida / Como Fazer,Alta,Premium,Sudeste,62,71.1,0,18,6,9,0,57,10,1,0,0.0213,0,0,0,0,3,2,0
TCK-006408,Email,Relatórios,Cancelamento,Média,Basic,Nordeste,46,148.5,1,22,0,3,0,61,10,0,0,0.02,1,0,1,0,4,3,1
TCK-006409,Email,Relatórios,Cancelamento,Média,Premium,Sul,22,224.2,0,21,1,5,0,51,8,0,0,0.0233,1,0,0,1,3,2,0
TCK-006410,Formulário Web,App Mobile,Dúvida / Como Fazer,Baixa,Free,Sudeste,47,304.3,0,16,4,3,0,57,10,1,0,0.0213,0,0,0,0,3,2,0
TCK-006411,Redes Sociais,Relatórios,Solicitação de Recurso,Média,Enterprise,Nordeste,17,177.6,0,2,3,9,1,55,8,0,0,0.0638,0,0,0,0,3,2,0
TCK-006412,Formulário Web,Relatórios,Acesso e Conta,Crítica,Free,Sul,27,32.7,0,0,4,11,0,54,10,0,0,0.0233,0,0,0,0,3,2,0
TCK-006413,Formulário Web,Integrações,Bug / Defeito,Média,Basic,Sul,63,138.1,0,6,5,12,1,46,9,0,0,0.0303,2,0,0,1,3,2,0
TCK-006414,Chat,Plataforma Web,Bug / Defeito,Média,Enterprise,Nordeste,50,73.0,1,14,4,4,0,61,10,0,0,0.02,1,0,0,1,4,3,1
TCK-006415,Email,Relatórios,Problema Técnico,Média,Free,Norte,59,193.3,0,16,0,4,1,55,10,0,0,0.0222,0,0,0,0,3,2,0
TCK-006416,Formulário Web,Relatórios,Cancelamento,Alta,Free,Norte,42,44.6,0,8,4,10,0,51,8,0,0,0.0233,1,0,0,1,3,2,0
TCK-006417,Email,App Mobile,Bug / Defeito,Baixa,Basic,Sul,70,185.0,1,17,4,3,0,61,11,0,0,0.0408,0,0,0,1,4,3,1
TCK-006418,Formulário Web,App Mobile,Bug / Defeito,Baixa,Free,Centro-Oeste,63,198.7,1,17,6,5,0,61,10,0,0,0.02,1,0,0,1,4,3,1
TCK-006419,Email,Relatórios,Acesso e Conta,Média,Free,Nordeste,65,118.8,0,3,6,2,0,171,25,0,0,0.0352,2,0,0,0,3,2,0
TCK-006420,Chat,Integrações,Bug / Defeito,Baixa,Free,Norte,44,203.4,0,0,5,3,0,61,10,0,0,0.02,1,0,0,1,3,2,0
TCK-006421,Chat,Integrações,Solicitação de Recurso,Alta,Basic,Sul,36,45.2,0,15,0,1,1,40,7,0,0,0.0303,0,0,0,0,3,2,0
TCK-006422,Email,API,Faturamento,Média,Basic,Centro-Oeste,67,86.5,0,10,1,2,0,62,11,0,0,0.02,1,1,0,0,3,2,0
TCK-006423,Email,App Mobile,Problema Técnico,Baixa,Premium,Centro-Oeste,50,306.8,0,20,1,11,0,153,27,0,0,0.0242,0,0,0,0,3,2,0
TCK-006424,Formulário Web,App Mobile,Cancelamento,Alta,Basic,Sul,43,89.5,0,19,4,11,0,105,17,0,0,0.0235,1,0,1,0,3,2,0
TCK-006425,Email,Integrações,Dúvida / Como Fazer,Baixa,Premium,Norte,68,373.7,0,16,1,7,0,155,27,2,0,0.0238,0,0,0,0,3,2,0
TCK-006426,Email,Faturamento,Dúvida / Como Fazer,Alta,Premium,Nordeste,31,48.3,0,3,6,12,0,57,10,1,0,0.0213,0,0,0,0,3,2,0
TCK-006427,Redes Sociais,Relatórios,Cancelamento,Crítica,Free,Sul,30,27.8,0,22,1,1,0,61,10,0,0,0.02,1,0,1,0,3,2,0
TCK-006428,Formulário Web,Faturamento,Problema Técnico,Alta,Free,Nordeste,38,100.9,0,7,2,1,1,55,10,0,0,0.0222,0,0,0,0,3,2,0
TCK-006429,Email,Plataforma Web,Acesso e Conta,Alta,Free,Nordeste,13,94.4,0,7,3,6,0,54,10,0,0,0.0233,0,0,0,0,3,2,0
TCK-006430,Telefone,Integrações,Bug / Defeito,Baixa,Basic,Centro-Oeste,52,143.3,0,11,1,11,0,61,11,0,0,0.0408,0,0,0,1,3,2,0
TCK-006431,Formulário Web,Relatórios,Bug / Defeito,Alta,Enterprise,Sudeste,26,44.1,1,21,3,11,1,61,11,0,0,0.0408,0,0,0,1,4,3,1
TCK-006432,Email,Relatórios,Dúvida / Como Fazer,Baixa,Basic,Norte,26,387.3,1,16,3,3,0,149,25,0,0,0.0246,0,0,0,0,4,3,1
TCK-006433,Email,Integrações,Dúvida / Como Fazer,Média,Free,Sudeste,32,120.3,0,17,6,4,0,53,9,0,0,0.0227,0,0,0,0,3,2,0
TCK-006434,Telefone,App Mobile,Bug / Defeito,Média,Basic,Nordeste,15,44.3,0,20,6,10,1,61,11,0,0,0.0408,0,0,0,1,3,2,0
TCK-006435,Chat,API,Solicitação de Recurso,Alta,Basic,Sul,33,47.1,0,0,1,6,1,157,25,2,0,0.0231,0,0,0,0,3,2,0
TCK-006436,Chat,Faturamento,Bug / Defeito,Baixa,Basic,Norte,78,149.8,0,11,6,2,0,46,9,0,0,0.0303,2,0,0,1,3,2,0
TCK-006437,Chat,App Mobile,Problema Técnico,Média,Basic,Centro-Oeste,34,111.7,0,6,3,10,0,55,10,0,0,0.0222,0,0,0,0,3,2,0
TCK-006438,Chat,Integrações,Problema Técnico,Média,Free,Sul,37,103.7,0,17,1,4,1,55,10,0,0,0.0222,0,0,0,0,3,2,0
TCK-006439,Chat,Relatórios,Solicitação de Recurso,Média,Basic,Norte,57,140.3,0,18,6,11,0,40,7,0,0,0.0303,0,0,0,0,3,2,0
TCK-006440,Email,Integrações,Acesso e Conta,Baixa,Enterprise,Centro-Oeste,64,264.9,0,20,5,8,0,54,10,0,0,0.0233,0,0,0,0,3,2,0
TCK-006441,Email,Relatórios,Faturamento,Alta,Free,Nordeste,26,67.5,0,1,5,10,0,90,16,0,1,0.0278,1,0,0,0,3,2,0
TCK-006442,Formulário Web,App Mobile,Bug / Defeito,Média,Basic,Centro-Oeste,37,98.6,0,4,4,6,0,61,11,0,0,0.0408,0,0,0,1,3,2,0
TCK-006443,Chat,App Mobile,Acesso e Conta,Média,Free,Sul,30,69.8,0,8,0,3,0,64,12,0,0,0.0192,0,0,0,0,3,2,0
TCK-006444,Telefone,Integrações,Faturamento,Baixa,Free,Sudeste,39,119.1,0,10,1,9,0,59,9,1,0,0.0204,0,0,0,0,3,2,0
TCK-006445,Redes Sociais,App Mobile,Acesso e Conta,Crítica,Free,Sudeste,63,48.0,0,17,5,11,1,108,16,0,0,0.0337,1,0,0,0,3,2,0
TCK-006446,Email,App Mobile,Cancelamento,Baixa,Premium,Centro-Oeste,11,273.8,0,21,5,10,0,55,8,0,0,0.0217,1,0,1,0,3,2,0
TCK-006447,Telefone,Faturamento,Problema Técnico,Baixa,Free,Centro-Oeste,30,270.5,1,1,1,9,0,56,11,0,0,0.0222,0,0,0,0,4,3,1
TCK-006448,Chat,App Mobile,Faturamento,Baixa,Basic,Sul,29,196.4,0,0,2,5,0,45,8,0,0,0.027,0,0,0,0,3,2,0
TCK-006449,Email,Relatórios,Faturamento,Média,Premium,Nordeste,13,101.4,0,7,5,2,0,59,9,1,0,0.0204,0,0,0,0,3,2,0
TCK-006450,Chat,Relatórios,Problema Técnico,Média,Basic,Norte,48,187.9,0,18,2,10,0,55,10,0,0,0.0222,0,0,0,0,3,2,0
TCK-006451,Email,App Mobile,Problema Técnico,Crítica,Free,Sudeste,32,28.8,0,13,3,12,1,103,17,0,0,0.0238,1,0,0,1,3,2,0
TCK-006452,Chat,Faturamento,Solicitação de Recurso,Média,Free,Sudeste,0,78.3,0,19,6,9,1,40,7,0,0,0.0303,0,0,0,0,3,2,0
TCK-006453,Telefone,Integrações,Acesso e Conta,Alta,Enterprise,Sul,36,41.0,0,11,3,8,0,54,10,0,0,0.0233,0,0,0,0,3,2,0
TCK-006454,Redes Sociais,Plataforma Web,Problema Técnico,Baixa,Free,Sudeste,29,362.4,0,12,1,12,0,56,11,0,0,0.0222,0,0,0,0,3,2,0
TCK-006455,Telefone,Integrações,Acesso e Conta,Crítica,Free,Sudeste,24,25.6,0,3,6,6,0,151,27,0,0,0.025,0,0,0,0,3,2,0
TCK-006456,Email,Faturamento,Problema Técnico,Média,Free,Norte,15,123.8,0,3,4,9,1,56,11,0,0,0.0222,0,0,0,0,3,2,0
TCK-006457,Email,App Mobile,Faturamento,Média,Enterprise,Nordeste,3,146.0,0,6,5,1,0,59,9,1,0,0.0204,0,0,0,0,3,2,0
TCK-006458,Telefone,Integrações,Bug / Defeito,Média,Free,Sul,44,83.9,0,20,1,8,0,61,10,0,0,0.02,1,0,0,1,3,2,0
TCK-006459,Email,Plataforma Web,Dúvida / Como Fazer,Alta,Basic,Centro-Oeste,38,36.6,1,11,2,12,0,101,17,1,0,0.0244,0,0,0,0,4,3,1
TCK-006460,Chat,Relatórios,Cancelamento,Média,Basic,Nordeste,11,62.2,0,0,1,6,0,61,10,0,0,0.02,1,0,1,0,3,2,0
TCK-006461,Email,Faturamento,Problema Técnico,Alta,Premium,Sul,1,42.7,0,6,5,1,1,99,17,0,0,0.025,0,0,0,0,3,2,0
TCK-006462,Redes Sociais,App Mobile,Dúvida / Como Fazer,Alta,Basic,Centro-Oeste,33,74.2,0,0,5,4,0,57,10,1,0,0.0213,0,0,0,0,3,2,0
TCK-006463,Email,Integrações,Problema Técnico,Baixa,Free,Sudeste,51,274.3,0,10,4,8,0,161,27,0,0,0.0227,2,0,0,1,3,2,0
TCK-006464,Email,Integrações,Dúvida / Como Fazer,Média,Enterprise,Sul,22,128.2,0,4,2,10,0,53,9,0,0,0.0227,0,0,0,0,3,2,0
TCK-006465,Email,Plataforma Web,Bug / Defeito,Média,Free,Norte,23,230.4,0,6,5,7,1,61,11,0,0,0.0408,0,0,0,1,3,2,0
TCK-006466,Email,Relatórios,Dúvida / Como Fazer,Baixa,Basic,Nordeste,63,383.8,0,12,6,5,0,53,9,0,0,0.0227,0,0,0,0,3,2,0
TCK-006467,Telefone,Integrações,Acesso e Conta,Média,Enterprise,Nordeste,42,239.2,0,19,5,5,0,64,9,0,0,0.037,1,0,0,0,3,2,0
TCK-006468,Email,Integrações,Bug / Defeito,Alta,Free,Nordeste,34,65.0,0,1,2,1,1,106,18,0,1,0.0235,2,0,0,1,3,2,0
TCK-006469,Email,Faturamento,Dúvida / Como Fazer,Alta,Enterprise,Nordeste,24,68.1,0,3,5,4,0,53,9,0,0,0.0227,0,0,0,0,3,2,0
TCK-006470,Telefone,Integrações,Problema Técnico,Baixa,Free,Centro-Oeste,66,324.9,0,21,5,4,0,55,10,0,0,0.0222,0,0,0,0,3,2,0
TCK-006471,Telefone,Faturamento,Problema Técnico,Baixa,Free,Sudeste,11,84.4,0,22,2,7,0,155,29,0,0,0.0242,0,0,0,0,3,2,0
TCK-006472,Email,Relatórios,Solicitação de Recurso,Alta,Basic,Nordeste,60,75.2,0,10,5,8,1,84,14,0,0,0.0294,0,0,0,0,3,2,0
TCK-006473,Formulário Web,Faturamento,Solicitação de Recurso,Média,Basic,Centro-Oeste,17,163.7,0,6,5,5,1,40,7,0,0,0.0303,0,0,0,0,3,2,0
TCK-006474,Email,Relatórios,Problema Técnico,Média,Free,Nordeste,50,215.4,1,16,4,8,1,56,11,0,0,0.0222,0,0,0,0,4,3,1
TCK-006475,Redes Sociais,Faturamento,Cancelamento,Baixa,Basic,Norte,56,861.6,1,13,0,9,0,61,10,0,0,0.02,1,0,1,0,4,3,1
TCK-006476,Redes Sociais,API,Solicitação de Recurso,Alta,Premium,Sudeste,36,65.7,1,21,1,2,1,191,30,2,0,0.0253,1,0,0,0,4,3,1
TCK-006477,Telefone,Faturamento,Solicitação de Recurso,Média,Enterprise,Centro-Oeste,46,118.0,0,22,3,9,0,55,8,0,0,0.0638,0,0,0,0,3,2,0
TCK-006478,Telefone,Relatórios,Solicitação de Recurso,Baixa,Basic,Norte,23,198.3,0,7,6,2,0,40,7,0,0,0.0303,0,0,0,0,3,2,0
TCK-006479,Formulário Web,Relatórios,Problema Técnico,Alta,Premium,Centro-Oeste,30,50.7,0,8,0,1,0,59,10,0,0,0.0204,1,0,0,1,3,2,0
TCK-006480,Chat,API,Solicitação de Recurso,Média,Basic,Sul,22,59.3,0,2,0,2,1,40,7,0,0,0.0303,0,0,0,0,3,2,0
TCK-006481,Chat,Faturamento,Cancelamento,Alta,Free,Sul,60,68.7,0,10,3,8,0,55,8,0,0,0.0217,1,0,1,0,3,2,0
TCK-006482,Email,Integrações,Acesso e Conta,Alta,Enterprise,Sul,44,108.8,0,2,5,8,0,64,9,0,0,0.037,1,0,0,0,3,2,0
TCK-006483,Telefone,Faturamento,Acesso e Conta,Crítica,Premium,Nordeste,44,40.2,0,23,2,1,0,171,25,0,0,0.0352,2,0,0,0,3,2,0
TCK-006484,Email,Faturamento,Faturamento,Baixa,Basic,Centro-Oeste,52,155.8,0,21,4,10,0,45,8,0,0,0.027,0,0,0,0,3,2,0
TCK-006485,Formulário Web,Plataforma Web,Faturamento,Baixa,Free,Centro-Oeste,56,270.9,0,9,6,11,0,133,23,0,0,0.0278,0,0,0,0,3,2,0
TCK-006486,Telefone,App Mobile,Dúvida / Como Fazer,Média,Basic,Sul,55,86.3,0,21,4,7,0,157,27,2,0,0.0234,0,0,0,0,3,2,0
TCK-006487,Telefone,App Mobile,Bug / Defeito,Baixa,Free,Sul,62,252.1,1,7,0,4,1,61,10,0,0,0.02,1,0,0,1,4,3,1
TCK-006488,Formulário Web,Faturamento,Bug / Defeito,Média,Basic,Nordeste,54,108.5,0,14,4,7,0,61,11,0,0,0.0408,0,0,0,1,3,2,0
TCK-006489,Email,Relatórios,Dúvida / Como Fazer,Alta,Basic,Sul,0,17.8,0,3,5,4,0,97,16,0,0,0.0253,0,0,0,0,3,2,0
TCK-006490,Email,API,Faturamento,Média,Basic,Centro-Oeste,43,78.2,0,16,6,5,0,59,9,1,0,0.0204,0,0,0,0,3,2,0
TCK-006491,Email,Plataforma Web,Cancelamento,Baixa,Enterprise,Centro-Oeste,19,166.8,0,18,5,1,0,55,8,0,0,0.0217,1,0,1,0,3,2,0
TCK-006492,Telefone,API,Solicitação de Recurso,Alta,Enterprise,Norte,30,37.2,1,11,5,8,1,191,30,2,0,0.0253,1,0,0,0,4,3,1
TCK-006493,Chat,App Mobile,Problema Técnico,Baixa,Premium,Centro-Oeste,31,375.3,1,19,1,12,0,55,10,0,0,0.0222,0,0,0,0,4,3,1
TCK-006494,Email,API,Problema Técnico,Crítica,Basic,Nordeste,41,33.6,1,13,3,1,1,103,17,0,0,0.0238,1,0,0,1,4,3,1
TCK-006495,Email,API,Dúvida / Como Fazer,Baixa,Free,Nordeste,57,254.4,0,1,1,7,0,56,10,1,0,0.0217,0,0,0,0,3,2,0
TCK-006496,Email,App Mobile,Faturamento,Baixa,Premium,Nordeste,48,221.0,1,23,3,2,0,62,11,0,0,0.02,1,1,0,0,4,3,1
TCK-006497,Email,API,Bug / Defeito,Crítica,Basic,Norte,39,39.6,0,11,0,10,1,46,9,0,0,0.0303,2,0,0,1,3,2,0
TCK-006498,Chat,App Mobile,Solicitação de Recurso,Alta,Basic,Norte,36,51.2,0,5,4,11,1,57,9,1,0,0.0208,0,0,0,0,3,2,0
TCK-006499,Telefone,API,Bug / Defeito,Média,Enterprise,Centro-Oeste,69,121.0,1,15,0,6,0,165,27,0,0,0.0224,2,0,0,1,4,3,1
TCK-006500,Redes Sociais,Relatórios,Dúvida / Como Fazer,Baixa,Premium,Sul,46,181.0,0,13,3,7,0,56,10,1,0,0.0217,0,0,0,0,3,2,0
TCK-006501,Email,Integrações,Problema Técnico,Alta,Free,Sul,61,53.2,0,13,3,8,1,56,11,0,0,0.0222,0,0,0,0,3,2,0
TCK-006502,Chat,Plataforma Web,Problema Técnico,Média,Premium,Centro-Oeste,62,86.7,0,9,0,9,0,56,11,0,0,0.0222,0,0,0,0,3,2,0
TCK-006503,Email,Integrações,Problema Técnico,Baixa,Basic,Norte,34,266.9,0,6,1,7,0,161,27,0,0,0.0227,2,0,0,1,3,2,0
TCK-006504,Telefone,Faturamento,Problema Técnico,Crítica,Premium,Nordeste,0,9.3,0,2,2,3,1,55,10,0,0,0.0222,0,0,0,0,3,2,0
TCK-006505,Telefone,App Mobile,Cancelamento,Alta,Premium,Sudeste,51,78.8,1,13,5,9,0,89,13,0,0,0.027,2,0,1,0,4,3,1
TCK-006506,Chat,Plataforma Web,Cancelamento,Média,Basic,Centro-Oeste,32,141.3,0,8,0,11,0,145,23,0,0,0.025,2,0,0,1,3,2,0
TCK-006507,Telefone,App Mobile,Bug / Defeito,Crítica,Basic,Centro-Oeste,57,48.1,0,10,1,4,1,61,11,0,0,0.0408,0,0,0,1,3,2,0
TCK-006508,Email,Integrações,Dúvida / Como Fazer,Alta,Premium,Nordeste,29,62.9,0,15,2,7,0,56,10,1,0,0.0217,0,0,0,0,3,2,0
TCK-006509,Telefone,Faturamento,Bug / Defeito,Crítica,Premium,Nordeste,37,26.9,0,4,4,6,1,165,27,0,0,0.0224,2,0,0,1,3,2,0
TCK-006510,Chat,API,Problema Técnico,Baixa,Free,Sul,78,231.3,1,17,1,6,0,59,10,0,0,0.0204,1,0,0,1,4,3,1
TCK-006511,Formulário Web,Faturamento,Problema Técnico,Baixa,Enterprise,Norte,4,220.3,1,19,1,3,0,55,10,0,0,0.0222,0,0,0,0,4,3,1
TCK-006512,Chat,API,Acesso e Conta,Média,Basic,Centro-Oeste,8,132.5,0,6,4,2,0,64,9,0,0,0.037,1,0,0,0,3,2,0
TCK-006513,Chat,Plataforma Web,Cancelamento,Crítica,Free,Sul,14,14.0,0,23,3,4,1,51,8,0,0,0.0233,1,0,0,1,3,2,0
TCK-006514,Telefone,Relatórios,Acesso e Conta,Média,Basic,Norte,38,160.2,0,5,0,5,0,64,12,0,0,0.0192,0,0,0,0,3,2,0
TCK-006515,Chat,API,Bug / Defeito,Crítica,Basic,Nordeste,52,42.5,0,23,3,1,1,61,11,0,0,0.0408,0,0,0,1,3,2,0
TCK-006516,Chat,Relatórios,Problema Técnico,Alta,Free,Centro-Oeste,71,72.2,0,10,2,7,1,56,11,0,0,0.0222,0,0,0,0,3,2,0
TCK-006517,Redes Sociais,App Mobile,Problema Técnico,Alta,Free,Norte,17,39.5,0,18,4,2,1,56,11,0,0,0.0222,0,0,0,0,3,2,0
TCK-006518,Chat,Faturamento,Acesso e Conta,Baixa,Free,Sul,37,164.4,0,1,6,3,0,64,12,0,0,0.0192,0,0,0,0,3,2,0
TCK-006519,Chat,App Mobile,Dúvida / Como Fazer,Média,Premium,Centro-Oeste,72,274.4,0,15,5,1,0,57,10,1,0,0.0213,0,0,0,0,3,2,0
TCK-006520,Email,Relatórios,Faturamento,Baixa,Free,Sudeste,50,294.8,0,1,6,10,0,45,8,0,0,0.027,0,0,0,0,3,2,0
TCK-006521,Formulário Web,Faturamento,Dúvida / Como Fazer,Alta,Premium,Sudeste,46,78.4,0,23,2,8,0,98,17,0,1,0.0253,1,0,0,0,3,2,0
TCK-006522,Chat,Integrações,Problema Técnico,Baixa,Enterprise,Centro-Oeste,29,253.9,0,19,5,6,0,153,27,0,0,0.0242,0,0,0,0,3,2,0
TCK-006523,Formulário Web,Integrações,Problema Técnico,Média,Basic,Nordeste,52,133.6,0,11,3,11,0,59,10,0,0,0.0204,1,0,0,1,3,2,0
TCK-006524,Redes Sociais,Plataforma Web,Acesso e Conta,Média,Basic,Centro-Oeste,1,61.2,0,21,1,1,0,54,10,0,0,0.0233,0,0,0,0,3,2,0
TCK-006525,Telefone,Relatórios,Faturamento,Baixa,Basic,Sul,30,209.4,0,19,1,12,0,59,9,1,0,0.0204,0,0,0,0,3,2,0
TCK-006526,Chat,Plataforma Web,Cancelamento,Média,Free,Centro-Oeste,48,162.4,0,16,6,8,0,61,10,0,0,0.02,1,0,1,0,3,2,0
TCK-006527,Email,App Mobile,Problema Técnico,Baixa,Free,Nordeste,42,258.8,0,15,6,2,0,56,11,0,0,0.0222,0,0,0,0,3,2,0
TCK-006528,Chat,App Mobile,Problema Técnico,Baixa,Free,Nordeste,42,345.1,0,6,1,7,0,55,10,0,0,0.0222,0,0,0,0,3,2,0
TCK-006529,Telefone,Relatórios,Bug / Defeito,Baixa,Free,Centro-Oeste,52,213.8,0,11,0,12,0,61,11,0,0,0.0408,0,0,0,1,3,2,0
TCK-006530,Formulário Web,Relatórios,Dúvida / Como Fazer,Alta,Basic,Centro-Oeste,49,108.2,0,14,0,3,0,53,9,0,0,0.0227,0,0,0,0,3,2,0
TCK-006531,Telefone,Integrações,Dúvida / Como Fazer,Baixa,Basic,Sul,42,420.6,0,9,3,11,0,57,10,1,0,0.0213,0,0,0,0,3,2,0
TCK-006532,Formulário Web,API,Acesso e Conta,Média,Enterprise,Sudeste,49,215.0,0,17,0,1,0,54,10,0,0,0.0233,0,0,0,0,3,2,0
TCK-006533,Telefone,API,Problema Técnico,Média,Premium,Sudeste,24,193.8,0,10,0,12,0,56,11,0,0,0.0222,0,0,0,0,3,2,0
TCK-006534,Formulário Web,Plataforma Web,Cancelamento,Alta,Basic,Sudeste,45,52.4,0,13,5,6,1,99,15,0,0,0.0247,1,0,1,0,3,2,0
TCK-006535,Email,API,Faturamento,Baixa,Free,Nordeste,27,263.0,0,6,3,12,0,59,9,1,0,0.0204,0,0,0,0,3,2,0
TCK-006536,Formulário Web,API,Acesso e Conta,Média,Basic,Sul,26,143.2,0,9,1,4,0,54,10,0,0,0.0233,0,0,0,0,3,2,0
TCK-006537,Email,App Mobile,Dúvida / Como Fazer,Média,Premium,Nordeste,28,170.0,0,3,0,6,0,57,10,1,0,0.0213,0,0,0,0,3,2,0
TCK-006538,Email,API,Dúvida / Como Fazer,Crítica,Enterprise,Nordeste,18,40.1,0,16,0,7,0,53,9,0,0,0.0227,0,0,0,0,3,2,0
TCK-006539,Redes Sociais,Integrações,Bug / Defeito,Baixa,Premium,Sul,12,445.7,0,6,6,6,0,61,11,0,0,0.0408,0,0,0,1,3,2,0
TCK-006540,Email,Relatórios,Bug / Defeito,Baixa,Basic,Sul,43,439.9,0,10,5,5,0,135,25,0,0,0.03,4,0,0,1,3,2,0
TCK-006541,Email,App Mobile,Dúvida / Como Fazer,Baixa,Premium,Nordeste,0,282.4,0,6,5,4,0,157,27,2,0,0.0234,0,0,0,0,3,2,0
TCK-006542,Email,Relatórios,Faturamento,Baixa,Free,Nordeste,26,304.7,0,5,2,4,0,45,8,0,0,0.027,0,0,0,0,3,2,0
TCK-006543,Email,Faturamento,Faturamento,Crítica,Free,Norte,31,24.9,0,8,4,8,1,45,8,0,0,0.027,0,0,0,0,3,2,0
TCK-006544,Telefone,Faturamento,Problema Técnico,Média,Free,Sudeste,25,84.7,0,3,2,6,0,56,11,0,0,0.0222,0,0,0,0,3,2,0
TCK-006545,Email,API,Problema Técnico,Alta,Free,Sul,60,75.6,0,20,4,6,1,55,10,0,0,0.0222,0,0,0,0,3,2,0
TCK-006546,Chat,Integrações,Dúvida / Como Fazer,Crítica,Premium,Sul,12,13.4,0,23,4,9,0,57,10,1,0,0.0213,0,0,0,0,3,2,0
TCK-006547,Telefone,Integrações,Problema Técnico,Média,Premium,Centro-Oeste,44,173.2,0,3,5,6,0,55,10,0,0,0.0222,0,0,0,0,3,2,0
TCK-006548,Email,App Mobile,Dúvida / Como Fazer,Baixa,Enterprise,Sul,42,347.6,0,4,1,12,0,56,10,1,0,0.0217,0,0,0,0,3,2,0
TCK-006549,Email,App Mobile,Cancelamento,Alta,Basic,Centro-Oeste,23,82.2,0,3,2,6,0,153,23,0,0,0.0238,2,0,1,0,3,2,0
TCK-006550,Email,Relatórios,Problema Técnico,Alta,Enterprise,Norte,19,50.7,1,5,5,12,1,161,27,0,0,0.0227,2,0,0,1,4,3,1
TCK-006551,Email,Relatórios,Solicitação de Recurso,Alta,Basic,Norte,33,129.8,1,4,3,12,1,57,9,1,0,0.0208,0,0,0,0,4,3,1
TCK-006552,Redes Sociais,Integrações,Bug / Defeito,Baixa,Basic,Norte,14,202.3,1,5,2,12,1,61,11,0,0,0.0408,0,0,0,1,4,3,1
TCK-006553,Telefone,Relatórios,Faturamento,Alta,Free,Sudeste,43,42.8,0,15,3,11,0,59,9,1,0,0.0204,0,0,0,0,3,2,0
TCK-006554,Redes Sociais,Relatórios,Acesso e Conta,Média,Free,Sul,54,151.5,0,5,3,1,0,151,27,0,0,0.025,0,0,0,0,3,2,0
TCK-006555,Email,App Mobile,Dúvida / Como Fazer,Média,Free,Sul,41,239.1,0,20,4,4,0,53,9,0,0,0.0227,0,0,0,0,3,2,0
TCK-006556,Telefone,Plataforma Web,Acesso e Conta,Alta,Basic,Nordeste,37,49.2,1,12,3,10,0,108,19,0,0,0.023,0,0,0,0,4,3,1
TCK-006557,Chat,Relatórios,Dúvida / Como Fazer,Baixa,Free,Sul,31,115.7,0,16,3,4,0,157,27,2,0,0.0234,0,0,0,0,3,2,0
TCK-006558,Email,Relatórios,Solicitação de Recurso,Baixa,Basic,Centro-Oeste,3,286.1,0,20,1,2,1,57,9,1,0,0.0208,0,0,0,0,3,2,0
TCK-006559,Chat,Relatórios,Solicitação de Recurso,Alta,Premium,Sul,49,78.1,1,11,0,4,1,40,7,0,0,0.0303,0,0,0,0,4,3,1
TCK-006560,Telefone,Faturamento,Bug / Defeito,Baixa,Free,Centro-Oeste,29,269.3,0,6,1,6,0,61,11,0,0,0.0408,0,0,0,1,3,2,0
TCK-006561,Email,App Mobile,Problema Técnico,Baixa,Basic,Nordeste,52,291.8,0,23,1,12,0,59,10,0,0,0.0204,1,0,0,1,3,2,0
TCK-006562,Formulário Web,App Mobile,Dúvida / Como Fazer,Baixa,Basic,Norte,35,137.4,0,7,0,8,0,56,10,1,0,0.0217,0,0,0,0,3,2,0
TCK-006563,Formulário Web,Faturamento,Dúvida / Como Fazer,Baixa,Basic,Nordeste,59,112.9,0,19,4,11,0,56,10,1,0,0.0217,0,0,0,0,3,2,0
TCK-006564,Redes Sociais,App Mobile,Faturamento,Crítica,Basic,Norte,101,79.8,0,17,3,6,1,107,19,0,1,0.0235,2,1,0,0,3,2,0
TCK-006565,Telefone,Integrações,Acesso e Conta,Baixa,Enterprise,Centro-Oeste,74,101.2,0,18,2,11,0,54,10,0,0,0.0233,0,0,0,0,3,2,0
TCK-006566,Chat,App Mobile,Faturamento,Baixa,Basic,Sul,51,133.8,0,5,2,10,0,62,11,0,0,0.02,1,1,0,0,3,2,0
TCK-006567,Chat,API,Dúvida / Como Fazer,Baixa,Basic,Norte,52,147.5,0,10,5,11,0,53,9,0,0,0.0227,0,0,0,0,3,2,0
TCK-006568,Email,App Mobile,Acesso e Conta,Alta,Free,Sul,52,74.9,0,13,5,6,0,64,12,0,0,0.0192,0,0,0,0,3,2,0
TCK-006569,Chat,Plataforma Web,Problema Técnico,Baixa,Basic,Sul,36,391.1,0,20,3,3,0,56,11,0,0,0.0222,0,0,0,0,3,2,0
TCK-006570,Formulário Web,Plataforma Web,Dúvida / Como Fazer,Média,Basic,Centro-Oeste,58,132.0,0,11,0,1,0,57,10,1,0,0.0213,0,0,0,0,3,2,0
TCK-006571,Chat,Faturamento,Solicitação de Recurso,Média,Premium,Norte,13,95.0,0,8,1,9,0,123,21,0,0,0.03,0,0,0,0,3,2,0
TCK-006572,Email,Faturamento,Acesso e Conta,Alta,Free,Nordeste,33,73.9,0,14,0,3,0,64,12,0,0,0.0192,0,0,0,0,3,2,0
TCK-006573,Email,Plataforma Web,Acesso e Conta,Alta,Free,Centro-Oeste,64,69.3,0,12,6,4,0,64,12,0,0,0.0192,0,0,0,0,3,2,0
TCK-006574,Email,API,Acesso e Conta,Crítica,Free,Sul,66,44.0,0,16,6,9,0,171,31,0,0,0.0217,0,0,0,0,3,2,0
TCK-006575,Formulário Web,Integrações,Acesso e Conta,Baixa,Premium,Centro-Oeste,45,135.3,0,12,0,7,0,64,9,0,0,0.037,1,0,0,0,3,2,0
TCK-006576,Chat,App Mobile,Cancelamento,Baixa,Basic,Nordeste,52,210.4,0,18,6,2,0,145,23,0,0,0.025,2,0,0,1,3,2,0
TCK-006577,Chat,App Mobile,Faturamento,Baixa,Basic,Centro-Oeste,43,400.6,0,12,4,4,0,59,9,1,0,0.0204,0,0,0,0,3,2,0
TCK-006578,Email,Relatórios,Problema Técnico,Baixa,Basic,Sul,37,649.4,0,20,3,4,0,155,29,0,0,0.0242,0,0,0,0,3,2,0
TCK-006579,Email,Plataforma Web,Cancelamento,Baixa,Basic,Sudeste,28,163.3,0,13,5,3,0,55,8,0,0,0.0217,1,0,1,0,3,2,0
TCK-006580,Formulário Web,App Mobile,Dúvida / Como Fazer,Baixa,Premium,Norte,57,132.0,0,19,1,12,0,56,10,1,0,0.0217,0,0,0,0,3,2,0
TCK-006581,Email,Integrações,Problema Técnico,Baixa,Basic,Sudeste,54,148.1,0,16,2,4,0,55,10,0,0,0.0222,0,0,0,0,3,2,0
TCK-006582,Email,Plataforma Web,Faturamento,Média,Basic,Centro-Oeste,30,218.5,0,23,1,5,0,45,8,0,0,0.027,0,0,0,0,3,2,0
TCK-006583,Email,App Mobile,Bug / Defeito,Média,Premium,Centro-Oeste,30,71.6,0,14,1,3,1,46,9,0,0,0.0303,2,0,0,1,3,2,0
TCK-006584,Telefone,Relatórios,Cancelamento,Baixa,Free,Centro-Oeste,69,232.0,0,15,3,9,0,61,10,0,0,0.02,1,0,1,0,3,2,0
TCK-006585,Telefone,Integrações,Bug / Defeito,Média,Premium,Sudeste,72,218.2,1,11,6,3,0,61,10,0,0,0.02,1,0,0,1,4,3,1
TCK-006586,Email,Plataforma Web,Acesso e Conta,Alta,Basic,Norte,82,96.4,0,15,5,2,0,54,10,0,0,0.0233,0,0,0,0,3,2,0
TCK-006587,Telefone,Relatórios,Solicitação de Recurso,Média,Enterprise,Nordeste,41,149.8,0,11,5,9,0,157,25,2,0,0.0231,0,0,0,0,3,2,0
TCK-006588,Telefone,API,Problema Técnico,Média,Basic,Sul,0,72.1,0,3,4,10,0,55,10,0,0,0.0222,0,0,0,0,3,2,0
TCK-006589,Email,Plataforma Web,Cancelamento,Alta,Basic,Sudeste,14,61.6,0,16,1,6,0,100,16,0,1,0.0247,2,0,1,0,3,2,0
TCK-006590,Chat,Integrações,Dúvida / Como Fazer,Média,Free,Sudeste,33,238.8,0,19,6,8,0,57,10,1,0,0.0213,0,0,0,0,3,2,0
TCK-006591,Chat,Faturamento,Cancelamento,Baixa,Premium,Nordeste,22,410.9,0,21,3,1,0,61,10,0,0,0.02,1,0,1,0,3,2,0
TCK-006592,Email,Relatórios,Solicitação de Recurso,Média,Premium,Centro-Oeste,48,259.8,0,7,6,6,1,57,9,1,0,0.0208,0,0,0,0,3,2,0
TCK-006593,Chat,Integrações,Faturamento,Baixa,Free,Sudeste,34,149.4,0,7,1,6,0,167,29,0,0,0.0224,2,1,0,0,3,2,0
TCK-006594,Telefone,Relatórios,Dúvida / Como Fazer,Média,Free,Norte,59,134.3,0,15,6,1,0,56,10,1,0,0.0217,0,0,0,0,3,2,0
TCK-006595,Redes Sociais,Integrações,Acesso e Conta,Baixa,Premium,Nordeste,38,496.9,0,18,5,8,0,54,10,0,0,0.0233,0,0,0,0,3,2,0
TCK-006596,Redes Sociais,Integrações,Solicitação de Recurso,Média,Free,Nordeste,41,114.9,0,23,6,6,1,57,9,1,0,0.0208,0,0,0,0,3,2,0
TCK-006597,Email,Faturamento,Bug / Defeito,Média,Free,Centro-Oeste,64,208.9,1,3,4,7,1,61,11,0,0,0.0408,0,0,0,1,4,3,1
TCK-006598,Email,Faturamento,Problema Técnico,Média,Enterprise,Nordeste,52,248.3,0,4,6,2,0,56,11,0,0,0.0222,0,0,0,0,3,2,0
TCK-006599,Redes Sociais,App Mobile,Problema Técnico,Média,Free,Norte,67,196.6,0,17,3,6,0,59,10,0,0,0.0204,1,0,0,1,3,2,0
TCK-006600,Formulário Web,App Mobile,Solicitação de Recurso,Alta,Free,Sudeste,38,34.1,1,13,1,7,1,40,7,0,0,0.0303,0,0,0,0,4,3,1
TCK-006601,Email,Faturamento,Faturamento,Baixa,Basic,Norte,33,265.9,0,17,3,4,0,62,11,0,0,0.02,1,1,0,0,3,2,0
TCK-006602,Chat,Plataforma Web,Dúvida / Como Fazer,Alta,Basic,Norte,65,46.0,0,18,3,8,0,98,17,0,1,0.0253,1,0,0,0,3,2,0
TCK-006603,Chat,Integrações,Bug / Defeito,Crítica,Free,Centro-Oeste,32,36.0,1,3,2,4,1,61,10,0,0,0.02,1,0,0,1,4,3,1
TCK-006604,Redes Sociais,Integrações,Acesso e Conta,Crítica,Enterprise,Sul,75,57.9,0,15,3,8,1,64,12,0,0,0.0192,0,0,0,0,3,2,0
TCK-006605,Chat,Relatórios,Faturamento,Média,Enterprise,Norte,18,119.8,0,6,0,3,0,133,23,0,0,0.0278,0,0,0,0,3,2,0
TCK-006606,Email,Relatórios,Cancelamento,Média,Premium,Centro-Oeste,52,189.5,0,5,0,1,0,55,8,0,0,0.0217,1,0,1,0,3,2,0
TCK-006607,Email,Relatórios,Problema Técnico,Média,Premium,Centro-Oeste,11,214.5,0,22,4,3,0,56,11,0,0,0.0222,0,0,0,0,3,2,0
TCK-006608,Redes Sociais,App Mobile,Dúvida / Como Fazer,Alta,Free,Norte,73,77.8,0,18,5,3,0,100,17,1,0,0.0247,0,0,0,0,3,2,0
TCK-006609,Telefone,Integrações,Dúvida / Como Fazer,Média,Premium,Sul,75,154.2,0,16,3,7,0,53,9,0,0,0.0227,0,0,0,0,3,2,0
TCK-006610,Email,Plataforma Web,Faturamento,Alta,Premium,Sudeste,70,96.2,0,11,5,1,1,93,14,1,0,0.026,1,0,0,0,3,2,0
TCK-006611,Email,Plataforma Web,Dúvida / Como Fazer,Baixa,Premium,Sudeste,22,149.5,0,1,5,3,0,157,27,2,0,0.0234,0,0,0,0,3,2,0
TCK-006612,Telefone,Plataforma Web,Acesso e Conta,Baixa,Basic,Centro-Oeste,0,216.9,0,7,4,1,0,171,31,0,0,0.0217,0,0,0,0,3,2,0
TCK-006613,Email,Integrações,Problema Técnico,Média,Free,Centro-Oeste,47,142.6,0,0,3,6,1,56,11,0,0,0.0222,0,0,0,0,3,2,0
TCK-006614,Formulário Web,Plataforma Web,Faturamento,Baixa,Free,Sudeste,22,365.7,0,23,0,11,0,59,9,1,0,0.0204,0,0,0,0,3,2,0
TCK-006615,Formulário Web,Faturamento,Cancelamento,Média,Free,Centro-Oeste,25,68.8,0,10,3,3,0,51,8,0,0,0.0233,1,0,0,1,3,2,0
TCK-006616,Email,API,Problema Técnico,Crítica,Free,Norte,33,32.5,0,16,3,11,1,155,29,0,0,0.0242,0,0,0,0,3,2,0
TCK-006617,Email,Relatórios,Bug / Defeito,Média,Basic,Norte,11,143.7,0,23,2,5,1,61,10,0,0,0.02,1,0,0,1,3,2,0
TCK-006618,Telefone,Integrações,Bug / Defeito,Alta,Free,Centro-Oeste,25,58.5,0,23,3,6,1,95,15,0,0,0.0256,2,0,0,1,3,2,0
TCK-006619,Email,Integrações,Acesso e Conta,Alta,Premium,Sudeste,62,57.5,0,10,1,6,0,108,16,0,0,0.0337,1,0,0,0,3,2,0
TCK-006620,Redes Sociais,Relatórios,Problema Técnico,Baixa,Basic,Centro-Oeste,49,642.6,0,2,0,10,0,55,10,0,0,0.0222,0,0,0,0,3,2,0
TCK-006621,Telefone,API,Cancelamento,Média,Free,Centro-Oeste,52,205.4,0,13,4,11,0,145,23,0,0,0.025,2,0,0,1,3,2,0
TCK-006622,Formulário Web,API,Acesso e Conta,Baixa,Free,Centro-Oeste,32,172.1,1,4,0,5,0,64,12,0,0,0.0192,0,0,0,0,4,3,1
TCK-006623,Email,Plataforma Web,Problema Técnico,Média,Basic,Sul,9,178.3,0,7,0,11,0,59,10,0,0,0.0204,1,0,0,1,3,2,0
TCK-006624,Formulário Web,API,Cancelamento,Média,Premium,Centro-Oeste,40,235.9,0,5,0,12,0,55,8,0,0,0.0217,1,0,1,0,3,2,0
TCK-006625,Email,Plataforma Web,Cancelamento,Alta,Premium,Sudeste,76,96.0,0,12,0,5,0,61,10,0,0,0.02,1,0,1,0,3,2,0
TCK-006626,Email,Faturamento,Bug / Defeito,Baixa,Free,Sudeste,16,302.7,0,18,4,10,0,165,27,0,0,0.0224,2,0,0,1,3,2,0
TCK-006627,Email,App Mobile,Dúvida / Como Fazer,Baixa,Enterprise,Norte,36,303.9,0,20,6,9,0,56,10,1,0,0.0217,0,0,0,0,3,2,0
TCK-006628,Telefone,Plataforma Web,Dúvida / Como Fazer,Baixa,Basic,Nordeste,60,193.2,0,11,1,4,0,56,10,1,0,0.0217,0,0,0,0,3,2,0
TCK-006629,Email,API,Faturamento,Baixa,Enterprise,Centro-Oeste,33,400.6,0,5,2,10,0,45,8,0,0,0.027,0,0,0,0,3,2,0
TCK-006630,Email,Integrações,Faturamento,Alta,Free,Norte,26,88.0,0,21,6,2,0,161,25,2,0,0.0227,0,0,0,0,3,2,0
TCK-006631,Chat,Plataforma Web,Acesso e Conta,Média,Basic,Sudeste,42,98.3,0,19,3,1,0,54,10,0,0,0.0233,0,0,0,0,3,2,0
TCK-006632,Email,Faturamento,Bug / Defeito,Baixa,Free,Sudeste,58,346.8,0,20,1,7,0,46,9,0,0,0.0303,2,0,0,1,3,2,0
TCK-006633,Redes Sociais,API,Acesso e Conta,Média,Free,Sul,61,99.4,0,7,2,8,0,54,10,0,0,0.0233,0,0,0,0,3,2,0
TCK-006634,Redes Sociais,Plataforma Web,Cancelamento,Média,Premium,Norte,0,103.5,0,21,4,10,0,61,10,0,0,0.02,1,0,1,0,3,2,0
TCK-006635,Redes Sociais,App Mobile,Cancelamento,Crítica,Free,Nordeste,47,36.4,0,23,6,3,1,55,8,0,0,0.0217,1,0,1,0,3,2,0
TCK-006636,Email,Plataforma Web,Faturamento,Baixa,Premium,Nordeste,44,133.0,0,23,6,3,0,62,11,0,0,0.02,1,1,0,0,3,2,0
TCK-006637,Email,Faturamento,Problema Técnico,Média,Enterprise,Sudeste,32,125.8,0,0,4,2,0,59,10,0,0,0.0204,1,0,0,1,3,2,0
TCK-006638,Telefone,Plataforma Web,Problema Técnico,Crítica,Free,Centro-Oeste,56,43.9,0,11,5,8,1,100,18,0,0,0.025,0,0,0,0,3,2,0
TCK-006639,Chat,Relatórios,Problema Técnico,Alta,Premium,Sul,47,45.5,0,12,2,10,0,55,10,0,0,0.0222,0,0,0,0,3,2,0
TCK-006640,Chat,Relatórios,Solicitação de Recurso,Média,Free,Norte,13,25.8,0,21,6,3,1,55,8,0,0,0.0638,0,0,0,0,3,2,0
TCK-006641,Email,Integrações,Faturamento,Média,Enterprise,Nordeste,49,162.2,1,13,3,11,0,45,8,0,0,0.027,0,0,0,0,4,3,1
TCK-006642,Formulário Web,Plataforma Web,Dúvida / Como Fazer,Média,Basic,Sul,23,99.1,0,7,0,3,0,57,10,1,0,0.0213,0,0,0,0,3,2,0
TCK-006643,Telefone,Relatórios,Solicitação de Recurso,Alta,Free,Nordeste,39,58.1,0,10,2,11,1,157,25,2,0,0.0231,0,0,0,0,3,2,0
TCK-006644,Formulário Web,App Mobile,Problema Técnico,Média,Premium,Sul,68,256.9,1,15,4,2,1,59,10,0,0,0.0204,1,0,0,1,4,3,1
TCK-006645,Telefone,Relatórios,Dúvida / Como Fazer,Média,Basic,Sudeste,21,91.3,0,3,4,1,0,53,9,0,0,0.0227,0,0,0,0,3,2,0
TCK-006646,Email,Plataforma Web,Problema Técnico,Alta,Free,Sul,0,44.1,0,2,6,3,1,56,11,0,0,0.0222,0,0,0,0,3,2,0
TCK-006647,Chat,App Mobile,Acesso e Conta,Alta,Basic,Centro-Oeste,37,46.7,0,20,0,11,0,54,10,0,0,0.0233,0,0,0,0,3,2,0
TCK-006648,Formulário Web,App Mobile,Cancelamento,Baixa,Enterprise,Sul,35,438.3,0,4,3,1,0,153,23,0,0,0.0238,2,0,1,0,3,2,0
TCK-006649,Telefone,App Mobile,Acesso e Conta,Média,Basic,Sul,32,104.2,0,17,5,8,0,64,9,0,0,0.037,1,0,0,0,3,2,0
TCK-006650,Email,Relatórios,Dúvida / Como Fazer,Alta,Enterprise,Centro-Oeste,69,59.3,0,14,5,4,0,57,10,1,0,0.0213,0,0,0,0,3,2,0
TCK-006651,Telefone,Plataforma Web,Problema Técnico,Média,Enterprise,Sul,52,106.2,0,20,0,8,0,59,10,0,0,0.0204,1,0,0,1,3,2,0
TCK-006652,Redes Sociais,Relatórios,Problema Técnico,Média,Enterprise,Sul,34,214.3,0,6,5,7,0,59,10,0,0,0.0204,1,0,0,1,3,2,0
TCK-006653,Chat,Plataforma Web,Problema Técnico,Baixa,Free,Norte,40,99.4,0,22,4,8,0,59,10,0,0,0.0204,1,0,0,1,3,2,0
TCK-006654,Chat,Faturamento,Dúvida / Como Fazer,Baixa,Free,Sul,61,138.9,0,11,3,2,0,53,9,0,0,0.0227,0,0,0,0,3,2,0
TCK-006655,Telefone,Integrações,Bug / Defeito,Média,Basic,Sul,29,159.3,0,21,5,1,0,61,11,0,0,0.0408,0,0,0,1,3,2,0
TCK-006656,Chat,App Mobile,Solicitação de Recurso,Baixa,Basic,Sudeste,108,341.1,0,16,5,11,0,55,8,0,0,0.0638,0,0,0,0,3,2,0
TCK-006657,Formulário Web,Relatórios,Dúvida / Como Fazer,Alta,Enterprise,Norte,36,66.8,0,6,0,8,0,56,10,1,0,0.0217,0,0,0,0,3,2,0
TCK-006658,Formulário Web,Plataforma Web,Solicitação de Recurso,Alta,Premium,Sul,56,92.4,0,14,6,8,1,91,14,1,0,0.0263,1,0,0,0,3,2,0
TCK-006659,Chat,Plataforma Web,Faturamento,Alta,Premium,Sudeste,70,102.5,0,16,2,9,0,167,29,0,0,0.0224,2,1,0,0,3,2,0
TCK-006660,Email,App Mobile,Dúvida / Como Fazer,Média,Free,Centro-Oeste,25,112.1,0,6,1,12,0,53,9,0,0,0.0227,0,0,0,0,3,2,0
TCK-006661,Chat,API,Acesso e Conta,Baixa,Premium,Sul,48,99.9,0,1,5,11,0,64,12,0,0,0.0192,0,0,0,0,3,2,0
TCK-006662,Redes Sociais,Faturamento,Acesso e Conta,Alta,Free,Sul,31,72.4,0,20,1,12,0,64,12,0,0,0.0192,0,0,0,0,3,2,0
TCK-006663,Email,App Mobile,Dúvida / Como Fazer,Média,Free,Nordeste,9,356.4,0,6,2,7,0,57,10,1,0,0.0213,0,0,0,0,3,2,0
TCK-006664,Chat,Relatórios,Cancelamento,Média,Basic,Centro-Oeste,32,96.1,0,13,3,10,0,61,10,0,0,0.02,1,0,1,0,3,2,0
TCK-006665,Formulário Web,API,Acesso e Conta,Baixa,Basic,Centro-Oeste,27,315.1,0,16,1,7,0,64,9,0,0,0.037,1,0,0,0,3,2,0
TCK-006666,Redes Sociais,Integrações,Faturamento,Média,Basic,Sul,43,96.7,0,9,3,3,0,59,9,1,0,0.0204,0,0,0,0,3,2,0
TCK-006667,Email,App Mobile,Faturamento,Média,Enterprise,Sudeste,25,147.3,0,0,0,9,0,133,23,0,0,0.0278,0,0,0,0,3,2,0
TCK-006668,Redes Sociais,Integrações,Dúvida / Como Fazer,Crítica,Basic,Norte,41,40.2,0,6,5,5,0,53,9,0,0,0.0227,0,0,0,0,3,2,0
TCK-006669,Formulário Web,Integrações,Acesso e Conta,Baixa,Free,Centro-Oeste,30,115.5,0,2,3,1,0,64,9,0,0,0.037,1,0,0,0,3,2,0
TCK-006670,Formulário Web,Plataforma Web,Acesso e Conta,Média,Free,Sudeste,47,146.0,0,1,5,12,0,54,10,0,0,0.0233,0,0,0,0,3,2,0
TCK-006671,Formulário Web,Faturamento,Cancelamento,Baixa,Basic,Sul,29,166.6,0,3,5,7,0,55,8,0,0,0.0217,1,0,1,0,3,2,0
TCK-006672,Redes Sociais,Plataforma Web,Acesso e Conta,Média,Premium,Nordeste,9,91.9,0,6,4,5,0,64,12,0,0,0.0192,0,0,0,0,3,2,0
TCK-006673,Chat,Relatórios,Faturamento,Baixa,Premium,Sul,34,323.2,0,10,4,1,0,45,8,0,0,0.027,0,0,0,0,3,2,0
TCK-006674,Chat,Faturamento,Bug / Defeito,Média,Basic,Sul,35,103.4,1,16,3,4,0,165,27,0,0,0.0224,2,0,0,1,4,3,1
TCK-006675,Chat,API,Bug / Defeito,Baixa,Premium,Centro-Oeste,29,112.0,0,20,3,10,0,46,9,0,0,0.0303,2,0,0,1,3,2,0
TCK-006676,Redes Sociais,API,Dúvida / Como Fazer,Baixa,Enterprise,Nordeste,53,200.3,0,9,1,12,0,56,10,1,0,0.0217,0,0,0,0,3,2,0
TCK-006677,Redes Sociais,Relatórios,Acesso e Conta,Crítica,Enterprise,Centro-Oeste,42,43.8,0,1,5,9,0,64,12,0,0,0.0192,0,0,0,0,3,2,0
TCK-006678,Redes Sociais,Faturamento,Bug / Defeito,Baixa,Free,Sudeste,23,285.3,1,22,3,7,0,46,9,0,0,0.0303,2,0,0,1,4,3,1
TCK-006679,Email,Relatórios,Cancelamento,Baixa,Basic,Sul,55,273.6,0,8,4,5,0,51,8,0,0,0.0233,1,0,0,1,3,2,0
TCK-006680,Telefone,Plataforma Web,Acesso e Conta,Baixa,Basic,Nordeste,84,435.0,0,10,3,8,0,64,9,0,0,0.037,1,0,0,0,3,2,0
TCK-006681,Redes Sociais,App Mobile,Bug / Defeito,Baixa,Free,Sul,47,358.8,0,17,3,5,0,61,11,0,0,0.0408,0,0,0,1,3,2,0
TCK-006682,Chat,API,Faturamento,Crítica,Premium,Sudeste,18,19.4,0,7,2,3,0,106,18,0,0,0.0235,1,1,0,0,3,2,0
TCK-006683,Email,Integrações,Dúvida / Como Fazer,Média,Basic,Sudeste,46,357.9,0,21,6,1,0,53,9,0,0,0.0227,0,0,0,0,3,2,0
TCK-006684,Redes Sociais,Integrações,Faturamento,Média,Enterprise,Sul,47,260.8,1,0,3,10,0,133,23,0,0,0.0278,0,0,0,0,4,3,1
TCK-006685,Email,Plataforma Web,Bug / Defeito,Média,Basic,Centro-Oeste,40,192.8,0,3,0,12,0,61,10,0,0,0.02,1,0,0,1,3,2,0
TCK-006686,Chat,Relatórios,Problema Técnico,Média,Free,Centro-Oeste,32,76.6,0,10,3,7,0,59,10,0,0,0.0204,1,0,0,1,3,2,0
TCK-006687,Formulário Web,API,Solicitação de Recurso,Crítica,Enterprise,Norte,0,27.3,0,5,4,10,1,40,7,0,0,0.0303,0,0,0,0,3,2,0
TCK-006688,Email,Relatórios,Faturamento,Baixa,Free,Norte,58,314.3,0,15,1,10,0,62,11,0,0,0.02,1,1,0,0,3,2,0
TCK-006689,Formulário Web,Integrações,Dúvida / Como Fazer,Baixa,Basic,Sudeste,37,213.5,0,12,6,10,0,157,27,2,0,0.0234,0,0,0,0,3,2,0
TCK-006690,Formulário Web,API,Cancelamento,Média,Premium,Sul,46,108.6,0,13,2,7,0,61,10,0,0,0.02,1,0,1,0,3,2,0
TCK-006691,Telefone,Relatórios,Acesso e Conta,Média,Premium,Nordeste,28,73.5,0,20,2,1,0,171,31,0,0,0.0217,0,0,0,0,3,2,0
TCK-006692,Chat,Plataforma Web,Problema Técnico,Alta,Basic,Sul,35,37.7,0,21,0,1,1,56,11,0,0,0.0222,0,0,0,0,3,2,0
TCK-006693,Email,App Mobile,Solicitação de Recurso,Baixa,Free,Sul,26,218.4,0,0,1,5,0,55,8,0,0,0.0638,0,0,0,0,3,2,0
TCK-006694,Telefone,Plataforma Web,Problema Técnico,Crítica,Basic,Centro-Oeste,33,30.2,0,5,1,3,0,103,17,0,0,0.0238,1,0,0,1,3,2,0
TCK-006695,Telefone,Faturamento,Problema Técnico,Crítica,Enterprise,Sul,84,60.8,1,12,1,7,1,101,19,0,1,0.025,1,0,0,0,4,3,1
TCK-006696,Redes Sociais,Faturamento,Solicitação de Recurso,Alta,Basic,Norte,0,41.3,0,7,2,10,1,57,9,1,0,0.0208,0,0,0,0,3,2,0
TCK-006697,Chat,App Mobile,Bug / Defeito,Alta,Basic,Nordeste,19,29.6,0,4,1,2,1,106,18,0,1,0.0235,2,0,0,1,3,2,0
TCK-006698,Email,Faturamento,Bug / Defeito,Alta,Premium,Norte,23,44.1,0,23,3,9,1,61,11,0,0,0.0408,0,0,0,1,3,2,0
TCK-006699,Formulário Web,API,Cancelamento,Alta,Basic,Centro-Oeste,39,62.2,0,15,5,12,0,105,17,0,0,0.0235,1,0,1,0,3,2,0
TCK-006700,Email,Integrações,Cancelamento,Média,Basic,Sul,67,143.2,0,15,6,12,0,51,8,0,0,0.0233,1,0,0,1,3,2,0
TCK-006701,Telefone,API,Bug / Defeito,Média,Free,Sul,46,206.3,0,23,5,3,0,61,10,0,0,0.02,1,0,0,1,3,2,0
TCK-006702,Email,Plataforma Web,Cancelamento,Baixa,Enterprise,Centro-Oeste,40,309.9,0,18,0,7,0,51,8,0,0,0.0233,1,0,0,1,3,2,0
TCK-006703,Formulário Web,Plataforma Web,Problema Técnico,Alta,Basic,Nordeste,53,84.4,0,17,3,2,1,55,10,0,0,0.0222,0,0,0,0,3,2,0
TCK-006704,Telefone,Integrações,Dúvida / Como Fazer,Média,Premium,Centro-Oeste,3,142.6,0,8,4,7,0,56,10,1,0,0.0217,0,0,0,0,3,2,0
TCK-006705,Formulário Web,Faturamento,Solicitação de Recurso,Média,Basic,Norte,38,95.1,0,3,2,9,1,55,8,0,0,0.0638,0,0,0,0,3,2,0
TCK-006706,Email,Relatórios,Faturamento,Média,Basic,Sul,2,226.2,0,22,4,12,0,59,9,1,0,0.0204,0,0,0,0,3,2,0
TCK-006707,Email,Faturamento,Solicitação de Recurso,Crítica,Enterprise,Sul,24,31.5,0,5,6,2,1,157,26,0,0,0.0312,1,0,0,0,3,2,0
TCK-006708,Email,App Mobile,Faturamento,Baixa,Basic,Centro-Oeste,21,347.7,0,4,5,2,0,45,8,0,0,0.027,0,0,0,0,3,2,0
TCK-006709,Chat,API,Problema Técnico,Média,Premium,Sul,47,188.4,0,0,6,4,0,59,10,0,0,0.0204,1,0,0,1,3,2,0
TCK-006710,Redes Sociais,Faturamento,Dúvida / Como Fazer,Baixa,Premium,Nordeste,6,175.8,0,7,4,4,0,56,10,1,0,0.0217,0,0,0,0,3,2,0
TCK-006711,Formulário Web,Relatórios,Cancelamento,Média,Enterprise,Sul,21,160.9,1,3,2,9,0,55,8,0,0,0.0217,1,0,1,0,4,3,1
TCK-006712,Chat,Integrações,Problema Técnico,Crítica,Free,Centro-Oeste,53,36.6,0,7,6,10,1,56,11,0,0,0.0222,0,0,0,0,3,2,0
TCK-006713,Email,API,Problema Técnico,Alta,Premium,Centro-Oeste,23,83.5,0,15,5,2,1,56,11,0,0,0.0222,0,0,0,0,3,2,0
TCK-006714,Telefone,App Mobile,Problema Técnico,Baixa,Free,Sul,31,189.6,0,5,0,3,0,55,10,0,0,0.0222,0,0,0,0,3,2,0
TCK-006715,Formulário Web,Faturamento,Bug / Defeito,Baixa,Basic,Norte,9,292.2,0,19,1,7,0,165,29,0,0,0.0379,0,0,0,1,3,2,0
TCK-006716,Email,Integrações,Solicitação de Recurso,Alta,Free,Sul,30,43.3,0,2,0,5,1,55,8,0,0,0.0638,0,0,0,0,3,2,0
TCK-006717,Email,Plataforma Web,Dúvida / Como Fazer,Baixa,Free,Centro-Oeste,10,386.7,0,23,6,8,0,53,9,0,0,0.0227,0,0,0,0,3,2,0
TCK-006718,Email,Relatórios,Solicitação de Recurso,Crítica,Free,Sudeste,38,40.3,0,11,5,3,1,101,16,1,0,0.0241,0,0,0,0,3,2,0
TCK-006719,Formulário Web,API,Acesso e Conta,Crítica,Free,Centro-Oeste,80,55.1,0,15,3,9,0,108,19,0,0,0.023,0,0,0,0,3,2,0
TCK-006720,Telefone,Faturamento,Solicitação de Recurso,Baixa,Enterprise,Nordeste,24,164.6,0,19,4,5,0,40,7,0,0,0.0303,0,0,0,0,3,2,0
TCK-006721,Redes Sociais,Relatórios,Dúvida / Como Fazer,Alta,Premium,Centro-Oeste,53,73.2,0,16,1,6,0,98,17,0,1,0.0253,1,0,0,0,3,2,0
TCK-006722,Chat,Plataforma Web,Bug / Defeito,Alta,Basic,Sudeste,6,35.4,0,6,6,11,1,61,10,0,0,0.02,1,0,0,1,3,2,0
TCK-006723,Email,Faturamento,Bug / Defeito,Média,Free,Nordeste,34,135.3,0,10,5,4,0,165,27,0,0,0.0224,2,0,0,1,3,2,0
TCK-006724,Chat,Relatórios,Dúvida / Como Fazer,Média,Enterprise,Sudeste,43,146.9,0,18,5,3,0,57,10,1,0,0.0213,0,0,0,0,3,2,0
TCK-006725,Email,API,Cancelamento,Baixa,Premium,Nordeste,14,172.9,0,4,3,10,0,61,10,0,0,0.02,1,0,1,0,3,2,0
TCK-006726,Redes Sociais,Integrações,Faturamento,Baixa,Free,Nordeste,69,164.2,0,18,2,9,0,62,11,0,0,0.02,1,1,0,0,3,2,0
TCK-006727,Chat,Integrações,Bug / Defeito,Baixa,Enterprise,Sul,52,206.9,0,12,3,11,0,46,9,0,0,0.0303,2,0,0,1,3,2,0
TCK-006728,Email,API,Cancelamento,Alta,Premium,Nordeste,25,72.1,0,18,6,8,0,106,18,0,1,0.0235,2,0,1,0,3,2,0
TCK-006729,Email,Relatórios,Acesso e Conta,Média,Premium,Sudeste,31,81.5,0,19,1,2,0,54,10,0,0,0.0233,0,0,0,0,3,2,0
TCK-006730,Formulário Web,API,Dúvida / Como Fazer,Média,Free,Nordeste,25,79.7,0,8,2,10,0,57,10,1,0,0.0213,0,0,0,0,3,2,0
TCK-006731,Chat,Relatórios,Solicitação de Recurso,Média,Basic,Nordeste,51,141.9,1,19,5,6,1,57,9,1,0,0.0208,0,0,0,0,4,3,1
TCK-006732,Telefone,Faturamento,Bug / Defeito,Alta,Premium,Sudeste,21,35.2,0,22,4,1,1,209,36,0,0,0.0359,0,0,0,1,3,2,0
TCK-006733,Telefone,Integrações,Acesso e Conta,Média,Basic,Nordeste,10,107.8,0,19,0,1,0,64,9,0,0,0.037,1,0,0,0,3,2,0
TCK-006734,Email,API,Problema Técnico,Baixa,Enterprise,Centro-Oeste,48,496.4,1,12,4,6,0,56,11,0,0,0.0222,0,0,0,0,4,3,1
TCK-006735,Email,App Mobile,Problema Técnico,Média,Basic,Nordeste,30,169.3,0,5,4,3,0,59,10,0,0,0.0204,1,0,0,1,3,2,0
TCK-006736,Email,Integrações,Cancelamento,Baixa,Premium,Sul,60,535.9,0,13,2,1,0,55,8,0,0,0.0217,1,0,1,0,3,2,0
TCK-006737,Chat,Integrações,Solicitação de Recurso,Baixa,Basic,Sudeste,34,150.9,0,23,3,2,0,40,7,0,0,0.0303,0,0,0,0,3,2,0
TCK-006738,Telefone,App Mobile,Bug / Defeito,Média,Premium,Sudeste,53,56.0,0,9,6,7,0,135,25,0,0,0.03,4,0,0,1,3,2,0
TCK-006739,Formulário Web,API,Problema Técnico,Média,Basic,Nordeste,28,159.7,0,19,3,10,0,153,27,0,0,0.0242,0,0,0,0,3,2,0
TCK-006740,Chat,App Mobile,Cancelamento,Média,Free,Sudeste,46,128.6,0,19,1,1,0,165,27,0,0,0.0224,2,0,1,0,3,2,0
TCK-006741,Telefone,API,Dúvida / Como Fazer,Alta,Basic,Sudeste,42,46.2,0,1,5,5,0,53,9,0,0,0.0227,0,0,0,0,3,2,0
TCK-006742,Redes Sociais,API,Bug / Defeito,Baixa,Basic,Sul,62,499.9,0,10,5,9,1,61,11,0,0,0.0408,0,0,0,1,3,2,0
TCK-006743,Email,Integrações,Dúvida / Como Fazer,Média,Free,Centro-Oeste,37,153.4,0,8,2,8,0,53,9,0,0,0.0227,0,0,0,0,3,2,0
TCK-006744,Formulário Web,Integrações,Solicitação de Recurso,Média,Basic,Sudeste,53,79.0,0,22,1,9,1,40,7,0,0,0.0303,0,0,0,0,3,2,0
TCK-006745,Telefone,Relatórios,Dúvida / Como Fazer,Média,Basic,Centro-Oeste,26,44.0,0,8,0,8,0,56,10,1,0,0.0217,0,0,0,0,3,2,0
TCK-006746,Chat,Integrações,Problema Técnico,Média,Basic,Nordeste,0,62.4,1,5,5,9,0,56,11,0,0,0.0222,0,0,0,0,4,3,1
TCK-006747,Telefone,Faturamento,Cancelamento,Alta,Free,Norte,51,97.9,0,16,3,9,0,153,23,0,0,0.0238,2,0,1,0,3,2,0
TCK-006748,Chat,Integrações,Acesso e Conta,Baixa,Basic,Sudeste,8,73.9,0,5,2,6,0,54,10,0,0,0.0233,0,0,0,0,3,2,0
TCK-006749,Formulário Web,App Mobile,Dúvida / Como Fazer,Média,Basic,Sudeste,56,127.5,0,9,5,2,0,57,10,1,0,0.0213,0,0,0,0,3,2,0
TCK-006750,Telefone,Faturamento,Acesso e Conta,Crítica,Enterprise,Sudeste,24,22.7,0,2,5,5,0,54,10,0,0,0.0233,0,0,0,0,3,2,0
TCK-006751,Email,Plataforma Web,Cancelamento,Média,Free,Centro-Oeste,79,251.5,0,9,1,10,0,61,10,0,0,0.02,1,0,1,0,3,2,0
TCK-006752,Redes Sociais,Integrações,Problema Técnico,Baixa,Premium,Sudeste,32,225.7,0,21,1,8,0,161,27,0,0,0.0227,2,0,0,1,3,2,0
TCK-006753,Email,Relatórios,Cancelamento,Baixa,Basic,Norte,43,372.0,0,5,2,6,0,153,23,0,0,0.0238,2,0,1,0,3,2,0
TCK-006754,Email,API,Bug / Defeito,Alta,Enterprise,Sul,55,57.5,1,10,0,5,1,90,16,0,0,0.0294,2,0,0,1,4,3,1
TCK-006755,Email,Relatórios,Bug / Defeito,Crítica,Basic,Sudeste,28,30.2,0,15,0,8,1,61,10,0,0,0.02,1,0,0,1,3,2,0
TCK-006756,Redes Sociais,Plataforma Web,Bug / Defeito,Baixa,Basic,Nordeste,70,674.3,0,10,3,8,0,46,9,0,0,0.0303,2,0,0,1,3,2,0
TCK-006757,Telefone,Integrações,Problema Técnico,Média,Basic,Sul,37,99.6,0,17,0,7,0,56,11,0,0,0.0222,0,0,0,0,3,2,0
TCK-006758,Chat,Integrações,Cancelamento,Alta,Free,Sul,72,65.6,0,17,5,12,0,55,8,0,0,0.0217,1,0,1,0,3,2,0
TCK-006759,Email,Integrações,Problema Técnico,Alta,Premium,Norte,68,72.5,0,12,6,6,1,55,10,0,0,0.0222,0,0,0,0,3,2,0
TCK-006760,Email,App Mobile,Faturamento,Baixa,Free,Nordeste,38,318.7,0,7,5,7,0,59,9,1,0,0.0204,0,0,0,0,3,2,0
TCK-006761,Formulário Web,Integrações,Dúvida / Como Fazer,Baixa,Free,Sul,86,406.4,0,5,6,6,0,56,10,1,0,0.0217,0,0,0,0,3,2,0
TCK-006762,Telefone,API,Solicitação de Recurso,Média,Premium,Centro-Oeste,34,59.7,0,1,3,7,0,57,9,1,0,0.0208,0,0,0,0,3,2,0
TCK-006763,Chat,Faturamento,Solicitação de Recurso,Crítica,Basic,Norte,72,49.7,1,13,3,1,1,55,8,0,0,0.0638,0,0,0,0,4,3,1
TCK-006764,Email,Integrações,Bug / Defeito,Baixa,Basic,Centro-Oeste,49,308.1,0,8,1,4,0,61,10,0,0,0.02,1,0,0,1,3,2,0
TCK-006765,Email,App Mobile,Cancelamento,Média,Free,Norte,14,96.4,1,19,1,7,0,61,10,0,0,0.02,1,0,1,0,4,3,1
TCK-006766,Formulário Web,Faturamento,Solicitação de Recurso,Crítica,Free,Nordeste,24,29.3,1,5,2,5,1,40,7,0,0,0.0303,0,0,0,0,4,3,1
TCK-006767,Chat,Relatórios,Dúvida / Como Fazer,Baixa,Premium,Nordeste,60,280.6,0,9,0,6,0,155,27,2,0,0.0238,0,0,0,0,3,2,0
TCK-006768,Formulário Web,Plataforma Web,Faturamento,Baixa,Enterprise,Nordeste,52,360.6,0,16,0,9,0,45,8,0,0,0.027,0,0,0,0,3,2,0
TCK-006769,Telefone,Integrações,Bug / Defeito,Alta,Premium,Sul,34,61.9,0,9,3,5,1,106,19,0,1,0.0357,1,0,0,1,3,2,0
TCK-006770,Chat,API,Faturamento,Média,Free,Norte,23,46.2,0,3,2,10,0,133,23,0,0,0.0278,0,0,0,0,3,2,0
TCK-006771,Formulário Web,Integrações,Bug / Defeito,Alta,Basic,Nordeste,24,50.9,1,7,2,10,1,106,19,0,1,0.0357,1,0,0,1,4,3,1
TCK-006772,Email,Integrações,Faturamento,Média,Free,Sudeste,19,65.7,0,5,4,3,0,45,8,0,0,0.027,0,0,0,0,3,2,0
TCK-006773,Formulário Web,Relatórios,Dúvida / Como Fazer,Média,Basic,Sul,34,133.8,0,14,0,1,0,57,10,1,0,0.0213,0,0,0,0,3,2,0
TCK-006774,Email,Integrações,Problema Técnico,Média,Free,Centro-Oeste,48,99.8,0,9,5,3,0,55,10,0,0,0.0222,0,0,0,0,3,2,0
TCK-006775,Email,App Mobile,Bug / Defeito,Alta,Free,Sudeste,67,129.6,0,7,1,3,1,61,11,0,0,0.0408,0,0,0,1,3,2,0
TCK-006776,Chat,Faturamento,Bug / Defeito,Média,Free,Norte,26,122.4,0,4,1,11,0,135,25,0,0,0.03,4,0,0,1,3,2,0
TCK-006777,Chat,Integrações,Cancelamento,Média,Basic,Sul,46,139.3,0,16,3,3,0,153,23,0,0,0.0238,2,0,1,0,3,2,0
TCK-006778,Redes Sociais,App Mobile,Dúvida / Como Fazer,Média,Free,Sul,5,62.0,0,19,2,9,0,57,10,1,0,0.0213,0,0,0,0,3,2,0
TCK-006779,Telefone,Integrações,Faturamento,Média,Free,Centro-Oeste,9,68.6,0,8,2,12,0,59,9,1,0,0.0204,0,0,0,0,3,2,0
TCK-006780,Redes Sociais,API,Dúvida / Como Fazer,Média,Basic,Sudeste,40,222.0,0,12,1,4,0,56,10,1,0,0.0217,0,0,0,0,3,2,0
TCK-006781,Telefone,Integrações,Problema Técnico,Média,Basic,Sudeste,24,86.3,1,1,0,10,0,56,11,0,0,0.0222,0,0,0,0,4,3,1
TCK-006782,Chat,Integrações,Bug / Defeito,Alta,Premium,Norte,64,85.5,1,14,0,5,1,46,9,0,0,0.0303,2,0,0,1,4,3,1
TCK-006783,Email,Relatórios,Acesso e Conta,Média,Premium,Nordeste,26,279.7,0,23,3,2,0,64,9,0,0,0.037,1,0,0,0,3,2,0
TCK-006784,Email,Faturamento,Faturamento,Alta,Enterprise,Nordeste,82,87.9,1,13,4,5,1,106,18,0,0,0.0235,1,1,0,0,4,3,1
TCK-006785,Email,Plataforma Web,Dúvida / Como Fazer,Média,Basic,Sudeste,16,146.7,0,3,5,9,0,56,10,1,0,0.0217,0,0,0,0,3,2,0
TCK-006786,Chat,App Mobile,Cancelamento,Alta,Premium,Norte,69,67.9,0,18,6,11,0,95,15,0,0,0.0256,1,0,0,1,3,2,0
TCK-006787,Telefone,Faturamento,Acesso e Conta,Média,Free,Nordeste,37,63.7,0,9,0,11,0,64,9,0,0,0.037,1,0,0,0,3,2,0
TCK-006788,Email,Faturamento,Acesso e Conta,Baixa,Basic,Sul,55,270.8,0,17,3,6,0,54,10,0,0,0.0233,0,0,0,0,3,2,0
TCK-006789,Email,API,Bug / Defeito,Baixa,Premium,Sul,9,562.2,0,2,5,4,0,61,10,0,0,0.02,1,0,0,1,3,2,0
TCK-006790,Redes Sociais,Plataforma Web,Bug / Defeito,Média,Free,Norte,41,196.1,1,19,5,12,1,61,11,0,0,0.0408,0,0,0,1,4,3,1
TCK-006791,Chat,Faturamento,Problema Técnico,Baixa,Premium,Centro-Oeste,50,319.7,0,19,0,5,0,153,27,0,0,0.0242,0,0,0,0,3,2,0
TCK-006792,Email,App Mobile,Solicitação de Recurso,Baixa,Free,Centro-Oeste,3,470.5,0,6,1,8,1,55,8,0,0,0.0638,0,0,0,0,3,2,0
TCK-006793,Chat,Integrações,Dúvida / Como Fazer,Alta,Free,Norte,70,68.8,0,21,6,11,0,57,10,1,0,0.0213,0,0,0,0,3,2,0
TCK-006794,Formulário Web,API,Dúvida / Como Fazer,Baixa,Free,Sudeste,74,134.5,0,15,0,2,0,56,10,1,0,0.0217,0,0,0,0,3,2,0
TCK-006795,Email,Relatórios,Solicitação de Recurso,Baixa,Premium,Centro-Oeste,42,158.8,0,0,1,3,0,57,9,1,0,0.0208,0,0,0,0,3,2,0
TCK-006796,Chat,App Mobile,Bug / Defeito,Baixa,Free,Centro-Oeste,33,268.4,0,4,6,11,0,61,11,0,0,0.0408,0,0,0,1,3,2,0
TCK-006797,Email,Relatórios,Bug / Defeito,Crítica,Premium,Centro-Oeste,63,81.5,1,15,3,8,1,46,9,0,0,0.0303,2,0,0,1,4,3,1
TCK-006798,Formulário Web,API,Bug / Defeito,Crítica,Free,Norte,45,37.1,0,17,4,11,1,61,11,0,0,0.0408,0,0,0,1,3,2,0
TCK-006799,Formulário Web,Integrações,Solicitação de Recurso,Baixa,Premium,Centro-Oeste,35,316.4,0,3,1,8,0,55,8,0,0,0.0638,0,0,0,0,3,2,0
TCK-006800,Telefone,Integrações,Problema Técnico,Média,Free,Sudeste,18,83.6,0,9,1,11,1,161,27,0,0,0.0227,2,0,0,1,3,2,0
TCK-006801,Chat,API,Dúvida / Como Fazer,Média,Enterprise,Centro-Oeste,15,193.2,0,23,6,7,0,149,25,0,0,0.0246,0,0,0,0,3,2,0
TCK-006802,Formulário Web,Plataforma Web,Problema Técnico,Baixa,Premium,Sudeste,35,203.7,1,22,2,4,0,55,10,0,0,0.0222,0,0,0,0,4,3,1
TCK-006803,Redes Sociais,Plataforma Web,Acesso e Conta,Baixa,Premium,Norte,14,399.6,0,0,3,5,0,171,25,0,0,0.0352,2,0,0,0,3,2,0
TCK-006804,Email,Faturamento,Bug / Defeito,Alta,Basic,Nordeste,29,87.5,0,20,1,10,1,46,9,0,0,0.0303,2,0,0,1,3,2,0
TCK-006805,Chat,App Mobile,Bug / Defeito,Média,Basic,Nordeste,13,158.3,0,6,3,3,0,46,9,0,0,0.0303,2,0,0,1,3,2,0
TCK-006806,Email,Faturamento,Problema Técnico,Média,Basic,Sul,34,86.5,0,19,2,6,1,56,11,0,0,0.0222,0,0,0,0,3,2,0
TCK-006807,Telefone,Plataforma Web,Dúvida / Como Fazer,Média,Premium,Sul,28,85.8,0,2,6,8,0,53,9,0,0,0.0227,0,0,0,0,3,2,0
TCK-006808,Redes Sociais,Faturamento,Problema Técnico,Média,Free,Norte,25,256.4,0,9,0,8,0,59,10,0,0,0.0204,1,0,0,1,3,2,0
TCK-006809,Formulário Web,Integrações,Cancelamento,Média,Premium,Sul,24,205.7,0,5,0,1,0,51,8,0,0,0.0233,1,0,0,1,3,2,0
TCK-006810,Redes Sociais,API,Bug / Defeito,Alta,Premium,Nordeste,26,57.2,0,2,5,4,1,105,18,0,0,0.0357,0,0,0,1,3,2,0
TCK-006811,Redes Sociais,App Mobile,Dúvida / Como Fazer,Média,Free,Nordeste,37,336.5,0,18,3,4,0,53,9,0,0,0.0227,0,0,0,0,3,2,0
TCK-006812,Email,Integrações,Faturamento,Baixa,Enterprise,Norte,0,247.9,0,1,2,2,0,62,11,0,0,0.02,1,1,0,0,3,2,0
TCK-006813,Chat,App Mobile,Cancelamento,Baixa,Enterprise,Centro-Oeste,38,189.7,0,18,2,8,0,145,23,0,0,0.025,2,0,0,1,3,2,0
TCK-006814,Email,Plataforma Web,Bug / Defeito,Média,Basic,Norte,11,257.2,1,5,5,6,1,61,10,0,0,0.02,1,0,0,1,4,3,1
TCK-006815,Email,Integrações,Cancelamento,Baixa,Basic,Centro-Oeste,58,478.7,0,13,4,12,0,51,8,0,0,0.0233,1,0,0,1,3,2,0
TCK-006816,Redes Sociais,API,Bug / Defeito,Crítica,Premium,Sudeste,46,39.8,0,14,6,3,1,135,25,0,0,0.03,4,0,0,1,3,2,0
TCK-006817,Email,App Mobile,Bug / Defeito,Baixa,Enterprise,Nordeste,22,305.8,0,8,0,12,0,61,11,0,0,0.0408,0,0,0,1,3,2,0
TCK-006818,Chat,API,Bug / Defeito,Média,Basic,Sul,42,235.8,0,1,3,8,0,46,9,0,0,0.0303,2,0,0,1,3,2,0
TCK-006819,Telefone,Relatórios,Dúvida / Como Fazer,Alta,Free,Sul,76,74.7,0,13,6,3,0,157,27,2,0,0.0234,0,0,0,0,3,2,0
TCK-006820,Redes Sociais,Faturamento,Bug / Defeito,Alta,Free,Nordeste,40,63.5,1,8,4,2,1,46,9,0,0,0.0303,2,0,0,1,4,3,1
TCK-006821,Redes Sociais,Integrações,Bug / Defeito,Média,Premium,Sul,28,201.0,0,23,5,2,1,61,10,0,0,0.02,1,0,0,1,3,2,0
TCK-006822,Redes Sociais,Relatórios,Solicitação de Recurso,Baixa,Free,Sudeste,64,435.6,0,21,1,4,1,40,7,0,0,0.0303,0,0,0,0,3,2,0
TCK-006823,Chat,Relatórios,Acesso e Conta,Baixa,Enterprise,Norte,0,230.2,0,19,3,8,0,64,12,0,0,0.0192,0,0,0,0,3,2,0
TCK-006824,Formulário Web,Faturamento,Acesso e Conta,Média,Free,Sudeste,1,159.6,0,6,4,3,0,64,9,0,0,0.037,1,0,0,0,3,2,0
TCK-006825,Redes Sociais,Plataforma Web,Acesso e Conta,Média,Enterprise,Sul,39,256.5,0,13,4,6,0,64,12,0,0,0.0192,0,0,0,0,3,2,0
TCK-006826,Chat,Relatórios,Solicitação de Recurso,Média,Basic,Sudeste,32,76.1,1,22,3,5,1,40,7,0,0,0.0303,0,0,0,0,4,3,1
TCK-006827,Email,API,Acesso e Conta,Média,Free,Centro-Oeste,20,134.0,0,19,0,3,0,64,12,0,0,0.0192,0,0,0,0,3,2,0
TCK-006828,Email,Faturamento,Faturamento,Média,Basic,Sul,67,123.9,0,17,4,10,0,59,9,1,0,0.0204,0,0,0,0,3,2,0
TCK-006829,Chat,Integrações,Solicitação de Recurso,Média,Basic,Norte,3,123.3,0,14,1,3,1,40,7,0,0,0.0303,0,0,0,0,3,2,0
TCK-006830,Chat,API,Problema Técnico,Média,Premium,Norte,32,95.7,0,13,4,10,0,55,10,0,0,0.0222,0,0,0,0,3,2,0
TCK-006831,Redes Sociais,API,Dúvida / Como Fazer,Baixa,Basic,Sudeste,33,198.2,0,4,1,4,0,57,10,1,0,0.0213,0,0,0,0,3,2,0
TCK-006832,Formulário Web,Faturamento,Dúvida / Como Fazer,Média,Premium,Sudeste,36,105.7,0,17,2,7,0,53,9,0,0,0.0227,0,0,0,0,3,2,0
TCK-006833,Chat,Relatórios,Problema Técnico,Média,Free,Sudeste,69,142.6,0,11,2,7,1,56,11,0,0,0.0222,0,0,0,0,3,2,0
TCK-006834,Redes Sociais,Integrações,Bug / Defeito,Baixa,Enterprise,Centro-Oeste,18,271.8,0,22,4,9,0,61,11,0,0,0.0408,0,0,0,1,3,2,0
TCK-006835,Telefone,Relatórios,Solicitação de Recurso,Média,Free,Sul,22,86.6,0,16,5,12,1,57,9,1,0,0.0208,0,0,0,0,3,2,0
TCK-006836,Email,Relatórios,Faturamento,Média,Basic,Nordeste,48,196.5,0,16,3,4,0,62,11,0,0,0.02,1,1,0,0,3,2,0
TCK-006837,Formulário Web,Faturamento,Acesso e Conta,Média,Premium,Norte,53,188.0,0,2,6,6,0,54,10,0,0,0.0233,0,0,0,0,3,2,0
TCK-006838,Email,API,Acesso e Conta,Crítica,Basic,Norte,59,55.4,0,15,6,10,1,64,12,0,0,0.0192,0,0,0,0,3,2,0
TCK-006839,Redes Sociais,Relatórios,Faturamento,Alta,Enterprise,Sudeste,19,41.7,0,20,0,7,0,45,8,0,0,0.027,0,0,0,0,3,2,0
TCK-006840,Telefone,Faturamento,Faturamento,Alta,Free,Norte,65,56.3,0,12,4,8,0,45,8,0,0,0.027,0,0,0,0,3,2,0
TCK-006841,Email,Integrações,Solicitação de Recurso,Alta,Free,Nordeste,34,69.7,0,8,5,7,1,40,7,0,0,0.0303,0,0,0,0,3,2,0
TCK-006842,Email,API,Dúvida / Como Fazer,Baixa,Basic,Centro-Oeste,59,633.2,0,12,0,6,0,57,10,1,0,0.0213,0,0,0,0,3,2,0
TCK-006843,Redes Sociais,App Mobile,Acesso e Conta,Baixa,Basic,Norte,41,450.3,0,11,1,1,0,171,25,0,0,0.0352,2,0,0,0,3,2,0
TCK-006844,Email,Relatórios,Bug / Defeito,Média,Basic,Nordeste,40,154.6,0,6,4,2,1,61,11,0,0,0.0408,0,0,0,1,3,2,0
TCK-006845,Email,App Mobile,Cancelamento,Média,Basic,Centro-Oeste,69,146.4,0,18,4,11,0,51,8,0,0,0.0233,1,0,0,1,3,2,0
TCK-006846,Chat,Plataforma Web,Acesso e Conta,Média,Premium,Sul,36,61.2,0,3,1,6,0,64,12,0,0,0.0192,0,0,0,0,3,2,0
TCK-006847,Email,Integrações,Solicitação de Recurso,Baixa,Basic,Norte,32,316.5,0,5,3,11,0,57,9,1,0,0.0208,0,0,0,0,3,2,0
TCK-006848,Formulário Web,Plataforma Web,Faturamento,Alta,Enterprise,Centro-Oeste,37,53.7,0,6,3,4,0,62,11,0,0,0.02,1,1,0,0,3,2,0
TCK-006849,Formulário Web,App Mobile,Acesso e Conta,Alta,Premium,Centro-Oeste,0,27.2,0,23,2,12,0,215,38,0,0,0.0231,0,0,0,0,3,2,0
TCK-006850,Email,Integrações,Acesso e Conta,Baixa,Basic,Centro-Oeste,38,161.5,0,3,5,4,0,54,10,0,0,0.0233,0,0,0,0,3,2,0
TCK-006851,Email,Plataforma Web,Faturamento,Alta,Premium,Nordeste,48,104.3,0,21,2,2,1,59,9,1,0,0.0204,0,0,0,0,3,2,0
TCK-006852,Formulário Web,Relatórios,Faturamento,Alta,Basic,Sudeste,0,42.1,0,3,4,11,0,45,8,0,0,0.027,0,0,0,0,3,2,0
TCK-006853,Chat,Plataforma Web,Cancelamento,Média,Basic,Nordeste,32,174.8,0,17,3,8,0,51,8,0,0,0.0233,1,0,0,1,3,2,0
TCK-006854,Telefone,Faturamento,Solicitação de Recurso,Alta,Premium,Sul,6,15.6,0,20,4,6,1,74,12,0,0,0.0328,1,0,0,0,3,2,0
TCK-006855,Chat,App Mobile,Problema Técnico,Baixa,Basic,Nordeste,43,217.9,0,9,5,1,0,55,10,0,0,0.0222,0,0,0,0,3,2,0
TCK-006856,Chat,API,Cancelamento,Média,Free,Norte,16,112.6,0,6,5,5,0,55,8,0,0,0.0217,1,0,1,0,3,2,0
TCK-006857,Chat,Relatórios,Solicitação de Recurso,Baixa,Basic,Sudeste,22,156.3,1,8,1,4,0,57,9,1,0,0.0208,0,0,0,0,4,3,1
TCK-006858,Formulário Web,App Mobile,Problema Técnico,Alta,Free,Norte,0,41.6,0,8,5,4,1,89,15,0,0,0.0274,1,0,0,0,3,2,0
TCK-006859,Formulário Web,API,Solicitação de Recurso,Média,Free,Sudeste,31,92.9,0,22,5,1,1,57,9,1,0,0.0208,0,0,0,0,3,2,0
TCK-006860,Formulário Web,Relatórios,Acesso e Conta,Média,Free,Sudeste,17,184.9,0,0,2,8,0,54,10,0,0,0.0233,0,0,0,0,3,2,0
TCK-006861,Chat,Faturamento,Acesso e Conta,Média,Basic,Nordeste,52,129.4,0,21,3,2,0,54,10,0,0,0.0233,0,0,0,0,3,2,0
TCK-006862,Chat,Integrações,Solicitação de Recurso,Baixa,Free,Nordeste,41,213.5,0,9,4,5,0,55,8,0,0,0.0638,0,0,0,0,3,2,0
TCK-006863,Telefone,Integrações,Problema Técnico,Baixa,Free,Norte,53,724.7,0,12,1,3,0,55,10,0,0,0.0222,0,0,0,0,3,2,0
TCK-006864,Email,Plataforma Web,Problema Técnico,Crítica,Premium,Centro-Oeste,45,41.6,0,13,0,2,1,104,18,0,1,0.0238,2,0,0,1,3,2,0
TCK-006865,Chat,App Mobile,Acesso e Conta,Média,Free,Centro-Oeste,50,87.7,0,19,6,3,0,64,9,0,0,0.037,1,0,0,0,3,2,0
TCK-006866,Redes Sociais,Plataforma Web,Acesso e Conta,Média,Free,Sudeste,41,130.9,0,9,1,3,0,54,10,0,0,0.0233,0,0,0,0,3,2,0
TCK-006867,Email,App Mobile,Acesso e Conta,Baixa,Basic,Centro-Oeste,24,302.3,0,21,1,8,0,64,12,0,0,0.0192,0,0,0,0,3,2,0
TCK-006868,Chat,API,Problema Técnico,Baixa,Basic,Nordeste,37,202.6,0,10,6,3,0,56,11,0,0,0.0222,0,0,0,0,3,2,0
TCK-006869,Chat,API,Problema Técnico,Crítica,Free,Sul,63,51.4,0,11,3,9,1,56,11,0,0,0.0222,0,0,0,0,3,2,0
TCK-006870,Formulário Web,Integrações,Problema Técnico,Crítica,Premium,Sul,47,46.6,1,14,3,5,1,59,10,0,0,0.0204,1,0,0,1,4,3,1
TCK-006871,Telefone,Relatórios,Problema Técnico,Média,Premium,Sul,54,137.8,0,17,3,10,0,153,27,0,0,0.0242,0,0,0,0,3,2,0
TCK-006872,Chat,API,Solicitação de Recurso,Crítica,Basic,Norte,96,72.6,0,15,2,11,1,55,8,0,0,0.0638,0,0,0,0,3,2,0
TCK-006873,Formulário Web,API,Problema Técnico,Média,Basic,Centro-Oeste,46,93.4,1,10,2,12,0,155,29,0,0,0.0242,0,0,0,0,4,3,1
TCK-006874,Formulário Web,Faturamento,Dúvida / Como Fazer,Média,Free,Nordeste,41,220.3,0,12,4,8,0,53,9,0,0,0.0227,0,0,0,0,3,2,0
TCK-006875,Formulário Web,Integrações,Bug / Defeito,Média,Free,Sul,33,76.7,0,23,1,10,1,46,9,0,0,0.0303,2,0,0,1,3,2,0
TCK-006876,Telefone,Plataforma Web,Bug / Defeito,Baixa,Basic,Sudeste,44,151.3,0,3,4,9,0,46,9,0,0,0.0303,2,0,0,1,3,2,0
TCK-006877,Email,App Mobile,Dúvida / Como Fazer,Média,Basic,Norte,0,139.0,0,0,2,11,0,56,10,1,0,0.0217,0,0,0,0,3,2,0
TCK-006878,Formulário Web,Integrações,Solicitação de Recurso,Média,Basic,Nordeste,39,167.5,0,12,2,10,1,40,7,0,0,0.0303,0,0,0,0,3,2,0
TCK-006879,Chat,API,Acesso e Conta,Crítica,Premium,Centro-Oeste,18,18.3,0,1,2,1,0,98,17,0,0,0.025,1,0,0,0,3,2,0
TCK-006880,Chat,App Mobile,Cancelamento,Média,Enterprise,Centro-Oeste,22,122.8,1,4,5,11,0,55,8,0,0,0.0217,1,0,1,0,4,3,1
TCK-006881,Telefone,Relatórios,Solicitação de Recurso,Alta,Premium,Sudeste,52,114.0,0,19,0,2,1,153,23,0,0,0.0547,0,0,0,0,3,2,0
TCK-006882,Email,Faturamento,Bug / Defeito,Média,Free,Sul,19,80.5,1,11,0,3,1,46,9,0,0,0.0303,2,0,0,1,4,3,1
TCK-006883,Chat,Plataforma Web,Bug / Defeito,Alta,Enterprise,Centro-Oeste,48,54.5,0,22,1,10,0,106,18,0,1,0.0235,2,0,0,1,3,2,0
TCK-006884,Email,App Mobile,Problema Técnico,Baixa,Basic,Centro-Oeste,0,243.1,0,0,5,9,0,59,10,0,0,0.0204,1,0,0,1,3,2,0
TCK-006885,Redes Sociais,Plataforma Web,Solicitação de Recurso,Média,Free,Centro-Oeste,73,97.1,0,17,5,2,1,55,8,0,0,0.0638,0,0,0,0,3,2,0
TCK-006886,Redes Sociais,Plataforma Web,Bug / Defeito,Alta,Enterprise,Centro-Oeste,51,67.6,0,13,1,3,1,95,16,0,0,0.039,1,0,0,1,3,2,0
TCK-006887,Email,Relatórios,Cancelamento,Baixa,Premium,Norte,59,254.7,0,12,0,9,0,61,10,0,0,0.02,1,0,1,0,3,2,0
TCK-006888,Chat,Relatórios,Solicitação de Recurso,Baixa,Free,Sul,48,124.6,0,2,0,11,0,153,23,0,0,0.0547,0,0,0,0,3,2,0
TCK-006889,Email,Plataforma Web,Bug / Defeito,Média,Free,Norte,62,145.9,0,11,6,4,1,61,10,0,0,0.02,1,0,0,1,3,2,0
TCK-006890,Chat,API,Bug / Defeito,Alta,Enterprise,Centro-Oeste,53,71.1,1,3,0,7,1,210,35,0,1,0.0237,3,0,0,1,4,3,1
TCK-006891,Chat,Plataforma Web,Bug / Defeito,Média,Basic,Sul,22,71.6,0,2,6,1,0,165,27,0,0,0.0224,2,0,0,1,3,2,0
TCK-006892,Email,Integrações,Dúvida / Como Fazer,Crítica,Basic,Sudeste,42,39.2,0,23,4,7,0,57,10,1,0,0.0213,0,0,0,0,3,2,0
TCK-006893,Email,App Mobile,Acesso e Conta,Média,Free,Nordeste,73,159.7,0,17,0,1,0,54,10,0,0,0.0233,0,0,0,0,3,2,0
TCK-006894,Email,Faturamento,Bug / Defeito,Média,Premium,Norte,71,245.2,0,20,4,5,1,46,9,0,0,0.0303,2,0,0,1,3,2,0
TCK-006895,Email,Relatórios,Bug / Defeito,Alta,Free,Sudeste,56,72.5,1,21,1,7,1,61,10,0,0,0.02,1,0,0,1,4,3,1
TCK-006896,Email,App Mobile,Problema Técnico,Baixa,Basic,Sul,62,212.1,0,18,3,7,0,55,10,0,0,0.0222,0,0,0,0,3,2,0
TCK-006897,Chat,Relatórios,Problema Técnico,Média,Premium,Centro-Oeste,29,129.7,0,5,4,7,0,56,11,0,0,0.0222,0,0,0,0,3,2,0
TCK-006898,Telefone,Relatórios,Bug / Defeito,Baixa,Basic,Centro-Oeste,60,152.9,0,13,6,10,0,46,9,0,0,0.0303,2,0,0,1,3,2,0
TCK-006899,Telefone,App Mobile,Problema Técnico,Alta,Free,Norte,39,66.3,0,12,2,9,1,55,10,0,0,0.0222,0,0,0,0,3,2,0
TCK-006900,Email,Faturamento,Solicitação de Recurso,Baixa,Basic,Norte,0,183.7,0,7,3,1,0,57,9,1,0,0.0208,0,0,0,0,3,2,0
TCK-006901,Telefone,Faturamento,Faturamento,Média,Basic,Nordeste,42,354.4,0,21,6,11,0,45,8,0,0,0.027,0,0,0,0,3,2,0
TCK-006902,Chat,Plataforma Web,Solicitação de Recurso,Baixa,Free,Centro-Oeste,40,300.7,0,16,1,4,1,40,7,0,0,0.0303,0,0,0,0,3,2,0
TCK-006903,Formulário Web,Plataforma Web,Problema Técnico,Média,Premium,Norte,24,119.1,0,19,4,2,0,59,10,0,0,0.0204,1,0,0,1,3,2,0
TCK-006904,Email,Relatórios,Bug / Defeito,Baixa,Free,Sudeste,40,294.5,1,23,0,4,0,165,29,0,0,0.0379,0,0,0,1,4,3,1
TCK-006905,Email,App Mobile,Faturamento,Alta,Free,Norte,15,68.0,0,7,0,6,0,62,11,0,0,0.02,1,1,0,0,3,2,0
TCK-006906,Chat,Relatórios,Bug / Defeito,Alta,Enterprise,Nordeste,46,47.9,0,23,3,8,0,80,14,0,0,0.0328,3,0,0,1,3,2,0
TCK-006907,Telefone,Plataforma Web,Dúvida / Como Fazer,Alta,Premium,Norte,41,53.3,0,21,5,7,0,97,16,0,0,0.0253,0,0,0,0,3,2,0
TCK-006908,Email,App Mobile,Bug / Defeito,Média,Basic,Sudeste,43,68.3,1,6,2,9,1,46,9,0,0,0.0303,2,0,0,1,4,3,1
TCK-006909,Formulário Web,Plataforma Web,Bug / Defeito,Baixa,Premium,Sul,29,184.0,0,23,1,3,0,61,11,0,0,0.0408,0,0,0,1,3,2,0
TCK-006910,Email,Faturamento,Bug / Defeito,Alta,Premium,Centro-Oeste,48,57.6,0,16,5,3,1,61,10,0,0,0.02,1,0,0,1,3,2,0
TCK-006911,Formulário Web,API,Cancelamento,Média,Premium,Nordeste,60,215.2,0,13,5,12,0,61,10,0,0,0.02,1,0,1,0,3,2,0
TCK-006912,Chat,Plataforma Web,Problema Técnico,Baixa,Enterprise,Nordeste,59,322.2,0,10,3,10,0,56,11,0,0,0.0222,0,0,0,0,3,2,0
TCK-006913,Chat,Relatórios,Bug / Defeito,Média,Free,Sul,46,62.8,0,6,3,3,0,61,10,0,0,0.02,1,0,0,1,3,2,0
TCK-006914,Email,Integrações,Acesso e Conta,Baixa,Premium,Sudeste,61,136.1,0,17,2,11,0,64,12,0,0,0.0192,0,0,0,0,3,2,0
TCK-006915,Telefone,Plataforma Web,Solicitação de Recurso,Baixa,Basic,Nordeste,31,112.6,0,15,1,5,0,55,8,0,0,0.0638,0,0,0,0,3,2,0
TCK-006916,Email,Relatórios,Bug / Defeito,Média,Free,Sudeste,38,95.6,0,20,2,3,0,165,29,0,0,0.0379,0,0,0,1,3,2,0
TCK-006917,Formulário Web,Plataforma Web,Acesso e Conta,Baixa,Basic,Sudeste,38,179.5,0,3,0,10,0,54,10,0,0,0.0233,0,0,0,0,3,2,0
TCK-006918,Email,Faturamento,Dúvida / Como Fazer,Baixa,Basic,Sudeste,81,391.9,0,14,3,3,0,53,9,0,0,0.0227,0,0,0,0,3,2,0
TCK-006919,Email,Faturamento,Problema Técnico,Média,Enterprise,Sudeste,16,138.5,0,20,0,8,0,161,27,0,0,0.0227,2,0,0,1,3,2,0
TCK-006920,Telefone,App Mobile,Bug / Defeito,Baixa,Premium,Sudeste,30,263.2,0,7,5,1,0,61,10,0,0,0.02,1,0,0,1,3,2,0
TCK-006921,Formulário Web,Relatórios,Problema Técnico,Alta,Free,Sul,43,99.1,0,7,2,10,1,59,10,0,0,0.0204,1,0,0,1,3,2,0
TCK-006922,Email,Faturamento,Cancelamento,Crítica,Free,Norte,29,25.2,0,7,3,1,0,55,8,0,0,0.0217,1,0,1,0,3,2,0
TCK-006923,Formulário Web,Relatórios,Dúvida / Como Fazer,Média,Enterprise,Sudeste,51,151.8,0,19,0,5,0,53,9,0,0,0.0227,0,0,0,0,3,2,0
TCK-006924,Email,Plataforma Web,Dúvida / Como Fazer,Baixa,Free,Nordeste,24,308.7,0,4,5,11,0,56,10,1,0,0.0217,0,0,0,0,3,2,0
TCK-006925,Email,Faturamento,Dúvida / Como Fazer,Alta,Free,Sul,52,67.9,0,2,2,11,0,53,9,0,0,0.0227,0,0,0,0,3,2,0
TCK-006926,Email,API,Acesso e Conta,Média,Basic,Norte,30,71.2,0,16,2,5,0,54,10,0,0,0.0233,0,0,0,0,3,2,0
TCK-006927,Email,Plataforma Web,Faturamento,Alta,Free,Sul,50,50.2,0,1,6,11,1,45,8,0,0,0.027,0,0,0,0,3,2,0
TCK-006928,Formulário Web,Plataforma Web,Acesso e Conta,Crítica,Free,Sudeste,22,21.9,0,6,0,2,0,98,17,0,0,0.025,1,0,0,0,3,2,0
TCK-006929,Chat,Faturamento,Cancelamento,Baixa,Free,Sudeste,49,224.0,0,2,1,10,0,61,10,0,0,0.02,1,0,1,0,3,2,0
TCK-006930,Email,Integrações,Problema Técnico,Média,Free,Nordeste,47,63.7,1,15,3,1,1,59,10,0,0,0.0204,1,0,0,1,4,3,1
TCK-006931,Email,App Mobile,Problema Técnico,Média,Free,Sul,10,122.2,0,5,0,6,1,56,11,0,0,0.0222,0,0,0,0,3,2,0
TCK-006932,Email,Integrações,Cancelamento,Baixa,Free,Nordeste,66,563.4,1,11,6,3,0,55,8,0,0,0.0217,1,0,1,0,4,3,1
TCK-006933,Email,API,Problema Técnico,Alta,Basic,Sudeste,26,49.8,0,20,1,2,1,99,17,0,0,0.025,0,0,0,0,3,2,0
TCK-006934,Telefone,Relatórios,Cancelamento,Alta,Basic,Sul,32,56.5,0,23,1,11,0,99,15,0,0,0.0247,1,0,1,0,3,2,0
TCK-006935,Chat,Relatórios,Acesso e Conta,Baixa,Free,Sul,50,250.8,0,1,3,1,0,64,12,0,0,0.0192,0,0,0,0,3,2,0
TCK-006936,Chat,Faturamento,Faturamento,Média,Premium,Centro-Oeste,0,93.5,0,20,6,4,0,59,9,1,0,0.0204,0,0,0,0,3,2,0
TCK-006937,Email,Integrações,Acesso e Conta,Média,Enterprise,Sul,76,191.3,0,15,3,8,0,64,12,0,0,0.0192,0,0,0,0,3,2,0
TCK-006938,Email,App Mobile,Acesso e Conta,Média,Free,Norte,52,171.7,0,16,6,5,0,54,10,0,0,0.0233,0,0,0,0,3,2,0
TCK-006939,Telefone,API,Bug / Defeito,Baixa,Free,Sul,64,378.5,0,9,1,11,0,46,9,0,0,0.0303,2,0,0,1,3,2,0
TCK-006940,Chat,Relatórios,Cancelamento,Crítica,Enterprise,Nordeste,16,20.6,0,23,0,8,0,51,8,0,0,0.0233,1,0,0,1,3,2,0
TCK-006941,Email,Integrações,Cancelamento,Média,Free,Sul,45,337.2,0,6,1,6,0,51,8,0,0,0.0233,1,0,0,1,3,2,0
TCK-006942,Redes Sociais,App Mobile,Faturamento,Crítica,Premium,Centro-Oeste,37,33.9,0,0,1,6,1,161,25,2,0,0.0227,0,0,0,0,3,2,0
TCK-006943,Chat,Relatórios,Solicitação de Recurso,Alta,Enterprise,Nordeste,51,58.8,0,11,0,5,1,57,9,1,0,0.0208,0,0,0,0,3,2,0
TCK-006944,Telefone,Integrações,Problema Técnico,Média,Basic,Sul,59,143.8,0,1,0,8,0,153,27,0,0,0.0242,0,0,0,0,3,2,0
TCK-006945,Email,Integrações,Acesso e Conta,Média,Basic,Norte,33,142.3,0,19,2,10,0,64,12,0,0,0.0192,0,0,0,0,3,2,0
TCK-006946,Email,App Mobile,Acesso e Conta,Crítica,Free,Nordeste,67,48.1,0,14,3,7,0,54,10,0,0,0.0233,0,0,0,0,3,2,0
TCK-006947,Email,App Mobile,Problema Técnico,Alta,Free,Sudeste,47,178.1,0,20,4,1,1,55,10,0,0,0.0222,0,0,0,0,3,2,0
TCK-006948,Email,Faturamento,Cancelamento,Baixa,Free,Norte,52,340.4,0,11,3,7,0,51,8,0,0,0.0233,1,0,0,1,3,2,0
TCK-006949,Formulário Web,Plataforma Web,Dúvida / Como Fazer,Média,Free,Centro-Oeste,18,130.4,0,7,4,8,0,56,10,1,0,0.0217,0,0,0,0,3,2,0
TCK-006950,Chat,Relatórios,Solicitação de Recurso,Baixa,Free,Centro-Oeste,52,217.8,0,20,5,1,0,40,7,0,0,0.0303,0,0,0,0,3,2,0
TCK-006951,Telefone,API,Solicitação de Recurso,Média,Free,Sul,0,190.2,0,22,3,10,1,55,8,0,0,0.0638,0,0,0,0,3,2,0
TCK-006952,Email,Integrações,Acesso e Conta,Alta,Basic,Nordeste,11,61.1,0,7,0,5,0,98,14,0,0,0.0366,2,0,0,0,3,2,0
TCK-006953,Email,Relatórios,Faturamento,Alta,Basic,Sul,60,122.0,0,15,0,5,1,161,25,2,0,0.0227,0,0,0,0,3,2,0
TCK-006954,Chat,App Mobile,Dúvida / Como Fazer,Baixa,Basic,Nordeste,56,139.7,0,17,2,2,0,56,10,1,0,0.0217,0,0,0,0,3,2,0
TCK-006955,Formulário Web,Relatórios,Bug / Defeito,Baixa,Basic,Nordeste,30,304.0,0,8,4,1,0,61,10,0,0,0.02,1,0,0,1,3,2,0
TCK-006956,Email,API,Bug / Defeito,Alta,Free,Sul,32,44.3,0,16,6,8,1,165,27,0,0,0.0224,2,0,0,1,3,2,0
TCK-006957,Chat,API,Faturamento,Média,Basic,Norte,82,199.8,0,17,6,8,0,45,8,0,0,0.027,0,0,0,0,3,2,0
TCK-006958,Formulário Web,Integrações,Solicitação de Recurso,Média,Premium,Centro-Oeste,20,93.0,0,21,6,12,0,57,9,1,0,0.0208,0,0,0,0,3,2,0
TCK-006959,Email,API,Solicitação de Recurso,Baixa,Free,Sudeste,63,181.4,0,9,6,5,0,55,8,0,0,0.0638,0,0,0,0,3,2,0
TCK-006960,Email,Integrações,Faturamento,Alta,Basic,Sul,40,57.5,0,9,0,5,1,45,8,0,0,0.027,0,0,0,0,3,2,0
TCK-006961,Formulário Web,Faturamento,Cancelamento,Baixa,Basic,Sudeste,28,135.6,0,23,6,9,0,153,23,0,0,0.0238,2,0,1,0,3,2,0
TCK-006962,Chat,API,Cancelamento,Baixa,Free,Nordeste,49,138.8,0,5,2,8,0,51,8,0,0,0.0233,1,0,0,1,3,2,0
TCK-006963,Email,Faturamento,Problema Técnico,Média,Basic,Nordeste,31,219.8,0,13,2,12,0,161,27,0,0,0.0227,2,0,0,1,3,2,0
TCK-006964,Telefone,Faturamento,Acesso e Conta,Média,Premium,Sul,16,57.4,0,7,2,10,0,64,9,0,0,0.037,1,0,0,0,3,2,0
TCK-006965,Formulário Web,Plataforma Web,Faturamento,Baixa,Premium,Centro-Oeste,11,169.4,0,7,1,3,0,45,8,0,0,0.027,0,0,0,0,3,2,0
TCK-006966,Telefone,Plataforma Web,Solicitação de Recurso,Baixa,Basic,Nordeste,30,206.8,0,0,0,2,0,57,9,1,0,0.0208,0,0,0,0,3,2,0
TCK-006967,Redes Sociais,Relatórios,Acesso e Conta,Crítica,Free,Sul,60,52.7,0,12,2,11,0,108,16,0,0,0.0337,1,0,0,0,3,2,0
TCK-006968,Chat,Faturamento,Problema Técnico,Média,Free,Centro-Oeste,61,148.7,0,5,1,5,0,55,10,0,0,0.0222,0,0,0,0,3,2,0
TCK-006969,Email,Faturamento,Solicitação de Recurso,Baixa,Free,Nordeste,88,379.0,0,18,0,1,0,40,7,0,0,0.0303,0,0,0,0,3,2,0
TCK-006970,Telefone,Relatórios,Problema Técnico,Alta,Premium,Sudeste,68,73.1,0,15,6,11,1,59,10,0,0,0.0204,1,0,0,1,3,2,0
TCK-006971,Chat,Integrações,Dúvida / Como Fazer,Média,Free,Sul,52,90.9,0,18,0,6,0,56,10,1,0,0.0217,0,0,0,0,3,2,0
TCK-006972,Telefone,Faturamento,Dúvida / Como Fazer,Baixa,Premium,Centro-Oeste,91,133.8,0,17,0,6,0,56,10,1,0,0.0217,0,0,0,0,3,2,0
TCK-006973,Formulário Web,Faturamento,Faturamento,Alta,Basic,Sudeste,27,44.6,0,8,1,2,0,161,25,2,0,0.0227,0,0,0,0,3,2,0
TCK-006974,Email,Plataforma Web,Acesso e Conta,Baixa,Basic,Sul,70,249.3,0,11,1,12,0,54,10,0,0,0.0233,0,0,0,0,3,2,0
TCK-006975,Telefone,Integrações,Bug / Defeito,Alta,Premium,Centro-Oeste,43,55.3,0,19,5,8,1,105,17,0,0,0.0235,1,0,0,1,3,2,0
TCK-006976,Email,Relatórios,Faturamento,Crítica,Enterprise,Norte,50,36.6,0,10,2,8,1,62,11,0,0,0.02,1,1,0,0,3,2,0
TCK-006977,Chat,Integrações,Acesso e Conta,Média,Basic,Centro-Oeste,7,87.9,0,21,2,3,0,64,12,0,0,0.0192,0,0,0,0,3,2,0
TCK-006978,Telefone,Faturamento,Problema Técnico,Média,Premium,Norte,46,119.3,0,14,6,6,0,55,10,0,0,0.0222,0,0,0,0,3,2,0
TCK-006979,Email,App Mobile,Faturamento,Alta,Enterprise,Norte,20,44.2,1,4,5,4,1,90,16,0,1,0.0278,1,0,0,0,4,3,1
TCK-006980,Chat,Integrações,Problema Técnico,Baixa,Premium,Sul,4,345.8,0,0,1,9,0,155,29,0,0,0.0242,0,0,0,0,3,2,0
TCK-006981,Telefone,API,Bug / Defeito,Baixa,Basic,Sudeste,16,206.3,0,21,6,1,0,46,9,0,0,0.0303,2,0,0,1,3,2,0
TCK-006982,Chat,API,Acesso e Conta,Crítica,Premium,Sudeste,42,38.9,0,11,4,4,0,108,16,0,0,0.0337,1,0,0,0,3,2,0
TCK-006983,Telefone,Plataforma Web,Problema Técnico,Alta,Free,Norte,53,52.8,0,23,3,3,1,59,10,0,0,0.0204,1,0,0,1,3,2,0
TCK-006984,Email,Relatórios,Acesso e Conta,Média,Free,Sul,40,137.1,0,16,6,4,0,64,12,0,0,0.0192,0,0,0,0,3,2,0
TCK-006985,Email,Relatórios,Bug / Defeito,Média,Enterprise,Norte,44,199.0,0,8,2,1,0,46,9,0,0,0.0303,2,0,0,1,3,2,0
TCK-006986,Chat,App Mobile,Dúvida / Como Fazer,Média,Free,Centro-Oeste,27,122.7,0,6,2,1,0,53,9,0,0,0.0227,0,0,0,0,3,2,0
TCK-006987,Redes Sociais,Faturamento,Dúvida / Como Fazer,Baixa,Free,Sudeste,55,337.0,0,2,5,8,0,53,9,0,0,0.0227,0,0,0,0,3,2,0
TCK-006988,Telefone,Relatórios,Problema Técnico,Alta,Premium,Sudeste,0,13.1,0,21,0,5,1,100,18,0,1,0.025,1,0,0,0,3,2,0
TCK-006989,Email,API,Bug / Defeito,Baixa,Free,Sul,35,349.8,0,5,2,12,0,46,9,0,0,0.0303,2,0,0,1,3,2,0
TCK-006990,Redes Sociais,API,Bug / Defeito,Crítica,Enterprise,Centro-Oeste,39,46.3,0,6,5,7,1,90,16,0,0,0.0294,2,0,0,1,3,2,0
TCK-006991,Email,Faturamento,Faturamento,Média,Basic,Norte,23,254.9,0,22,1,8,0,59,9,1,0,0.0204,0,0,0,0,3,2,0
TCK-006992,Telefone,Relatórios,Problema Técnico,Baixa,Free,Centro-Oeste,58,351.9,1,6,6,8,0,59,10,0,0,0.0204,1,0,0,1,4,3,1
TCK-006993,Email,API,Solicitação de Recurso,Baixa,Basic,Norte,31,195.3,0,23,1,4,0,55,8,0,0,0.0638,0,0,0,0,3,2,0
TCK-006994,Telefone,Faturamento,Problema Técnico,Média,Free,Norte,12,191.5,0,8,4,5,0,56,11,0,0,0.0222,0,0,0,0,3,2,0
TCK-006995,Chat,Faturamento,Cancelamento,Alta,Free,Sudeste,39,49.5,0,4,5,11,0,95,15,0,0,0.0256,2,0,1,0,3,2,0
TCK-006996,Telefone,Faturamento,Cancelamento,Baixa,Basic,Nordeste,37,123.1,0,11,0,2,0,55,8,0,0,0.0217,1,0,1,0,3,2,0
TCK-006997,Telefone,Plataforma Web,Faturamento,Baixa,Premium,Sudeste,56,71.3,0,13,3,10,0,62,11,0,0,0.02,1,1,0,0,3,2,0
TCK-006998,Redes Sociais,Relatórios,Bug / Defeito,Média,Free,Nordeste,14,47.1,0,5,4,10,1,135,25,0,0,0.03,4,0,0,1,3,2,0
TCK-006999,Chat,App Mobile,Dúvida / Como Fazer,Alta,Premium,Sudeste,61,74.7,0,7,2,5,0,57,10,1,0,0.0213,0,0,0,0,3,2,0
TCK-007000,Email,App Mobile,Problema Técnico,Baixa,Free,Sudeste,17,456.1,0,20,3,8,0,56,11,0,0,0.0222,0,0,0,0,3,2,0
TCK-007001,Chat,Faturamento,Bug / Defeito,Baixa,Enterprise,Nordeste,8,157.4,0,20,1,3,0,165,29,0,0,0.0379,0,0,0,1,3,2,0
TCK-007002,Email,Integrações,Dúvida / Como Fazer,Alta,Basic,Centro-Oeste,14,28.7,0,7,1,10,0,157,27,2,0,0.0234,0,0,0,0,3,2,0
TCK-007003,Chat,Relatórios,Faturamento,Média,Basic,Centro-Oeste,69,106.8,0,18,2,1,0,62,11,0,0,0.02,1,1,0,0,3,2,0
TCK-007004,Email,API,Acesso e Conta,Crítica,Premium,Sul,61,45.4,1,7,4,9,1,171,25,0,0,0.0352,2,0,0,0,4,3,1
TCK-007005,Formulário Web,Plataforma Web,Dúvida / Como Fazer,Baixa,Basic,Centro-Oeste,10,224.3,0,7,0,2,0,53,9,0,0,0.0227,0,0,0,0,3,2,0
TCK-007006,Redes Sociais,Relatórios,Problema Técnico,Média,Premium,Sul,6,137.3,1,3,5,5,0,59,10,0,0,0.0204,1,0,0,1,4,3,1
TCK-007007,Chat,Integrações,Faturamento,Média,Premium,Sul,46,120.0,0,22,6,6,0,62,11,0,0,0.02,1,1,0,0,3,2,0
TCK-007008,Chat,Plataforma Web,Problema Técnico,Média,Enterprise,Norte,37,176.0,0,5,3,10,0,55,10,0,0,0.0222,0,0,0,0,3,2,0
TCK-007009,Email,App Mobile,Acesso e Conta,Alta,Free,Sudeste,19,64.7,0,3,3,5,0,64,12,0,0,0.0192,0,0,0,0,3,2,0
TCK-007010,Chat,API,Dúvida / Como Fazer,Baixa,Free,Sudeste,50,128.4,0,15,2,7,0,53,9,0,0,0.0227,0,0,0,0,3,2,0
TCK-007011,Telefone,Faturamento,Cancelamento,Baixa,Free,Centro-Oeste,54,443.1,0,11,3,4,0,145,23,0,0,0.025,2,0,0,1,3,2,0
TCK-007012,Chat,Integrações,Dúvida / Como Fazer,Média,Premium,Norte,6,81.4,0,1,4,10,0,57,10,1,0,0.0213,0,0,0,0,3,2,0
TCK-007013,Telefone,Relatórios,Problema Técnico,Baixa,Basic,Sudeste,75,194.9,1,4,1,4,0,55,10,0,0,0.0222,0,0,0,0,4,3,1
TCK-007014,Telefone,Faturamento,Problema Técnico,Média,Enterprise,Norte,53,79.3,0,5,6,8,0,55,10,0,0,0.0222,0,0,0,0,3,2,0
TCK-007015,Email,Integrações,Bug / Defeito,Alta,Premium,Norte,51,77.3,0,21,0,1,1,91,17,0,1,0.0294,3,0,0,1,3,2,0
TCK-007016,Chat,Relatórios,Dúvida / Como Fazer,Média,Basic,Sudeste,69,80.1,0,12,1,3,0,53,9,0,0,0.0227,0,0,0,0,3,2,0
TCK-007017,Formulário Web,Relatórios,Problema Técnico,Média,Enterprise,Nordeste,45,138.8,1,17,1,9,0,153,27,0,0,0.0242,0,0,0,0,4,3,1
TCK-007018,Telefone,API,Dúvida / Como Fazer,Baixa,Basic,Norte,40,184.5,0,18,1,10,0,53,9,0,0,0.0227,0,0,0,0,3,2,0
TCK-007019,Telefone,Relatórios,Acesso e Conta,Média,Basic,Centro-Oeste,46,56.9,1,12,2,7,0,64,9,0,0,0.037,1,0,0,0,4,3,1
TCK-007020,Email,API,Acesso e Conta,Média,Basic,Nordeste,45,121.3,0,3,6,3,0,171,25,0,0,0.0352,2,0,0,0,3,2,0
TCK-007021,Email,Relatórios,Bug / Defeito,Alta,Free,Norte,26,48.2,0,6,5,8,1,61,10,0,0,0.02,1,0,0,1,3,2,0
TCK-007022,Formulário Web,App Mobile,Problema Técnico,Média,Basic,Norte,35,112.4,1,19,2,3,0,59,10,0,0,0.0204,1,0,0,1,4,3,1
TCK-007023,Telefone,Faturamento,Problema Técnico,Alta,Free,Norte,16,38.6,0,7,0,6,0,59,10,0,0,0.0204,1,0,0,1,3,2,0
TCK-007024,Redes Sociais,Faturamento,Faturamento,Baixa,Enterprise,Nordeste,66,241.2,0,15,3,9,0,62,11,0,0,0.02,1,1,0,0,3,2,0
TCK-007025,Email,Integrações,Acesso e Conta,Baixa,Enterprise,Nordeste,64,381.3,0,9,3,8,0,64,9,0,0,0.037,1,0,0,0,3,2,0
TCK-007026,Formulário Web,App Mobile,Faturamento,Crítica,Enterprise,Nordeste,33,35.2,0,9,4,4,1,161,25,2,0,0.0227,0,0,0,0,3,2,0
TCK-007027,Redes Sociais,App Mobile,Bug / Defeito,Média,Free,Norte,5,201.3,0,22,3,2,0,135,25,0,0,0.03,4,0,0,1,3,2,0
TCK-007028,Email,Plataforma Web,Dúvida / Como Fazer,Média,Basic,Nordeste,37,90.3,0,11,5,3,0,53,9,0,0,0.0227,0,0,0,0,3,2,0
TCK-007029,Telefone,App Mobile,Problema Técnico,Baixa,Basic,Norte,38,255.2,0,16,0,7,0,56,11,0,0,0.0222,0,0,0,0,3,2,0
TCK-007030,Email,Integrações,Dúvida / Como Fazer,Baixa,Free,Centro-Oeste,53,338.3,0,11,3,5,0,56,10,1,0,0.0217,0,0,0,0,3,2,0
TCK-007031,Email,Plataforma Web,Problema Técnico,Média,Free,Sul,25,152.5,0,1,3,8,0,59,10,0,0,0.0204,1,0,0,1,3,2,0
TCK-007032,Chat,App Mobile,Cancelamento,Baixa,Free,Centro-Oeste,28,230.5,0,23,4,5,0,51,8,0,0,0.0233,1,0,0,1,3,2,0
TCK-007033,Formulário Web,Plataforma Web,Cancelamento,Baixa,Free,Nordeste,30,177.5,0,19,5,10,0,61,10,0,0,0.02,1,0,1,0,3,2,0
TCK-007034,Formulário Web,App Mobile,Problema Técnico,Média,Basic,Centro-Oeste,24,218.2,0,22,2,1,0,56,11,0,0,0.0222,0,0,0,0,3,2,0
TCK-007035,Formulário Web,API,Cancelamento,Média,Free,Centro-Oeste,33,73.6,1,7,4,7,0,61,10,0,0,0.02,1,0,1,0,4,3,1
TCK-007036,Formulário Web,Plataforma Web,Bug / Defeito,Média,Free,Norte,21,156.3,1,8,2,10,1,46,9,0,0,0.0303,2,0,0,1,4,3,1
TCK-007037,Email,Integrações,Dúvida / Como Fazer,Média,Premium,Norte,24,170.6,0,21,2,3,0,56,10,1,0,0.0217,0,0,0,0,3,2,0
TCK-007038,Chat,API,Bug / Defeito,Baixa,Premium,Sudeste,39,131.3,0,9,4,12,0,61,11,0,0,0.0408,0,0,0,1,3,2,0
TCK-007039,Email,App Mobile,Acesso e Conta,Média,Basic,Centro-Oeste,43,396.5,0,0,4,11,0,64,12,0,0,0.0192,0,0,0,0,3,2,0
TCK-007040,Email,App Mobile,Dúvida / Como Fazer,Baixa,Premium,Norte,23,167.0,0,8,6,3,0,157,27,2,0,0.0234,0,0,0,0,3,2,0
TCK-007041,Telefone,App Mobile,Dúvida / Como Fazer,Média,Basic,Centro-Oeste,54,66.6,0,5,6,7,0,57,10,1,0,0.0213,0,0,0,0,3,2,0
TCK-007042,Chat,Relatórios,Dúvida / Como Fazer,Baixa,Premium,Centro-Oeste,17,147.6,0,19,1,2,0,155,27,2,0,0.0238,0,0,0,0,3,2,0
TCK-007043,Telefone,Plataforma Web,Faturamento,Média,Basic,Centro-Oeste,27,310.3,0,20,3,7,0,45,8,0,0,0.027,0,0,0,0,3,2,0
TCK-007044,Email,Faturamento,Dúvida / Como Fazer,Alta,Basic,Centro-Oeste,26,42.8,0,19,0,3,0,53,9,0,0,0.0227,0,0,0,0,3,2,0
TCK-007045,Telefone,API,Cancelamento,Média,Basic,Norte,73,169.8,0,16,1,11,0,145,23,0,0,0.025,2,0,0,1,3,2,0
TCK-007046,Formulário Web,Faturamento,Cancelamento,Crítica,Free,Sudeste,44,39.4,0,18,1,4,1,105,17,0,0,0.0235,1,0,1,0,3,2,0
TCK-007047,Telefone,API,Acesso e Conta,Baixa,Free,Nordeste,14,108.9,0,7,5,7,0,54,10,0,0,0.0233,0,0,0,0,3,2,0
TCK-007048,Formulário Web,Integrações,Bug / Defeito,Baixa,Basic,Sul,48,197.3,0,0,5,3,0,46,9,0,0,0.0303,2,0,0,1,3,2,0
TCK-007049,Formulário Web,API,Bug / Defeito,Média,Basic,Sul,19,80.8,0,3,5,3,1,46,9,0,0,0.0303,2,0,0,1,3,2,0
TCK-007050,Formulário Web,API,Bug / Defeito,Baixa,Premium,Centro-Oeste,5,176.0,0,6,3,7,0,46,9,0,0,0.0303,2,0,0,1,3,2,0
TCK-007051,Email,Integrações,Acesso e Conta,Média,Basic,Nordeste,48,87.5,0,10,6,9,0,54,10,0,0,0.0233,0,0,0,0,3,2,0
TCK-007052,Email,App Mobile,Solicitação de Recurso,Alta,Basic,Norte,51,63.2,0,19,3,2,1,57,9,1,0,0.0208,0,0,0,0,3,2,0
TCK-007053,Chat,Faturamento,Bug / Defeito,Baixa,Basic,Sudeste,36,258.1,0,13,3,8,0,61,11,0,0,0.0408,0,0,0,1,3,2,0
TCK-007054,Telefone,App Mobile,Dúvida / Como Fazer,Média,Premium,Centro-Oeste,44,99.4,0,11,0,12,0,56,10,1,0,0.0217,0,0,0,0,3,2,0
TCK-007055,Redes Sociais,App Mobile,Dúvida / Como Fazer,Média,Free,Norte,55,268.1,1,9,0,3,0,56,10,1,0,0.0217,0,0,0,0,4,3,1
TCK-007056,Email,Integrações,Dúvida / Como Fazer,Média,Enterprise,Nordeste,70,174.2,0,10,0,4,0,57,10,1,0,0.0213,0,0,0,0,3,2,0
TCK-007057,Chat,Plataforma Web,Bug / Defeito,Média,Premium,Centro-Oeste,53,115.9,0,12,4,8,1,61,11,0,0,0.0408,0,0,0,1,3,2,0
TCK-007058,Email,Relatórios,Solicitação de Recurso,Alta,Free,Nordeste,32,35.2,0,23,3,3,1,57,9,1,0,0.0208,0,0,0,0,3,2,0
TCK-007059,Redes Sociais,API,Faturamento,Média,Free,Sul,37,177.7,0,9,5,2,0,62,11,0,0,0.02,1,1,0,0,3,2,0
TCK-007060,Chat,Faturamento,Cancelamento,Alta,Enterprise,Norte,31,64.0,0,4,0,1,0,100,16,0,1,0.0247,2,0,1,0,3,2,0
TCK-007061,Chat,App Mobile,Bug / Defeito,Média,Enterprise,Sul,18,118.4,0,17,0,6,0,61,10,0,0,0.02,1,0,0,1,3,2,0
TCK-007062,Chat,Plataforma Web,Cancelamento,Média,Enterprise,Sul,80,84.5,1,13,1,8,0,61,10,0,0,0.02,1,0,1,0,4,3,1
TCK-007063,Redes Sociais,API,Cancelamento,Alta,Free,Norte,23,87.2,0,11,3,12,0,55,8,0,0,0.0217,1,0,1,0,3,2,0
TCK-007064,Chat,Relatórios,Dúvida / Como Fazer,Alta,Free,Centro-Oeste,62,77.8,0,14,2,3,0,57,10,1,0,0.0213,0,0,0,0,3,2,0
TCK-007065,Chat,App Mobile,Cancelamento,Baixa,Enterprise,Norte,49,158.1,0,19,5,3,0,51,8,0,0,0.0233,1,0,0,1,3,2,0
TCK-007066,Redes Sociais,Faturamento,Acesso e Conta,Média,Free,Sul,50,293.1,0,10,5,11,0,64,9,0,0,0.037,1,0,0,0,3,2,0
TCK-007067,Chat,Integrações,Cancelamento,Média,Basic,Nordeste,62,139.1,0,9,5,9,0,51,8,0,0,0.0233,1,0,0,1,3,2,0
TCK-007068,Redes Sociais,Relatórios,Dúvida / Como Fazer,Baixa,Free,Centro-Oeste,55,319.7,0,12,1,8,0,56,10,1,0,0.0217,0,0,0,0,3,2,0
TCK-007069,Redes Sociais,App Mobile,Cancelamento,Baixa,Premium,Norte,66,210.6,0,18,0,12,0,55,8,0,0,0.0217,1,0,1,0,3,2,0
TCK-007070,Email,Integrações,Problema Técnico,Alta,Free,Centro-Oeste,17,42.4,0,20,0,11,1,155,29,0,0,0.0242,0,0,0,0,3,2,0
TCK-007071,Email,App Mobile,Problema Técnico,Média,Free,Norte,51,125.2,1,10,3,8,0,56,11,0,0,0.0222,0,0,0,0,4,3,1
TCK-007072,Chat,Relatórios,Bug / Defeito,Média,Basic,Sudeste,24,174.1,0,18,2,12,0,165,27,0,0,0.0224,2,0,0,1,3,2,0
TCK-007073,Email,Relatórios,Solicitação de Recurso,Baixa,Enterprise,Sul,25,672.9,0,8,1,1,0,40,7,0,0,0.0303,0,0,0,0,3,2,0
TCK-007074,Email,Integrações,Bug / Defeito,Baixa,Enterprise,Centro-Oeste,41,192.5,0,9,0,3,0,61,10,0,0,0.02,1,0,0,1,3,2,0
TCK-007075,Redes Sociais,Integrações,Acesso e Conta,Crítica,Enterprise,Norte,50,45.7,0,15,4,5,0,64,12,0,0,0.0192,0,0,0,0,3,2,0
TCK-007076,Email,Integrações,Solicitação de Recurso,Média,Free,Sul,58,198.5,0,9,1,8,0,40,7,0,0,0.0303,0,0,0,0,3,2,0
TCK-007077,Email,Integrações,Faturamento,Alta,Free,Centro-Oeste,50,66.3,0,14,6,10,0,59,9,1,0,0.0204,0,0,0,0,3,2,0
TCK-007078,Formulário Web,Relatórios,Problema Técnico,Alta,Free,Norte,44,41.3,0,19,5,5,1,59,10,0,0,0.0204,1,0,0,1,3,2,0
TCK-007079,Formulário Web,Plataforma Web,Problema Técnico,Alta,Enterprise,Nordeste,33,32.4,0,16,6,7,1,161,27,0,0,0.0227,2,0,0,1,3,2,0
TCK-007080,Email,API,Cancelamento,Baixa,Free,Centro-Oeste,54,198.2,0,14,1,4,0,145,23,0,0,0.025,2,0,0,1,3,2,0
TCK-007081,Chat,API,Solicitação de Recurso,Baixa,Basic,Sul,28,372.9,0,3,1,9,1,153,23,0,0,0.0547,0,0,0,0,3,2,0
TCK-007082,Redes Sociais,Relatórios,Acesso e Conta,Crítica,Free,Nordeste,43,41.7,0,15,6,1,0,64,12,0,0,0.0192,0,0,0,0,3,2,0
TCK-007083,Redes Sociais,App Mobile,Solicitação de Recurso,Média,Free,Nordeste,60,241.2,0,13,1,8,1,40,7,0,0,0.0303,0,0,0,0,3,2,0
TCK-007084,Email,Faturamento,Faturamento,Média,Premium,Sudeste,56,194.4,1,16,0,7,0,59,9,1,0,0.0204,0,0,0,0,4,3,1
TCK-007085,Chat,App Mobile,Solicitação de Recurso,Média,Premium,Sudeste,49,347.9,0,10,2,11,0,57,9,1,0,0.0208,0,0,0,0,3,2,0
TCK-007086,Email,Faturamento,Solicitação de Recurso,Baixa,Enterprise,Sudeste,51,326.9,0,1,6,2,0,55,8,0,0,0.0638,0,0,0,0,3,2,0
TCK-007087,Chat,Plataforma Web,Acesso e Conta,Média,Basic,Centro-Oeste,25,154.2,0,22,0,3,0,64,9,0,0,0.037,1,0,0,0,3,2,0
TCK-007088,Chat,Plataforma Web,Acesso e Conta,Média,Free,Sul,33,97.2,0,14,5,6,0,151,27,0,0,0.025,0,0,0,0,3,2,0
TCK-007089,Email,Faturamento,Dúvida / Como Fazer,Crítica,Free,Norte,17,23.3,0,6,0,2,0,57,10,1,0,0.0213,0,0,0,0,3,2,0
TCK-007090,Email,Integrações,Problema Técnico,Alta,Premium,Norte,51,87.2,0,18,1,9,1,161,27,0,0,0.0227,2,0,0,1,3,2,0
TCK-007091,Telefone,Relatórios,Acesso e Conta,Baixa,Enterprise,Nordeste,42,225.9,0,12,6,6,0,64,12,0,0,0.0192,0,0,0,0,3,2,0
TCK-007092,Telefone,API,Dúvida / Como Fazer,Média,Free,Centro-Oeste,12,160.8,0,2,3,7,0,53,9,0,0,0.0227,0,0,0,0,3,2,0
TCK-007093,Telefone,Plataforma Web,Problema Técnico,Baixa,Basic,Norte,51,416.8,0,13,4,1,0,56,11,0,0,0.0222,0,0,0,0,3,2,0
TCK-007094,Email,Plataforma Web,Problema Técnico,Baixa,Basic,Centro-Oeste,44,364.4,0,7,3,2,0,55,10,0,0,0.0222,0,0,0,0,3,2,0
TCK-007095,Email,Relatórios,Problema Técnico,Alta,Basic,Sudeste,46,58.9,0,9,3,10,1,59,10,0,0,0.0204,1,0,0,1,3,2,0
TCK-007096,Telefone,API,Cancelamento,Baixa,Basic,Norte,35,145.8,0,22,0,5,0,153,23,0,0,0.0238,2,0,1,0,3,2,0
TCK-007097,Email,Relatórios,Problema Técnico,Baixa,Premium,Sul,36,424.9,1,14,4,12,0,59,10,0,0,0.0204,1,0,0,1,4,3,1
TCK-007098,Chat,Integrações,Acesso e Conta,Baixa,Basic,Sul,54,171.6,0,13,1,10,0,64,12,0,0,0.0192,0,0,0,0,3,2,0
TCK-007099,Redes Sociais,Relatórios,Cancelamento,Média,Basic,Sul,44,166.4,0,16,3,3,0,61,10,0,0,0.02,1,0,1,0,3,2,0
TCK-007100,Telefone,App Mobile,Dúvida / Como Fazer,Média,Basic,Nordeste,55,156.2,0,9,4,11,0,56,10,1,0,0.0217,0,0,0,0,3,2,0
TCK-007101,Formulário Web,App Mobile,Problema Técnico,Alta,Free,Centro-Oeste,19,77.6,0,3,5,12,1,59,10,0,0,0.0204,1,0,0,1,3,2,0
TCK-007102,Chat,Faturamento,Solicitação de Recurso,Baixa,Enterprise,Sul,30,124.9,0,1,6,11,0,40,7,0,0,0.0303,0,0,0,0,3,2,0
TCK-007103,Email,Faturamento,Cancelamento,Média,Basic,Norte,17,116.6,0,5,6,4,0,51,8,0,0,0.0233,1,0,0,1,3,2,0
TCK-007104,Formulário Web,App Mobile,Dúvida / Como Fazer,Baixa,Basic,Sudeste,45,310.9,0,10,3,1,0,157,27,2,0,0.0234,0,0,0,0,3,2,0
TCK-007105,Email,Relatórios,Acesso e Conta,Alta,Free,Centro-Oeste,46,46.8,0,19,1,10,0,109,20,0,1,0.023,1,0,0,0,3,2,0
TCK-007106,Email,Plataforma Web,Cancelamento,Baixa,Free,Sul,31,374.9,0,3,3,8,0,55,8,0,0,0.0217,1,0,1,0,3,2,0
TCK-007107,Email,Faturamento,Problema Técnico,Média,Free,Sudeste,41,283.1,0,14,1,8,1,56,11,0,0,0.0222,0,0,0,0,3,2,0
TCK-007108,Formulário Web,API,Solicitação de Recurso,Média,Basic,Sul,55,59.7,0,18,6,10,1,40,7,0,0,0.0303,0,0,0,0,3,2,0
TCK-007109,Chat,Plataforma Web,Problema Técnico,Média,Basic,Sudeste,48,146.6,0,4,0,3,0,55,10,0,0,0.0222,0,0,0,0,3,2,0
TCK-007110,Email,Integrações,Bug / Defeito,Baixa,Premium,Nordeste,11,87.5,0,7,0,5,0,61,10,0,0,0.02,1,0,0,1,3,2,0
TCK-007111,Telefone,Plataforma Web,Acesso e Conta,Alta,Enterprise,Nordeste,30,51.6,0,7,2,2,0,64,12,0,0,0.0192,0,0,0,0,3,2,0
TCK-007112,Formulário Web,Relatórios,Solicitação de Recurso,Média,Premium,Norte,63,191.4,0,8,5,4,0,57,9,1,0,0.0208,0,0,0,0,3,2,0
TCK-007113,Email,Integrações,Acesso e Conta,Baixa,Premium,Centro-Oeste,39,143.4,0,23,3,12,0,64,12,0,0,0.0192,0,0,0,0,3,2,0
TCK-007114,Chat,Faturamento,Problema Técnico,Média,Premium,Sudeste,36,77.0,0,5,0,5,0,59,10,0,0,0.0204,1,0,0,1,3,2,0
TCK-007115,Email,Relatórios,Solicitação de Recurso,Baixa,Basic,Nordeste,0,431.5,0,2,4,9,0,40,7,0,0,0.0303,0,0,0,0,3,2,0
TCK-007116,Chat,Integrações,Faturamento,Média,Enterprise,Sul,32,91.1,0,6,1,9,0,59,9,1,0,0.0204,0,0,0,0,3,2,0
TCK-007117,Email,Plataforma Web,Problema Técnico,Alta,Free,Sudeste,68,82.4,0,14,2,11,1,56,11,0,0,0.0222,0,0,0,0,3,2,0
TCK-007118,Redes Sociais,App Mobile,Acesso e Conta,Alta,Premium,Sul,56,59.5,0,9,1,9,0,151,27,0,0,0.025,0,0,0,0,3,2,0
TCK-007119,Telefone,Plataforma Web,Acesso e Conta,Baixa,Free,Sudeste,58,386.3,0,17,5,7,0,54,10,0,0,0.0233,0,0,0,0,3,2,0
TCK-007120,Chat,Faturamento,Faturamento,Média,Free,Sudeste,12,183.3,0,19,5,10,0,59,9,1,0,0.0204,0,0,0,0,3,2,0
TCK-007121,Chat,Faturamento,Solicitação de Recurso,Baixa,Premium,Nordeste,38,218.9,0,12,3,12,0,157,25,2,0,0.0231,0,0,0,0,3,2,0
TCK-007122,Telefone,App Mobile,Bug / Defeito,Baixa,Free,Norte,33,210.9,1,23,3,8,0,61,11,0,0,0.0408,0,0,0,1,4,3,1
TCK-007123,Chat,Integrações,Acesso e Conta,Alta,Premium,Norte,12,16.6,0,2,3,11,0,99,18,0,1,0.0256,1,0,0,0,3,2,0
TCK-007124,Email,Plataforma Web,Acesso e Conta,Alta,Enterprise,Nordeste,18,40.8,0,4,0,2,0,64,9,0,0,0.037,1,0,0,0,3,2,0
TCK-007125,Email,Plataforma Web,Bug / Defeito,Média,Free,Norte,18,95.0,0,21,4,2,1,46,9,0,0,0.0303,2,0,0,1,3,2,0
TCK-007126,Chat,Relatórios,Faturamento,Alta,Free,Centro-Oeste,43,54.4,0,10,2,1,0,45,8,0,0,0.027,0,0,0,0,3,2,0
TCK-007127,Formulário Web,App Mobile,Faturamento,Média,Enterprise,Sul,7,226.1,1,2,1,7,0,62,11,0,0,0.02,1,1,0,0,4,3,1
TCK-007128,Telefone,App Mobile,Cancelamento,Média,Basic,Sul,39,71.7,0,2,0,12,0,145,23,0,0,0.025,2,0,0,1,3,2,0
TCK-007129,Formulário Web,Relatórios,Bug / Defeito,Baixa,Enterprise,Centro-Oeste,55,241.6,0,15,4,7,0,165,27,0,0,0.0224,2,0,0,1,3,2,0
TCK-007130,Email,Relatórios,Bug / Defeito,Média,Free,Sudeste,45,133.8,1,8,1,2,1,61,11,0,0,0.0408,0,0,0,1,4,3,1
TCK-007131,Email,API,Bug / Defeito,Média,Enterprise,Sudeste,14,122.0,0,2,2,12,0,61,10,0,0,0.02,1,0,0,1,3,2,0
TCK-007132,Email,Integrações,Acesso e Conta,Média,Free,Sul,87,243.7,0,15,5,12,0,64,12,0,0,0.0192,0,0,0,0,3,2,0
TCK-007133,Formulário Web,App Mobile,Acesso e Conta,Média,Enterprise,Centro-Oeste,6,104.7,0,7,3,3,0,64,9,0,0,0.037,1,0,0,0,3,2,0
TCK-007134,Email,Faturamento,Problema Técnico,Média,Basic,Sul,41,83.5,1,2,5,3,0,59,10,0,0,0.0204,1,0,0,1,4,3,1
TCK-007135,Redes Sociais,App Mobile,Problema Técnico,Média,Free,Sul,23,163.6,0,1,4,6,0,59,10,0,0,0.0204,1,0,0,1,3,2,0
TCK-007136,Telefone,Faturamento,Faturamento,Média,Premium,Sudeste,58,167.4,0,13,4,4,0,62,11,0,0,0.02,1,1,0,0,3,2,0
TCK-007137,Formulário Web,Relatórios,Problema Técnico,Crítica,Basic,Nordeste,36,37.7,0,13,6,12,1,55,10,0,0,0.0222,0,0,0,0,3,2,0
TCK-007138,Chat,Plataforma Web,Acesso e Conta,Média,Premium,Sul,35,59.9,0,6,4,3,0,54,10,0,0,0.0233,0,0,0,0,3,2,0
TCK-007139,Email,Plataforma Web,Bug / Defeito,Alta,Premium,Sudeste,59,48.5,0,14,5,9,1,61,10,0,0,0.02,1,0,0,1,3,2,0
TCK-007140,Email,Faturamento,Acesso e Conta,Média,Free,Sudeste,27,194.4,0,0,2,3,0,64,9,0,0,0.037,1,0,0,0,3,2,0
TCK-007141,Chat,Faturamento,Solicitação de Recurso,Média,Premium,Sul,46,165.1,1,20,2,4,1,57,9,1,0,0.0208,0,0,0,0,4,3,1
TCK-007142,Chat,Relatórios,Faturamento,Baixa,Free,Sul,36,237.5,0,1,5,2,0,59,9,1,0,0.0204,0,0,0,0,3,2,0
TCK-007143,Chat,Integrações,Faturamento,Média,Premium,Nordeste,28,145.0,0,3,2,3,0,62,11,0,0,0.02,1,1,0,0,3,2,0
TCK-007144,Formulário Web,API,Solicitação de Recurso,Média,Basic,Norte,32,141.8,0,20,5,5,1,40,7,0,0,0.0303,0,0,0,0,3,2,0
TCK-007145,Email,Relatórios,Bug / Defeito,Alta,Basic,Centro-Oeste,61,83.3,0,10,1,7,1,61,11,0,0,0.0408,0,0,0,1,3,2,0
TCK-007146,Formulário Web,Integrações,Faturamento,Baixa,Free,Centro-Oeste,31,277.5,0,8,5,6,0,59,9,1,0,0.0204,0,0,0,0,3,2,0
TCK-007147,Formulário Web,Faturamento,Dúvida / Como Fazer,Média,Free,Sul,37,128.5,1,21,6,4,0,157,27,2,0,0.0234,0,0,0,0,4,3,1
TCK-007148,Email,Plataforma Web,Problema Técnico,Baixa,Enterprise,Nordeste,32,203.2,0,17,6,10,0,59,10,0,0,0.0204,1,0,0,1,3,2,0
TCK-007149,Formulário Web,Plataforma Web,Dúvida / Como Fazer,Baixa,Basic,Sudeste,2,146.4,0,6,5,9,0,53,9,0,0,0.0227,0,0,0,0,3,2,0
TCK-007150,Email,App Mobile,Bug / Defeito,Média,Basic,Norte,29,222.5,0,1,4,10,1,61,10,0,0,0.02,1,0,0,1,3,2,0
TCK-007151,Telefone,API,Problema Técnico,Média,Basic,Sudeste,13,222.2,0,21,1,2,0,55,10,0,0,0.0222,0,0,0,0,3,2,0
TCK-007152,Email,API,Solicitação de Recurso,Média,Premium,Centro-Oeste,18,138.7,0,20,0,9,0,55,8,0,0,0.0638,0,0,0,0,3,2,0
TCK-007153,Chat,App Mobile,Solicitação de Recurso,Baixa,Free,Centro-Oeste,46,98.2,0,16,2,6,0,40,7,0,0,0.0303,0,0,0,0,3,2,0
TCK-007154,Email,Integrações,Faturamento,Média,Free,Sul,0,127.9,0,20,0,1,0,59,9,1,0,0.0204,0,0,0,0,3,2,0
TCK-007155,Chat,Relatórios,Dúvida / Como Fazer,Média,Premium,Sudeste,22,79.3,0,8,1,3,0,53,9,0,0,0.0227,0,0,0,0,3,2,0
TCK-007156,Email,Faturamento,Cancelamento,Alta,Premium,Norte,16,27.5,0,6,2,3,1,55,8,0,0,0.0217,1,0,1,0,3,2,0
TCK-007157,Telefone,Integrações,Problema Técnico,Média,Free,Sudeste,69,88.2,0,17,0,2,0,55,10,0,0,0.0222,0,0,0,0,3,2,0
TCK-007158,Telefone,Faturamento,Acesso e Conta,Baixa,Basic,Norte,59,191.8,0,11,2,3,0,64,9,0,0,0.037,1,0,0,0,3,2,0
TCK-007159,Chat,Faturamento,Dúvida / Como Fazer,Alta,Basic,Norte,38,42.7,0,16,5,4,0,102,18,1,1,0.0244,1,0,0,0,3,2,0
TCK-007160,Email,Faturamento,Acesso e Conta,Baixa,Enterprise,Sul,64,179.9,0,16,2,9,0,64,9,0,0,0.037,1,0,0,0,3,2,0
TCK-007161,Formulário Web,Relatórios,Solicitação de Recurso,Média,Basic,Sudeste,5,122.0,0,12,4,4,0,57,9,1,0,0.0208,0,0,0,0,3,2,0
TCK-007162,Email,Relatórios,Acesso e Conta,Alta,Premium,Sudeste,64,71.0,0,15,1,3,0,64,9,0,0,0.037,1,0,0,0,3,2,0
TCK-007163,Chat,Plataforma Web,Problema Técnico,Média,Free,Centro-Oeste,23,108.2,1,3,6,6,1,155,29,0,0,0.0242,0,0,0,0,4,3,1
TCK-007164,Formulário Web,App Mobile,Dúvida / Como Fazer,Crítica,Premium,Norte,12,20.8,0,4,2,4,0,56,10,1,0,0.0217,0,0,0,0,3,2,0
TCK-007165,Email,Integrações,Faturamento,Média,Free,Norte,73,265.6,0,0,4,1,0,62,11,0,0,0.02,1,1,0,0,3,2,0
TCK-007166,Telefone,API,Cancelamento,Baixa,Premium,Nordeste,37,199.5,0,14,5,12,0,55,8,0,0,0.0217,1,0,1,0,3,2,0
TCK-007167,Redes Sociais,Plataforma Web,Dúvida / Como Fazer,Baixa,Enterprise,Norte,36,131.2,0,9,2,7,0,53,9,0,0,0.0227,0,0,0,0,3,2,0
TCK-007168,Telefone,API,Problema Técnico,Alta,Basic,Sudeste,36,40.2,0,10,0,11,1,59,10,0,0,0.0204,1,0,0,1,3,2,0
TCK-007169,Chat,Plataforma Web,Bug / Defeito,Alta,Free,Sul,49,49.2,1,9,4,8,1,165,29,0,0,0.0379,0,0,0,1,4,3,1
TCK-007170,Chat,API,Dúvida / Como Fazer,Baixa,Basic,Centro-Oeste,25,123.0,0,4,3,7,0,56,10,1,0,0.0217,0,0,0,0,3,2,0
TCK-007171,Chat,Relatórios,Acesso e Conta,Baixa,Basic,Nordeste,28,353.2,0,18,4,10,0,64,9,0,0,0.037,1,0,0,0,3,2,0
TCK-007172,Email,Integrações,Acesso e Conta,Média,Basic,Centro-Oeste,61,189.4,0,9,3,11,0,54,10,0,0,0.0233,0,0,0,0,3,2,0
TCK-007173,Chat,Integrações,Faturamento,Média,Premium,Norte,38,171.1,0,15,1,5,0,59,9,1,0,0.0204,0,0,0,0,3,2,0
TCK-007174,Telefone,Relatórios,Acesso e Conta,Média,Free,Sul,66,104.6,0,13,4,4,0,171,25,0,0,0.0352,2,0,0,0,3,2,0
TCK-007175,Chat,App Mobile,Dúvida / Como Fazer,Crítica,Premium,Sul,68,46.0,0,17,4,5,0,91,15,1,0,0.0267,1,0,0,0,3,2,0
TCK-007176,Telefone,Integrações,Dúvida / Como Fazer,Alta,Enterprise,Sul,60,56.5,0,15,2,10,0,57,10,1,0,0.0213,0,0,0,0,3,2,0
TCK-007177,Formulário Web,Faturamento,Dúvida / Como Fazer,Baixa,Basic,Sul,11,171.0,0,14,0,6,0,155,27,2,0,0.0238,0,0,0,0,3,2,0
TCK-007178,Redes Sociais,App Mobile,Cancelamento,Crítica,Basic,Norte,42,37.4,0,22,3,11,1,105,17,0,0,0.0235,1,0,1,0,3,2,0
TCK-007179,Chat,API,Faturamento,Crítica,Enterprise,Centro-Oeste,40,34.1,0,15,5,7,0,45,8,0,0,0.027,0,0,0,0,3,2,0
TCK-007180,Chat,Integrações,Problema Técnico,Crítica,Free,Norte,0,6.9,0,19,4,12,1,90,16,0,0,0.0274,1,0,0,0,3,2,0
TCK-007181,Formulário Web,Faturamento,Solicitação de Recurso,Média,Premium,Sudeste,63,192.1,0,15,0,1,1,57,9,1,0,0.0208,0,0,0,0,3,2,0
TCK-007182,Chat,API,Problema Técnico,Baixa,Free,Norte,57,103.0,0,6,2,6,0,55,10,0,0,0.0222,0,0,0,0,3,2,0
TCK-007183,Email,App Mobile,Dúvida / Como Fazer,Média,Premium,Norte,33,73.0,0,20,5,4,0,53,9,0,0,0.0227,0,0,0,0,3,2,0
TCK-007184,Email,Integrações,Dúvida / Como Fazer,Média,Free,Sul,76,118.8,0,17,0,12,0,56,10,1,0,0.0217,0,0,0,0,3,2,0
TCK-007185,Email,API,Solicitação de Recurso,Alta,Premium,Norte,47,75.2,1,22,1,4,1,101,16,1,0,0.0241,0,0,0,0,4,3,1
TCK-007186,Formulário Web,API,Cancelamento,Alta,Free,Nordeste,51,68.9,0,12,5,9,0,55,8,0,0,0.0217,1,0,1,0,3,2,0
TCK-007187,Formulário Web,App Mobile,Faturamento,Baixa,Basic,Sul,37,215.4,1,12,1,8,0,133,23,0,0,0.0278,0,0,0,0,4,3,1
TCK-007188,Email,Integrações,Bug / Defeito,Baixa,Enterprise,Nordeste,9,288.2,0,11,1,10,0,61,11,0,0,0.0408,0,0,0,1,3,2,0
TCK-007189,Redes Sociais,Integrações,Acesso e Conta,Média,Basic,Sul,40,311.3,0,3,3,12,0,64,9,0,0,0.037,1,0,0,0,3,2,0
TCK-007190,Email,App Mobile,Dúvida / Como Fazer,Crítica,Free,Norte,15,14.9,0,5,3,4,0,98,17,0,1,0.0253,1,0,0,0,3,2,0
TCK-007191,Formulário Web,Faturamento,Problema Técnico,Baixa,Free,Sul,56,486.0,0,21,0,11,0,56,11,0,0,0.0222,0,0,0,0,3,2,0
TCK-007192,Email,Relatórios,Bug / Defeito,Baixa,Free,Sudeste,13,352.4,0,2,4,5,0,61,11,0,0,0.0408,0,0,0,1,3,2,0
TCK-007193,Chat,API,Problema Técnico,Média,Premium,Centro-Oeste,58,269.5,0,5,6,8,0,56,11,0,0,0.0222,0,0,0,0,3,2,0
TCK-007194,Redes Sociais,Plataforma Web,Bug / Defeito,Alta,Enterprise,Centro-Oeste,41,89.8,0,22,2,3,0,46,9,0,0,0.0303,2,0,0,1,3,2,0
TCK-007195,Telefone,App Mobile,Solicitação de Recurso,Alta,Basic,Sul,57,60.9,0,13,4,11,1,102,17,1,1,0.0241,1,0,0,0,3,2,0
TCK-007196,Email,Relatórios,Problema Técnico,Média,Premium,Norte,63,144.1,0,19,5,3,0,55,10,0,0,0.0222,0,0,0,0,3,2,0
TCK-007197,Email,Relatórios,Bug / Defeito,Crítica,Enterprise,Norte,63,47.2,1,10,2,10,1,80,14,0,0,0.0328,3,0,0,1,4,3,1
TCK-007198,Email,Relatórios,Bug / Defeito,Alta,Free,Centro-Oeste,50,46.4,1,12,6,2,1,61,11,0,0,0.0408,0,0,0,1,4,3,1
TCK-007199,Email,Plataforma Web,Problema Técnico,Média,Free,Sudeste,39,149.5,0,8,2,6,0,155,29,0,0,0.0242,0,0,0,0,3,2,0
TCK-007200,Redes Sociais,API,Bug / Defeito,Baixa,Premium,Centro-Oeste,62,351.7,0,9,6,7,0,46,9,0,0,0.0303,2,0,0,1,3,2,0
TCK-007201,Telefone,Plataforma Web,Problema Técnico,Crítica,Enterprise,Centro-Oeste,25,22.8,0,4,6,1,0,99,17,0,0,0.025,0,0,0,0,3,2,0
TCK-007202,Telefone,Plataforma Web,Faturamento,Média,Premium,Norte,39,99.1,0,18,2,8,0,45,8,0,0,0.027,0,0,0,0,3,2,0
TCK-007203,Redes Sociais,Relatórios,Acesso e Conta,Baixa,Basic,Nordeste,42,243.0,0,21,6,8,0,54,10,0,0,0.0233,0,0,0,0,3,2,0
TCK-007204,Formulário Web,Plataforma Web,Cancelamento,Média,Free,Sudeste,67,128.0,0,13,1,6,0,55,8,0,0,0.0217,1,0,1,0,3,2,0
TCK-007205,Chat,Faturamento,Faturamento,Média,Basic,Nordeste,41,121.4,0,13,4,9,0,167,29,0,0,0.0224,2,1,0,0,3,2,0
TCK-007206,Email,Faturamento,Bug / Defeito,Baixa,Basic,Sudeste,30,136.3,0,22,4,10,0,61,11,0,0,0.0408,0,0,0,1,3,2,0
TCK-007207,Redes Sociais,App Mobile,Solicitação de Recurso,Média,Premium,Sudeste,62,167.6,0,9,4,6,1,55,8,0,0,0.0638,0,0,0,0,3,2,0
TCK-007208,Telefone,Relatórios,Cancelamento,Baixa,Premium,Sul,35,198.5,0,6,1,7,0,51,8,0,0,0.0233,1,0,0,1,3,2,0
TCK-007209,Telefone,Relatórios,Faturamento,Baixa,Basic,Norte,77,129.9,0,14,5,7,0,59,9,1,0,0.0204,0,0,0,0,3,2,0
TCK-007210,Telefone,Integrações,Faturamento,Baixa,Basic,Centro-Oeste,6,270.1,0,21,5,4,0,59,9,1,0,0.0204,0,0,0,0,3,2,0
TCK-007211,Formulário Web,App Mobile,Bug / Defeito,Alta,Free,Nordeste,64,69.1,0,10,5,7,1,61,10,0,0,0.02,1,0,0,1,3,2,0
TCK-007212,Chat,App Mobile,Dúvida / Como Fazer,Média,Premium,Sul,38,178.4,0,14,5,11,0,57,10,1,0,0.0213,0,0,0,0,3,2,0
TCK-007213,Chat,Faturamento,Bug / Defeito,Baixa,Enterprise,Nordeste,72,141.6,0,15,1,5,0,46,9,0,0,0.0303,2,0,0,1,3,2,0
TCK-007214,Telefone,Relatórios,Dúvida / Como Fazer,Baixa,Premium,Sudeste,22,294.9,0,8,5,10,0,157,27,2,0,0.0234,0,0,0,0,3,2,0
TCK-007215,Formulário Web,Plataforma Web,Cancelamento,Alta,Free,Sudeste,28,49.8,1,8,3,7,1,55,8,0,0,0.0217,1,0,1,0,4,3,1
TCK-007216,Email,Integrações,Problema Técnico,Alta,Premium,Sudeste,42,54.9,0,7,1,9,1,56,11,0,0,0.0222,0,0,0,0,3,2,0
TCK-007217,Telefone,Relatórios,Bug / Defeito,Alta,Premium,Nordeste,46,41.9,0,9,6,12,1,91,17,0,1,0.0294,3,0,0,1,3,2,0
TCK-007218,Email,Integrações,Problema Técnico,Baixa,Free,Norte,10,687.8,0,22,2,7,0,155,29,0,0,0.0242,0,0,0,0,3,2,0
TCK-007219,Email,Plataforma Web,Problema Técnico,Média,Basic,Norte,30,176.1,0,4,1,4,0,55,10,0,0,0.0222,0,0,0,0,3,2,0
TCK-007220,Formulário Web,Plataforma Web,Cancelamento,Média,Premium,Nordeste,28,135.2,0,2,5,4,0,51,8,0,0,0.0233,1,0,0,1,3,2,0
TCK-007221,Formulário Web,App Mobile,Cancelamento,Média,Free,Nordeste,50,91.5,0,22,6,5,0,51,8,0,0,0.0233,1,0,0,1,3,2,0
TCK-007222,Chat,Relatórios,Acesso e Conta,Alta,Basic,Nordeste,96,86.5,0,12,1,5,0,54,10,0,0,0.0233,0,0,0,0,3,2,0
TCK-007223,Email,API,Faturamento,Média,Free,Sudeste,46,161.5,0,8,3,6,0,59,9,1,0,0.0204,0,0,0,0,3,2,0
TCK-007224,Email,API,Cancelamento,Média,Basic,Nordeste,34,214.0,0,1,4,2,0,61,10,0,0,0.02,1,0,1,0,3,2,0
TCK-007225,Email,App Mobile,Problema Técnico,Baixa,Basic,Norte,51,1181.2,0,19,1,4,0,55,10,0,0,0.0222,0,0,0,0,3,2,0
TCK-007226,Redes Sociais,Relatórios,Acesso e Conta,Média,Premium,Nordeste,68,257.0,0,16,5,8,0,64,9,0,0,0.037,1,0,0,0,3,2,0
TCK-007227,Email,API,Acesso e Conta,Média,Basic,Sul,12,180.1,0,23,5,7,0,64,12,0,0,0.0192,0,0,0,0,3,2,0
TCK-007228,Email,Faturamento,Problema Técnico,Alta,Free,Sudeste,12,48.4,0,0,2,10,1,90,16,0,0,0.0274,1,0,0,0,3,2,0
TCK-007229,Formulário Web,App Mobile,Solicitação de Recurso,Baixa,Free,Sul,63,282.0,0,22,4,8,1,40,7,0,0,0.0303,0,0,0,0,3,2,0
TCK-007230,Email,Integrações,Faturamento,Baixa,Enterprise,Sudeste,28,294.1,0,5,4,7,0,45,8,0,0,0.027,0,0,0,0,3,2,0
TCK-007231,Email,Faturamento,Bug / Defeito,Média,Enterprise,Nordeste,45,265.0,0,10,2,4,0,61,10,0,0,0.02,1,0,0,1,3,2,0
TCK-007232,Email,Faturamento,Bug / Defeito,Média,Free,Centro-Oeste,40,71.6,0,22,2,7,1,61,10,0,0,0.02,1,0,0,1,3,2,0
TCK-007233,Chat,API,Problema Técnico,Média,Free,Centro-Oeste,36,98.4,0,1,1,3,1,59,10,0,0,0.0204,1,0,0,1,3,2,0
TCK-007234,Redes Sociais,Plataforma Web,Dúvida / Como Fazer,Média,Premium,Centro-Oeste,58,202.2,0,23,5,10,0,57,10,1,0,0.0213,0,0,0,0,3,2,0
TCK-007235,Email,Relatórios,Dúvida / Como Fazer,Média,Basic,Centro-Oeste,1,58.6,0,6,6,9,0,53,9,0,0,0.0227,0,0,0,0,3,2,0
TCK-007236,Telefone,Relatórios,Dúvida / Como Fazer,Baixa,Enterprise,Sudeste,56,311.9,0,15,6,6,0,53,9,0,0,0.0227,0,0,0,0,3,2,0
TCK-007237,Telefone,Faturamento,Dúvida / Como Fazer,Baixa,Premium,Sudeste,32,238.9,0,21,4,5,0,53,9,0,0,0.0227,0,0,0,0,3,2,0
TCK-007238,Chat,Faturamento,Bug / Defeito,Baixa,Basic,Centro-Oeste,43,68.4,0,2,4,2,0,46,9,0,0,0.0303,2,0,0,1,3,2,0
TCK-007239,Formulário Web,Plataforma Web,Cancelamento,Baixa,Premium,Norte,74,275.4,0,13,1,5,0,51,8,0,0,0.0233,1,0,0,1,3,2,0
TCK-007240,Chat,Integrações,Bug / Defeito,Média,Free,Norte,58,206.6,0,10,6,8,1,46,9,0,0,0.0303,2,0,0,1,3,2,0
TCK-007241,Email,Faturamento,Dúvida / Como Fazer,Média,Free,Norte,25,131.0,0,1,5,6,0,53,9,0,0,0.0227,0,0,0,0,3,2,0
TCK-007242,Chat,Integrações,Problema Técnico,Baixa,Basic,Nordeste,42,90.7,1,15,6,6,0,59,10,0,0,0.0204,1,0,0,1,4,3,1
TCK-007243,Email,Plataforma Web,Faturamento,Média,Enterprise,Sudeste,35,153.2,1,8,5,3,0,45,8,0,0,0.027,0,0,0,0,4,3,1
TCK-007244,Formulário Web,Integrações,Problema Técnico,Alta,Basic,Sul,53,71.4,0,1,0,3,1,153,27,0,0,0.0242,0,0,0,0,3,2,0
TCK-007245,Chat,Plataforma Web,Faturamento,Baixa,Premium,Sudeste,47,368.2,0,19,0,2,0,45,8,0,0,0.027,0,0,0,0,3,2,0
TCK-007246,Chat,API,Acesso e Conta,Baixa,Basic,Sudeste,33,165.9,0,0,5,4,0,54,10,0,0,0.0233,0,0,0,0,3,2,0
TCK-007247,Chat,Relatórios,Dúvida / Como Fazer,Crítica,Basic,Norte,25,24.4,0,2,4,6,0,87,14,0,0,0.0278,1,0,0,0,3,2,0
TCK-007248,Email,Relatórios,Faturamento,Média,Free,Sul,23,74.7,0,22,6,10,0,59,9,1,0,0.0204,0,0,0,0,3,2,0
TCK-007249,Email,Integrações,Problema Técnico,Média,Premium,Sul,28,92.5,0,17,3,7,0,55,10,0,0,0.0222,0,0,0,0,3,2,0
TCK-007250,Email,App Mobile,Problema Técnico,Média,Basic,Centro-Oeste,42,127.1,0,13,4,4,0,56,11,0,0,0.0222,0,0,0,0,3,2,0
TCK-007251,Chat,App Mobile,Faturamento,Alta,Premium,Nordeste,24,48.3,0,18,3,5,0,59,9,1,0,0.0204,0,0,0,0,3,2,0
TCK-007252,Chat,Faturamento,Problema Técnico,Alta,Basic,Centro-Oeste,43,56.3,0,9,4,8,1,59,10,0,0,0.0204,1,0,0,1,3,2,0
TCK-007253,Redes Sociais,API,Faturamento,Baixa,Free,Norte,52,199.9,0,11,0,1,0,167,29,0,0,0.0224,2,1,0,0,3,2,0
TCK-007254,Chat,Relatórios,Acesso e Conta,Média,Premium,Nordeste,20,124.3,0,19,3,1,0,64,12,0,0,0.0192,0,0,0,0,3,2,0
TCK-007255,Email,Relatórios,Faturamento,Alta,Free,Nordeste,64,58.5,0,9,5,9,1,62,11,0,0,0.02,1,1,0,0,3,2,0
TCK-007256,Redes Sociais,Relatórios,Bug / Defeito,Média,Basic,Norte,44,88.3,1,11,4,9,1,61,11,0,0,0.0408,0,0,0,1,4,3,1
TCK-007257,Telefone,Integrações,Dúvida / Como Fazer,Baixa,Basic,Sul,39,295.0,0,20,6,12,0,57,10,1,0,0.0213,0,0,0,0,3,2,0
TCK-007258,Formulário Web,API,Faturamento,Média,Premium,Nordeste,38,216.0,0,7,3,7,0,59,9,1,0,0.0204,0,0,0,0,3,2,0
TCK-007259,Email,Relatórios,Solicitação de Recurso,Média,Basic,Sul,0,126.1,0,19,6,6,1,57,9,1,0,0.0208,0,0,0,0,3,2,0
TCK-007260,Email,Faturamento,Problema Técnico,Alta,Enterprise,Nordeste,19,51.5,1,20,2,9,1,59,10,0,0,0.0204,1,0,0,1,4,3,1
TCK-007261,Email,Integrações,Bug / Defeito,Média,Enterprise,Sul,73,124.2,0,17,1,7,0,61,11,0,0,0.0408,0,0,0,1,3,2,0
TCK-007262,Email,Faturamento,Solicitação de Recurso,Baixa,Premium,Centro-Oeste,89,230.8,0,18,4,4,0,55,8,0,0,0.0638,0,0,0,0,3,2,0
TCK-007263,Formulário Web,Integrações,Bug / Defeito,Baixa,Basic,Sudeste,21,176.5,0,22,3,11,0,46,9,0,0,0.0303,2,0,0,1,3,2,0
TCK-007264,Formulário Web,App Mobile,Faturamento,Média,Basic,Norte,0,75.2,0,0,4,6,0,62,11,0,0,0.02,1,1,0,0,3,2,0
TCK-007265,Email,Faturamento,Bug / Defeito,Média,Premium,Norte,62,186.7,0,20,2,1,0,61,11,0,0,0.0408,0,0,0,1,3,2,0
TCK-007266,Formulário Web,Integrações,Dúvida / Como Fazer,Crítica,Basic,Sudeste,51,39.7,0,13,1,3,0,157,27,2,0,0.0234,0,0,0,0,3,2,0
TCK-007267,Chat,Faturamento,Faturamento,Crítica,Free,Centro-Oeste,15,33.7,1,2,0,5,1,96,16,0,0,0.0256,2,1,0,0,4,3,1
TCK-007268,Email,Relatórios,Cancelamento,Média,Free,Nordeste,58,156.3,0,4,3,10,0,55,8,0,0,0.0217,1,0,1,0,3,2,0
TCK-007269,Chat,App Mobile,Cancelamento,Alta,Free,Sudeste,33,45.8,0,11,6,8,0,61,10,0,0,0.02,1,0,1,0,3,2,0
TCK-007270,Email,Plataforma Web,Faturamento,Alta,Basic,Centro-Oeste,71,76.2,0,12,3,7,0,45,8,0,0,0.027,0,0,0,0,3,2,0
TCK-007271,Email,Plataforma Web,Problema Técnico,Crítica,Basic,Sul,12,21.3,0,3,2,8,1,55,10,0,0,0.0222,0,0,0,0,3,2,0
TCK-007272,Email,API,Acesso e Conta,Média,Basic,Nordeste,23,80.0,0,20,3,12,0,54,10,0,0,0.0233,0,0,0,0,3,2,0
TCK-007273,Chat,Plataforma Web,Dúvida / Como Fazer,Crítica,Free,Centro-Oeste,44,39.8,0,11,5,5,0,87,14,0,0,0.0278,1,0,0,0,3,2,0
TCK-007274,Formulário Web,API,Faturamento,Baixa,Free,Sul,16,178.3,0,3,5,11,0,59,9,1,0,0.0204,0,0,0,0,3,2,0
TCK-007275,Formulário Web,Plataforma Web,Acesso e Conta,Média,Enterprise,Sul,43,95.8,0,7,0,8,0,64,9,0,0,0.037,1,0,0,0,3,2,0
TCK-007276,Formulário Web,App Mobile,Cancelamento,Média,Enterprise,Norte,43,155.5,0,12,1,5,0,55,8,0,0,0.0217,1,0,1,0,3,2,0
TCK-007277,Telefone,API,Bug / Defeito,Baixa,Premium,Sudeste,24,178.8,0,13,2,5,0,46,9,0,0,0.0303,2,0,0,1,3,2,0
TCK-007278,Email,Relatórios,Problema Técnico,Média,Enterprise,Centro-Oeste,37,135.5,0,18,2,1,0,56,11,0,0,0.0222,0,0,0,0,3,2,0
TCK-007279,Chat,Faturamento,Cancelamento,Média,Basic,Sul,10,92.9,0,22,6,11,0,51,8,0,0,0.0233,1,0,0,1,3,2,0
TCK-007280,Chat,Integrações,Bug / Defeito,Alta,Basic,Sudeste,34,78.0,0,23,1,2,1,61,11,0,0,0.0408,0,0,0,1,3,2,0
TCK-007281,Email,API,Solicitação de Recurso,Média,Premium,Sul,53,216.2,0,18,0,9,1,55,8,0,0,0.0638,0,0,0,0,3,2,0
TCK-007282,Chat,Faturamento,Solicitação de Recurso,Média,Free,Nordeste,37,162.0,0,5,5,5,1,57,9,1,0,0.0208,0,0,0,0,3,2,0
TCK-007283,Email,App Mobile,Acesso e Conta,Média,Basic,Centro-Oeste,110,140.0,0,11,2,12,0,64,12,0,0,0.0192,0,0,0,0,3,2,0
TCK-007284,Email,API,Problema Técnico,Baixa,Enterprise,Centro-Oeste,57,203.9,1,18,3,8,0,59,10,0,0,0.0204,1,0,0,1,4,3,1
TCK-007285,Chat,App Mobile,Bug / Defeito,Média,Premium,Norte,36,140.3,0,19,0,7,0,46,9,0,0,0.0303,2,0,0,1,3,2,0
TCK-007286,Chat,App Mobile,Cancelamento,Baixa,Premium,Centro-Oeste,47,230.0,0,21,5,12,0,51,8,0,0,0.0233,1,0,0,1,3,2,0
TCK-007287,Telefone,App Mobile,Acesso e Conta,Alta,Enterprise,Norte,36,55.6,0,9,0,1,0,109,17,0,1,0.0337,2,0,0,0,3,2,0
TCK-007288,Formulário Web,Plataforma Web,Faturamento,Alta,Basic,Centro-Oeste,33,54.3,0,11,2,12,0,62,11,0,0,0.02,1,1,0,0,3,2,0
TCK-007289,Telefone,App Mobile,Cancelamento,Média,Enterprise,Nordeste,15,76.1,0,8,5,2,0,153,23,0,0,0.0238,2,0,1,0,3,2,0
TCK-007290,Email,Plataforma Web,Faturamento,Alta,Free,Sudeste,74,88.2,0,10,5,4,1,93,14,1,0,0.026,1,0,0,0,3,2,0
TCK-007291,Chat,App Mobile,Dúvida / Como Fazer,Baixa,Free,Sudeste,35,174.3,0,17,0,12,0,157,27,2,0,0.0234,0,0,0,0,3,2,0
TCK-007292,Email,Relatórios,Faturamento,Baixa,Basic,Nordeste,40,171.9,0,4,2,11,0,45,8,0,0,0.027,0,0,0,0,3,2,0
TCK-007293,Email,Relatórios,Faturamento,Crítica,Basic,Norte,48,41.1,1,18,1,8,1,62,11,0,0,0.02,1,1,0,0,4,3,1
TCK-007294,Email,Plataforma Web,Dúvida / Como Fazer,Baixa,Free,Nordeste,70,279.9,0,23,0,10,0,53,9,0,0,0.0227,0,0,0,0,3,2,0
TCK-007295,Email,Integrações,Bug / Defeito,Média,Free,Norte,51,93.0,0,22,3,6,1,135,25,0,0,0.03,4,0,0,1,3,2,0
TCK-007296,Formulário Web,Relatórios,Dúvida / Como Fazer,Alta,Free,Centro-Oeste,38,49.8,0,5,1,3,0,57,10,1,0,0.0213,0,0,0,0,3,2,0
TCK-007297,Formulário Web,API,Problema Técnico,Baixa,Premium,Sul,32,189.5,0,9,1,4,0,56,11,0,0,0.0222,0,0,0,0,3,2,0
TCK-007298,Email,Faturamento,Problema Técnico,Alta,Basic,Norte,29,58.4,0,10,3,1,1,90,16,0,0,0.0274,1,0,0,0,3,2,0
TCK-007299,Email,Faturamento,Dúvida / Como Fazer,Média,Free,Norte,39,126.0,0,14,2,8,0,53,9,0,0,0.0227,0,0,0,0,3,2,0
TCK-007300,Telefone,Plataforma Web,Faturamento,Média,Premium,Nordeste,48,166.5,0,13,5,5,0,167,29,0,0,0.0224,2,1,0,0,3,2,0
TCK-007301,Redes Sociais,Plataforma Web,Solicitação de Recurso,Crítica,Premium,Norte,64,43.9,1,19,3,5,1,157,25,2,0,0.0231,0,0,0,0,4,3,1
TCK-007302,Telefone,Relatórios,Problema Técnico,Média,Free,Sul,3,92.5,0,5,3,4,0,56,11,0,0,0.0222,0,0,0,0,3,2,0
TCK-007303,Chat,API,Problema Técnico,Média,Basic,Centro-Oeste,0,90.6,0,6,4,8,0,56,11,0,0,0.0222,0,0,0,0,3,2,0
TCK-007304,Email,App Mobile,Dúvida / Como Fazer,Baixa,Free,Nordeste,34,337.1,0,18,0,11,0,56,10,1,0,0.0217,0,0,0,0,3,2,0
TCK-007305,Email,Faturamento,Acesso e Conta,Alta,Basic,Sul,21,70.4,0,4,4,8,0,98,17,0,0,0.0256,0,0,0,0,3,2,0
TCK-007306,Telefone,Plataforma Web,Acesso e Conta,Crítica,Free,Sudeste,28,25.7,0,17,6,3,0,171,31,0,0,0.0217,0,0,0,0,3,2,0
TCK-007307,Chat,API,Bug / Defeito,Baixa,Free,Nordeste,27,154.8,0,4,6,12,0,165,29,0,0,0.0379,0,0,0,1,3,2,0
TCK-007308,Chat,Relatórios,Acesso e Conta,Média,Basic,Centro-Oeste,0,95.5,0,4,0,12,0,54,10,0,0,0.0233,0,0,0,0,3,2,0
TCK-007309,Chat,API,Bug / Defeito,Média,Free,Norte,23,321.2,1,22,0,2,1,46,9,0,0,0.0303,2,0,0,1,4,3,1
TCK-007310,Email,Relatórios,Faturamento,Baixa,Basic,Centro-Oeste,50,238.1,0,16,6,8,0,45,8,0,0,0.027,0,0,0,0,3,2,0
TCK-007311,Chat,Relatórios,Problema Técnico,Baixa,Basic,Centro-Oeste,39,157.3,0,9,2,1,0,161,27,0,0,0.0227,2,0,0,1,3,2,0
TCK-007312,Email,Faturamento,Solicitação de Recurso,Baixa,Free,Sul,28,186.4,0,7,0,4,1,123,21,0,0,0.03,0,0,0,0,3,2,0
TCK-007313,Redes Sociais,Relatórios,Dúvida / Como Fazer,Alta,Free,Sul,21,82.9,0,23,2,5,0,56,10,1,0,0.0217,0,0,0,0,3,2,0
TCK-007314,Email,Relatórios,Acesso e Conta,Média,Basic,Norte,16,62.0,0,5,2,2,0,64,9,0,0,0.037,1,0,0,0,3,2,0
TCK-007315,Email,Plataforma Web,Solicitação de Recurso,Alta,Premium,Norte,66,76.6,0,10,1,11,1,99,15,0,0,0.0488,0,0,0,0,3,2,0
TCK-007316,Email,Relatórios,Faturamento,Média,Enterprise,Sul,64,193.1,0,13,5,1,0,45,8,0,0,0.027,0,0,0,0,3,2,0
TCK-007317,Chat,Relatórios,Faturamento,Alta,Basic,Nordeste,0,37.8,0,6,5,12,1,90,16,0,1,0.0278,1,0,0,0,3,2,0
TCK-007318,Redes Sociais,Faturamento,Bug / Defeito,Baixa,Premium,Centro-Oeste,72,221.0,0,16,4,1,0,165,29,0,0,0.0379,0,0,0,1,3,2,0
TCK-007319,Telefone,API,Solicitação de Recurso,Baixa,Premium,Sudeste,46,331.0,0,15,4,11,0,55,8,0,0,0.0638,0,0,0,0,3,2,0
TCK-007320,Email,App Mobile,Faturamento,Média,Basic,Centro-Oeste,45,243.5,0,12,6,8,0,59,9,1,0,0.0204,0,0,0,0,3,2,0
TCK-007321,Chat,App Mobile,Faturamento,Alta,Free,Sul,59,71.5,0,20,4,4,0,90,16,0,1,0.0278,1,0,0,0,3,2,0
TCK-007322,Email,API,Dúvida / Como Fazer,Média,Enterprise,Sul,32,158.1,0,4,6,7,0,56,10,1,0,0.0217,0,0,0,0,3,2,0
TCK-007323,Chat,API,Faturamento,Baixa,Free,Sul,40,167.0,0,23,4,6,0,45,8,0,0,0.027,0,0,0,0,3,2,0
TCK-007324,Email,Relatórios,Problema Técnico,Média,Free,Sul,52,111.2,0,12,1,12,1,55,10,0,0,0.0222,0,0,0,0,3,2,0
TCK-007325,Formulário Web,API,Bug / Defeito,Baixa,Free,Sudeste,51,152.3,0,21,4,5,1,135,25,0,0,0.03,4,0,0,1,3,2,0
TCK-007326,Telefone,Integrações,Bug / Defeito,Baixa,Basic,Sudeste,38,256.0,0,6,4,1,0,61,10,0,0,0.02,1,0,0,1,3,2,0
TCK-007327,Redes Sociais,Integrações,Cancelamento,Alta,Premium,Sul,67,78.7,0,11,6,5,1,61,10,0,0,0.02,1,0,1,0,3,2,0
TCK-007328,Chat,App Mobile,Problema Técnico,Média,Free,Nordeste,31,104.4,0,5,2,7,0,55,10,0,0,0.0222,0,0,0,0,3,2,0
TCK-007329,Chat,Faturamento,Dúvida / Como Fazer,Média,Free,Centro-Oeste,49,124.6,0,14,4,12,0,57,10,1,0,0.0213,0,0,0,0,3,2,0
TCK-007330,Telefone,Relatórios,Problema Técnico,Baixa,Basic,Nordeste,20,141.8,0,21,4,7,0,56,11,0,0,0.0222,0,0,0,0,3,2,0
TCK-007331,Redes Sociais,Plataforma Web,Dúvida / Como Fazer,Baixa,Free,Sudeste,17,144.4,0,6,3,11,0,57,10,1,0,0.0213,0,0,0,0,3,2,0
TCK-007332,Chat,API,Solicitação de Recurso,Alta,Basic,Norte,34,40.5,0,3,1,7,1,40,7,0,0,0.0303,0,0,0,0,3,2,0
TCK-007333,Telefone,Integrações,Dúvida / Como Fazer,Alta,Free,Nordeste,86,65.3,0,11,1,12,0,87,14,0,0,0.0278,1,0,0,0,3,2,0
TCK-007334,Formulário Web,Integrações,Faturamento,Média,Basic,Norte,5,76.4,0,20,0,6,0,167,29,0,0,0.0224,2,1,0,0,3,2,0
TCK-007335,Telefone,Faturamento,Dúvida / Como Fazer,Baixa,Premium,Nordeste,0,314.4,0,2,3,4,0,53,9,0,0,0.0227,0,0,0,0,3,2,0
TCK-007336,Chat,Integrações,Dúvida / Como Fazer,Média,Basic,Norte,39,155.2,0,20,1,3,0,53,9,0,0,0.0227,0,0,0,0,3,2,0
TCK-007337,Email,Relatórios,Acesso e Conta,Alta,Free,Centro-Oeste,3,58.1,0,23,0,7,0,64,12,0,0,0.0192,0,0,0,0,3,2,0
TCK-007338,Email,Faturamento,Dúvida / Como Fazer,Média,Basic,Norte,12,199.6,0,19,1,4,0,53,9,0,0,0.0227,0,0,0,0,3,2,0
TCK-007339,Formulário Web,App Mobile,Dúvida / Como Fazer,Crítica,Free,Nordeste,17,27.2,0,19,5,9,0,53,9,0,0,0.0227,0,0,0,0,3,2,0
TCK-007340,Email,Faturamento,Problema Técnico,Baixa,Free,Norte,41,268.5,0,4,4,6,0,56,11,0,0,0.0222,0,0,0,0,3,2,0
TCK-007341,Redes Sociais,Integrações,Dúvida / Como Fazer,Baixa,Basic,Sudeste,30,598.2,0,22,4,1,0,53,9,0,0,0.0227,0,0,0,0,3,2,0
TCK-007342,Telefone,Faturamento,Solicitação de Recurso,Alta,Free,Norte,31,34.3,0,15,6,3,1,55,8,0,0,0.0638,0,0,0,0,3,2,0
TCK-007343,Telefone,API,Acesso e Conta,Alta,Free,Sudeste,7,16.8,0,6,4,7,0,64,12,0,0,0.0192,0,0,0,0,3,2,0
TCK-007344,Redes Sociais,Plataforma Web,Dúvida / Como Fazer,Baixa,Free,Norte,5,74.9,0,0,2,4,0,53,9,0,0,0.0227,0,0,0,0,3,2,0
TCK-007345,Telefone,App Mobile,Dúvida / Como Fazer,Alta,Enterprise,Sul,44,68.1,0,22,1,11,0,53,9,0,0,0.0227,0,0,0,0,3,2,0
TCK-007346,Email,Plataforma Web,Dúvida / Como Fazer,Baixa,Free,Nordeste,34,271.7,0,23,1,2,0,149,25,0,0,0.0246,0,0,0,0,3,2,0
TCK-007347,Redes Sociais,App Mobile,Dúvida / Como Fazer,Alta,Free,Sudeste,20,91.3,0,22,2,12,0,149,25,0,0,0.0246,0,0,0,0,3,2,0
TCK-007348,Telefone,Integrações,Acesso e Conta,Crítica,Basic,Nordeste,18,21.5,0,21,4,11,0,54,10,0,0,0.0233,0,0,0,0,3,2,0
TCK-007349,Telefone,Plataforma Web,Dúvida / Como Fazer,Média,Premium,Centro-Oeste,26,131.4,0,2,2,6,0,149,25,0,0,0.0246,0,0,0,0,3,2,0
TCK-007350,Telefone,Relatórios,Cancelamento,Baixa,Free,Nordeste,57,165.7,0,12,5,4,0,51,8,0,0,0.0233,1,0,0,1,3,2,0
TCK-007351,Telefone,API,Solicitação de Recurso,Média,Free,Sudeste,50,86.8,0,11,1,8,1,40,7,0,0,0.0303,0,0,0,0,3,2,0
TCK-007352,Formulário Web,Plataforma Web,Acesso e Conta,Média,Free,Sudeste,68,88.2,0,12,1,5,0,64,12,0,0,0.0192,0,0,0,0,3,2,0
TCK-007353,Chat,API,Acesso e Conta,Média,Premium,Nordeste,24,122.8,0,17,4,5,0,64,9,0,0,0.037,1,0,0,0,3,2,0
TCK-007354,Chat,Integrações,Bug / Defeito,Alta,Basic,Nordeste,15,52.1,1,21,5,2,1,46,9,0,0,0.0303,2,0,0,1,4,3,1
TCK-007355,Telefone,Relatórios,Solicitação de Recurso,Alta,Free,Centro-Oeste,47,48.9,0,16,4,5,1,40,7,0,0,0.0303,0,0,0,0,3,2,0
TCK-007356,Email,Plataforma Web,Dúvida / Como Fazer,Baixa,Basic,Nordeste,47,123.2,0,10,5,11,0,56,10,1,0,0.0217,0,0,0,0,3,2,0
TCK-007357,Telefone,Integrações,Solicitação de Recurso,Média,Enterprise,Sul,54,75.5,0,11,2,5,0,55,8,0,0,0.0638,0,0,0,0,3,2,0
TCK-007358,Redes Sociais,Integrações,Acesso e Conta,Baixa,Free,Norte,44,198.4,0,17,0,6,0,54,10,0,0,0.0233,0,0,0,0,3,2,0
TCK-007359,Email,Relatórios,Bug / Defeito,Média,Free,Centro-Oeste,27,162.8,1,20,4,10,1,165,29,0,0,0.0379,0,0,0,1,4,3,1
TCK-007360,Telefone,Integrações,Acesso e Conta,Média,Enterprise,Centro-Oeste,26,102.1,0,23,2,5,0,64,9,0,0,0.037,1,0,0,0,3,2,0
TCK-007361,Formulário Web,Faturamento,Dúvida / Como Fazer,Alta,Basic,Sudeste,11,36.3,0,4,2,1,0,91,15,1,0,0.0267,1,0,0,0,3,2,0
TCK-007362,Formulário Web,API,Solicitação de Recurso,Média,Basic,Norte,55,315.2,1,3,3,1,1,57,9,1,0,0.0208,0,0,0,0,4,3,1
TCK-007363,Formulário Web,Faturamento,Problema Técnico,Crítica,Free,Centro-Oeste,31,35.0,0,4,5,2,1,206,35,0,1,0.024,3,0,0,1,3,2,0
TCK-007364,Telefone,Relatórios,Solicitação de Recurso,Alta,Free,Norte,24,38.8,0,1,5,10,1,55,8,0,0,0.0638,0,0,0,0,3,2,0
TCK-007365,Chat,App Mobile,Cancelamento,Crítica,Basic,Sul,37,28.2,0,18,5,7,1,51,8,0,0,0.0233,1,0,0,1,3,2,0
TCK-007366,Email,Faturamento,Dúvida / Como Fazer,Média,Premium,Nordeste,53,304.7,0,0,5,3,0,56,10,1,0,0.0217,0,0,0,0,3,2,0
TCK-007367,Redes Sociais,App Mobile,Problema Técnico,Alta,Enterprise,Sudeste,28,50.7,0,7,6,12,0,55,10,0,0,0.0222,0,0,0,0,3,2,0
TCK-007368,Email,Plataforma Web,Dúvida / Como Fazer,Média,Basic,Sudeste,47,124.7,0,23,2,11,0,57,10,1,0,0.0213,0,0,0,0,3,2,0
TCK-007369,Formulário Web,API,Solicitação de Recurso,Baixa,Free,Norte,30,361.8,0,4,6,3,1,57,9,1,0,0.0208,0,0,0,0,3,2,0
TCK-007370,Email,App Mobile,Dúvida / Como Fazer,Crítica,Free,Nordeste,28,44.8,0,10,6,8,0,56,10,1,0,0.0217,0,0,0,0,3,2,0
TCK-007371,Chat,API,Cancelamento,Média,Basic,Sul,15,201.7,0,20,2,12,0,165,27,0,0,0.0224,2,0,1,0,3,2,0
TCK-007372,Telefone,API,Acesso e Conta,Alta,Basic,Sudeste,44,76.8,0,5,3,1,0,54,10,0,0,0.0233,0,0,0,0,3,2,0
TCK-007373,Email,Plataforma Web,Problema Técnico,Baixa,Basic,Nordeste,60,216.9,1,14,0,10,0,161,27,0,0,0.0227,2,0,0,1,4,3,1
TCK-007374,Email,Faturamento,Problema Técnico,Baixa,Free,Centro-Oeste,0,416.1,0,7,2,11,0,55,10,0,0,0.0222,0,0,0,0,3,2,0
TCK-007375,Telefone,API,Faturamento,Alta,Enterprise,Nordeste,3,50.4,0,8,0,8,0,96,16,0,0,0.0256,2,1,0,0,3,2,0
TCK-007376,Chat,Relatórios,Cancelamento,Média,Free,Nordeste,77,129.1,0,14,0,9,0,55,8,0,0,0.0217,1,0,1,0,3,2,0
TCK-007377,Telefone,Plataforma Web,Bug / Defeito,Alta,Premium,Centro-Oeste,67,55.6,0,14,0,1,1,106,19,0,1,0.0357,1,0,0,1,3,2,0
TCK-007378,Chat,Plataforma Web,Acesso e Conta,Crítica,Basic,Nordeste,54,46.8,0,9,6,8,0,64,12,0,0,0.0192,0,0,0,0,3,2,0
TCK-007379,Redes Sociais,Faturamento,Acesso e Conta,Baixa,Free,Nordeste,60,154.9,0,1,0,1,0,64,12,0,0,0.0192,0,0,0,0,3,2,0
TCK-007380,Chat,App Mobile,Bug / Defeito,Alta,Enterprise,Norte,33,42.5,0,22,6,5,1,61,11,0,0,0.0408,0,0,0,1,3,2,0
TCK-007381,Email,App Mobile,Dúvida / Como Fazer,Média,Premium,Norte,64,91.6,0,20,1,10,0,53,9,0,0,0.0227,0,0,0,0,3,2,0
TCK-007382,Chat,Relatórios,Acesso e Conta,Média,Free,Norte,38,68.2,0,21,3,10,0,64,9,0,0,0.037,1,0,0,0,3,2,0
TCK-007383,Redes Sociais,Relatórios,Bug / Defeito,Alta,Basic,Sudeste,29,73.4,0,19,6,12,1,46,9,0,0,0.0303,2,0,0,1,3,2,0
TCK-007384,Redes Sociais,App Mobile,Bug / Defeito,Média,Free,Sul,43,222.7,0,13,0,4,1,46,9,0,0,0.0303,2,0,0,1,3,2,0
TCK-007385,Email,Plataforma Web,Faturamento,Crítica,Basic,Nordeste,39,34.3,1,7,6,8,1,89,15,0,0,0.0278,0,0,0,0,4,3,1
TCK-007386,Formulário Web,Integrações,Dúvida / Como Fazer,Alta,Basic,Norte,0,31.1,0,4,4,5,0,57,10,1,0,0.0213,0,0,0,0,3,2,0
TCK-007387,Email,API,Solicitação de Recurso,Baixa,Free,Sudeste,46,400.9,0,13,1,6,1,57,9,1,0,0.0208,0,0,0,0,3,2,0
TCK-007388,Chat,API,Cancelamento,Alta,Premium,Centro-Oeste,36,41.7,0,6,2,6,0,51,8,0,0,0.0233,1,0,0,1,3,2,0
TCK-007389,Email,API,Problema Técnico,Alta,Enterprise,Sul,27,45.6,0,2,6,2,0,89,15,0,0,0.0274,1,0,0,0,3,2,0
TCK-007390,Formulário Web,API,Problema Técnico,Baixa,Free,Sudeste,15,220.9,0,5,2,6,0,153,27,0,0,0.0242,0,0,0,0,3,2,0
TCK-007391,Email,App Mobile,Faturamento,Alta,Free,Sudeste,64,79.8,0,17,6,11,1,62,11,0,0,0.02,1,1,0,0,3,2,0
TCK-007392,Chat,Faturamento,Problema Técnico,Baixa,Free,Sudeste,8,409.3,0,8,1,10,0,56,11,0,0,0.0222,0,0,0,0,3,2,0
TCK-007393,Chat,Plataforma Web,Dúvida / Como Fazer,Média,Premium,Norte,66,340.4,0,16,6,11,0,149,25,0,0,0.0246,0,0,0,0,3,2,0
TCK-007394,Email,App Mobile,Acesso e Conta,Alta,Free,Norte,7,32.0,0,6,5,7,0,54,10,0,0,0.0233,0,0,0,0,3,2,0
TCK-007395,Chat,Integrações,Bug / Defeito,Média,Premium,Centro-Oeste,39,92.3,1,23,1,2,1,61,11,0,0,0.0408,0,0,0,1,4,3,1
TCK-007396,Chat,App Mobile,Faturamento,Média,Basic,Centro-Oeste,39,131.4,0,23,4,11,0,59,9,1,0,0.0204,0,0,0,0,3,2,0
TCK-007397,Redes Sociais,Faturamento,Bug / Defeito,Alta,Basic,Centro-Oeste,27,121.0,0,7,0,12,1,199,32,0,0,0.0247,3,0,0,1,3,2,0
TCK-007398,Redes Sociais,Faturamento,Dúvida / Como Fazer,Baixa,Free,Norte,21,923.0,0,9,1,1,0,53,9,0,0,0.0227,0,0,0,0,3,2,0
TCK-007399,Redes Sociais,Integrações,Acesso e Conta,Média,Free,Sul,18,502.7,0,3,5,12,0,64,12,0,0,0.0192,0,0,0,0,3,2,0
TCK-007400,Telefone,Faturamento,Dúvida / Como Fazer,Média,Basic,Nordeste,14,96.7,0,6,5,11,0,53,9,0,0,0.0227,0,0,0,0,3,2,0
TCK-007401,Email,API,Bug / Defeito,Alta,Premium,Nordeste,29,67.1,0,20,5,2,1,61,10,0,0,0.02,1,0,0,1,3,2,0
TCK-007402,Telefone,App Mobile,Cancelamento,Média,Free,Nordeste,18,68.4,0,11,0,5,0,55,8,0,0,0.0217,1,0,1,0,3,2,0
TCK-007403,Redes Sociais,Relatórios,Dúvida / Como Fazer,Baixa,Free,Centro-Oeste,16,226.4,0,19,6,5,0,57,10,1,0,0.0213,0,0,0,0,3,2,0
TCK-007404,Chat,API,Dúvida / Como Fazer,Alta,Free,Centro-Oeste,33,44.1,0,10,1,1,0,53,9,0,0,0.0227,0,0,0,0,3,2,0
TCK-007405,Formulário Web,Relatórios,Dúvida / Como Fazer,Baixa,Basic,Nordeste,90,327.3,0,15,2,12,0,56,10,1,0,0.0217,0,0,0,0,3,2,0
TCK-007406,Email,Faturamento,Faturamento,Média,Premium,Nordeste,76,256.1,0,9,4,8,0,62,11,0,0,0.02,1,1,0,0,3,2,0
TCK-007407,Email,Faturamento,Faturamento,Baixa,Free,Sudeste,70,422.4,0,14,1,12,0,59,9,1,0,0.0204,0,0,0,0,3,2,0
TCK-007408,Redes Sociais,App Mobile,Acesso e Conta,Baixa,Premium,Nordeste,46,83.9,0,1,4,6,0,64,12,0,0,0.0192,0,0,0,0,3,2,0
TCK-007409,Redes Sociais,Faturamento,Bug / Defeito,Baixa,Free,Nordeste,13,244.5,0,9,3,10,0,46,9,0,0,0.0303,2,0,0,1,3,2,0
TCK-007410,Email,API,Bug / Defeito,Baixa,Basic,Centro-Oeste,73,347.7,0,15,5,8,0,61,11,0,0,0.0408,0,0,0,1,3,2,0
TCK-007411,Formulário Web,Faturamento,Solicitação de Recurso,Baixa,Enterprise,Sul,35,111.1,0,0,1,1,0,55,8,0,0,0.0638,0,0,0,0,3,2,0
TCK-007412,Email,Relatórios,Acesso e Conta,Média,Enterprise,Norte,38,81.1,0,22,5,9,0,151,27,0,0,0.025,0,0,0,0,3,2,0
TCK-007413,Redes Sociais,App Mobile,Acesso e Conta,Média,Enterprise,Sul,48,152.8,0,2,1,2,0,64,9,0,0,0.037,1,0,0,0,3,2,0
TCK-007414,Redes Sociais,App Mobile,Problema Técnico,Média,Free,Centro-Oeste,63,265.7,0,17,1,6,1,59,10,0,0,0.0204,1,0,0,1,3,2,0
TCK-007415,Chat,Faturamento,Faturamento,Média,Basic,Sudeste,70,231.0,0,23,2,11,0,45,8,0,0,0.027,0,0,0,0,3,2,0
TCK-007416,Telefone,API,Problema Técnico,Baixa,Enterprise,Centro-Oeste,35,174.8,0,19,0,8,0,59,10,0,0,0.0204,1,0,0,1,3,2,0
TCK-007417,Telefone,API,Bug / Defeito,Média,Free,Sudeste,68,131.1,1,13,5,4,1,61,10,0,0,0.02,1,0,0,1,4,3,1
TCK-007418,Email,Faturamento,Solicitação de Recurso,Média,Enterprise,Norte,59,91.1,0,9,1,7,0,55,8,0,0,0.0638,0,0,0,0,3,2,0
TCK-007419,Email,Plataforma Web,Solicitação de Recurso,Média,Basic,Centro-Oeste,2,130.1,0,2,1,10,0,57,9,1,0,0.0208,0,0,0,0,3,2,0
TCK-007420,Formulário Web,Plataforma Web,Bug / Defeito,Crítica,Premium,Sudeste,9,34.9,0,1,4,11,1,61,10,0,0,0.02,1,0,0,1,3,2,0
TCK-007421,Email,API,Dúvida / Como Fazer,Alta,Enterprise,Nordeste,27,35.8,0,6,5,9,0,53,9,0,0,0.0227,0,0,0,0,3,2,0
TCK-007422,Chat,Plataforma Web,Solicitação de Recurso,Baixa,Premium,Norte,51,138.6,0,9,0,6,0,57,9,1,0,0.0208,0,0,0,0,3,2,0
TCK-007423,Telefone,API,Acesso e Conta,Média,Free,Nordeste,60,99.7,0,14,2,7,0,64,9,0,0,0.037,1,0,0,0,3,2,0
TCK-007424,Telefone,Faturamento,Solicitação de Recurso,Média,Free,Nordeste,56,81.0,0,14,5,4,1,57,9,1,0,0.0208,0,0,0,0,3,2,0
TCK-007425,Redes Sociais,API,Solicitação de Recurso,Média,Free,Sudeste,22,132.7,1,23,0,3,1,40,7,0,0,0.0303,0,0,0,0,4,3,1
TCK-007426,Email,Plataforma Web,Problema Técnico,Crítica,Enterprise,Norte,35,43.8,0,3,3,11,1,155,29,0,0,0.0242,0,0,0,0,3,2,0
TCK-007427,Email,Plataforma Web,Problema Técnico,Média,Free,Centro-Oeste,29,167.6,0,2,1,10,0,56,11,0,0,0.0222,0,0,0,0,3,2,0
TCK-007428,Formulário Web,API,Problema Técnico,Crítica,Enterprise,Sudeste,40,33.2,1,22,5,8,1,55,10,0,0,0.0222,0,0,0,0,4,3,1
TCK-007429,Telefone,API,Acesso e Conta,Baixa,Free,Norte,41,173.2,0,22,6,12,0,54,10,0,0,0.0233,0,0,0,0,3,2,0
TCK-007430,Email,Plataforma Web,Solicitação de Recurso,Baixa,Premium,Sudeste,55,167.0,0,6,5,12,0,55,8,0,0,0.0638,0,0,0,0,3,2,0
TCK-007431,Redes Sociais,Integrações,Bug / Defeito,Alta,Premium,Sul,13,28.7,0,0,2,8,1,95,15,0,0,0.0256,2,0,0,1,3,2,0
TCK-007432,Formulário Web,Faturamento,Cancelamento,Baixa,Free,Sul,45,157.0,0,15,6,5,0,51,8,0,0,0.0233,1,0,0,1,3,2,0
TCK-007433,Email,Integrações,Acesso e Conta,Baixa,Free,Norte,48,302.2,0,18,6,12,0,64,12,0,0,0.0192,0,0,0,0,3,2,0
TCK-007434,Chat,Relatórios,Faturamento,Baixa,Enterprise,Centro-Oeste,61,293.9,0,17,6,4,0,62,11,0,0,0.02,1,1,0,0,3,2,0
TCK-007435,Email,Integrações,Bug / Defeito,Média,Free,Sudeste,36,106.1,0,11,6,3,1,61,10,0,0,0.02,1,0,0,1,3,2,0
TCK-007436,Email,App Mobile,Problema Técnico,Média,Premium,Sudeste,15,102.1,0,4,2,12,0,56,11,0,0,0.0222,0,0,0,0,3,2,0
TCK-007437,Email,Faturamento,Problema Técnico,Crítica,Free,Nordeste,43,34.4,0,3,5,5,1,104,18,0,1,0.0238,2,0,0,1,3,2,0
TCK-007438,Telefone,Integrações,Acesso e Conta,Alta,Basic,Sul,48,55.5,0,14,0,11,0,54,10,0,0,0.0233,0,0,0,0,3,2,0
TCK-007439,Chat,App Mobile,Acesso e Conta,Crítica,Enterprise,Sudeste,45,43.3,0,7,3,8,0,171,31,0,0,0.0217,0,0,0,0,3,2,0
TCK-007440,Email,App Mobile,Acesso e Conta,Baixa,Premium,Sul,23,112.7,0,0,6,9,0,64,12,0,0,0.0192,0,0,0,0,3,2,0
TCK-007441,Chat,Plataforma Web,Problema Técnico,Média,Basic,Sul,20,84.1,0,3,2,2,0,56,11,0,0,0.0222,0,0,0,0,3,2,0
TCK-007442,Email,API,Problema Técnico,Média,Free,Sul,57,151.6,0,22,2,8,0,59,10,0,0,0.0204,1,0,0,1,3,2,0
TCK-007443,Email,API,Solicitação de Recurso,Média,Premium,Sul,33,140.6,0,7,0,3,1,55,8,0,0,0.0638,0,0,0,0,3,2,0
TCK-007444,Chat,API,Acesso e Conta,Crítica,Basic,Sudeste,34,30.8,0,20,0,3,0,171,25,0,0,0.0352,2,0,0,0,3,2,0
TCK-007445,Email,Plataforma Web,Faturamento,Média,Basic,Centro-Oeste,55,207.4,1,17,6,7,0,45,8,0,0,0.027,0,0,0,0,4,3,1
TCK-007446,Email,API,Dúvida / Como Fazer,Baixa,Basic,Sudeste,35,260.6,0,5,0,4,0,155,27,2,0,0.0238,0,0,0,0,3,2,0
TCK-007447,Email,Faturamento,Acesso e Conta,Alta,Basic,Nordeste,20,45.5,0,6,5,4,0,171,25,0,0,0.0352,2,0,0,0,3,2,0
TCK-007448,Email,Plataforma Web,Problema Técnico,Média,Basic,Sudeste,57,183.7,0,2,2,7,0,55,10,0,0,0.0222,0,0,0,0,3,2,0
TCK-007449,Email,Plataforma Web,Faturamento,Média,Enterprise,Sudeste,26,417.6,0,3,0,6,0,62,11,0,0,0.02,1,1,0,0,3,2,0
TCK-007450,Telefone,App Mobile,Problema Técnico,Média,Free,Sudeste,67,165.9,1,16,2,10,1,59,10,0,0,0.0204,1,0,0,1,4,3,1
TCK-007451,Email,Plataforma Web,Problema Técnico,Baixa,Free,Centro-Oeste,54,116.9,1,22,4,10,0,155,29,0,0,0.0242,0,0,0,0,4,3,1
TCK-007452,Telefone,Plataforma Web,Problema Técnico,Média,Basic,Centro-Oeste,39,77.9,0,0,6,6,0,153,27,0,0,0.0242,0,0,0,0,3,2,0
TCK-007453,Telefone,API,Faturamento,Baixa,Free,Norte,9,532.2,0,1,0,10,0,45,8,0,0,0.027,0,0,0,0,3,2,0
TCK-007454,Formulário Web,Integrações,Faturamento,Alta,Enterprise,Centro-Oeste,4,48.4,0,1,2,5,0,59,9,1,0,0.0204,0,0,0,0,3,2,0
TCK-007455,Email,Relatórios,Dúvida / Como Fazer,Baixa,Free,Sudeste,54,189.7,0,9,4,6,0,56,10,1,0,0.0217,0,0,0,0,3,2,0
TCK-007456,Chat,Faturamento,Problema Técnico,Alta,Premium,Centro-Oeste,15,35.4,0,20,3,10,0,56,11,0,0,0.0222,0,0,0,0,3,2,0
TCK-007457,Email,Relatórios,Acesso e Conta,Média,Basic,Nordeste,24,119.3,0,6,4,9,0,151,27,0,0,0.025,0,0,0,0,3,2,0
TCK-007458,Redes Sociais,Integrações,Solicitação de Recurso,Baixa,Free,Sul,0,153.9,1,2,3,12,0,57,9,1,0,0.0208,0,0,0,0,4,3,1
TCK-007459,Formulário Web,Relatórios,Acesso e Conta,Média,Basic,Norte,20,72.5,0,2,5,7,0,64,9,0,0,0.037,1,0,0,0,3,2,0
TCK-007460,Chat,Faturamento,Acesso e Conta,Média,Free,Sudeste,16,92.3,0,19,0,5,0,64,9,0,0,0.037,1,0,0,0,3,2,0
TCK-007461,Redes Sociais,App Mobile,Faturamento,Baixa,Free,Sul,0,68.9,0,2,0,10,0,45,8,0,0,0.027,0,0,0,0,3,2,0
TCK-007462,Email,API,Bug / Defeito,Média,Basic,Norte,26,124.7,0,0,6,6,0,165,27,0,0,0.0224,2,0,0,1,3,2,0
TCK-007463,Formulário Web,Plataforma Web,Problema Técnico,Alta,Basic,Centro-Oeste,11,26.8,0,6,1,2,1,56,11,0,0,0.0222,0,0,0,0,3,2,0
TCK-007464,Formulário Web,Plataforma Web,Bug / Defeito,Média,Basic,Sudeste,45,244.0,1,6,6,8,1,61,11,0,0,0.0408,0,0,0,1,4,3,1
TCK-007465,Redes Sociais,Relatórios,Bug / Defeito,Média,Enterprise,Nordeste,16,134.7,0,22,6,1,0,61,11,0,0,0.0408,0,0,0,1,3,2,0
TCK-007466,Email,API,Acesso e Conta,Alta,Free,Sul,44,130.2,0,22,5,10,0,54,10,0,0,0.0233,0,0,0,0,3,2,0
TCK-007467,Email,Relatórios,Problema Técnico,Média,Basic,Norte,31,113.0,1,6,1,8,0,55,10,0,0,0.0222,0,0,0,0,4,3,1
TCK-007468,Chat,API,Dúvida / Como Fazer,Baixa,Free,Sudeste,57,316.3,0,12,3,9,0,57,10,1,0,0.0213,0,0,0,0,3,2,0
TCK-007469,Telefone,Faturamento,Problema Técnico,Média,Enterprise,Norte,51,180.7,0,5,0,9,0,56,11,0,0,0.0222,0,0,0,0,3,2,0
TCK-007470,Formulário Web,Faturamento,Acesso e Conta,Crítica,Free,Sudeste,39,45.0,0,3,3,8,0,215,32,0,0,0.0339,2,0,0,0,3,2,0
TCK-007471,Telefone,App Mobile,Problema Técnico,Baixa,Basic,Nordeste,40,185.1,0,13,0,1,0,56,11,0,0,0.0222,0,0,0,0,3,2,0
TCK-007472,Chat,App Mobile,Cancelamento,Baixa,Free,Norte,48,116.9,0,14,1,11,0,51,8,0,0,0.0233,1,0,0,1,3,2,0
TCK-007473,Chat,Integrações,Faturamento,Baixa,Free,Norte,76,341.6,0,20,0,10,0,62,11,0,0,0.02,1,1,0,0,3,2,0
TCK-007474,Formulário Web,Relatórios,Cancelamento,Crítica,Premium,Sudeste,53,42.6,0,14,1,7,1,145,23,0,0,0.025,2,0,0,1,3,2,0
TCK-007475,Redes Sociais,App Mobile,Acesso e Conta,Alta,Free,Sudeste,47,104.3,0,14,4,10,0,64,9,0,0,0.037,1,0,0,0,3,2,0
TCK-007476,Email,App Mobile,Problema Técnico,Média,Free,Centro-Oeste,54,133.1,1,4,5,7,1,59,10,0,0,0.0204,1,0,0,1,4,3,1
TCK-007477,Email,Integrações,Faturamento,Média,Premium,Sudeste,48,224.8,0,2,5,11,0,59,9,1,0,0.0204,0,0,0,0,3,2,0
TCK-007478,Redes Sociais,Relatórios,Acesso e Conta,Média,Basic,Nordeste,17,102.6,0,8,0,1,0,64,9,0,0,0.037,1,0,0,0,3,2,0
TCK-007479,Chat,Faturamento,Acesso e Conta,Crítica,Premium,Norte,11,16.0,0,7,2,9,0,64,9,0,0,0.037,1,0,0,0,3,2,0
TCK-007480,Email,Faturamento,Faturamento,Alta,Basic,Centro-Oeste,38,72.6,0,21,6,11,1,45,8,0,0,0.027,0,0,0,0,3,2,0
TCK-007481,Telefone,Plataforma Web,Bug / Defeito,Média,Enterprise,Nordeste,14,73.5,0,8,4,2,0,61,11,0,0,0.0408,0,0,0,1,3,2,0
TCK-007482,Chat,Faturamento,Cancelamento,Média,Free,Sul,12,156.1,0,7,5,11,0,153,23,0,0,0.0238,2,0,1,0,3,2,0
TCK-007483,Chat,Plataforma Web,Acesso e Conta,Alta,Free,Norte,10,50.4,0,8,1,7,0,108,19,0,0,0.023,0,0,0,0,3,2,0
TCK-007484,Chat,App Mobile,Solicitação de Recurso,Baixa,Free,Sul,56,331.7,0,9,0,9,1,40,7,0,0,0.0303,0,0,0,0,3,2,0
TCK-007485,Telefone,Relatórios,Dúvida / Como Fazer,Média,Enterprise,Sul,44,117.7,0,1,0,9,0,57,10,1,0,0.0213,0,0,0,0,3,2,0
TCK-007486,Chat,API,Solicitação de Recurso,Alta,Free,Sul,13,30.0,1,3,6,6,1,57,9,1,0,0.0208,0,0,0,0,4,3,1
TCK-007487,Formulário Web,App Mobile,Acesso e Conta,Média,Basic,Centro-Oeste,42,106.3,0,16,5,10,0,64,9,0,0,0.037,1,0,0,0,3,2,0
TCK-007488,Telefone,API,Problema Técnico,Alta,Enterprise,Sul,44,47.4,1,5,1,8,1,153,27,0,0,0.0242,0,0,0,0,4,3,1
TCK-007489,Chat,Integrações,Acesso e Conta,Média,Free,Norte,2,133.9,0,4,5,2,0,54,10,0,0,0.0233,0,0,0,0,3,2,0
TCK-007490,Telefone,App Mobile,Faturamento,Baixa,Free,Centro-Oeste,62,127.0,0,10,5,1,0,45,8,0,0,0.027,0,0,0,0,3,2,0
TCK-007491,Formulário Web,API,Dúvida / Como Fazer,Baixa,Free,Centro-Oeste,53,363.3,0,8,3,11,0,53,9,0,0,0.0227,0,0,0,0,3,2,0
TCK-007492,Chat,Plataforma Web,Bug / Defeito,Alta,Premium,Sul,64,45.7,1,17,1,1,1,61,11,0,0,0.0408,0,0,0,1,4,3,1
TCK-007493,Telefone,Plataforma Web,Dúvida / Como Fazer,Média,Premium,Sul,51,99.2,0,22,2,10,0,53,9,0,0,0.0227,0,0,0,0,3,2,0
TCK-007494,Email,API,Solicitação de Recurso,Média,Free,Sul,49,109.7,1,0,5,10,1,40,7,0,0,0.0303,0,0,0,0,4,3,1
TCK-007495,Email,App Mobile,Bug / Defeito,Baixa,Premium,Sul,18,263.7,0,19,3,5,0,46,9,0,0,0.0303,2,0,0,1,3,2,0
TCK-007496,Telefone,Plataforma Web,Dúvida / Como Fazer,Alta,Premium,Sul,36,40.2,0,0,0,1,0,53,9,0,0,0.0227,0,0,0,0,3,2,0
TCK-007497,Email,Relatórios,Dúvida / Como Fazer,Média,Free,Norte,62,114.1,1,13,5,6,0,57,10,1,0,0.0213,0,0,0,0,4,3,1
TCK-007498,Email,Integrações,Acesso e Conta,Crítica,Free,Sudeste,20,32.7,0,20,4,10,0,109,17,0,1,0.0337,2,0,0,0,3,2,0
TCK-007499,Chat,Faturamento,Problema Técnico,Baixa,Premium,Nordeste,68,185.4,0,14,3,2,0,56,11,0,0,0.0222,0,0,0,0,3,2,0
TCK-007500,Email,Integrações,Acesso e Conta,Baixa,Premium,Norte,15,276.8,0,4,0,8,0,64,12,0,0,0.0192,0,0,0,0,3,2,0
TCK-007501,Email,App Mobile,Acesso e Conta,Média,Basic,Centro-Oeste,46,123.7,0,13,5,5,0,54,10,0,0,0.0233,0,0,0,0,3,2,0
TCK-007502,Formulário Web,Faturamento,Bug / Defeito,Média,Premium,Sudeste,12,253.7,0,21,1,6,1,61,10,0,0,0.02,1,0,0,1,3,2,0
TCK-007503,Telefone,Plataforma Web,Dúvida / Como Fazer,Média,Enterprise,Sul,88,106.4,0,11,6,6,0,53,9,0,0,0.0227,0,0,0,0,3,2,0
TCK-007504,Email,Integrações,Bug / Defeito,Alta,Free,Sul,62,133.8,0,15,3,7,1,95,16,0,0,0.039,1,0,0,1,3,2,0
TCK-007505,Chat,Faturamento,Faturamento,Baixa,Premium,Nordeste,35,528.1,0,22,5,8,0,59,9,1,0,0.0204,0,0,0,0,3,2,0
TCK-007506,Email,App Mobile,Faturamento,Alta,Premium,Nordeste,38,59.5,0,16,5,11,1,59,9,1,0,0.0204,0,0,0,0,3,2,0
TCK-007507,Redes Sociais,API,Acesso e Conta,Média,Free,Sudeste,98,169.4,0,13,5,2,0,64,12,0,0,0.0192,0,0,0,0,3,2,0
TCK-007508,Chat,App Mobile,Faturamento,Alta,Basic,Sul,66,71.6,0,11,5,9,0,59,9,1,0,0.0204,0,0,0,0,3,2,0
TCK-007509,Formulário Web,API,Bug / Defeito,Média,Basic,Nordeste,62,215.8,0,17,0,9,1,61,10,0,0,0.02,1,0,0,1,3,2,0
TCK-007510,Email,App Mobile,Problema Técnico,Baixa,Basic,Sudeste,44,250.1,0,7,6,3,0,55,10,0,0,0.0222,0,0,0,0,3,2,0
TCK-007511,Telefone,App Mobile,Bug / Defeito,Alta,Premium,Sul,22,90.6,0,20,5,2,1,61,11,0,0,0.0408,0,0,0,1,3,2,0
TCK-007512,Chat,Faturamento,Problema Técnico,Média,Enterprise,Centro-Oeste,73,70.2,0,10,1,1,0,55,10,0,0,0.0222,0,0,0,0,3,2,0
TCK-007513,Chat,Integrações,Faturamento,Baixa,Basic,Centro-Oeste,11,88.7,0,19,5,12,0,161,25,2,0,0.0227,0,0,0,0,3,2,0
TCK-007514,Email,App Mobile,Cancelamento,Alta,Basic,Nordeste,85,72.1,0,16,0,3,0,61,10,0,0,0.02,1,0,1,0,3,2,0
TCK-007515,Telefone,Faturamento,Acesso e Conta,Crítica,Basic,Nordeste,10,17.0,0,0,4,4,0,64,9,0,0,0.037,1,0,0,0,3,2,0
TCK-007516,Formulário Web,Integrações,Dúvida / Como Fazer,Baixa,Basic,Centro-Oeste,40,162.2,0,9,0,6,0,155,27,2,0,0.0238,0,0,0,0,3,2,0
TCK-007517,Formulário Web,Plataforma Web,Dúvida / Como Fazer,Alta,Enterprise,Nordeste,38,47.3,0,1,3,9,0,97,16,0,0,0.0253,0,0,0,0,3,2,0
TCK-007518,Telefone,App Mobile,Cancelamento,Crítica,Enterprise,Nordeste,35,40.8,0,7,1,4,0,145,23,0,0,0.025,2,0,0,1,3,2,0
TCK-007519,Telefone,Relatórios,Problema Técnico,Alta,Enterprise,Norte,72,69.9,1,9,4,12,1,59,10,0,0,0.0204,1,0,0,1,4,3,1
TCK-007520,Chat,App Mobile,Bug / Defeito,Baixa,Premium,Sudeste,24,134.1,0,14,3,8,0,46,9,0,0,0.0303,2,0,0,1,3,2,0
TCK-007521,Chat,Plataforma Web,Problema Técnico,Baixa,Free,Nordeste,30,485.7,0,8,3,10,0,59,10,0,0,0.0204,1,0,0,1,3,2,0
TCK-007522,Email,Integrações,Bug / Defeito,Crítica,Free,Centro-Oeste,37,37.6,0,5,5,7,1,46,9,0,0,0.0303,2,0,0,1,3,2,0
TCK-007523,Chat,Relatórios,Solicitação de Recurso,Média,Free,Centro-Oeste,49,116.7,0,19,4,4,1,55,8,0,0,0.0638,0,0,0,0,3,2,0
TCK-007524,Email,API,Bug / Defeito,Média,Basic,Centro-Oeste,22,162.5,1,20,1,3,1,46,9,0,0,0.0303,2,0,0,1,4,3,1
TCK-007525,Telefone,API,Dúvida / Como Fazer,Alta,Free,Sul,55,57.8,0,17,6,11,0,56,10,1,0,0.0217,0,0,0,0,3,2,0
TCK-007526,Chat,API,Faturamento,Baixa,Basic,Sudeste,15,324.2,0,3,1,10,0,59,9,1,0,0.0204,0,0,0,0,3,2,0
TCK-007527,Email,Plataforma Web,Faturamento,Crítica,Free,Sul,18,43.1,1,1,3,11,1,79,13,0,0,0.0308,1,0,0,0,4,3,1
TCK-007528,Email,Plataforma Web,Cancelamento,Baixa,Enterprise,Sudeste,44,737.0,0,8,5,3,0,51,8,0,0,0.0233,1,0,0,1,3,2,0
TCK-007529,Telefone,App Mobile,Bug / Defeito,Baixa,Premium,Centro-Oeste,8,508.4,1,4,4,2,0,135,25,0,0,0.03,4,0,0,1,4,3,1
TCK-007530,Formulário Web,API,Dúvida / Como Fazer,Média,Free,Nordeste,42,109.6,0,10,1,9,0,53,9,0,0,0.0227,0,0,0,0,3,2,0
TCK-007531,Formulário Web,Faturamento,Bug / Defeito,Baixa,Basic,Centro-Oeste,49,217.7,0,13,6,11,0,135,25,0,0,0.03,4,0,0,1,3,2,0
TCK-007532,Formulário Web,API,Acesso e Conta,Média,Enterprise,Sul,48,112.7,0,5,6,6,0,54,10,0,0,0.0233,0,0,0,0,3,2,0
TCK-007533,Email,App Mobile,Dúvida / Como Fazer,Média,Free,Nordeste,64,247.1,0,4,3,7,0,57,10,1,0,0.0213,0,0,0,0,3,2,0
TCK-007534,Email,Plataforma Web,Solicitação de Recurso,Baixa,Enterprise,Sudeste,98,200.4,0,17,3,7,0,40,7,0,0,0.0303,0,0,0,0,3,2,0
TCK-007535,Chat,App Mobile,Problema Técnico,Baixa,Free,Sul,56,161.0,0,9,2,11,0,55,10,0,0,0.0222,0,0,0,0,3,2,0
TCK-007536,Email,Integrações,Solicitação de Recurso,Alta,Basic,Sul,57,101.4,0,21,2,1,1,40,7,0,0,0.0303,0,0,0,0,3,2,0
TCK-007537,Redes Sociais,Plataforma Web,Dúvida / Como Fazer,Baixa,Premium,Sudeste,49,232.7,0,2,1,1,0,56,10,1,0,0.0217,0,0,0,0,3,2,0
TCK-007538,Formulário Web,Plataforma Web,Problema Técnico,Alta,Enterprise,Sudeste,19,36.7,0,15,6,12,0,155,29,0,0,0.0242,0,0,0,0,3,2,0
TCK-007539,Email,Relatórios,Solicitação de Recurso,Média,Basic,Norte,31,133.2,0,0,6,7,1,57,9,1,0,0.0208,0,0,0,0,3,2,0
TCK-007540,Telefone,App Mobile,Bug / Defeito,Média,Free,Sudeste,22,92.7,0,10,3,10,0,135,25,0,0,0.03,4,0,0,1,3,2,0
TCK-007541,Chat,Plataforma Web,Solicitação de Recurso,Baixa,Free,Sul,27,313.9,0,7,3,1,0,57,9,1,0,0.0208,0,0,0,0,3,2,0
TCK-007542,Email,App Mobile,Problema Técnico,Média,Basic,Sudeste,18,240.8,0,17,6,4,0,55,10,0,0,0.0222,0,0,0,0,3,2,0
TCK-007543,Formulário Web,Integrações,Solicitação de Recurso,Baixa,Free,Nordeste,29,247.9,0,21,3,3,1,55,8,0,0,0.0638,0,0,0,0,3,2,0
TCK-007544,Chat,Integrações,Problema Técnico,Crítica,Basic,Norte,56,42.6,0,17,1,4,1,56,11,0,0,0.0222,0,0,0,0,3,2,0
TCK-007545,Formulário Web,API,Dúvida / Como Fazer,Baixa,Free,Norte,28,243.5,0,23,6,2,0,53,9,0,0,0.0227,0,0,0,0,3,2,0
TCK-007546,Email,Faturamento,Problema Técnico,Alta,Enterprise,Sul,59,70.3,0,15,4,10,1,56,11,0,0,0.0222,0,0,0,0,3,2,0
TCK-007547,Chat,Faturamento,Bug / Defeito,Crítica,Basic,Sudeste,69,75.4,0,16,0,8,1,46,9,0,0,0.0303,2,0,0,1,3,2,0
TCK-007548,Email,API,Faturamento,Baixa,Enterprise,Nordeste,71,214.4,0,2,4,11,0,59,9,1,0,0.0204,0,0,0,0,3,2,0
TCK-007549,Chat,Faturamento,Dúvida / Como Fazer,Baixa,Free,Sul,63,354.8,0,6,4,12,0,53,9,0,0,0.0227,0,0,0,0,3,2,0
TCK-007550,Telefone,API,Faturamento,Baixa,Basic,Nordeste,14,313.4,1,8,6,11,0,45,8,0,0,0.027,0,0,0,0,4,3,1
TCK-007551,Chat,API,Problema Técnico,Baixa,Basic,Norte,61,253.0,1,12,5,2,0,56,11,0,0,0.0222,0,0,0,0,4,3,1
TCK-007552,Formulário Web,App Mobile,Bug / Defeito,Crítica,Free,Centro-Oeste,45,37.8,1,11,3,1,1,61,11,0,0,0.0408,0,0,0,1,4,3,1
TCK-007553,Email,Relatórios,Faturamento,Baixa,Basic,Sul,76,240.7,0,0,6,8,0,62,11,0,0,0.02,1,1,0,0,3,2,0
TCK-007554,Chat,App Mobile,Cancelamento,Média,Premium,Norte,43,107.2,0,0,1,10,0,51,8,0,0,0.0233,1,0,0,1,3,2,0
TCK-007555,Email,Faturamento,Acesso e Conta,Alta,Premium,Nordeste,45,50.8,0,12,2,1,0,109,17,0,1,0.0337,2,0,0,0,3,2,0
TCK-007556,Chat,API,Dúvida / Como Fazer,Média,Basic,Sul,74,204.6,0,9,1,10,0,53,9,0,0,0.0227,0,0,0,0,3,2,0
TCK-007557,Email,Integrações,Problema Técnico,Média,Free,Sul,6,75.9,0,23,2,10,0,56,11,0,0,0.0222,0,0,0,0,3,2,0
TCK-007558,Telefone,API,Solicitação de Recurso,Média,Basic,Nordeste,12,129.9,0,4,5,11,1,55,8,0,0,0.0638,0,0,0,0,3,2,0
TCK-007559,Email,Relatórios,Cancelamento,Crítica,Basic,Centro-Oeste,9,22.4,0,0,1,3,0,95,15,0,0,0.0256,2,0,1,0,3,2,0
TCK-007560,Email,Faturamento,Acesso e Conta,Média,Free,Nordeste,3,77.0,0,21,5,1,0,54,10,0,0,0.0233,0,0,0,0,3,2,0
TCK-007561,Chat,API,Bug / Defeito,Baixa,Enterprise,Nordeste,24,225.3,1,6,2,3,0,61,11,0,0,0.0408,0,0,0,1,4,3,1
TCK-007562,Chat,API,Problema Técnico,Baixa,Enterprise,Sul,2,190.8,0,5,1,6,0,55,10,0,0,0.0222,0,0,0,0,3,2,0
TCK-007563,Email,Plataforma Web,Problema Técnico,Alta,Premium,Centro-Oeste,85,72.7,0,9,3,8,1,56,11,0,0,0.0222,0,0,0,0,3,2,0
TCK-007564,Formulário Web,Integrações,Bug / Defeito,Baixa,Premium,Sudeste,27,267.6,1,21,5,2,0,165,29,0,0,0.0379,0,0,0,1,4,3,1
TCK-007565,Email,API,Dúvida / Como Fazer,Média,Free,Norte,10,91.2,0,7,0,9,0,56,10,1,0,0.0217,0,0,0,0,3,2,0
TCK-007566,Telefone,Integrações,Solicitação de Recurso,Média,Basic,Sul,42,178.7,0,2,1,1,0,55,8,0,0,0.0638,0,0,0,0,3,2,0
TCK-007567,Chat,Relatórios,Acesso e Conta,Alta,Basic,Nordeste,49,56.1,0,10,1,1,0,64,9,0,0,0.037,1,0,0,0,3,2,0
TCK-007568,Chat,App Mobile,Bug / Defeito,Média,Free,Sul,18,116.8,0,19,6,9,1,46,9,0,0,0.0303,2,0,0,1,3,2,0
TCK-007569,Chat,Relatórios,Acesso e Conta,Baixa,Enterprise,Sul,32,77.9,0,7,3,3,0,64,12,0,0,0.0192,0,0,0,0,3,2,0
TCK-007570,Redes Sociais,App Mobile,Cancelamento,Média,Free,Norte,57,241.1,0,1,4,11,0,51,8,0,0,0.0233,1,0,0,1,3,2,0
TCK-007571,Formulário Web,Relatórios,Dúvida / Como Fazer,Crítica,Enterprise,Norte,41,36.1,0,13,0,9,0,53,9,0,0,0.0227,0,0,0,0,3,2,0
TCK-007572,Redes Sociais,Relatórios,Solicitação de Recurso,Média,Basic,Centro-Oeste,32,92.9,0,5,3,6,1,40,7,0,0,0.0303,0,0,0,0,3,2,0
TCK-007573,Formulário Web,API,Dúvida / Como Fazer,Baixa,Free,Centro-Oeste,80,838.0,0,16,0,10,0,56,10,1,0,0.0217,0,0,0,0,3,2,0
TCK-007574,Redes Sociais,Plataforma Web,Cancelamento,Alta,Free,Nordeste,40,68.3,0,7,4,5,1,105,17,0,0,0.0235,1,0,1,0,3,2,0
TCK-007575,Formulário Web,Faturamento,Acesso e Conta,Alta,Free,Centro-Oeste,49,52.5,0,19,4,2,0,64,12,0,0,0.0192,0,0,0,0,3,2,0
TCK-007576,Email,Integrações,Acesso e Conta,Baixa,Basic,Sul,36,268.9,0,22,1,5,0,171,31,0,0,0.0217,0,0,0,0,3,2,0
TCK-007577,Telefone,App Mobile,Dúvida / Como Fazer,Média,Free,Sudeste,43,167.9,0,19,4,3,0,57,10,1,0,0.0213,0,0,0,0,3,2,0
TCK-007578,Telefone,Plataforma Web,Problema Técnico,Média,Basic,Sudeste,52,338.5,0,16,1,12,0,161,27,0,0,0.0227,2,0,0,1,3,2,0
TCK-007579,Email,API,Cancelamento,Baixa,Enterprise,Centro-Oeste,0,245.0,0,19,0,11,0,55,8,0,0,0.0217,1,0,1,0,3,2,0
TCK-007580,Redes Sociais,Relatórios,Acesso e Conta,Média,Basic,Nordeste,24,235.3,0,3,5,9,0,64,9,0,0,0.037,1,0,0,0,3,2,0
TCK-007581,Telefone,Faturamento,Faturamento,Alta,Basic,Centro-Oeste,27,50.1,0,17,3,10,0,45,8,0,0,0.027,0,0,0,0,3,2,0
TCK-007582,Redes Sociais,Relatórios,Faturamento,Média,Basic,Sudeste,69,210.1,0,12,5,3,0,45,8,0,0,0.027,0,0,0,0,3,2,0
TCK-007583,Telefone,App Mobile,Cancelamento,Alta,Free,Centro-Oeste,13,23.0,0,7,6,9,0,106,18,0,1,0.0235,2,0,1,0,3,2,0
TCK-007584,Formulário Web,App Mobile,Faturamento,Baixa,Enterprise,Nordeste,41,305.7,0,21,0,1,0,59,9,1,0,0.0204,0,0,0,0,3,2,0
TCK-007585,Formulário Web,API,Acesso e Conta,Média,Basic,Sul,22,36.5,0,0,1,3,0,54,10,0,0,0.0233,0,0,0,0,3,2,0
TCK-007586,Chat,App Mobile,Problema Técnico,Média,Basic,Norte,0,124.0,0,19,3,2,0,56,11,0,0,0.0222,0,0,0,0,3,2,0
TCK-007587,Email,Faturamento,Cancelamento,Alta,Premium,Sudeste,19,86.4,0,16,1,2,0,89,13,0,0,0.027,2,0,1,0,3,2,0
TCK-007588,Telefone,API,Acesso e Conta,Baixa,Free,Sul,37,221.4,0,19,2,5,0,64,12,0,0,0.0192,0,0,0,0,3,2,0
TCK-007589,Email,Integrações,Problema Técnico,Baixa,Enterprise,Sudeste,44,286.7,0,0,1,4,0,55,10,0,0,0.0222,0,0,0,0,3,2,0
TCK-007590,Telefone,Relatórios,Faturamento,Baixa,Premium,Norte,30,244.1,0,22,4,11,0,62,11,0,0,0.02,1,1,0,0,3,2,0
TCK-007591,Formulário Web,Faturamento,Solicitação de Recurso,Média,Free,Sul,15,156.1,0,1,3,9,1,57,9,1,0,0.0208,0,0,0,0,3,2,0
TCK-007592,Telefone,Relatórios,Acesso e Conta,Alta,Free,Nordeste,17,37.4,0,22,0,10,0,109,17,0,1,0.0337,2,0,0,0,3,2,0
TCK-007593,Chat,Faturamento,Acesso e Conta,Baixa,Premium,Sul,0,167.7,0,19,5,9,0,64,9,0,0,0.037,1,0,0,0,3,2,0
TCK-007594,Email,Plataforma Web,Solicitação de Recurso,Média,Free,Centro-Oeste,0,92.7,0,3,4,7,1,153,23,0,0,0.0547,0,0,0,0,3,2,0
TCK-007595,Email,Plataforma Web,Cancelamento,Média,Premium,Centro-Oeste,38,142.5,0,0,4,7,0,55,8,0,0,0.0217,1,0,1,0,3,2,0
TCK-007596,Formulário Web,Integrações,Cancelamento,Média,Free,Sudeste,38,66.8,0,8,3,8,0,61,10,0,0,0.02,1,0,1,0,3,2,0
TCK-007597,Email,App Mobile,Acesso e Conta,Alta,Basic,Sudeste,38,86.2,0,12,4,10,0,98,17,0,0,0.0256,0,0,0,0,3,2,0
TCK-007598,Chat,App Mobile,Bug / Defeito,Média,Enterprise,Sudeste,54,135.3,0,20,0,3,0,61,11,0,0,0.0408,0,0,0,1,3,2,0
TCK-007599,Chat,Integrações,Bug / Defeito,Baixa,Basic,Norte,46,441.0,0,13,3,8,0,61,11,0,0,0.0408,0,0,0,1,3,2,0
TCK-007600,Chat,App Mobile,Bug / Defeito,Baixa,Free,Sudeste,66,171.1,0,12,5,10,0,46,9,0,0,0.0303,2,0,0,1,3,2,0
TCK-007601,Chat,API,Faturamento,Baixa,Premium,Norte,5,75.8,1,2,6,1,0,45,8,0,0,0.027,0,0,0,0,4,3,1
TCK-007602,Email,API,Dúvida / Como Fazer,Média,Basic,Sul,31,205.9,0,1,1,7,0,56,10,1,0,0.0217,0,0,0,0,3,2,0
TCK-007603,Email,Plataforma Web,Acesso e Conta,Alta,Enterprise,Norte,39,85.4,1,18,6,5,0,54,10,0,0,0.0233,0,0,0,0,4,3,1
TCK-007604,Chat,Plataforma Web,Bug / Defeito,Baixa,Premium,Sul,38,306.8,0,1,2,3,0,61,11,0,0,0.0408,0,0,0,1,3,2,0
TCK-007605,Chat,Faturamento,Solicitação de Recurso,Média,Enterprise,Nordeste,21,163.7,0,5,3,4,0,153,23,0,0,0.0547,0,0,0,0,3,2,0
TCK-007606,Formulário Web,Faturamento,Faturamento,Média,Basic,Nordeste,19,139.3,0,21,6,4,0,62,11,0,0,0.02,1,1,0,0,3,2,0
TCK-007607,Email,Relatórios,Bug / Defeito,Média,Free,Nordeste,51,109.6,0,10,4,8,1,61,11,0,0,0.0408,0,0,0,1,3,2,0
TCK-007608,Email,Relatórios,Dúvida / Como Fazer,Média,Enterprise,Sudeste,54,164.9,0,9,3,8,0,56,10,1,0,0.0217,0,0,0,0,3,2,0
TCK-007609,Redes Sociais,App Mobile,Problema Técnico,Média,Enterprise,Nordeste,43,167.5,0,16,3,4,0,155,29,0,0,0.0242,0,0,0,0,3,2,0
TCK-007610,Formulário Web,Faturamento,Problema Técnico,Média,Premium,Centro-Oeste,29,137.8,0,22,0,8,0,161,27,0,0,0.0227,2,0,0,1,3,2,0
TCK-007611,Chat,App Mobile,Bug / Defeito,Média,Basic,Sul,34,151.8,0,5,3,12,0,61,11,0,0,0.0408,0,0,0,1,3,2,0
TCK-007612,Email,Relatórios,Bug / Defeito,Alta,Basic,Norte,61,68.2,0,23,1,4,0,46,9,0,0,0.0303,2,0,0,1,3,2,0
TCK-007613,Telefone,API,Faturamento,Crítica,Free,Sudeste,64,53.9,0,1,1,8,1,45,8,0,0,0.027,0,0,0,0,3,2,0
TCK-007614,Chat,API,Dúvida / Como Fazer,Média,Free,Norte,65,184.8,0,17,0,6,0,56,10,1,0,0.0217,0,0,0,0,3,2,0
TCK-007615,Email,Faturamento,Dúvida / Como Fazer,Baixa,Basic,Nordeste,57,197.9,0,13,2,3,0,57,10,1,0,0.0213,0,0,0,0,3,2,0
TCK-007616,Chat,Integrações,Cancelamento,Baixa,Basic,Sudeste,31,179.9,0,14,2,6,0,61,10,0,0,0.02,1,0,1,0,3,2,0
TCK-007617,Email,Plataforma Web,Dúvida / Como Fazer,Baixa,Premium,Centro-Oeste,50,165.7,0,15,4,2,0,56,10,1,0,0.0217,0,0,0,0,3,2,0
TCK-007618,Formulário Web,Plataforma Web,Faturamento,Média,Free,Nordeste,13,112.1,0,23,4,2,0,59,9,1,0,0.0204,0,0,0,0,3,2,0
TCK-007619,Formulário Web,Faturamento,Dúvida / Como Fazer,Baixa,Free,Nordeste,22,342.4,0,8,6,3,0,57,10,1,0,0.0213,0,0,0,0,3,2,0
TCK-007620,Chat,Integrações,Bug / Defeito,Média,Free,Sudeste,70,147.0,0,9,1,3,0,61,11,0,0,0.0408,0,0,0,1,3,2,0
TCK-007621,Email,Integrações,Faturamento,Baixa,Enterprise,Nordeste,64,213.3,0,0,4,2,0,59,9,1,0,0.0204,0,0,0,0,3,2,0
TCK-007622,Telefone,Relatórios,Acesso e Conta,Baixa,Free,Sul,46,255.4,0,20,5,10,0,64,9,0,0,0.037,1,0,0,0,3,2,0
TCK-007623,Email,Faturamento,Bug / Defeito,Média,Basic,Sul,44,232.3,0,22,5,12,1,135,25,0,0,0.03,4,0,0,1,3,2,0
TCK-007624,Telefone,Plataforma Web,Dúvida / Como Fazer,Média,Free,Nordeste,47,144.1,0,9,0,5,0,53,9,0,0,0.0227,0,0,0,0,3,2,0
TCK-007625,Chat,Plataforma Web,Bug / Defeito,Alta,Basic,Nordeste,68,66.8,1,4,5,11,1,46,9,0,0,0.0303,2,0,0,1,4,3,1
TCK-007626,Email,Faturamento,Cancelamento,Crítica,Free,Sudeste,39,51.6,0,0,2,4,0,51,8,0,0,0.0233,1,0,0,1,3,2,0
TCK-007627,Email,Relatórios,Problema Técnico,Alta,Free,Norte,12,43.6,0,20,5,3,1,155,29,0,0,0.0242,0,0,0,0,3,2,0
TCK-007628,Formulário Web,Faturamento,Bug / Defeito,Baixa,Basic,Nordeste,28,224.8,0,20,1,4,0,61,11,0,0,0.0408,0,0,0,1,3,2,0
TCK-007629,Redes Sociais,Relatórios,Problema Técnico,Média,Premium,Centro-Oeste,40,126.4,0,11,2,7,0,153,27,0,0,0.0242,0,0,0,0,3,2,0
TCK-007630,Chat,Faturamento,Faturamento,Baixa,Free,Nordeste,30,114.1,0,4,5,10,0,59,9,1,0,0.0204,0,0,0,0,3,2,0
TCK-007631,Email,API,Dúvida / Como Fazer,Média,Basic,Sudeste,0,134.4,0,19,3,1,0,56,10,1,0,0.0217,0,0,0,0,3,2,0
TCK-007632,Formulário Web,Integrações,Acesso e Conta,Baixa,Basic,Sul,40,268.8,0,11,5,12,0,64,12,0,0,0.0192,0,0,0,0,3,2,0
TCK-007633,Email,Relatórios,Acesso e Conta,Alta,Basic,Sul,26,64.7,0,21,1,8,0,64,12,0,0,0.0192,0,0,0,0,3,2,0
TCK-007634,Telefone,API,Faturamento,Média,Enterprise,Nordeste,3,211.2,0,20,2,3,0,45,8,0,0,0.027,0,0,0,0,3,2,0
TCK-007635,Chat,Plataforma Web,Faturamento,Baixa,Basic,Sul,29,133.1,0,23,3,6,0,45,8,0,0,0.027,0,0,0,0,3,2,0
TCK-007636,Chat,Integrações,Faturamento,Média,Free,Norte,23,127.9,0,23,1,8,0,45,8,0,0,0.027,0,0,0,0,3,2,0
TCK-007637,Email,Integrações,Problema Técnico,Crítica,Free,Norte,67,56.2,0,15,0,6,1,56,11,0,0,0.0222,0,0,0,0,3,2,0
TCK-007638,Chat,API,Dúvida / Como Fazer,Baixa,Free,Norte,31,94.1,0,1,6,4,0,53,9,0,0,0.0227,0,0,0,0,3,2,0
TCK-007639,Chat,Integrações,Faturamento,Alta,Basic,Sudeste,38,47.1,0,20,0,8,0,161,25,2,0,0.0227,0,0,0,0,3,2,0
TCK-007640,Chat,App Mobile,Problema Técnico,Média,Free,Norte,28,84.9,0,23,0,6,0,59,10,0,0,0.0204,1,0,0,1,3,2,0
TCK-007641,Formulário Web,Plataforma Web,Problema Técnico,Baixa,Premium,Norte,48,290.2,0,16,1,9,0,59,10,0,0,0.0204,1,0,0,1,3,2,0
TCK-007642,Chat,Integrações,Dúvida / Como Fazer,Alta,Free,Centro-Oeste,39,39.1,0,18,5,3,0,90,15,1,0,0.027,1,0,0,0,3,2,0
TCK-007643,Formulário Web,Faturamento,Acesso e Conta,Baixa,Basic,Sul,66,165.2,0,5,5,8,0,64,12,0,0,0.0192,0,0,0,0,3,2,0
TCK-007644,Email,Faturamento,Solicitação de Recurso,Crítica,Premium,Sul,27,28.0,0,7,5,9,1,153,23,0,0,0.0547,0,0,0,0,3,2,0
TCK-007645,Email,Integrações,Acesso e Conta,Média,Free,Nordeste,42,97.2,0,6,6,6,0,64,12,0,0,0.0192,0,0,0,0,3,2,0
TCK-007646,Chat,Plataforma Web,Bug / Defeito,Crítica,Free,Sul,12,17.7,1,17,3,8,1,61,11,0,0,0.0408,0,0,0,1,4,3,1
TCK-007647,Redes Sociais,API,Solicitação de Recurso,Média,Basic,Sul,22,143.0,0,1,0,7,1,157,25,2,0,0.0231,0,0,0,0,3,2,0
TCK-007648,Telefone,Faturamento,Faturamento,Alta,Free,Sudeste,35,36.3,0,6,1,7,1,59,9,1,0,0.0204,0,0,0,0,3,2,0
TCK-007649,Formulário Web,API,Acesso e Conta,Média,Basic,Sul,9,159.3,0,5,6,9,0,64,9,0,0,0.037,1,0,0,0,3,2,0
TCK-007650,Chat,Plataforma Web,Dúvida / Como Fazer,Média,Free,Sudeste,30,141.4,0,22,5,8,0,53,9,0,0,0.0227,0,0,0,0,3,2,0
TCK-007651,Chat,App Mobile,Faturamento,Alta,Free,Nordeste,55,71.8,0,12,3,7,0,62,11,0,0,0.02,1,1,0,0,3,2,0
TCK-007652,Email,Plataforma Web,Dúvida / Como Fazer,Crítica,Premium,Norte,30,38.2,0,23,5,8,0,91,15,1,0,0.0267,1,0,0,0,3,2,0
TCK-007653,Email,Faturamento,Acesso e Conta,Média,Basic,Sul,23,106.8,0,18,6,11,0,171,31,0,0,0.0217,0,0,0,0,3,2,0
TCK-007654,Telefone,API,Bug / Defeito,Alta,Basic,Sul,23,76.1,0,10,6,2,1,46,9,0,0,0.0303,2,0,0,1,3,2,0
TCK-007655,Chat,Plataforma Web,Problema Técnico,Baixa,Basic,Centro-Oeste,43,285.7,0,2,2,6,0,55,10,0,0,0.0222,0,0,0,0,3,2,0
TCK-007656,Email,Relatórios,Dúvida / Como Fazer,Média,Basic,Sul,36,109.6,0,8,4,12,0,57,10,1,0,0.0213,0,0,0,0,3,2,0
TCK-007657,Email,API,Dúvida / Como Fazer,Média,Free,Norte,26,82.5,0,4,2,5,0,57,10,1,0,0.0213,0,0,0,0,3,2,0
TCK-007658,Redes Sociais,Integrações,Dúvida / Como Fazer,Baixa,Free,Centro-Oeste,15,371.9,0,5,3,3,0,53,9,0,0,0.0227,0,0,0,0,3,2,0
TCK-007659,Chat,API,Problema Técnico,Alta,Free,Sudeste,42,97.4,0,2,1,9,1,100,18,0,0,0.025,0,0,0,0,3,2,0
TCK-007660,Redes Sociais,Integrações,Dúvida / Como Fazer,Baixa,Premium,Centro-Oeste,51,438.5,1,8,0,3,0,56,10,1,0,0.0217,0,0,0,0,4,3,1
TCK-007661,Email,Integrações,Dúvida / Como Fazer,Média,Free,Norte,32,157.3,0,21,5,7,0,57,10,1,0,0.0213,0,0,0,0,3,2,0
TCK-007662,Email,API,Solicitação de Recurso,Baixa,Premium,Centro-Oeste,59,548.6,0,18,6,10,0,57,9,1,0,0.0208,0,0,0,0,3,2,0
TCK-007663,Email,API,Dúvida / Como Fazer,Média,Free,Centro-Oeste,10,105.4,0,22,1,6,0,56,10,1,0,0.0217,0,0,0,0,3,2,0
TCK-007664,Chat,Plataforma Web,Dúvida / Como Fazer,Média,Free,Sul,6,87.4,0,5,0,11,0,57,10,1,0,0.0213,0,0,0,0,3,2,0
TCK-007665,Redes Sociais,API,Problema Técnico,Baixa,Basic,Nordeste,3,352.2,1,0,4,11,0,153,27,0,0,0.0242,0,0,0,0,4,3,1
TCK-007666,Chat,App Mobile,Dúvida / Como Fazer,Média,Free,Nordeste,38,173.5,0,8,3,4,0,57,10,1,0,0.0213,0,0,0,0,3,2,0
TCK-007667,Email,Integrações,Dúvida / Como Fazer,Média,Basic,Sul,6,119.0,0,19,3,9,0,157,27,2,0,0.0234,0,0,0,0,3,2,0
TCK-007668,Formulário Web,App Mobile,Solicitação de Recurso,Baixa,Free,Nordeste,29,171.9,0,1,2,10,1,55,8,0,0,0.0638,0,0,0,0,3,2,0
TCK-007669,Email,App Mobile,Problema Técnico,Baixa,Free,Sul,47,165.1,0,16,1,11,0,59,10,0,0,0.0204,1,0,0,1,3,2,0
TCK-007670,Email,Faturamento,Problema Técnico,Baixa,Premium,Nordeste,18,138.1,0,5,6,7,0,161,27,0,0,0.0227,2,0,0,1,3,2,0
TCK-007671,Chat,Integrações,Dúvida / Como Fazer,Média,Free,Nordeste,46,113.4,0,8,1,5,0,56,10,1,0,0.0217,0,0,0,0,3,2,0
TCK-007672,Formulário Web,Faturamento,Dúvida / Como Fazer,Alta,Premium,Nordeste,2,42.2,0,3,4,6,0,53,9,0,0,0.0227,0,0,0,0,3,2,0
TCK-007673,Email,API,Faturamento,Média,Free,Sul,36,124.0,0,0,2,12,0,62,11,0,0,0.02,1,1,0,0,3,2,0
TCK-007674,Email,App Mobile,Problema Técnico,Média,Premium,Nordeste,29,86.5,0,21,0,9,1,153,27,0,0,0.0242,0,0,0,0,3,2,0
TCK-007675,Email,Integrações,Acesso e Conta,Alta,Free,Nordeste,10,61.3,0,5,6,9,0,64,9,0,0,0.037,1,0,0,0,3,2,0
TCK-007676,Email,Plataforma Web,Faturamento,Alta,Enterprise,Nordeste,45,66.6,0,1,4,7,1,161,25,2,0,0.0227,0,0,0,0,3,2,0
TCK-007677,Chat,Plataforma Web,Bug / Defeito,Baixa,Free,Centro-Oeste,42,307.9,1,16,2,8,1,61,11,0,0,0.0408,0,0,0,1,4,3,1
TCK-007678,Chat,Faturamento,Acesso e Conta,Média,Free,Nordeste,4,59.3,0,1,2,10,0,64,12,0,0,0.0192,0,0,0,0,3,2,0
TCK-007679,Chat,App Mobile,Bug / Defeito,Média,Free,Nordeste,0,107.5,0,23,1,12,1,46,9,0,0,0.0303,2,0,0,1,3,2,0
TCK-007680,Redes Sociais,Plataforma Web,Problema Técnico,Média,Free,Sul,7,411.5,0,20,5,3,1,59,10,0,0,0.0204,1,0,0,1,3,2,0
TCK-007681,Telefone,Faturamento,Acesso e Conta,Média,Basic,Nordeste,54,223.8,0,18,5,7,0,64,12,0,0,0.0192,0,0,0,0,3,2,0
TCK-007682,Formulário Web,Relatórios,Cancelamento,Média,Premium,Sudeste,77,129.9,0,13,6,9,0,55,8,0,0,0.0217,1,0,1,0,3,2,0
TCK-007683,Email,App Mobile,Acesso e Conta,Baixa,Enterprise,Sul,32,520.5,0,5,0,2,0,64,12,0,0,0.0192,0,0,0,0,3,2,0
TCK-007684,Formulário Web,API,Bug / Defeito,Alta,Basic,Centro-Oeste,76,70.2,1,11,0,11,1,106,19,0,1,0.0357,1,0,0,1,4,3,1
TCK-007685,Formulário Web,Integrações,Solicitação de Recurso,Alta,Basic,Nordeste,15,29.9,0,2,6,12,1,57,9,1,0,0.0208,0,0,0,0,3,2,0
TCK-007686,Chat,Integrações,Problema Técnico,Baixa,Free,Norte,8,397.5,0,5,2,12,0,55,10,0,0,0.0222,0,0,0,0,3,2,0
TCK-007687,Formulário Web,Plataforma Web,Solicitação de Recurso,Baixa,Free,Sul,19,154.0,0,11,1,12,0,55,8,0,0,0.0638,0,0,0,0,3,2,0
TCK-007688,Email,Integrações,Problema Técnico,Crítica,Premium,Centro-Oeste,46,38.8,0,18,6,5,1,59,10,0,0,0.0204,1,0,0,1,3,2,0
TCK-007689,Email,Faturamento,Solicitação de Recurso,Média,Free,Centro-Oeste,28,201.3,0,11,5,2,1,55,8,0,0,0.0638,0,0,0,0,3,2,0
TCK-007690,Chat,API,Faturamento,Média,Premium,Sudeste,37,114.4,0,7,6,4,0,62,11,0,0,0.02,1,1,0,0,3,2,0
TCK-007691,Chat,Integrações,Problema Técnico,Média,Basic,Sul,35,106.8,0,20,4,11,0,56,11,0,0,0.0222,0,0,0,0,3,2,0
TCK-007692,Email,Integrações,Acesso e Conta,Média,Basic,Norte,30,160.4,0,4,4,7,0,64,9,0,0,0.037,1,0,0,0,3,2,0
TCK-007693,Email,Faturamento,Acesso e Conta,Baixa,Free,Norte,43,284.0,0,9,4,6,0,64,9,0,0,0.037,1,0,0,0,3,2,0
TCK-007694,Email,API,Solicitação de Recurso,Alta,Basic,Norte,84,97.2,0,14,3,6,1,57,9,1,0,0.0208,0,0,0,0,3,2,0
TCK-007695,Formulário Web,Plataforma Web,Acesso e Conta,Baixa,Basic,Nordeste,24,275.4,0,20,6,6,0,171,31,0,0,0.0217,0,0,0,0,3,2,0
TCK-007696,Redes Sociais,Integrações,Dúvida / Como Fazer,Média,Basic,Nordeste,22,113.2,1,20,2,1,0,53,9,0,0,0.0227,0,0,0,0,4,3,1
TCK-007697,Formulário Web,Relatórios,Faturamento,Alta,Premium,Norte,33,46.2,0,16,1,4,0,45,8,0,0,0.027,0,0,0,0,3,2,0
TCK-007698,Redes Sociais,Plataforma Web,Solicitação de Recurso,Média,Basic,Nordeste,23,232.5,0,3,6,5,1,55,8,0,0,0.0638,0,0,0,0,3,2,0
TCK-007699,Email,App Mobile,Problema Técnico,Média,Free,Norte,26,255.4,0,0,4,7,0,56,11,0,0,0.0222,0,0,0,0,3,2,0
TCK-007700,Chat,App Mobile,Bug / Defeito,Baixa,Basic,Centro-Oeste,49,240.8,0,10,3,10,0,61,11,0,0,0.0408,0,0,0,1,3,2,0
TCK-007701,Chat,API,Solicitação de Recurso,Baixa,Basic,Norte,16,179.2,1,7,6,11,1,40,7,0,0,0.0303,0,0,0,0,4,3,1
TCK-007702,Formulário Web,Plataforma Web,Acesso e Conta,Alta,Free,Sul,37,51.8,0,14,1,7,0,64,9,0,0,0.037,1,0,0,0,3,2,0
TCK-007703,Chat,App Mobile,Cancelamento,Média,Basic,Centro-Oeste,42,112.4,0,21,1,3,0,55,8,0,0,0.0217,1,0,1,0,3,2,0
TCK-007704,Email,API,Problema Técnico,Média,Free,Norte,85,170.5,0,17,4,12,1,161,27,0,0,0.0227,2,0,0,1,3,2,0
TCK-007705,Email,API,Faturamento,Crítica,Free,Sudeste,53,48.7,0,6,0,11,1,62,11,0,0,0.02,1,1,0,0,3,2,0
TCK-007706,Chat,API,Solicitação de Recurso,Média,Enterprise,Centro-Oeste,52,141.3,0,15,4,1,0,55,8,0,0,0.0638,0,0,0,0,3,2,0
TCK-007707,Telefone,Plataforma Web,Cancelamento,Média,Basic,Centro-Oeste,0,54.1,0,6,5,3,0,61,10,0,0,0.02,1,0,1,0,3,2,0
TCK-007708,Redes Sociais,API,Faturamento,Média,Premium,Nordeste,40,103.2,0,10,1,11,0,59,9,1,0,0.0204,0,0,0,0,3,2,0
TCK-007709,Chat,Faturamento,Problema Técnico,Baixa,Basic,Nordeste,47,173.1,1,17,5,2,0,55,10,0,0,0.0222,0,0,0,0,4,3,1
TCK-007710,Telefone,Relatórios,Acesso e Conta,Baixa,Free,Norte,51,151.4,1,23,0,3,0,171,31,0,0,0.0217,0,0,0,0,4,3,1
TCK-007711,Chat,Integrações,Cancelamento,Crítica,Basic,Sudeste,54,43.8,0,13,4,6,1,165,27,0,0,0.0224,2,0,1,0,3,2,0
TCK-007712,Telefone,Plataforma Web,Solicitação de Recurso,Média,Free,Centro-Oeste,42,120.7,0,7,6,5,1,40,7,0,0,0.0303,0,0,0,0,3,2,0
TCK-007713,Email,Faturamento,Dúvida / Como Fazer,Alta,Free,Nordeste,32,49.1,0,11,4,4,0,157,27,2,0,0.0234,0,0,0,0,3,2,0
TCK-007714,Telefone,Faturamento,Bug / Defeito,Baixa,Free,Norte,17,196.7,0,4,3,1,0,61,10,0,0,0.02,1,0,0,1,3,2,0
TCK-007715,Formulário Web,API,Cancelamento,Alta,Premium,Norte,19,42.2,0,6,1,10,0,61,10,0,0,0.02,1,0,1,0,3,2,0
TCK-007716,Email,Relatórios,Acesso e Conta,Alta,Free,Sul,56,64.1,0,17,1,8,0,108,19,0,0,0.023,0,0,0,0,3,2,0
TCK-007717,Formulário Web,Integrações,Dúvida / Como Fazer,Média,Basic,Sudeste,57,379.1,0,14,4,11,0,53,9,0,0,0.0227,0,0,0,0,3,2,0
TCK-007718,Telefone,Faturamento,Faturamento,Média,Premium,Centro-Oeste,13,136.9,0,21,2,3,0,45,8,0,0,0.027,0,0,0,0,3,2,0
TCK-007719,Telefone,Plataforma Web,Bug / Defeito,Alta,Basic,Centro-Oeste,31,48.1,1,13,2,10,1,61,11,0,0,0.0408,0,0,0,1,4,3,1
TCK-007720,Email,App Mobile,Dúvida / Como Fazer,Baixa,Premium,Sul,20,301.7,0,5,6,9,0,157,27,2,0,0.0234,0,0,0,0,3,2,0
TCK-007721,Email,Plataforma Web,Faturamento,Alta,Premium,Norte,32,42.9,0,2,1,1,0,133,23,0,0,0.0278,0,0,0,0,3,2,0
TCK-007722,Email,Integrações,Problema Técnico,Média,Free,Sul,10,151.9,0,23,0,12,0,56,11,0,0,0.0222,0,0,0,0,3,2,0
TCK-007723,Email,Plataforma Web,Acesso e Conta,Baixa,Premium,Sul,40,278.9,0,20,4,9,0,151,27,0,0,0.025,0,0,0,0,3,2,0
TCK-007724,Email,Relatórios,Bug / Defeito,Média,Free,Sudeste,53,259.2,0,12,4,12,1,135,25,0,0,0.03,4,0,0,1,3,2,0
TCK-007725,Telefone,Faturamento,Problema Técnico,Alta,Premium,Nordeste,57,105.1,0,9,4,3,1,59,10,0,0,0.0204,1,0,0,1,3,2,0
TCK-007726,Formulário Web,Plataforma Web,Dúvida / Como Fazer,Média,Premium,Norte,34,135.2,0,22,4,3,0,57,10,1,0,0.0213,0,0,0,0,3,2,0
TCK-007727,Chat,Relatórios,Acesso e Conta,Baixa,Free,Centro-Oeste,46,134.0,0,2,3,5,0,64,12,0,0,0.0192,0,0,0,0,3,2,0
TCK-007728,Redes Sociais,Relatórios,Acesso e Conta,Baixa,Basic,Sudeste,17,282.7,0,8,1,1,0,64,12,0,0,0.0192,0,0,0,0,3,2,0
TCK-007729,Email,App Mobile,Problema Técnico,Média,Free,Norte,77,263.0,0,14,1,11,1,55,10,0,0,0.0222,0,0,0,0,3,2,0
TCK-007730,Email,API,Acesso e Conta,Alta,Free,Sul,56,93.5,0,10,2,12,0,109,20,0,1,0.023,1,0,0,0,3,2,0
TCK-007731,Telefone,Plataforma Web,Dúvida / Como Fazer,Média,Basic,Sul,92,145.5,0,12,5,1,0,53,9,0,0,0.0227,0,0,0,0,3,2,0
TCK-007732,Telefone,Integrações,Problema Técnico,Baixa,Basic,Nordeste,96,323.5,0,15,5,7,0,55,10,0,0,0.0222,0,0,0,0,3,2,0
TCK-007733,Chat,App Mobile,Problema Técnico,Média,Free,Nordeste,20,68.7,0,7,6,12,0,55,10,0,0,0.0222,0,0,0,0,3,2,0
TCK-007734,Redes Sociais,API,Solicitação de Recurso,Baixa,Basic,Nordeste,22,126.2,0,20,6,6,0,40,7,0,0,0.0303,0,0,0,0,3,2,0
TCK-007735,Telefone,API,Acesso e Conta,Alta,Basic,Sudeste,29,38.0,1,2,0,5,0,99,18,0,1,0.0256,1,0,0,0,4,3,1
TCK-007736,Telefone,Relatórios,Problema Técnico,Baixa,Free,Norte,0,107.3,0,23,6,8,0,59,10,0,0,0.0204,1,0,0,1,3,2,0
TCK-007737,Chat,App Mobile,Cancelamento,Alta,Free,Sudeste,47,57.1,0,15,4,3,0,55,8,0,0,0.0217,1,0,1,0,3,2,0
TCK-007738,Formulário Web,Integrações,Faturamento,Baixa,Free,Norte,73,170.0,0,13,0,8,0,45,8,0,0,0.027,0,0,0,0,3,2,0
TCK-007739,Telefone,Relatórios,Cancelamento,Crítica,Premium,Sudeste,33,33.7,0,9,4,9,0,55,8,0,0,0.0217,1,0,1,0,3,2,0
TCK-007740,Chat,App Mobile,Bug / Defeito,Baixa,Enterprise,Sul,35,159.7,0,6,5,8,0,61,11,0,0,0.0408,0,0,0,1,3,2,0
TCK-007741,Chat,Faturamento,Faturamento,Baixa,Basic,Norte,45,235.4,1,8,2,8,0,62,11,0,0,0.02,1,1,0,0,4,3,1
TCK-007742,Chat,Relatórios,Acesso e Conta,Média,Free,Nordeste,19,117.9,0,5,2,10,0,54,10,0,0,0.0233,0,0,0,0,3,2,0
TCK-007743,Formulário Web,App Mobile,Faturamento,Crítica,Enterprise,Sul,44,47.9,0,19,5,11,1,90,16,0,1,0.0278,1,0,0,0,3,2,0
TCK-007744,Redes Sociais,Plataforma Web,Cancelamento,Baixa,Free,Centro-Oeste,27,253.1,0,23,4,5,0,61,10,0,0,0.02,1,0,1,0,3,2,0
TCK-007745,Redes Sociais,Integrações,Solicitação de Recurso,Média,Free,Sudeste,92,141.1,0,10,5,5,1,40,7,0,0,0.0303,0,0,0,0,3,2,0
TCK-007746,Telefone,Faturamento,Acesso e Conta,Alta,Basic,Centro-Oeste,50,70.0,0,12,0,1,0,64,12,0,0,0.0192,0,0,0,0,3,2,0
TCK-007747,Telefone,Integrações,Faturamento,Média,Premium,Centro-Oeste,91,170.0,0,13,4,12,0,161,25,2,0,0.0227,0,0,0,0,3,2,0
TCK-007748,Chat,API,Problema Técnico,Baixa,Free,Sudeste,62,107.8,0,14,0,10,0,55,10,0,0,0.0222,0,0,0,0,3,2,0
TCK-007749,Email,API,Acesso e Conta,Média,Enterprise,Nordeste,50,123.3,0,9,3,11,0,64,9,0,0,0.037,1,0,0,0,3,2,0
TCK-007750,Formulário Web,Plataforma Web,Dúvida / Como Fazer,Baixa,Free,Sul,40,88.5,0,15,2,12,0,53,9,0,0,0.0227,0,0,0,0,3,2,0
TCK-007751,Email,Faturamento,Problema Técnico,Alta,Free,Sudeste,12,40.1,0,10,3,10,1,55,10,0,0,0.0222,0,0,0,0,3,2,0
TCK-007752,Chat,Plataforma Web,Dúvida / Como Fazer,Alta,Free,Nordeste,14,52.5,0,8,1,9,0,56,10,1,0,0.0217,0,0,0,0,3,2,0
TCK-007753,Chat,Relatórios,Acesso e Conta,Alta,Basic,Sul,30,68.2,0,3,4,8,0,64,9,0,0,0.037,1,0,0,0,3,2,0
TCK-007754,Email,Integrações,Acesso e Conta,Alta,Enterprise,Nordeste,13,16.7,0,2,5,5,0,109,20,0,1,0.023,1,0,0,0,3,2,0
TCK-007755,Redes Sociais,App Mobile,Acesso e Conta,Baixa,Premium,Centro-Oeste,10,524.5,0,13,4,4,0,54,10,0,0,0.0233,0,0,0,0,3,2,0
TCK-007756,Email,Faturamento,Bug / Defeito,Média,Free,Centro-Oeste,36,212.8,0,11,6,5,1,46,9,0,0,0.0303,2,0,0,1,3,2,0
TCK-007757,Chat,API,Problema Técnico,Baixa,Premium,Sudeste,23,216.6,0,2,1,6,0,59,10,0,0,0.0204,1,0,0,1,3,2,0
TCK-007758,Formulário Web,App Mobile,Bug / Defeito,Média,Basic,Sul,20,204.6,1,19,1,12,1,46,9,0,0,0.0303,2,0,0,1,4,3,1
TCK-007759,Formulário Web,API,Acesso e Conta,Média,Free,Centro-Oeste,34,138.9,0,14,4,10,0,54,10,0,0,0.0233,0,0,0,0,3,2,0
TCK-007760,Chat,Integrações,Acesso e Conta,Média,Free,Sudeste,19,142.5,0,7,3,2,0,64,9,0,0,0.037,1,0,0,0,3,2,0
TCK-007761,Chat,API,Solicitação de Recurso,Alta,Basic,Nordeste,12,35.8,0,8,1,8,1,84,14,0,0,0.0294,0,0,0,0,3,2,0
TCK-007762,Chat,Plataforma Web,Problema Técnico,Alta,Basic,Centro-Oeste,18,57.6,0,4,2,11,1,55,10,0,0,0.0222,0,0,0,0,3,2,0
TCK-007763,Formulário Web,App Mobile,Bug / Defeito,Alta,Premium,Centro-Oeste,49,83.5,0,12,0,1,1,61,11,0,0,0.0408,0,0,0,1,3,2,0
TCK-007764,Formulário Web,Relatórios,Dúvida / Como Fazer,Alta,Basic,Sul,21,33.8,0,4,6,1,0,149,25,0,0,0.0246,0,0,0,0,3,2,0
TCK-007765,Email,Relatórios,Bug / Defeito,Crítica,Free,Sudeste,1,6.3,0,0,2,10,1,61,10,0,0,0.02,1,0,0,1,3,2,0
TCK-007766,Telefone,App Mobile,Problema Técnico,Alta,Basic,Nordeste,3,23.5,0,4,1,11,1,56,11,0,0,0.0222,0,0,0,0,3,2,0
TCK-007767,Email,Relatórios,Cancelamento,Média,Free,Sudeste,35,143.7,0,7,3,10,0,55,8,0,0,0.0217,1,0,1,0,3,2,0
TCK-007768,Telefone,App Mobile,Bug / Defeito,Baixa,Free,Sudeste,61,169.2,0,17,1,2,0,61,10,0,0,0.02,1,0,0,1,3,2,0
TCK-007769,Chat,Relatórios,Solicitação de Recurso,Baixa,Premium,Norte,49,238.3,0,23,1,11,1,57,9,1,0,0.0208,0,0,0,0,3,2,0
TCK-007770,Chat,Integrações,Acesso e Conta,Alta,Free,Centro-Oeste,60,134.3,0,17,5,11,0,64,9,0,0,0.037,1,0,0,0,3,2,0
TCK-007771,Chat,API,Cancelamento,Baixa,Free,Norte,34,262.5,0,17,1,2,0,55,8,0,0,0.0217,1,0,1,0,3,2,0
TCK-007772,Telefone,App Mobile,Bug / Defeito,Média,Premium,Sul,74,180.1,0,17,1,12,0,61,10,0,0,0.02,1,0,0,1,3,2,0
TCK-007773,Formulário Web,Plataforma Web,Bug / Defeito,Média,Premium,Norte,55,227.4,0,10,4,2,0,61,11,0,0,0.0408,0,0,0,1,3,2,0
TCK-007774,Email,Integrações,Acesso e Conta,Média,Free,Centro-Oeste,34,341.7,0,2,3,2,0,64,9,0,0,0.037,1,0,0,0,3,2,0
TCK-007775,Chat,Integrações,Dúvida / Como Fazer,Alta,Free,Nordeste,46,81.2,0,14,2,3,0,157,27,2,0,0.0234,0,0,0,0,3,2,0
TCK-007776,Formulário Web,Relatórios,Faturamento,Baixa,Enterprise,Nordeste,0,294.3,0,23,1,2,0,161,25,2,0,0.0227,0,0,0,0,3,2,0
TCK-007777,Chat,Plataforma Web,Bug / Defeito,Alta,Premium,Centro-Oeste,30,42.1,1,2,1,11,1,106,18,0,1,0.0235,2,0,0,1,4,3,1
TCK-007778,Redes Sociais,API,Acesso e Conta,Média,Free,Nordeste,34,167.6,0,23,0,7,0,171,31,0,0,0.0217,0,0,0,0,3,2,0
TCK-007779,Chat,Faturamento,Faturamento,Crítica,Enterprise,Centro-Oeste,51,42.4,0,9,3,5,0,79,13,0,0,0.0308,1,0,0,0,3,2,0
TCK-007780,Telefone,App Mobile,Problema Técnico,Média,Basic,Sul,74,117.8,0,22,4,8,0,161,27,0,0,0.0227,2,0,0,1,3,2,0
TCK-007781,Email,Integrações,Faturamento,Baixa,Basic,Sul,17,466.6,0,3,3,8,0,62,11,0,0,0.02,1,1,0,0,3,2,0
TCK-007782,Telefone,API,Dúvida / Como Fazer,Crítica,Basic,Nordeste,35,34.1,0,11,0,11,0,53,9,0,0,0.0227,0,0,0,0,3,2,0
TCK-007783,Chat,API,Bug / Defeito,Média,Basic,Sudeste,67,95.0,0,7,0,10,0,61,11,0,0,0.0408,0,0,0,1,3,2,0
TCK-007784,Email,App Mobile,Faturamento,Média,Premium,Nordeste,39,71.2,0,6,2,2,0,161,25,2,0,0.0227,0,0,0,0,3,2,0
TCK-007785,Chat,Faturamento,Faturamento,Média,Enterprise,Norte,46,93.9,0,18,5,10,0,161,25,2,0,0.0227,0,0,0,0,3,2,0
TCK-007786,Redes Sociais,Plataforma Web,Acesso e Conta,Média,Premium,Sul,20,125.6,0,4,6,1,0,64,12,0,0,0.0192,0,0,0,0,3,2,0
TCK-007787,Formulário Web,API,Dúvida / Como Fazer,Baixa,Basic,Sul,22,225.7,0,16,4,9,0,56,10,1,0,0.0217,0,0,0,0,3,2,0
TCK-007788,Telefone,Faturamento,Problema Técnico,Baixa,Free,Nordeste,55,498.0,0,9,0,6,0,155,29,0,0,0.0242,0,0,0,0,3,2,0
TCK-007789,Formulário Web,Plataforma Web,Acesso e Conta,Baixa,Basic,Sudeste,18,107.1,0,8,2,9,0,64,9,0,0,0.037,1,0,0,0,3,2,0
TCK-007790,Redes Sociais,Relatórios,Faturamento,Alta,Free,Norte,14,85.7,0,6,6,12,0,59,9,1,0,0.0204,0,0,0,0,3,2,0
TCK-007791,Formulário Web,Faturamento,Bug / Defeito,Baixa,Premium,Norte,51,317.7,0,5,5,11,0,61,10,0,0,0.02,1,0,0,1,3,2,0
TCK-007792,Telefone,Plataforma Web,Problema Técnico,Baixa,Basic,Centro-Oeste,46,144.0,0,13,6,2,0,55,10,0,0,0.0222,0,0,0,0,3,2,0
TCK-007793,Formulário Web,Relatórios,Solicitação de Recurso,Baixa,Free,Sudeste,30,91.6,0,23,3,3,0,57,9,1,0,0.0208,0,0,0,0,3,2,0
TCK-007794,Chat,App Mobile,Solicitação de Recurso,Média,Enterprise,Centro-Oeste,21,226.5,0,6,0,5,0,40,7,0,0,0.0303,0,0,0,0,3,2,0
TCK-007795,Email,Plataforma Web,Dúvida / Como Fazer,Baixa,Basic,Sudeste,64,188.6,0,9,3,3,0,57,10,1,0,0.0213,0,0,0,0,3,2,0
TCK-007796,Formulário Web,API,Problema Técnico,Média,Free,Norte,20,120.7,0,5,0,5,0,155,29,0,0,0.0242,0,0,0,0,3,2,0
TCK-007797,Redes Sociais,Relatórios,Problema Técnico,Média,Free,Sul,70,296.0,0,12,3,6,1,55,10,0,0,0.0222,0,0,0,0,3,2,0
TCK-007798,Telefone,API,Bug / Defeito,Média,Enterprise,Nordeste,30,53.8,0,2,6,1,0,61,11,0,0,0.0408,0,0,0,1,3,2,0
TCK-007799,Email,App Mobile,Faturamento,Média,Premium,Nordeste,63,134.2,0,7,0,3,0,62,11,0,0,0.02,1,1,0,0,3,2,0
TCK-007800,Chat,Faturamento,Faturamento,Baixa,Free,Sudeste,25,276.3,0,3,4,1,0,59,9,1,0,0.0204,0,0,0,0,3,2,0
TCK-007801,Email,Relatórios,Solicitação de Recurso,Baixa,Basic,Centro-Oeste,40,759.6,0,4,4,2,0,153,23,0,0,0.0547,0,0,0,0,3,2,0
TCK-007802,Chat,Integrações,Cancelamento,Baixa,Basic,Sul,88,359.0,0,13,5,9,0,61,10,0,0,0.02,1,0,1,0,3,2,0
TCK-007803,Telefone,App Mobile,Problema Técnico,Alta,Basic,Nordeste,27,26.4,0,8,6,11,1,55,10,0,0,0.0222,0,0,0,0,3,2,0
TCK-007804,Chat,API,Acesso e Conta,Média,Basic,Sul,51,61.2,0,14,0,7,0,54,10,0,0,0.0233,0,0,0,0,3,2,0
TCK-007805,Redes Sociais,App Mobile,Problema Técnico,Baixa,Free,Sudeste,37,294.5,0,7,3,5,0,56,11,0,0,0.0222,0,0,0,0,3,2,0
TCK-007806,Formulário Web,Faturamento,Dúvida / Como Fazer,Baixa,Enterprise,Norte,23,235.6,1,4,2,3,0,53,9,0,0,0.0227,0,0,0,0,4,3,1
TCK-007807,Chat,Integrações,Cancelamento,Alta,Basic,Centro-Oeste,27,46.7,0,12,1,11,0,61,10,0,0,0.02,1,0,1,0,3,2,0
TCK-007808,Email,Plataforma Web,Bug / Defeito,Baixa,Basic,Norte,22,363.0,1,21,3,8,0,61,10,0,0,0.02,1,0,0,1,4,3,1
TCK-007809,Chat,App Mobile,Problema Técnico,Média,Basic,Norte,50,181.2,0,9,5,11,0,55,10,0,0,0.0222,0,0,0,0,3,2,0
TCK-007810,Email,Plataforma Web,Faturamento,Média,Basic,Norte,21,156.0,0,4,1,10,0,45,8,0,0,0.027,0,0,0,0,3,2,0
TCK-007811,Email,Relatórios,Problema Técnico,Baixa,Basic,Sul,39,193.5,0,12,3,12,0,59,10,0,0,0.0204,1,0,0,1,3,2,0
TCK-007812,Email,App Mobile,Faturamento,Média,Free,Nordeste,64,152.3,0,14,0,1,0,59,9,1,0,0.0204,0,0,0,0,3,2,0
TCK-007813,Email,Plataforma Web,Cancelamento,Baixa,Basic,Nordeste,77,568.2,0,17,5,6,0,153,23,0,0,0.0238,2,0,1,0,3,2,0
TCK-007814,Chat,API,Faturamento,Média,Free,Sudeste,43,75.4,0,7,3,1,0,167,29,0,0,0.0224,2,1,0,0,3,2,0
TCK-007815,Chat,Integrações,Dúvida / Como Fazer,Alta,Basic,Nordeste,54,81.2,0,4,6,3,0,100,17,1,0,0.0247,0,0,0,0,3,2,0
TCK-007816,Email,App Mobile,Cancelamento,Baixa,Free,Sudeste,20,287.2,0,6,3,5,0,55,8,0,0,0.0217,1,0,1,0,3,2,0
TCK-007817,Email,Integrações,Faturamento,Baixa,Basic,Nordeste,40,295.1,0,12,1,1,0,62,11,0,0,0.02,1,1,0,0,3,2,0
TCK-007818,Chat,Plataforma Web,Problema Técnico,Média,Premium,Sudeste,22,77.3,1,22,6,6,0,59,10,0,0,0.0204,1,0,0,1,4,3,1
TCK-007819,Chat,Relatórios,Bug / Defeito,Alta,Free,Nordeste,23,57.6,0,10,2,1,1,95,16,0,0,0.039,1,0,0,1,3,2,0
TCK-007820,Telefone,Faturamento,Problema Técnico,Média,Free,Centro-Oeste,61,211.2,0,19,5,12,0,55,10,0,0,0.0222,0,0,0,0,3,2,0
TCK-007821,Email,Relatórios,Faturamento,Média,Free,Sul,34,164.8,0,23,4,12,0,59,9,1,0,0.0204,0,0,0,0,3,2,0
TCK-007822,Telefone,Integrações,Acesso e Conta,Crítica,Premium,Sudeste,31,27.9,0,3,5,8,0,64,12,0,0,0.0192,0,0,0,0,3,2,0
TCK-007823,Telefone,Integrações,Acesso e Conta,Média,Basic,Sul,36,194.2,0,17,1,10,0,54,10,0,0,0.0233,0,0,0,0,3,2,0
TCK-007824,Redes Sociais,Relatórios,Dúvida / Como Fazer,Baixa,Free,Nordeste,17,154.0,0,7,1,9,0,57,10,1,0,0.0213,0,0,0,0,3,2,0
TCK-007825,Email,Integrações,Acesso e Conta,Baixa,Premium,Sul,40,687.2,0,15,0,8,0,54,10,0,0,0.0233,0,0,0,0,3,2,0
TCK-007826,Formulário Web,Integrações,Cancelamento,Média,Free,Norte,0,37.0,0,8,0,11,0,55,8,0,0,0.0217,1,0,1,0,3,2,0
TCK-007827,Chat,Integrações,Cancelamento,Alta,Basic,Sudeste,1,20.9,0,22,1,4,0,55,8,0,0,0.0217,1,0,1,0,3,2,0
TCK-007828,Email,Faturamento,Acesso e Conta,Crítica,Free,Centro-Oeste,62,57.6,0,7,5,5,1,64,9,0,0,0.037,1,0,0,0,3,2,0
TCK-007829,Email,Relatórios,Dúvida / Como Fazer,Baixa,Basic,Centro-Oeste,29,292.8,0,3,1,3,0,157,27,2,0,0.0234,0,0,0,0,3,2,0
TCK-007830,Email,API,Cancelamento,Média,Free,Sul,49,170.8,1,15,2,9,0,51,8,0,0,0.0233,1,0,0,1,4,3,1
TCK-007831,Formulário Web,API,Cancelamento,Crítica,Free,Centro-Oeste,67,46.6,0,0,2,9,1,99,15,0,0,0.0247,1,0,1,0,3,2,0
TCK-007832,Formulário Web,Plataforma Web,Cancelamento,Baixa,Free,Centro-Oeste,21,133.9,0,7,5,7,0,55,8,0,0,0.0217,1,0,1,0,3,2,0
TCK-007833,Redes Sociais,App Mobile,Faturamento,Alta,Basic,Sudeste,12,39.9,0,5,2,12,0,45,8,0,0,0.027,0,0,0,0,3,2,0
TCK-007834,Chat,Faturamento,Acesso e Conta,Baixa,Basic,Sul,51,424.5,0,3,0,7,0,64,12,0,0,0.0192,0,0,0,0,3,2,0
TCK-007835,Telefone,Plataforma Web,Acesso e Conta,Alta,Enterprise,Sudeste,51,50.1,0,14,6,5,0,64,12,0,0,0.0192,0,0,0,0,3,2,0
TCK-007836,Formulário Web,Faturamento,Solicitação de Recurso,Alta,Premium,Norte,71,85.1,0,13,4,2,1,157,25,2,0,0.0231,0,0,0,0,3,2,0
TCK-007837,Email,Plataforma Web,Acesso e Conta,Média,Free,Centro-Oeste,59,167.4,0,14,5,11,0,64,9,0,0,0.037,1,0,0,0,3,2,0
TCK-007838,Formulário Web,Faturamento,Problema Técnico,Média,Basic,Nordeste,52,145.7,0,11,3,4,0,59,10,0,0,0.0204,1,0,0,1,3,2,0
TCK-007839,Telefone,Integrações,Problema Técnico,Crítica,Free,Sudeste,98,67.2,0,13,1,9,1,103,17,0,0,0.0238,1,0,0,1,3,2,0
TCK-007840,Chat,Faturamento,Acesso e Conta,Baixa,Free,Sudeste,64,176.7,1,18,3,2,0,64,9,0,0,0.037,1,0,0,0,4,3,1
TCK-007841,Telefone,Faturamento,Bug / Defeito,Alta,Free,Nordeste,43,47.2,0,8,4,8,1,61,10,0,0,0.02,1,0,0,1,3,2,0
TCK-007842,Telefone,App Mobile,Faturamento,Baixa,Free,Sudeste,23,118.7,0,23,3,11,0,167,29,0,0,0.0224,2,1,0,0,3,2,0
TCK-007843,Formulário Web,API,Dúvida / Como Fazer,Alta,Premium,Sudeste,56,64.8,0,17,5,11,0,102,18,1,1,0.0244,1,0,0,0,3,2,0
TCK-007844,Chat,Faturamento,Solicitação de Recurso,Média,Free,Sul,32,81.1,0,19,5,5,1,40,7,0,0,0.0303,0,0,0,0,3,2,0
TCK-007845,Email,Faturamento,Dúvida / Como Fazer,Média,Free,Centro-Oeste,3,127.1,0,5,2,6,0,53,9,0,0,0.0227,0,0,0,0,3,2,0
TCK-007846,Email,App Mobile,Acesso e Conta,Baixa,Premium,Sudeste,21,156.6,0,22,1,9,0,64,12,0,0,0.0192,0,0,0,0,3,2,0
TCK-007847,Email,API,Bug / Defeito,Alta,Premium,Sudeste,0,71.3,0,1,2,7,1,106,19,0,1,0.0357,1,0,0,1,3,2,0
TCK-007848,Chat,Integrações,Dúvida / Como Fazer,Média,Free,Sul,7,123.2,0,20,0,1,0,53,9,0,0,0.0227,0,0,0,0,3,2,0
TCK-007849,Email,App Mobile,Acesso e Conta,Alta,Free,Sul,33,59.5,0,11,0,9,0,151,27,0,0,0.025,0,0,0,0,3,2,0
TCK-007850,Email,Plataforma Web,Problema Técnico,Média,Free,Sul,39,96.1,1,5,1,8,1,55,10,0,0,0.0222,0,0,0,0,4,3,1
TCK-007851,Email,API,Problema Técnico,Baixa,Free,Nordeste,53,234.1,0,12,3,10,0,56,11,0,0,0.0222,0,0,0,0,3,2,0
TCK-007852,Email,API,Problema Técnico,Média,Basic,Nordeste,0,89.6,0,20,6,7,0,59,10,0,0,0.0204,1,0,0,1,3,2,0
TCK-007853,Formulário Web,Faturamento,Problema Técnico,Alta,Free,Sudeste,74,69.1,0,9,0,9,1,55,10,0,0,0.0222,0,0,0,0,3,2,0
TCK-007854,Chat,Integrações,Problema Técnico,Alta,Premium,Sul,30,48.2,0,19,6,9,1,56,11,0,0,0.0222,0,0,0,0,3,2,0
TCK-007855,Chat,Faturamento,Faturamento,Baixa,Free,Nordeste,43,200.3,0,20,4,1,0,59,9,1,0,0.0204,0,0,0,0,3,2,0
TCK-007856,Chat,API,Bug / Defeito,Alta,Basic,Sul,77,66.5,0,4,4,6,1,165,27,0,0,0.0224,2,0,0,1,3,2,0
TCK-007857,Email,Integrações,Solicitação de Recurso,Média,Free,Sul,0,141.3,1,0,3,5,1,55,8,0,0,0.0638,0,0,0,0,4,3,1
TCK-007858,Formulário Web,API,Faturamento,Baixa,Enterprise,Sudeste,45,155.5,0,18,5,3,0,45,8,0,0,0.027,0,0,0,0,3,2,0
TCK-007859,Email,Integrações,Faturamento,Baixa,Enterprise,Centro-Oeste,33,196.1,0,18,4,2,0,62,11,0,0,0.02,1,1,0,0,3,2,0
TCK-007860,Email,API,Dúvida / Como Fazer,Alta,Premium,Norte,61,63.3,0,10,6,4,0,53,9,0,0,0.0227,0,0,0,0,3,2,0
TCK-007861,Formulário Web,Integrações,Dúvida / Como Fazer,Baixa,Enterprise,Centro-Oeste,19,299.8,0,5,3,9,0,57,10,1,0,0.0213,0,0,0,0,3,2,0
TCK-007862,Formulário Web,Plataforma Web,Acesso e Conta,Baixa,Basic,Sudeste,12,209.3,0,0,1,5,0,54,10,0,0,0.0233,0,0,0,0,3,2,0
TCK-007863,Email,API,Bug / Defeito,Alta,Free,Sudeste,43,49.5,0,17,4,5,1,95,15,0,0,0.0256,2,0,0,1,3,2,0
TCK-007864,Redes Sociais,App Mobile,Dúvida / Como Fazer,Baixa,Basic,Centro-Oeste,43,265.0,1,9,0,4,0,57,10,1,0,0.0213,0,0,0,0,4,3,1
TCK-007865,Email,App Mobile,Acesso e Conta,Baixa,Premium,Nordeste,38,370.2,0,23,1,7,0,64,9,0,0,0.037,1,0,0,0,3,2,0
TCK-007866,Formulário Web,Faturamento,Cancelamento,Baixa,Free,Sudeste,30,180.6,0,3,1,1,0,51,8,0,0,0.0233,1,0,0,1,3,2,0
TCK-007867,Email,Integrações,Cancelamento,Alta,Free,Sul,13,39.3,0,19,2,4,1,55,8,0,0,0.0217,1,0,1,0,3,2,0
TCK-007868,Email,API,Faturamento,Média,Free,Centro-Oeste,26,288.3,0,22,5,9,0,167,29,0,0,0.0224,2,1,0,0,3,2,0
TCK-007869,Chat,Plataforma Web,Cancelamento,Média,Basic,Sul,47,175.5,0,16,6,10,0,55,8,0,0,0.0217,1,0,1,0,3,2,0
TCK-007870,Chat,Plataforma Web,Problema Técnico,Média,Enterprise,Nordeste,74,148.1,0,11,6,11,0,59,10,0,0,0.0204,1,0,0,1,3,2,0
TCK-007871,Email,API,Cancelamento,Alta,Basic,Sul,19,67.0,0,19,5,12,0,85,13,0,0,0.0282,2,0,0,1,3,2,0
TCK-007872,Telefone,Relatórios,Problema Técnico,Média,Premium,Sudeste,17,93.6,0,2,0,3,0,59,10,0,0,0.0204,1,0,0,1,3,2,0
TCK-007873,Formulário Web,Integrações,Problema Técnico,Média,Free,Nordeste,54,108.0,0,1,3,4,1,56,11,0,0,0.0222,0,0,0,0,3,2,0
TCK-007874,Email,Plataforma Web,Solicitação de Recurso,Média,Premium,Nordeste,46,290.9,0,16,5,4,1,57,9,1,0,0.0208,0,0,0,0,3,2,0
TCK-007875,Chat,Faturamento,Cancelamento,Baixa,Enterprise,Norte,43,315.0,0,21,2,9,0,51,8,0,0,0.0233,1,0,0,1,3,2,0
TCK-007876,Email,Relatórios,Solicitação de Recurso,Alta,Free,Nordeste,64,72.9,0,17,5,11,1,57,9,1,0,0.0208,0,0,0,0,3,2,0
TCK-007877,Email,Plataforma Web,Dúvida / Como Fazer,Média,Basic,Centro-Oeste,22,172.1,0,3,0,7,0,149,25,0,0,0.0246,0,0,0,0,3,2,0
TCK-007878,Email,API,Cancelamento,Média,Basic,Sul,11,145.4,0,5,6,6,0,55,8,0,0,0.0217,1,0,1,0,3,2,0
TCK-007879,Email,Relatórios,Problema Técnico,Crítica,Enterprise,Sudeste,11,39.5,0,11,0,6,1,104,18,0,1,0.0238,2,0,0,1,3,2,0
TCK-007880,Chat,API,Bug / Defeito,Baixa,Basic,Sudeste,59,401.1,0,9,5,10,0,61,10,0,0,0.02,1,0,0,1,3,2,0
TCK-007881,Email,API,Acesso e Conta,Alta,Basic,Centro-Oeste,17,34.0,0,1,0,10,0,99,18,0,1,0.0256,1,0,0,0,3,2,0
TCK-007882,Email,Relatórios,Dúvida / Como Fazer,Baixa,Free,Sul,58,374.3,0,19,2,7,0,57,10,1,0,0.0213,0,0,0,0,3,2,0
TCK-007883,Chat,Plataforma Web,Bug / Defeito,Alta,Basic,Nordeste,49,50.4,0,11,2,2,1,61,11,0,0,0.0408,0,0,0,1,3,2,0
TCK-007884,Formulário Web,Faturamento,Acesso e Conta,Baixa,Enterprise,Centro-Oeste,19,267.7,1,3,1,2,0,54,10,0,0,0.0233,0,0,0,0,4,3,1
TCK-007885,Email,API,Solicitação de Recurso,Alta,Premium,Sudeste,35,58.0,0,1,2,1,1,123,21,0,0,0.03,0,0,0,0,3,2,0
TCK-007886,Redes Sociais,Relatórios,Problema Técnico,Alta,Premium,Sudeste,46,52.3,0,10,5,6,1,56,11,0,0,0.0222,0,0,0,0,3,2,0
TCK-007887,Formulário Web,App Mobile,Acesso e Conta,Média,Free,Norte,29,162.4,0,1,4,3,0,64,9,0,0,0.037,1,0,0,0,3,2,0
TCK-007888,Email,App Mobile,Faturamento,Crítica,Enterprise,Nordeste,45,45.2,0,16,1,12,1,104,17,1,1,0.0238,1,0,0,0,3,2,0
TCK-007889,Chat,API,Cancelamento,Crítica,Free,Nordeste,70,55.0,0,12,5,7,1,85,13,0,0,0.0282,2,0,0,1,3,2,0
TCK-007890,Email,Relatórios,Acesso e Conta,Alta,Enterprise,Nordeste,6,30.4,0,4,0,7,0,64,12,0,0,0.0192,0,0,0,0,3,2,0
TCK-007891,Chat,Integrações,Acesso e Conta,Crítica,Free,Nordeste,22,37.4,0,4,6,1,0,54,10,0,0,0.0233,0,0,0,0,3,2,0
TCK-007892,Telefone,API,Faturamento,Alta,Basic,Sul,60,53.9,0,22,0,10,0,106,18,0,0,0.0235,1,1,0,0,3,2,0
TCK-007893,Redes Sociais,Integrações,Acesso e Conta,Média,Basic,Norte,34,112.6,0,8,3,12,0,64,9,0,0,0.037,1,0,0,0,3,2,0
TCK-007894,Formulário Web,App Mobile,Solicitação de Recurso,Média,Free,Nordeste,65,68.2,0,15,4,10,1,40,7,0,0,0.0303,0,0,0,0,3,2,0
TCK-007895,Email,Integrações,Bug / Defeito,Alta,Free,Norte,13,37.6,0,21,4,5,1,61,11,0,0,0.0408,0,0,0,1,3,2,0
TCK-007896,Email,Relatórios,Acesso e Conta,Média,Premium,Nordeste,0,60.8,0,21,3,12,0,64,9,0,0,0.037,1,0,0,0,3,2,0
TCK-007897,Chat,Relatórios,Problema Técnico,Alta,Free,Nordeste,17,18.4,0,1,5,1,1,56,11,0,0,0.0222,0,0,0,0,3,2,0
TCK-007898,Telefone,Integrações,Faturamento,Alta,Free,Sudeste,14,41.3,0,5,4,4,0,206,33,2,1,0.024,1,0,0,0,3,2,0
TCK-007899,Chat,App Mobile,Dúvida / Como Fazer,Média,Enterprise,Centro-Oeste,56,109.5,1,6,2,8,0,53,9,0,0,0.0227,0,0,0,0,4,3,1
TCK-007900,Email,Relatórios,Acesso e Conta,Alta,Free,Sul,52,83.9,0,4,4,1,0,215,32,0,0,0.0339,2,0,0,0,3,2,0
TCK-007901,Telefone,Relatórios,Faturamento,Média,Premium,Sul,39,71.8,0,16,0,9,0,59,9,1,0,0.0204,0,0,0,0,3,2,0
TCK-007902,Email,Integrações,Dúvida / Como Fazer,Baixa,Enterprise,Sul,48,198.4,0,20,6,8,0,56,10,1,0,0.0217,0,0,0,0,3,2,0
TCK-007903,Formulário Web,Plataforma Web,Problema Técnico,Média,Free,Sul,48,140.4,0,15,5,9,0,55,10,0,0,0.0222,0,0,0,0,3,2,0
TCK-007904,Redes Sociais,Faturamento,Solicitação de Recurso,Baixa,Free,Centro-Oeste,33,312.4,0,23,3,12,0,40,7,0,0,0.0303,0,0,0,0,3,2,0
TCK-007905,Email,Plataforma Web,Faturamento,Baixa,Free,Centro-Oeste,35,288.9,0,22,6,12,0,133,23,0,0,0.0278,0,0,0,0,3,2,0
TCK-007906,Telefone,App Mobile,Acesso e Conta,Média,Free,Sudeste,17,80.8,0,2,3,11,0,64,12,0,0,0.0192,0,0,0,0,3,2,0
TCK-007907,Email,Plataforma Web,Cancelamento,Média,Free,Sul,15,159.8,0,6,0,8,0,55,8,0,0,0.0217,1,0,1,0,3,2,0
TCK-007908,Chat,Plataforma Web,Dúvida / Como Fazer,Média,Basic,Sudeste,34,75.6,0,22,6,11,0,57,10,1,0,0.0213,0,0,0,0,3,2,0
TCK-007909,Email,Plataforma Web,Acesso e Conta,Baixa,Enterprise,Sudeste,30,204.0,0,23,1,2,0,64,9,0,0,0.037,1,0,0,0,3,2,0
TCK-007910,Chat,App Mobile,Bug / Defeito,Crítica,Free,Norte,52,38.5,0,18,4,7,1,46,9,0,0,0.0303,2,0,0,1,3,2,0
TCK-007911,Chat,Integrações,Dúvida / Como Fazer,Média,Premium,Sul,12,72.7,0,19,1,10,0,53,9,0,0,0.0227,0,0,0,0,3,2,0
TCK-007912,Redes Sociais,Relatórios,Cancelamento,Baixa,Basic,Sudeste,40,239.2,0,9,6,8,0,61,10,0,0,0.02,1,0,1,0,3,2,0
TCK-007913,Email,Plataforma Web,Acesso e Conta,Alta,Basic,Sudeste,62,113.8,0,11,2,12,0,54,10,0,0,0.0233,0,0,0,0,3,2,0
TCK-007914,Chat,Faturamento,Solicitação de Recurso,Média,Free,Norte,37,112.9,0,23,0,7,1,57,9,1,0,0.0208,0,0,0,0,3,2,0
TCK-007915,Chat,App Mobile,Dúvida / Como Fazer,Média,Premium,Norte,30,114.1,0,17,4,11,0,56,10,1,0,0.0217,0,0,0,0,3,2,0
TCK-007916,Chat,Plataforma Web,Faturamento,Média,Basic,Sul,56,106.3,0,4,1,10,0,45,8,0,0,0.027,0,0,0,0,3,2,0
TCK-007917,Chat,Integrações,Problema Técnico,Alta,Basic,Sudeste,12,22.3,0,23,3,1,1,55,10,0,0,0.0222,0,0,0,0,3,2,0
TCK-007918,Telefone,API,Bug / Defeito,Baixa,Basic,Nordeste,72,261.7,0,15,5,1,0,61,10,0,0,0.02,1,0,0,1,3,2,0
TCK-007919,Chat,API,Acesso e Conta,Alta,Enterprise,Nordeste,54,50.7,0,12,4,8,0,64,12,0,0,0.0192,0,0,0,0,3,2,0
TCK-007920,Chat,Plataforma Web,Solicitação de Recurso,Média,Premium,Norte,42,186.5,0,2,5,4,1,57,9,1,0,0.0208,0,0,0,0,3,2,0
TCK-007921,Email,App Mobile,Acesso e Conta,Baixa,Free,Norte,56,159.8,1,2,4,1,0,64,9,0,0,0.037,1,0,0,0,4,3,1
TCK-007922,Email,Faturamento,Faturamento,Baixa,Free,Norte,67,276.0,0,11,3,2,0,59,9,1,0,0.0204,0,0,0,0,3,2,0
TCK-007923,Email,API,Bug / Defeito,Baixa,Premium,Norte,91,236.6,0,18,3,11,0,61,10,0,0,0.02,1,0,0,1,3,2,0
TCK-007924,Chat,Faturamento,Acesso e Conta,Baixa,Basic,Sul,42,144.3,0,13,1,6,0,54,10,0,0,0.0233,0,0,0,0,3,2,0
TCK-007925,Redes Sociais,App Mobile,Bug / Defeito,Média,Basic,Centro-Oeste,47,252.5,0,10,3,8,0,46,9,0,0,0.0303,2,0,0,1,3,2,0
TCK-007926,Formulário Web,Faturamento,Dúvida / Como Fazer,Crítica,Premium,Nordeste,38,49.9,0,18,0,11,0,100,17,1,0,0.0247,0,0,0,0,3,2,0
TCK-007927,Redes Sociais,Relatórios,Acesso e Conta,Crítica,Basic,Norte,36,34.3,0,15,3,2,0,98,14,0,0,0.0366,2,0,0,0,3,2,0
TCK-007928,Telefone,Integrações,Bug / Defeito,Baixa,Basic,Sul,77,238.3,0,16,0,11,0,46,9,0,0,0.0303,2,0,0,1,3,2,0
TCK-007929,Formulário Web,Relatórios,Problema Técnico,Baixa,Premium,Sudeste,26,262.7,0,21,6,3,0,153,27,0,0,0.0242,0,0,0,0,3,2,0
TCK-007930,Chat,App Mobile,Solicitação de Recurso,Média,Basic,Nordeste,45,56.6,0,23,3,5,0,57,9,1,0,0.0208,0,0,0,0,3,2,0
TCK-007931,Telefone,App Mobile,Faturamento,Baixa,Basic,Norte,43,97.9,1,2,4,8,0,62,11,0,0,0.02,1,1,0,0,4,3,1
TCK-007932,Email,Plataforma Web,Dúvida / Como Fazer,Alta,Free,Centro-Oeste,29,38.9,0,13,6,10,0,56,10,1,0,0.0217,0,0,0,0,3,2,0
TCK-007933,Email,API,Dúvida / Como Fazer,Alta,Enterprise,Norte,41,44.0,0,19,4,2,0,157,27,2,0,0.0234,0,0,0,0,3,2,0
TCK-007934,Email,Plataforma Web,Acesso e Conta,Alta,Basic,Norte,80,88.7,0,4,2,11,0,98,17,0,0,0.025,1,0,0,0,3,2,0
TCK-007935,Formulário Web,Faturamento,Problema Técnico,Alta,Free,Centro-Oeste,86,87.4,0,16,3,7,1,90,16,0,0,0.0274,1,0,0,0,3,2,0
TCK-007936,Chat,API,Faturamento,Média,Premium,Norte,20,156.5,0,1,4,7,0,59,9,1,0,0.0204,0,0,0,0,3,2,0
TCK-007937,Formulário Web,Faturamento,Dúvida / Como Fazer,Média,Premium,Nordeste,17,69.4,0,2,0,6,0,53,9,0,0,0.0227,0,0,0,0,3,2,0
TCK-007938,Email,Relatórios,Dúvida / Como Fazer,Baixa,Enterprise,Sudeste,43,215.3,0,17,4,11,0,53,9,0,0,0.0227,0,0,0,0,3,2,0
TCK-007939,Email,Integrações,Cancelamento,Média,Basic,Nordeste,47,113.6,0,7,1,7,0,61,10,0,0,0.02,1,0,1,0,3,2,0
TCK-007940,Redes Sociais,App Mobile,Cancelamento,Crítica,Premium,Sudeste,53,59.3,0,23,4,5,1,96,16,0,1,0.0256,2,0,0,1,3,2,0
TCK-007941,Redes Sociais,Faturamento,Problema Técnico,Alta,Free,Nordeste,58,107.4,0,13,5,8,1,89,15,0,0,0.0274,1,0,0,0,3,2,0
TCK-007942,Email,Relatórios,Problema Técnico,Média,Premium,Sul,30,140.1,1,16,3,8,0,59,10,0,0,0.0204,1,0,0,1,4,3,1
TCK-007943,Telefone,Integrações,Acesso e Conta,Média,Basic,Norte,0,101.7,0,8,0,9,0,64,9,0,0,0.037,1,0,0,0,3,2,0
TCK-007944,Email,Relatórios,Acesso e Conta,Média,Basic,Centro-Oeste,48,152.5,0,15,6,5,0,64,12,0,0,0.0192,0,0,0,0,3,2,0
TCK-007945,Formulário Web,Integrações,Bug / Defeito,Média,Premium,Centro-Oeste,35,255.2,0,7,0,9,0,46,9,0,0,0.0303,2,0,0,1,3,2,0
TCK-007946,Chat,Relatórios,Problema Técnico,Média,Basic,Sudeste,47,86.6,0,15,6,6,0,59,10,0,0,0.0204,1,0,0,1,3,2,0
TCK-007947,Redes Sociais,App Mobile,Faturamento,Baixa,Basic,Norte,59,188.4,0,14,0,3,0,62,11,0,0,0.02,1,1,0,0,3,2,0
TCK-007948,Telefone,Integrações,Dúvida / Como Fazer,Média,Free,Centro-Oeste,28,56.4,0,4,1,5,0,53,9,0,0,0.0227,0,0,0,0,3,2,0
TCK-007949,Formulário Web,Relatórios,Dúvida / Como Fazer,Baixa,Basic,Centro-Oeste,42,349.7,0,10,5,3,0,56,10,1,0,0.0217,0,0,0,0,3,2,0
TCK-007950,Redes Sociais,App Mobile,Dúvida / Como Fazer,Média,Premium,Sudeste,47,238.1,0,13,4,12,0,53,9,0,0,0.0227,0,0,0,0,3,2,0
TCK-007951,Formulário Web,App Mobile,Cancelamento,Média,Free,Sul,49,180.4,0,13,1,8,0,61,10,0,0,0.02,1,0,1,0,3,2,0
TCK-007952,Telefone,Integrações,Dúvida / Como Fazer,Média,Basic,Sul,75,95.5,0,17,6,3,0,57,10,1,0,0.0213,0,0,0,0,3,2,0
TCK-007953,Telefone,App Mobile,Problema Técnico,Média,Basic,Centro-Oeste,70,139.5,0,9,3,5,0,59,10,0,0,0.0204,1,0,0,1,3,2,0
TCK-007954,Chat,Plataforma Web,Solicitação de Recurso,Baixa,Free,Nordeste,41,172.3,0,2,3,5,0,40,7,0,0,0.0303,0,0,0,0,3,2,0
TCK-007955,Email,Integrações,Dúvida / Como Fazer,Média,Premium,Nordeste,37,149.4,0,11,2,7,0,56,10,1,0,0.0217,0,0,0,0,3,2,0
TCK-007956,Chat,Relatórios,Problema Técnico,Crítica,Premium,Norte,0,16.1,0,8,5,11,1,59,10,0,0,0.0204,1,0,0,1,3,2,0
TCK-007957,Formulário Web,Relatórios,Problema Técnico,Alta,Free,Sudeste,41,64.5,0,21,3,7,1,99,17,0,0,0.025,0,0,0,0,3,2,0
TCK-007958,Telefone,Plataforma Web,Acesso e Conta,Alta,Premium,Norte,76,70.4,0,12,0,7,0,64,9,0,0,0.037,1,0,0,0,3,2,0
TCK-007959,Chat,API,Solicitação de Recurso,Crítica,Basic,Sudeste,61,41.1,0,19,6,7,1,55,8,0,0,0.0638,0,0,0,0,3,2,0
TCK-007960,Telefone,Relatórios,Dúvida / Como Fazer,Baixa,Premium,Nordeste,32,789.8,0,16,2,3,0,56,10,1,0,0.0217,0,0,0,0,3,2,0
TCK-007961,Telefone,API,Problema Técnico,Média,Free,Sudeste,54,176.8,0,9,3,5,0,56,11,0,0,0.0222,0,0,0,0,3,2,0
TCK-007962,Email,Faturamento,Acesso e Conta,Média,Free,Nordeste,39,135.8,0,14,6,10,0,54,10,0,0,0.0233,0,0,0,0,3,2,0
TCK-007963,Email,Plataforma Web,Solicitação de Recurso,Baixa,Basic,Norte,43,261.0,0,3,0,9,1,57,9,1,0,0.0208,0,0,0,0,3,2,0
TCK-007964,Email,Relatórios,Faturamento,Alta,Premium,Sudeste,8,64.4,0,18,6,9,0,45,8,0,0,0.027,0,0,0,0,3,2,0
TCK-007965,Email,Plataforma Web,Dúvida / Como Fazer,Alta,Premium,Norte,63,62.7,0,16,4,10,0,101,17,1,0,0.0244,0,0,0,0,3,2,0
TCK-007966,Chat,Plataforma Web,Problema Técnico,Baixa,Free,Sudeste,48,212.2,0,19,2,7,0,55,10,0,0,0.0222,0,0,0,0,3,2,0
TCK-007967,Redes Sociais,Integrações,Bug / Defeito,Alta,Basic,Norte,16,82.9,1,19,3,5,1,61,11,0,0,0.0408,0,0,0,1,4,3,1
TCK-007968,Email,Integrações,Solicitação de Recurso,Média,Basic,Norte,56,114.5,0,1,2,10,1,55,8,0,0,0.0638,0,0,0,0,3,2,0
TCK-007969,Email,Relatórios,Problema Técnico,Média,Basic,Centro-Oeste,30,99.6,0,3,6,8,0,155,29,0,0,0.0242,0,0,0,0,3,2,0
TCK-007970,Telefone,Plataforma Web,Faturamento,Média,Free,Norte,61,79.6,0,23,0,11,0,45,8,0,0,0.027,0,0,0,0,3,2,0
TCK-007971,Telefone,API,Dúvida / Como Fazer,Média,Free,Sudeste,34,180.2,0,13,6,7,0,57,10,1,0,0.0213,0,0,0,0,3,2,0
TCK-007972,Email,API,Dúvida / Como Fazer,Alta,Premium,Nordeste,76,76.0,1,9,6,4,0,57,10,1,0,0.0213,0,0,0,0,4,3,1
TCK-007973,Chat,Integrações,Problema Técnico,Baixa,Free,Nordeste,42,255.5,0,20,0,3,0,59,10,0,0,0.0204,1,0,0,1,3,2,0
TCK-007974,Redes Sociais,App Mobile,Acesso e Conta,Baixa,Free,Sudeste,39,149.3,0,22,2,12,0,54,10,0,0,0.0233,0,0,0,0,3,2,0
TCK-007975,Telefone,Integrações,Bug / Defeito,Baixa,Basic,Centro-Oeste,34,406.9,1,12,2,4,0,61,10,0,0,0.02,1,0,0,1,4,3,1
TCK-007976,Chat,Integrações,Problema Técnico,Baixa,Premium,Norte,12,122.4,0,3,6,7,0,56,11,0,0,0.0222,0,0,0,0,3,2,0
TCK-007977,Email,Plataforma Web,Problema Técnico,Crítica,Free,Sudeste,35,25.7,1,8,1,6,1,55,10,0,0,0.0222,0,0,0,0,4,3,1
TCK-007978,Chat,Relatórios,Faturamento,Alta,Premium,Centro-Oeste,58,74.7,0,13,4,2,1,45,8,0,0,0.027,0,0,0,0,3,2,0
TCK-007979,Telefone,Plataforma Web,Dúvida / Como Fazer,Média,Free,Sul,53,150.9,0,0,1,7,0,56,10,1,0,0.0217,0,0,0,0,3,2,0
TCK-007980,Email,Relatórios,Problema Técnico,Média,Free,Centro-Oeste,16,151.9,0,21,0,7,1,56,11,0,0,0.0222,0,0,0,0,3,2,0
TCK-007981,Email,App Mobile,Bug / Defeito,Alta,Basic,Nordeste,48,70.4,1,12,4,2,1,46,9,0,0,0.0303,2,0,0,1,4,3,1
TCK-007982,Chat,Plataforma Web,Dúvida / Como Fazer,Baixa,Free,Centro-Oeste,38,317.5,0,2,6,5,0,57,10,1,0,0.0213,0,0,0,0,3,2,0
TCK-007983,Email,Integrações,Dúvida / Como Fazer,Alta,Free,Norte,87,81.2,0,10,5,11,0,53,9,0,0,0.0227,0,0,0,0,3,2,0
TCK-007984,Formulário Web,Integrações,Faturamento,Alta,Basic,Norte,35,37.0,0,20,0,11,1,106,18,0,0,0.0235,1,1,0,0,3,2,0
TCK-007985,Telefone,Relatórios,Dúvida / Como Fazer,Média,Premium,Sudeste,36,112.6,0,17,1,5,0,53,9,0,0,0.0227,0,0,0,0,3,2,0
TCK-007986,Email,Plataforma Web,Bug / Defeito,Média,Free,Sudeste,82,253.8,0,14,6,7,0,46,9,0,0,0.0303,2,0,0,1,3,2,0
TCK-007987,Email,Plataforma Web,Faturamento,Alta,Basic,Centro-Oeste,11,66.2,0,20,1,4,0,59,9,1,0,0.0204,0,0,0,0,3,2,0
TCK-007988,Chat,Relatórios,Cancelamento,Média,Enterprise,Sudeste,13,173.9,0,5,1,9,0,55,8,0,0,0.0217,1,0,1,0,3,2,0
TCK-007989,Telefone,Plataforma Web,Cancelamento,Alta,Basic,Centro-Oeste,30,34.7,0,21,3,11,0,51,8,0,0,0.0233,1,0,0,1,3,2,0
TCK-007990,Email,API,Bug / Defeito,Média,Basic,Sudeste,29,85.7,0,19,4,12,0,46,9,0,0,0.0303,2,0,0,1,3,2,0
TCK-007991,Telefone,Faturamento,Solicitação de Recurso,Baixa,Premium,Sudeste,40,324.0,1,1,0,6,0,40,7,0,0,0.0303,0,0,0,0,4,3,1
TCK-007992,Chat,Relatórios,Acesso e Conta,Média,Basic,Centro-Oeste,55,108.2,0,13,3,9,0,171,31,0,0,0.0217,0,0,0,0,3,2,0
TCK-007993,Chat,App Mobile,Cancelamento,Média,Premium,Sul,26,103.2,0,21,1,12,0,55,8,0,0,0.0217,1,0,1,0,3,2,0
TCK-007994,Telefone,Faturamento,Acesso e Conta,Média,Enterprise,Norte,23,89.4,0,4,1,12,0,54,10,0,0,0.0233,0,0,0,0,3,2,0
TCK-007995,Email,Plataforma Web,Bug / Defeito,Crítica,Free,Sul,68,47.7,1,16,1,6,1,106,19,0,1,0.0357,1,0,0,1,4,3,1
TCK-007996,Formulário Web,API,Problema Técnico,Alta,Free,Nordeste,45,52.4,0,13,6,2,1,93,15,0,0,0.026,2,0,0,1,3,2,0
TCK-007997,Chat,Plataforma Web,Faturamento,Média,Premium,Sul,67,147.9,1,13,5,3,0,62,11,0,0,0.02,1,1,0,0,4,3,1
TCK-007998,Chat,Relatórios,Problema Técnico,Média,Free,Sudeste,12,178.7,0,4,0,1,0,59,10,0,0,0.0204,1,0,0,1,3,2,0
TCK-007999,Email,Faturamento,Acesso e Conta,Crítica,Free,Centro-Oeste,59,47.4,0,0,3,10,1,171,25,0,0,0.0352,2,0,0,0,3,2,0
TCK-008000,Formulário Web,App Mobile,Faturamento,Crítica,Basic,Sul,66,56.1,0,10,3,1,0,45,8,0,0,0.027,0,0,0,0,3,2,0
